MJD,Freq,Flux,Flux_err,Source
53372.675,22000.0,0.843,0.071,0219+428
53377.617,22000.0,0.929,0.069,0219+428
53377.675,22000.0,0.912,0.075,0219+428
53379.675,22000.0,0.952,0.075,0219+428
53380.617,22000.0,0.874,0.075,0219+428
53380.675,22000.0,0.975,0.075,0219+428
53413.523,22000.0,0.776,0.054,0219+428
53414.528,22000.0,0.678,0.118,0219+428
53441.424,22000.0,0.826,0.044,0219+428
53443.424,22000.0,0.748,0.044,0219+428
53750.606,22000.0,0.642,0.166,0219+428
53765.848,22000.0,0.949,0.301,0219+428
53772.673,22000.0,0.899,0.273,0219+428
53805.515,22000.0,0.891,0.342,0219+428
53805.527,22000.0,0.996,0.32,0219+428
53849.586,22000.0,0.784,0.325,0219+428
53861.523,22000.0,1.032,0.264,0219+428
53861.536,22000.0,1.032,0.318,0219+428
53955.274,22000.0,1.228,0.31,0219+428
53973.233,22000.0,1.222,0.318,0219+428
53973.247,22000.0,1.21,0.295,0219+428
54010.092,22000.0,1.709,0.328,0219+428
54021.884,22000.0,1.508,0.258,0219+428
54021.898,22000.0,1.332,0.271,0219+428
54056.828,22000.0,1.607,0.455,0219+428
54056.841,22000.0,1.232,0.551,0219+428
54119.812,22000.0,1.184,0.386,0219+428
54119.825,22000.0,1.121,0.387,0219+428
54119.839,22000.0,1.255,0.375,0219+428
54119.852,22000.0,0.9,0.42,0219+428
54183.428,22000.0,1.067,0.247,0219+428
54183.441,22000.0,0.967,0.226,0219+428
54183.467,22000.0,0.903,0.238,0219+428
54218.34,22000.0,0.923,0.309,0219+428
54218.353,22000.0,0.891,0.33,0219+428
54218.366,22000.0,0.957,0.322,0219+428
54274.129,22000.0,0.832,0.503,0219+428
54274.142,22000.0,0.816,0.394,0219+428
54274.156,22000.0,1.071,0.375,0219+428
54288.368,22000.0,0.834,0.299,0219+428
54288.381,22000.0,0.981,0.315,0219+428
54323.076,22000.0,1.016,0.517,0219+428
54345.033,22000.0,0.851,0.36,0219+428
54345.073,22000.0,0.915,0.321,0219+428
54372.212,22000.0,1.487,0.448,0219+428
54372.226,22000.0,1.464,0.531,0219+428
54386.173,22000.0,1.435,0.19,0219+428
54455.615,22000.0,0.941,0.143,0219+428
54455.624,22000.0,0.757,0.189,0219+428
54455.633,22000.0,1.352,0.167,0219+428
54460.652,22000.0,1.102,0.311,0219+428
54510.785,22000.0,1.462,0.215,0219+428
54561.671,22000.0,1.299,0.162,0219+428
54561.685,22000.0,1.433,0.147,0219+428
54651.367,22000.0,1.197,0.245,0219+428
54651.377,22000.0,1.404,0.301,0219+428
54666.311,22000.0,0.841,0.188,0219+428
54666.32,22000.0,1.044,0.177,0219+428
54687.268,22000.0,0.945,0.178,0219+428
54722.147,22000.0,1.084,0.268,0219+428
54779.035,22000.0,0.655,0.269,0219+428
54911.679,22000.0,1.536,0.55,0219+428
54911.688,22000.0,0.921,0.415,0219+428
55001.424,22000.0,1.287,0.334,0219+428
55062.114,22000.0,0.951,0.197,0219+428
55062.124,22000.0,0.608,0.166,0219+428
55099.062,22000.0,1.177,0.636,0219+428
55121.079,22000.0,1.396,0.23,0219+428
55121.089,22000.0,0.613,0.17,0219+428
55208.873,22000.0,0.604,0.279,0219+428
55208.882,22000.0,1.319,0.235,0219+428
53855.231,43000.0,1.272,0.683,0219+428
53855.293,43000.0,1.04,0.6,0219+428
53879.189,43000.0,1.048,0.459,0219+428
53879.251,43000.0,0.893,0.434,0219+428
53931.066,43000.0,1.163,0.48,0219+428
53931.129,43000.0,1.024,0.477,0219+428
53950.984,43000.0,1.425,0.501,0219+428
53951.046,43000.0,1.172,0.424,0219+428
53951.986,43000.0,1.208,0.425,0219+428
53952.046,43000.0,1.482,0.475,0219+428
53952.984,43000.0,1.305,0.462,0219+428
53953.046,43000.0,1.494,0.475,0219+428
53970.952,43000.0,1.304,0.491,0219+428
53971.952,43000.0,1.305,0.507,0219+428
53972.004,43000.0,1.313,0.47,0219+428
53973.004,43000.0,1.048,0.455,0219+428
53998.859,43000.0,1.264,0.386,0219+428
53998.921,43000.0,1.121,0.374,0219+428
53999.859,43000.0,1.216,0.371,0219+428
53999.921,43000.0,1.407,0.414,0219+428
54000.859,43000.0,1.511,0.417,0219+428
54025.775,43000.0,1.12,0.483,0219+428
54025.827,43000.0,1.039,0.554,0219+428
54026.828,43000.0,1.204,0.531,0219+428
54277.109,43000.0,1.172,0.147,0219+428
54277.172,43000.0,1.005,0.109,0219+428
54320.983,43000.0,0.874,0.2,0219+428
54321.046,43000.0,1.026,0.158,0219+428
54321.982,43000.0,0.803,0.208,0219+428
54322.046,43000.0,0.9,0.15,0219+428
54364.921,43000.0,1.099,0.138,0219+428
54365.921,43000.0,0.939,0.142,0219+428
54366.859,43000.0,0.899,0.126,0219+428
54366.921,43000.0,0.972,0.129,0219+428
54390.817,43000.0,1.101,0.134,0219+428
54390.88,43000.0,1.034,0.137,0219+428
54421.765,43000.0,1.164,0.187,0219+428
54422.703,43000.0,0.881,0.153,0219+428
54422.766,43000.0,1.037,0.165,0219+428
54423.702,43000.0,1.067,0.164,0219+428
54423.765,43000.0,1.259,0.206,0219+428
54424.702,43000.0,0.885,0.128,0219+428
54424.765,43000.0,1.204,0.172,0219+428
54435.661,43000.0,1.523,0.467,0219+428
54435.723,43000.0,1.146,0.235,0219+428
54436.703,43000.0,1.063,0.241,0219+428
54436.765,43000.0,1.28,0.214,0219+428
54437.703,43000.0,1.062,0.223,0219+428
54437.765,43000.0,1.374,0.238,0219+428
54479.578,43000.0,1.282,0.258,0219+428
54479.641,43000.0,1.33,0.24,0219+428
54480.578,43000.0,1.125,0.201,0219+428
54480.64,43000.0,1.189,0.194,0219+428
54521.452,43000.0,0.882,0.131,0219+428
54521.514,43000.0,0.919,0.14,0219+428
54522.453,43000.0,0.805,0.11,0219+428
54522.515,43000.0,0.871,0.113,0219+428
54523.452,43000.0,1.075,0.136,0219+428
54556.328,43000.0,1.077,0.131,0219+428
54556.39,43000.0,1.23,0.151,0219+428
54557.327,43000.0,1.206,0.196,0219+428
54557.391,43000.0,1.234,0.169,0219+428
54580.244,43000.0,1.203,0.167,0219+428
54580.307,43000.0,1.24,0.158,0219+428
54581.244,43000.0,1.089,0.134,0219+428
54597.204,43000.0,1.203,0.165,0219+428
54597.265,43000.0,1.031,0.163,0219+428
54611.161,43000.0,1.065,0.136,0219+428
54611.223,43000.0,1.077,0.131,0219+428
54612.161,43000.0,1.043,0.131,0219+428
54612.223,43000.0,1.023,0.123,0219+428
54613.161,43000.0,1.201,0.165,0219+428
54613.223,43000.0,0.99,0.118,0219+428
54642.139,43000.0,1.069,0.245,0219+428
54643.077,43000.0,1.148,0.157,0219+428
54643.14,43000.0,1.112,0.162,0219+428
54644.078,43000.0,1.111,0.157,0219+428
54644.14,43000.0,1.127,0.163,0219+428
54659.036,43000.0,0.872,0.157,0219+428
54659.098,43000.0,1.152,0.211,0219+428
54660.036,43000.0,0.844,0.146,0219+428
54660.098,43000.0,1.171,0.207,0219+428
54679.994,43000.0,0.907,0.113,0219+428
54680.057,43000.0,1.097,0.153,0219+428
54680.994,43000.0,1.069,0.151,0219+428
54681.057,43000.0,0.883,0.119,0219+428
54681.993,43000.0,1.03,0.137,0219+428
54682.056,43000.0,0.911,0.128,0219+428
54707.973,43000.0,0.996,0.14,0219+428
54708.888,43000.0,0.862,0.254,0219+428
54708.973,43000.0,0.842,0.125,0219+428
54709.888,43000.0,0.997,0.16,0219+428
54709.973,43000.0,0.767,0.127,0219+428
54710.888,43000.0,0.949,0.238,0219+428
54743.879,43000.0,1.16,0.265,0219+428
54745.818,43000.0,0.906,0.203,0219+428
54745.879,43000.0,1.004,0.261,0219+428
54779.702,43000.0,0.714,0.14,0219+428
54779.765,43000.0,0.811,0.176,0219+428
54780.763,43000.0,0.982,0.16,0219+428
54807.703,43000.0,0.931,0.18,0219+428
54808.702,43000.0,0.936,0.18,0219+428
54840.641,43000.0,1.441,0.349,0219+428
54841.577,43000.0,1.26,0.276,0219+428
54841.64,43000.0,1.347,0.368,0219+428
54842.64,43000.0,1.185,0.46,0219+428
54878.504,43000.0,1.325,0.423,0219+428
54879.494,43000.0,1.335,0.239,0219+428
54930.327,43000.0,0.602,0.108,0219+428
54961.202,43000.0,0.784,0.109,0219+428
54961.265,43000.0,0.727,0.117,0219+428
55009.078,43000.0,1.007,0.137,0219+428
55009.139,43000.0,1.016,0.199,0219+428
55010.079,43000.0,1.006,0.16,0219+428
55010.14,43000.0,0.855,0.131,0219+428
55011.139,43000.0,1.103,0.188,0219+428
55168.765,43000.0,0.85,0.159,0219+428
55209.578,43000.0,0.703,0.123,0219+428
53388.572,5000.0,1.596,0.126,0219+428
53477.704,5000.0,1.662,0.087,0219+428
53478.768,5000.0,1.5,0.094,0219+428
53503.37,5000.0,1.756,0.091,0219+428
53510.638,5000.0,1.531,0.101,0219+428
53511.274,5000.0,1.612,0.087,0219+428
53511.559,5000.0,1.58,0.084,0219+428
53543.472,5000.0,1.549,0.086,0219+428
53544.261,5000.0,1.636,0.092,0219+428
53544.592,5000.0,1.484,0.093,0219+428
53576.401,5000.0,1.495,0.085,0219+428
53577.243,5000.0,1.508,0.087,0219+428
53605.967,5000.0,1.62,0.081,0219+428
53607.389,5000.0,1.472,0.096,0219+428
53638.871,5000.0,1.565,0.078,0219+428
53639.225,5000.0,1.632,0.08,0219+428
53639.825,5000.0,1.599,0.096,0219+428
53639.963,5000.0,1.451,0.077,0219+428
53640.156,5000.0,1.53,0.076,0219+428
53640.335,5000.0,1.501,0.095,0219+428
53723.853,5000.0,1.715,0.095,0219+428
53724.539,5000.0,1.621,0.085,0219+428
53763.635,5000.0,1.794,0.115,0219+428
53763.866,5000.0,1.663,0.093,0219+428
53770.612,5000.0,1.816,0.101,0219+428
53770.621,5000.0,1.82,0.088,0219+428
53826.466,5000.0,1.712,0.086,0219+428
53851.523,5000.0,1.754,0.11,0219+428
54012.124,5000.0,1.895,0.183,0219+428
54012.133,5000.0,1.933,0.175,0219+428
54023.952,5000.0,1.957,0.067,0219+428
54023.961,5000.0,1.979,0.073,0219+428
54296.407,5000.0,1.799,0.08,0219+428
54296.416,5000.0,1.778,0.077,0219+428
54347.996,5000.0,1.879,0.062,0219+428
54348.005,5000.0,1.794,0.059,0219+428
54348.015,5000.0,1.749,0.06,0219+428
54348.024,5000.0,1.667,0.059,0219+428
54374.149,5000.0,1.772,0.062,0219+428
54374.158,5000.0,1.772,0.067,0219+428
54397.09,5000.0,1.891,0.292,0219+428
54563.592,5000.0,1.873,0.106,0219+428
54912.683,5000.0,1.643,0.245,0219+428
54912.692,5000.0,1.207,0.276,0219+428
54953.658,5000.0,1.402,0.279,0219+428
55002.499,5000.0,1.641,0.444,0219+428
55034.35,5000.0,1.687,0.201,0219+428
55063.308,5000.0,1.626,0.159,0219+428
55100.122,5000.0,1.547,0.064,0219+428
55100.132,5000.0,1.635,0.063,0219+428
55122.195,5000.0,1.585,0.074,0219+428
55122.205,5000.0,1.623,0.072,0219+428
55209.845,5000.0,1.531,0.079,0219+428
55209.855,5000.0,1.564,0.073,0219+428
53349.673,8000.0,1.173,0.068,0219+428
53349.778,8000.0,1.072,0.06,0219+428
53350.052,8000.0,1.036,0.073,0219+428
53350.638,8000.0,1.161,0.082,0219+428
53350.752,8000.0,1.129,0.057,0219+428
53350.929,8000.0,1.076,0.058,0219+428
53351.01,8000.0,1.078,0.06,0219+428
53351.124,8000.0,1.149,0.078,0219+428
53351.739,8000.0,1.193,0.058,0219+428
53351.924,8000.0,1.05,0.058,0219+428
53352.005,8000.0,1.079,0.058,0219+428
53352.104,8000.0,1.169,0.076,0219+428
53387.812,8000.0,1.272,0.065,0219+428
53417.641,8000.0,1.186,0.086,0219+428
53478.38,8000.0,1.173,0.07,0219+428
53511.142,8000.0,1.285,0.101,0219+428
53544.437,8000.0,1.514,0.091,0219+428
53577.091,8000.0,1.123,0.076,0219+428
53637.946,8000.0,1.102,0.074,0219+428
53638.321,8000.0,1.085,0.088,0219+428
53698.021,8000.0,1.227,0.168,0219+428
53698.8,8000.0,1.154,0.068,0219+428
53720.727,8000.0,1.205,0.071,0219+428
53721.912,8000.0,1.067,0.075,0219+428
53722.635,8000.0,1.08,0.122,0219+428
53740.567,8000.0,1.28,0.03,0219+428
53741.567,8000.0,1.323,0.039,0219+428
53741.619,8000.0,1.374,0.034,0219+428
53742.567,8000.0,1.418,0.038,0219+428
53742.621,8000.0,1.29,0.032,0219+428
53742.726,8000.0,1.199,0.077,0219+428
53744.566,8000.0,1.457,0.066,0219+428
53765.675,8000.0,1.368,0.127,0219+428
53771.625,8000.0,1.309,0.111,0219+428
53804.524,8000.0,1.243,0.14,0219+428
53804.533,8000.0,1.198,0.09,0219+428
53830.628,8000.0,1.506,0.127,0219+428
53956.095,8000.0,1.273,0.193,0219+428
53974.029,8000.0,1.142,0.146,0219+428
54010.926,8000.0,1.215,0.152,0219+428
54022.846,8000.0,1.16,0.179,0219+428
54037.824,8000.0,1.468,0.33,0219+428
54058.735,8000.0,1.186,0.209,0219+428
54080.726,8000.0,1.257,0.196,0219+428
54098.651,8000.0,1.145,0.291,0219+428
54121.594,8000.0,1.141,0.164,0219+428
54198.651,8000.0,1.233,0.079,0219+428
54219.665,8000.0,1.117,0.062,0219+428
54275.416,8000.0,1.28,0.061,0219+428
54289.4,8000.0,1.468,0.101,0219+428
54295.467,8000.0,1.353,0.132,0219+428
54325.023,8000.0,1.255,0.184,0219+428
54373.235,8000.0,1.3,0.061,0219+428
54421.714,8000.0,1.119,0.176,0219+428
54435.665,8000.0,1.112,0.175,0219+428
54513.485,8000.0,1.533,0.139,0219+428
54576.585,8000.0,1.347,0.073,0219+428
54605.52,8000.0,1.341,0.153,0219+428
54640.4,8000.0,1.245,0.072,0219+428
54652.346,8000.0,1.224,0.098,0219+428
54667.315,8000.0,1.334,0.116,0219+428
54688.267,8000.0,1.207,0.078,0219+428
54723.196,8000.0,1.205,0.153,0219+428
54778.007,8000.0,1.243,0.14,0219+428
55003.427,8000.0,1.026,0.119,0219+428
55035.397,8000.0,1.071,0.076,0219+428
55064.238,8000.0,0.906,0.065,0219+428
55077.262,8000.0,1.146,0.12,0219+428
55101.165,8000.0,1.045,0.067,0219+428
55123.136,8000.0,0.864,0.091,0219+428
55207.847,8000.0,1.031,0.07,0219+428
53376.733,22000.0,1.615,0.106,0235+164
53376.772,22000.0,1.706,0.114,0235+164
53377.733,22000.0,1.646,0.107,0235+164
53377.772,22000.0,1.627,0.11,0235+164
53378.772,22000.0,1.633,0.112,0235+164
53379.733,22000.0,1.58,0.113,0235+164
53379.772,22000.0,1.622,0.107,0235+164
53380.735,22000.0,1.629,0.11,0235+164
53380.772,22000.0,1.578,0.103,0235+164
53413.653,22000.0,1.388,0.067,0235+164
53414.549,22000.0,1.27,0.107,0235+164
53414.611,22000.0,1.346,0.166,0235+164
53414.653,22000.0,1.442,0.095,0235+164
53441.441,22000.0,1.17,0.14,0235+164
53441.502,22000.0,1.081,0.09,0235+164
53442.549,22000.0,1.145,0.083,0235+164
53443.445,22000.0,1.245,0.056,0235+164
53443.507,22000.0,1.208,0.058,0235+164
53465.403,22000.0,0.988,0.404,0235+164
53465.466,22000.0,0.708,0.532,0235+164
53465.507,22000.0,1.078,0.404,0235+164
53510.299,22000.0,0.597,0.432,0235+164
53511.299,22000.0,0.409,0.528,0235+164
53636.936,22000.0,1.791,0.428,0235+164
53636.944,22000.0,1.695,0.418,0235+164
53638.129,22000.0,1.781,0.312,0235+164
53638.137,22000.0,1.717,0.328,0235+164
53697.838,22000.0,3.559,0.508,0235+164
53697.845,22000.0,3.381,0.428,0235+164
53722.809,22000.0,2.81,0.407,0235+164
53722.817,22000.0,2.714,0.409,0235+164
53742.905,22000.0,2.787,0.393,0235+164
53742.913,22000.0,3.089,0.439,0235+164
53743.922,22000.0,3.115,0.343,0235+164
53743.93,22000.0,2.805,0.335,0235+164
53750.633,22000.0,3.281,0.198,0235+164
53765.84,22000.0,2.668,0.372,0235+164
53766.695,22000.0,2.624,0.379,0235+164
53766.703,22000.0,2.549,0.298,0235+164
53772.683,22000.0,2.846,0.318,0235+164
53772.691,22000.0,2.956,0.321,0235+164
53772.7,22000.0,2.948,0.318,0235+164
53805.561,22000.0,2.964,0.32,0235+164
53805.57,22000.0,3.033,0.321,0235+164
53849.451,22000.0,2.142,0.32,0235+164
53849.46,22000.0,2.208,0.332,0235+164
53927.238,22000.0,1.752,0.381,0235+164
53955.152,22000.0,1.745,0.311,0235+164
53955.161,22000.0,1.395,0.296,0235+164
53955.17,22000.0,1.206,0.302,0235+164
53973.11,22000.0,0.865,0.343,0235+164
53973.119,22000.0,1.275,0.324,0235+164
53973.128,22000.0,0.873,0.317,0235+164
54009.97,22000.0,0.87,0.312,0235+164
54009.979,22000.0,0.45,0.276,0235+164
54021.953,22000.0,0.567,0.278,0235+164
54021.963,22000.0,0.643,0.283,0235+164
54056.905,22000.0,0.732,0.409,0235+164
54056.914,22000.0,1.062,0.481,0235+164
54056.923,22000.0,0.765,0.653,0235+164
54080.922,22000.0,0.736,0.324,0235+164
54080.931,22000.0,0.898,0.334,0235+164
54080.94,22000.0,1.108,0.347,0235+164
54119.705,22000.0,1.225,0.494,0235+164
54119.715,22000.0,1.525,0.449,0235+164
54119.724,22000.0,1.065,0.356,0235+164
54119.733,22000.0,1.053,0.397,0235+164
54147.635,22000.0,2.071,0.264,0235+164
54147.653,22000.0,1.945,0.328,0235+164
54183.549,22000.0,3.695,0.432,0235+164
54183.558,22000.0,3.699,0.429,0235+164
54183.568,22000.0,3.803,0.454,0235+164
54183.577,22000.0,3.986,0.474,0235+164
54197.362,22000.0,4.045,0.414,0235+164
54197.371,22000.0,4.127,0.354,0235+164
54218.397,22000.0,5.503,0.417,0235+164
54218.406,22000.0,5.331,0.424,0235+164
54218.415,22000.0,5.43,0.379,0235+164
54274.183,22000.0,3.153,0.594,0235+164
54274.2,22000.0,2.861,0.457,0235+164
54288.254,22000.0,2.124,0.324,0235+164
54288.263,22000.0,2.804,0.296,0235+164
54294.338,22000.0,2.406,0.326,0235+164
54294.347,22000.0,2.226,0.362,0235+164
54294.357,22000.0,2.393,0.355,0235+164
54323.187,22000.0,2.275,1.019,0235+164
54345.153,22000.0,1.964,0.359,0235+164
54345.171,22000.0,1.699,0.354,0235+164
54345.18,22000.0,1.705,0.43,0235+164
54372.099,22000.0,1.901,0.548,0235+164
54372.108,22000.0,1.712,0.671,0235+164
54386.037,22000.0,0.817,0.279,0235+164
54386.046,22000.0,1.091,0.21,0235+164
54386.055,22000.0,1.494,0.17,0235+164
54456.831,22000.0,1.499,0.29,0235+164
54456.849,22000.0,1.454,0.204,0235+164
54456.858,22000.0,1.497,0.246,0235+164
54456.868,22000.0,1.186,0.25,0235+164
54460.785,22000.0,0.856,0.207,0235+164
54460.794,22000.0,1.21,0.228,0235+164
54510.634,22000.0,0.997,0.104,0235+164
54510.643,22000.0,1.023,0.115,0235+164
54510.652,22000.0,0.92,0.111,0235+164
54561.553,22000.0,1.292,0.142,0235+164
54561.563,22000.0,1.953,0.143,0235+164
54561.572,22000.0,1.577,0.142,0235+164
54575.56,22000.0,1.122,0.506,0235+164
54575.569,22000.0,2.62,0.685,0235+164
54604.488,22000.0,2.818,0.352,0235+164
54639.431,22000.0,3.396,0.362,0235+164
54639.441,22000.0,3.272,0.355,0235+164
54651.397,22000.0,2.112,0.393,0235+164
54666.333,22000.0,3.146,0.318,0235+164
54687.29,22000.0,2.781,0.372,0235+164
54722.158,22000.0,4.106,0.838,0235+164
54722.167,22000.0,4.835,0.983,0235+164
54779.046,22000.0,7.119,0.766,0235+164
54779.055,22000.0,6.743,0.733,0235+164
54815.922,22000.0,4.473,0.63,0235+164
54815.931,22000.0,3.648,0.681,0235+164
54911.639,22000.0,3.325,0.476,0235+164
54911.648,22000.0,2.519,0.434,0235+164
55032.284,22000.0,1.615,0.464,0235+164
55062.073,22000.0,1.18,0.217,0235+164
55062.082,22000.0,1.392,0.217,0235+164
55099.031,22000.0,1.183,0.161,0235+164
55121.037,22000.0,1.662,0.279,0235+164
55208.841,22000.0,0.591,0.322,0235+164
53854.327,43000.0,1.504,0.703,0235+164
53879.202,43000.0,1.759,0.705,0235+164
53879.286,43000.0,1.703,0.499,0235+164
53911.119,43000.0,1.838,0.77,0235+164
53913.202,43000.0,1.808,0.609,0235+164
53928.161,43000.0,1.267,0.461,0235+164
53931.16,43000.0,1.354,0.648,0235+164
53950.994,43000.0,0.738,0.493,0235+164
53951.077,43000.0,1.173,0.415,0235+164
53952.077,43000.0,0.927,0.382,0235+164
53952.994,43000.0,0.959,0.451,0235+164
53953.077,43000.0,1.082,0.414,0235+164
53970.963,43000.0,0.772,0.604,0235+164
53971.036,43000.0,0.68,0.392,0235+164
53972.036,43000.0,0.948,0.453,0235+164
53972.963,43000.0,0.87,0.506,0235+164
53973.036,43000.0,0.651,0.387,0235+164
53997.952,43000.0,0.432,0.333,0235+164
53998.869,43000.0,0.787,0.417,0235+164
53999.869,43000.0,0.457,0.426,0235+164
53999.952,43000.0,0.601,0.309,0235+164
54000.869,43000.0,0.741,0.405,0235+164
54025.859,43000.0,0.559,0.406,0235+164
54026.859,43000.0,0.395,0.361,0235+164
54277.119,43000.0,2.684,0.38,0235+164
54277.202,43000.0,2.82,0.457,0235+164
54320.995,43000.0,1.534,0.332,0235+164
54321.078,43000.0,1.509,0.254,0235+164
54321.994,43000.0,1.491,0.289,0235+164
54322.077,43000.0,1.444,0.207,0235+164
54364.952,43000.0,1.348,0.168,0235+164
54366.874,43000.0,1.126,0.149,0235+164
54366.953,43000.0,1.11,0.169,0235+164
54390.827,43000.0,1.665,0.199,0235+164
54390.87,43000.0,1.367,0.196,0235+164
54390.89,43000.0,1.52,0.179,0235+164
54421.771,43000.0,1.395,0.187,0235+164
54422.752,43000.0,1.674,0.258,0235+164
54422.775,43000.0,1.243,0.183,0235+164
54423.713,43000.0,1.199,0.202,0235+164
54423.752,43000.0,1.566,0.263,0235+164
54423.776,43000.0,1.314,0.193,0235+164
54424.713,43000.0,1.545,0.227,0235+164
54424.752,43000.0,1.345,0.226,0235+164
54424.775,43000.0,1.337,0.183,0235+164
54435.734,43000.0,1.602,0.357,0235+164
54436.752,43000.0,1.442,0.302,0235+164
54436.775,43000.0,1.421,0.236,0235+164
54437.752,43000.0,1.298,0.299,0235+164
54437.775,43000.0,1.357,0.235,0235+164
54450.731,43000.0,1.721,0.284,0235+164
54479.65,43000.0,1.051,0.179,0235+164
54480.588,43000.0,1.359,0.219,0235+164
54480.627,43000.0,1.169,0.204,0235+164
54480.65,43000.0,1.141,0.197,0235+164
54506.528,43000.0,1.032,0.167,0235+164
54521.464,43000.0,1.328,0.174,0235+164
54521.502,43000.0,1.374,0.181,0235+164
54522.463,43000.0,1.213,0.146,0235+164
54522.502,43000.0,1.248,0.162,0235+164
54523.462,43000.0,1.328,0.153,0235+164
54556.338,43000.0,1.803,0.197,0235+164
54556.377,43000.0,1.994,0.252,0235+164
54556.4,43000.0,1.665,0.189,0235+164
54557.338,43000.0,1.566,0.206,0235+164
54557.399,43000.0,2.166,0.27,0235+164
54580.317,43000.0,2.043,0.226,0235+164
54597.253,43000.0,2.531,0.379,0235+164
54597.276,43000.0,2.423,0.336,0235+164
54611.21,43000.0,3.446,0.383,0235+164
54611.234,43000.0,3.36,0.341,0235+164
54612.211,43000.0,3.468,0.343,0235+164
54612.234,43000.0,2.98,0.314,0235+164
54613.211,43000.0,3.283,0.339,0235+164
54613.234,43000.0,3.058,0.306,0235+164
54642.088,43000.0,4.296,0.463,0235+164
54642.127,43000.0,3.786,0.584,0235+164
54642.148,43000.0,4.267,0.783,0235+164
54643.088,43000.0,4.504,0.478,0235+164
54643.127,43000.0,4.404,0.522,0235+164
54643.15,43000.0,4.32,0.511,0235+164
54644.088,43000.0,4.256,0.453,0235+164
54644.127,43000.0,4.651,0.535,0235+164
54644.151,43000.0,4.275,0.527,0235+164
54659.085,43000.0,4.529,0.668,0235+164
54659.109,43000.0,4.072,0.647,0235+164
54660.086,43000.0,4.468,0.672,0235+164
54660.109,43000.0,4.233,0.66,0235+164
54680.044,43000.0,4.014,0.414,0235+164
54680.067,43000.0,3.679,0.386,0235+164
54681.044,43000.0,3.671,0.405,0235+164
54681.067,43000.0,3.714,0.392,0235+164
54682.044,43000.0,4.215,0.469,0235+164
54682.067,43000.0,3.816,0.402,0235+164
54707.922,43000.0,6.003,0.629,0235+164
54707.961,43000.0,5.434,0.618,0235+164
54707.984,43000.0,4.95,0.54,0235+164
54708.921,43000.0,5.553,0.607,0235+164
54708.961,43000.0,5.069,0.563,0235+164
54708.984,43000.0,4.936,0.528,0235+164
54709.921,43000.0,4.811,0.55,0235+164
54709.961,43000.0,5.417,0.632,0235+164
54709.984,43000.0,4.755,0.538,0235+164
54743.828,43000.0,5.686,0.814,0235+164
54743.867,43000.0,5.669,0.907,0235+164
54743.891,43000.0,5.172,0.872,0235+164
54744.827,43000.0,6.063,0.818,0235+164
54744.867,43000.0,5.379,0.835,0235+164
54744.89,43000.0,5.531,0.835,0235+164
54745.827,43000.0,6.293,0.853,0235+164
54745.867,43000.0,5.078,0.843,0235+164
54745.89,43000.0,5.069,0.765,0235+164
54779.713,43000.0,6.585,0.887,0235+164
54779.752,43000.0,6.524,0.905,0235+164
54779.775,43000.0,5.667,0.794,0235+164
54780.713,43000.0,6.477,0.877,0235+164
54780.752,43000.0,6.171,0.848,0235+164
54780.775,43000.0,5.747,0.799,0235+164
54781.713,43000.0,5.722,0.8,0235+164
54781.752,43000.0,6.392,0.879,0235+164
54781.775,43000.0,5.998,0.871,0235+164
54807.713,43000.0,5.225,0.669,0235+164
54807.753,43000.0,4.442,0.66,0235+164
54807.775,43000.0,4.723,0.628,0235+164
54808.713,43000.0,4.693,0.625,0235+164
54808.752,43000.0,4.436,0.616,0235+164
54808.775,43000.0,4.599,0.647,0235+164
54809.713,43000.0,4.996,0.704,0235+164
54809.752,43000.0,4.301,0.606,0235+164
54809.775,43000.0,4.444,0.614,0235+164
54840.628,43000.0,4.021,0.791,0235+164
54840.65,43000.0,4.05,0.766,0235+164
54841.627,43000.0,3.524,0.632,0235+164
54841.651,43000.0,3.665,0.665,0235+164
54842.587,43000.0,3.791,0.821,0235+164
54842.65,43000.0,3.936,0.729,0235+164
54878.569,43000.0,1.924,0.341,0235+164
54879.506,43000.0,1.727,0.393,0235+164
54879.544,43000.0,1.921,0.469,0235+164
54879.568,43000.0,1.819,0.316,0235+164
54930.377,43000.0,1.842,0.257,0235+164
54930.4,43000.0,1.806,0.235,0235+164
54959.252,43000.0,1.177,0.209,0235+164
54959.275,43000.0,1.484,0.201,0235+164
54961.252,43000.0,1.347,0.192,0235+164
54961.276,43000.0,1.379,0.179,0235+164
55009.127,43000.0,1.514,0.241,0235+164
55009.15,43000.0,1.605,0.205,0235+164
55010.088,43000.0,1.721,0.208,0235+164
55010.127,43000.0,1.581,0.23,0235+164
55010.15,43000.0,1.56,0.213,0235+164
55011.127,43000.0,1.439,0.183,0235+164
55011.15,43000.0,1.502,0.221,0235+164
55156.727,43000.0,1.294,0.175,0235+164
55157.732,43000.0,1.28,0.165,0235+164
55158.738,43000.0,1.371,0.248,0235+164
55158.8,43000.0,1.265,0.277,0235+164
55161.724,43000.0,1.176,0.23,0235+164
55161.783,43000.0,1.446,0.321,0235+164
55164.726,43000.0,1.509,0.292,0235+164
55164.784,43000.0,1.94,0.328,0235+164
55165.725,43000.0,1.554,0.276,0235+164
55165.784,43000.0,1.743,0.297,0235+164
55168.713,43000.0,1.066,0.18,0235+164
55168.752,43000.0,1.175,0.213,0235+164
55168.776,43000.0,1.381,0.221,0235+164
55174.677,43000.0,1.294,0.184,0235+164
55174.737,43000.0,1.125,0.205,0235+164
55175.683,43000.0,1.071,0.224,0235+164
55175.742,43000.0,1.081,0.189,0235+164
55176.674,43000.0,1.485,0.211,0235+164
55176.734,43000.0,1.389,0.199,0235+164
55177.681,43000.0,1.601,0.209,0235+164
55177.741,43000.0,1.688,0.289,0235+164
55181.68,43000.0,1.621,0.237,0235+164
55181.74,43000.0,1.501,0.232,0235+164
55184.639,43000.0,1.787,0.244,0235+164
55184.698,43000.0,1.309,0.227,0235+164
55185.644,43000.0,1.797,0.254,0235+164
55185.704,43000.0,1.664,0.26,0235+164
55186.648,43000.0,1.398,0.224,0235+164
55186.709,43000.0,1.262,0.21,0235+164
55187.654,43000.0,1.535,0.207,0235+164
55187.714,43000.0,1.661,0.298,0235+164
55188.638,43000.0,1.659,0.248,0235+164
55188.698,43000.0,1.56,0.223,0235+164
55189.642,43000.0,1.415,0.188,0235+164
55189.703,43000.0,1.432,0.222,0235+164
55209.588,43000.0,1.291,0.191,0235+164
55213.548,43000.0,1.574,0.263,0235+164
55214.553,43000.0,2.029,0.286,0235+164
53354.713,5000.0,1.394,0.057,0235+164
53354.937,5000.0,1.389,0.038,0235+164
53357.714,5000.0,1.383,0.028,0235+164
53357.925,5000.0,1.365,0.03,0235+164
53358.714,5000.0,1.384,0.065,0235+164
53358.925,5000.0,1.371,0.026,0235+164
53359.714,5000.0,1.375,0.024,0235+164
53359.925,5000.0,1.379,0.031,0235+164
53381.712,5000.0,1.321,0.029,0235+164
53383.738,5000.0,1.24,0.024,0235+164
53384.761,5000.0,1.253,0.021,0235+164
53385.738,5000.0,1.255,0.019,0235+164
53386.738,5000.0,1.263,0.02,0235+164
53387.738,5000.0,1.23,0.021,0235+164
53388.738,5000.0,1.281,0.02,0235+164
53389.738,5000.0,1.318,0.022,0235+164
53444.512,5000.0,1.228,0.022,0235+164
53445.479,5000.0,1.256,0.021,0235+164
53446.478,5000.0,1.238,0.021,0235+164
53448.446,5000.0,1.183,0.021,0235+164
53449.475,5000.0,1.228,0.021,0235+164
53450.446,5000.0,1.215,0.022,0235+164
53454.56,5000.0,1.171,0.079,0235+164
53454.645,5000.0,1.166,0.078,0235+164
53454.653,5000.0,1.206,0.096,0235+164
53456.74,5000.0,1.171,0.084,0235+164
53456.748,5000.0,1.166,0.092,0235+164
53457.512,5000.0,1.132,0.078,0235+164
53457.52,5000.0,1.167,0.074,0235+164
53477.688,5000.0,0.859,0.1,0235+164
53477.696,5000.0,0.863,0.106,0235+164
53505.618,5000.0,1.045,0.154,0235+164
53511.551,5000.0,1.307,0.098,0235+164
53543.455,5000.0,1.129,0.099,0235+164
53543.463,5000.0,1.078,0.093,0235+164
53544.244,5000.0,1.149,0.075,0235+164
53544.252,5000.0,1.14,0.082,0235+164
53576.384,5000.0,1.28,0.089,0235+164
53576.392,5000.0,1.268,0.088,0235+164
53577.225,5000.0,1.167,0.088,0235+164
53577.234,5000.0,1.254,0.086,0235+164
53588.076,5000.0,1.16,0.09,0235+164
53588.081,5000.0,1.249,0.078,0235+164
53588.09,5000.0,1.212,0.092,0235+164
53588.098,5000.0,1.117,0.083,0235+164
53605.95,5000.0,1.377,0.093,0235+164
53605.958,5000.0,1.351,0.096,0235+164
53638.854,5000.0,1.289,0.083,0235+164
53638.862,5000.0,1.331,0.093,0235+164
53639.029,5000.0,1.317,0.079,0235+164
53639.037,5000.0,1.346,0.081,0235+164
53639.208,5000.0,1.344,0.092,0235+164
53639.216,5000.0,1.373,0.079,0235+164
53639.946,5000.0,1.409,0.082,0235+164
53639.955,5000.0,1.266,0.08,0235+164
53640.138,5000.0,1.349,0.086,0235+164
53640.147,5000.0,1.451,0.077,0235+164
53723.835,5000.0,1.845,0.096,0235+164
53723.844,5000.0,1.836,0.1,0235+164
53763.849,5000.0,2.029,0.104,0235+164
53763.857,5000.0,2.006,0.102,0235+164
53770.634,5000.0,2.001,0.094,0235+164
53770.643,5000.0,2.111,0.076,0235+164
53770.651,5000.0,2.058,0.083,0235+164
53826.498,5000.0,1.614,0.092,0235+164
53826.515,5000.0,1.756,0.098,0235+164
53975.144,5000.0,1.586,0.079,0235+164
53975.153,5000.0,1.519,0.082,0235+164
54012.022,5000.0,1.085,0.09,0235+164
54012.032,5000.0,1.121,0.109,0235+164
54023.923,5000.0,0.973,0.055,0235+164
54023.932,5000.0,0.987,0.063,0235+164
54023.941,5000.0,1.004,0.061,0235+164
54276.231,5000.0,2.397,0.091,0235+164
54290.203,5000.0,2.328,0.075,0235+164
54290.212,5000.0,2.337,0.112,0235+164
54297.257,5000.0,2.361,0.081,0235+164
54297.266,5000.0,2.459,0.083,0235+164
54348.095,5000.0,1.749,0.066,0235+164
54348.105,5000.0,1.691,0.063,0235+164
54348.114,5000.0,1.782,0.059,0235+164
54348.123,5000.0,1.813,0.061,0235+164
54374.039,5000.0,1.493,0.067,0235+164
54374.048,5000.0,1.48,0.079,0235+164
54396.979,5000.0,1.388,0.058,0235+164
54396.989,5000.0,1.394,0.059,0235+164
54563.481,5000.0,1.186,0.192,0235+164
54563.49,5000.0,1.112,0.161,0235+164
54724.049,5000.0,3.327,0.093,0235+164
54724.059,5000.0,3.244,0.094,0235+164
54912.583,5000.0,3.234,0.357,0235+164
54912.592,5000.0,3.428,0.259,0235+164
54912.602,5000.0,3.265,0.273,0235+164
55002.395,5000.0,1.92,0.447,0235+164
55002.404,5000.0,2.149,0.409,0235+164
55002.414,5000.0,1.888,0.55,0235+164
55034.246,5000.0,1.758,0.188,0235+164
55034.255,5000.0,1.773,0.206,0235+164
55034.265,5000.0,1.65,0.19,0235+164
55063.202,5000.0,1.637,0.155,0235+164
55063.211,5000.0,1.727,0.205,0235+164
55063.221,5000.0,1.536,0.22,0235+164
55100.017,5000.0,1.391,0.066,0235+164
55100.026,5000.0,1.526,0.064,0235+164
55100.036,5000.0,1.5,0.057,0235+164
55122.09,5000.0,1.446,0.07,0235+164
55122.1,5000.0,1.463,0.098,0235+164
55122.109,5000.0,1.395,0.174,0235+164
55209.742,5000.0,1.224,0.071,0235+164
55209.761,5000.0,1.252,0.263,0235+164
53349.787,8000.0,1.505,0.064,0235+164
53349.892,8000.0,1.477,0.069,0235+164
53349.973,8000.0,1.492,0.066,0235+164
53350.06,8000.0,1.536,0.087,0235+164
53350.646,8000.0,1.542,0.087,0235+164
53350.858,8000.0,1.454,0.063,0235+164
53350.937,8000.0,1.483,0.066,0235+164
53351.845,8000.0,1.576,0.062,0235+164
53351.933,8000.0,1.498,0.063,0235+164
53382.577,8000.0,1.379,0.044,0235+164
53382.635,8000.0,1.285,0.043,0235+164
53382.694,8000.0,1.382,0.045,0235+164
53382.733,8000.0,1.353,0.044,0235+164
53387.841,8000.0,1.148,0.084,0235+164
53387.85,8000.0,1.063,0.075,0235+164
53412.654,8000.0,1.428,0.061,0235+164
53417.617,8000.0,1.077,0.175,0235+164
53451.445,8000.0,1.185,0.019,0235+164
53454.61,8000.0,1.267,0.136,0235+164
53454.618,8000.0,1.213,0.158,0235+164
53457.354,8000.0,1.165,0.093,0235+164
53457.362,8000.0,1.163,0.097,0235+164
53463.406,8000.0,1.221,0.021,0235+164
53463.467,8000.0,1.217,0.04,0235+164
53464.407,8000.0,1.145,0.032,0235+164
53464.466,8000.0,1.201,0.03,0235+164
53478.364,8000.0,1.225,0.108,0235+164
53478.372,8000.0,1.193,0.086,0235+164
53478.612,8000.0,1.119,0.089,0235+164
53478.62,8000.0,1.206,0.075,0235+164
53504.305,8000.0,1.097,0.238,0235+164
53504.414,8000.0,0.989,0.074,0235+164
53504.556,8000.0,1.067,0.073,0235+164
53505.412,8000.0,1.095,0.059,0235+164
53505.553,8000.0,1.038,0.079,0235+164
53506.315,8000.0,1.008,0.098,0235+164
53511.409,8000.0,1.071,0.068,0235+164
53544.428,8000.0,1.469,0.1,0235+164
53577.075,8000.0,1.716,0.237,0235+164
53577.083,8000.0,1.923,0.135,0235+164
53577.411,8000.0,1.81,0.181,0235+164
53578.016,8000.0,1.797,0.108,0235+164
53578.229,8000.0,1.78,0.125,0235+164
53588.035,8000.0,1.405,0.125,0235+164
53588.043,8000.0,1.461,0.122,0235+164
53588.059,8000.0,1.487,0.092,0235+164
53588.067,8000.0,1.584,0.092,0235+164
53605.337,8000.0,1.675,0.178,0235+164
53605.345,8000.0,1.681,0.097,0235+164
53606.12,8000.0,1.514,0.079,0235+164
53606.128,8000.0,1.519,0.103,0235+164
53637.124,8000.0,1.645,0.101,0235+164
53637.132,8000.0,1.569,0.087,0235+164
53637.93,8000.0,1.409,0.074,0235+164
53637.938,8000.0,1.431,0.093,0235+164
53698.005,8000.0,2.359,0.137,0235+164
53698.013,8000.0,2.352,0.13,0235+164
53698.783,8000.0,1.987,0.113,0235+164
53698.791,8000.0,2.189,0.095,0235+164
53720.71,8000.0,2.116,0.09,0235+164
53720.718,8000.0,2.185,0.084,0235+164
53721.895,8000.0,2.203,0.083,0235+164
53721.903,8000.0,2.313,0.099,0235+164
53741.577,8000.0,2.599,0.061,0235+164
53741.65,8000.0,2.692,0.064,0235+164
53742.574,8000.0,2.679,0.07,0235+164
53742.65,8000.0,2.788,0.063,0235+164
53742.71,8000.0,2.805,0.094,0235+164
53742.718,8000.0,2.792,0.096,0235+164
53743.749,8000.0,2.84,0.105,0235+164
53765.666,8000.0,2.393,0.172,0235+164
53771.647,8000.0,2.373,0.114,0235+164
53771.656,8000.0,2.481,0.113,0235+164
53771.665,8000.0,2.642,0.117,0235+164
53804.57,8000.0,2.231,0.092,0235+164
53804.579,8000.0,2.284,0.099,0235+164
53804.587,8000.0,2.256,0.1,0235+164
53830.491,8000.0,2.677,0.22,0235+164
53830.5,8000.0,2.524,0.185,0235+164
53908.316,8000.0,1.87,0.087,0235+164
53956.224,8000.0,1.813,0.096,0235+164
53974.148,8000.0,1.51,0.057,0235+164
54011.044,8000.0,0.859,0.086,0235+164
54022.966,8000.0,0.817,0.059,0235+164
54037.944,8000.0,0.716,0.082,0235+164
54058.851,8000.0,0.713,0.049,0235+164
54079.816,8000.0,0.812,0.073,0235+164
54098.785,8000.0,0.755,0.05,0235+164
54121.727,8000.0,0.807,0.072,0235+164
54149.637,8000.0,1.406,0.152,0235+164
54199.508,8000.0,2.66,0.081,0235+164
54220.522,8000.0,3.236,0.155,0235+164
54275.206,8000.0,3.042,0.114,0235+164
54289.193,8000.0,2.883,0.104,0235+164
54296.258,8000.0,2.598,0.091,0235+164
54325.216,8000.0,1.977,0.074,0235+164
54344.127,8000.0,1.83,0.068,0235+164
54373.014,8000.0,1.391,0.059,0235+164
54420.905,8000.0,1.242,0.079,0235+164
54434.854,8000.0,1.275,0.061,0235+164
54476.761,8000.0,1.027,0.094,0235+164
54512.606,8000.0,0.943,0.051,0235+164
54576.623,8000.0,1.256,0.056,0235+164
54605.539,8000.0,1.626,0.39,0235+164
54640.439,8000.0,2.757,0.082,0235+164
54652.371,8000.0,2.959,0.121,0235+164
54667.339,8000.0,3.357,0.157,0235+164
54688.291,8000.0,3.007,0.133,0235+164
54723.085,8000.0,3.853,0.412,0235+164
54777.897,8000.0,6.444,0.172,0235+164
54951.525,8000.0,2.64,0.591,0235+164
55003.317,8000.0,1.717,0.224,0235+164
55035.287,8000.0,1.511,0.077,0235+164
55064.129,8000.0,1.508,0.088,0235+164
55077.158,8000.0,1.46,0.125,0235+164
55101.055,8000.0,1.331,0.089,0235+164
55123.026,8000.0,1.239,0.106,0235+164
55207.734,8000.0,1.191,0.125,0235+164
53638.146,22000.0,1.452,0.387,0336-019
53638.153,22000.0,1.749,0.388,0336-019
53698.998,22000.0,1.899,0.611,0336-019
53699.006,22000.0,1.822,0.378,0336-019
53720.926,22000.0,1.957,0.445,0336-019
53722.825,22000.0,2.084,0.625,0336-019
53742.921,22000.0,1.811,0.389,0336-019
53743.946,22000.0,1.619,0.356,0336-019
53750.667,22000.0,2.11,0.22,0336-019
53765.865,22000.0,1.995,0.384,0336-019
53766.712,22000.0,1.779,0.38,0336-019
53766.719,22000.0,1.863,0.351,0336-019
53772.722,22000.0,2.083,0.261,0336-019
53772.731,22000.0,2.139,0.272,0336-019
53805.579,22000.0,2.608,0.368,0336-019
53805.588,22000.0,2.387,0.387,0336-019
53849.48,22000.0,1.791,0.358,0336-019
53849.489,22000.0,1.826,0.358,0336-019
53861.416,22000.0,1.783,0.307,0336-019
53861.425,22000.0,1.762,0.304,0336-019
53861.434,22000.0,2.337,0.308,0336-019
53861.443,22000.0,2.397,0.31,0336-019
53927.283,22000.0,2.962,0.574,0336-019
53955.181,22000.0,2.382,0.43,0336-019
53955.19,22000.0,2.656,0.393,0336-019
53973.139,22000.0,2.024,0.355,0336-019
53973.148,22000.0,2.203,0.34,0336-019
54009.999,22000.0,2.384,0.452,0336-019
54010.008,22000.0,2.398,0.469,0336-019
54021.982,22000.0,2.457,0.403,0336-019
54021.992,22000.0,2.763,0.323,0336-019
54057.847,22000.0,2.212,0.589,0336-019
54057.856,22000.0,2.833,0.665,0336-019
54057.875,22000.0,2.62,0.578,0336-019
54097.787,22000.0,2.064,0.514,0336-019
54097.796,22000.0,2.129,0.451,0336-019
54097.806,22000.0,1.999,0.401,0336-019
54120.722,22000.0,1.982,0.594,0336-019
54120.741,22000.0,2.251,0.705,0336-019
54148.66,22000.0,1.886,0.322,0336-019
54148.669,22000.0,2.098,0.282,0336-019
54148.678,22000.0,1.844,0.3,0336-019
54198.452,22000.0,1.911,0.434,0336-019
54198.48,22000.0,1.792,0.366,0336-019
54219.466,22000.0,1.51,0.307,0336-019
54219.475,22000.0,1.679,0.346,0336-019
54219.484,22000.0,1.417,0.396,0336-019
54219.494,22000.0,1.336,0.362,0336-019
54274.258,22000.0,1.462,0.468,0336-019
54274.267,22000.0,1.804,0.403,0336-019
54288.273,22000.0,1.406,0.335,0336-019
54288.283,22000.0,1.564,0.345,0336-019
54294.367,22000.0,1.983,0.345,0336-019
54294.376,22000.0,2.428,0.351,0336-019
54324.129,22000.0,2.55,0.479,0336-019
54324.138,22000.0,3.338,0.441,0336-019
54324.148,22000.0,2.257,0.47,0336-019
54324.157,22000.0,2.034,0.551,0336-019
54346.141,22000.0,2.47,1.069,0336-019
54372.119,22000.0,2.768,0.54,0336-019
54372.128,22000.0,2.363,0.63,0336-019
54386.066,22000.0,3.077,0.31,0336-019
54386.075,22000.0,3.188,0.272,0336-019
54456.878,22000.0,3.433,0.326,0336-019
54456.887,22000.0,2.218,0.367,0336-019
54460.805,22000.0,1.807,0.185,0336-019
54460.814,22000.0,2.12,0.241,0336-019
54478.828,22000.0,1.39,0.336,0336-019
54478.837,22000.0,2.643,0.406,0336-019
54511.661,22000.0,1.988,0.15,0336-019
54511.67,22000.0,1.838,0.183,0336-019
54511.679,22000.0,2.366,0.169,0336-019
54511.688,22000.0,2.084,0.164,0336-019
54561.582,22000.0,1.963,0.165,0336-019
54561.591,22000.0,1.762,0.155,0336-019
54575.589,22000.0,1.349,0.314,0336-019
54604.498,22000.0,0.906,0.209,0336-019
54639.451,22000.0,1.764,0.247,0336-019
54639.46,22000.0,1.766,0.237,0336-019
54651.407,22000.0,1.071,0.267,0336-019
54651.416,22000.0,2.026,0.38,0336-019
54666.351,22000.0,1.686,0.233,0336-019
54666.36,22000.0,1.567,0.21,0336-019
54687.308,22000.0,1.47,0.256,0336-019
54687.317,22000.0,2.28,0.343,0336-019
54722.187,22000.0,1.504,0.372,0336-019
54779.066,22000.0,2.194,0.397,0336-019
54779.075,22000.0,2.149,0.404,0336-019
54815.942,22000.0,2.811,0.414,0336-019
54815.951,22000.0,3.356,0.456,0336-019
54911.659,22000.0,2.116,0.414,0336-019
54911.668,22000.0,2.426,0.473,0336-019
55001.402,22000.0,1.461,0.403,0336-019
55001.411,22000.0,1.528,0.445,0336-019
55062.093,22000.0,1.208,0.253,0336-019
55062.103,22000.0,1.771,0.345,0336-019
55099.041,22000.0,2.133,0.233,0336-019
55121.067,22000.0,1.125,1.068,0336-019
55208.851,22000.0,2.327,0.308,0336-019
53827.452,43000.0,2.046,0.826,0336-019
53855.369,43000.0,1.653,0.85,0336-019
53878.327,43000.0,1.691,0.569,0336-019
53879.327,43000.0,1.956,0.601,0336-019
53913.244,43000.0,2.056,0.688,0336-019
53951.119,43000.0,2.279,0.671,0336-019
53952.119,43000.0,2.03,0.641,0336-019
53953.119,43000.0,2.244,0.619,0336-019
53971.077,43000.0,1.682,0.679,0336-019
53972.077,43000.0,1.778,0.653,0336-019
53973.077,43000.0,1.441,0.598,0336-019
53997.994,43000.0,1.707,0.492,0336-019
53998.994,43000.0,1.174,0.443,0336-019
54277.244,43000.0,2.295,0.327,0336-019
54321.118,43000.0,1.467,0.231,0336-019
54322.119,43000.0,1.405,0.214,0336-019
54364.994,43000.0,2.231,0.273,0336-019
54366.994,43000.0,2.014,0.249,0336-019
54390.958,43000.0,2.516,0.263,0336-019
54421.822,43000.0,2.282,0.299,0336-019
54423.822,43000.0,2.114,0.291,0336-019
54424.822,43000.0,2.148,0.274,0336-019
54436.822,43000.0,2.117,0.46,0336-019
54437.822,43000.0,2.256,0.477,0336-019
54479.697,43000.0,1.956,0.272,0336-019
54480.697,43000.0,2.05,0.295,0336-019
54506.614,43000.0,1.995,0.248,0336-019
54523.569,43000.0,1.676,0.196,0336-019
54556.444,43000.0,2.164,0.333,0336-019
54557.448,43000.0,1.742,0.208,0336-019
54580.363,43000.0,1.68,0.193,0336-019
54597.324,43000.0,1.625,0.26,0336-019
54611.281,43000.0,1.575,0.17,0336-019
54612.281,43000.0,1.858,0.19,0336-019
54642.197,43000.0,1.572,0.223,0336-019
54643.194,43000.0,1.761,0.225,0336-019
54644.197,43000.0,1.705,0.211,0336-019
54659.155,43000.0,1.769,0.269,0336-019
54660.155,43000.0,1.398,0.202,0336-019
54680.114,43000.0,1.947,0.21,0336-019
54681.114,43000.0,2.117,0.225,0336-019
54682.114,43000.0,1.999,0.215,0336-019
54708.031,43000.0,2.473,0.281,0336-019
54709.031,43000.0,2.503,0.282,0336-019
54710.031,43000.0,2.928,0.342,0336-019
54743.958,43000.0,2.281,0.369,0336-019
54744.958,43000.0,1.821,0.289,0336-019
54779.822,43000.0,2.155,0.304,0336-019
54780.822,43000.0,2.111,0.305,0336-019
54781.822,43000.0,2.342,0.335,0336-019
54807.822,43000.0,2.48,0.336,0336-019
54808.822,43000.0,2.556,0.341,0336-019
54809.822,43000.0,2.563,0.338,0336-019
54840.696,43000.0,1.898,0.391,0336-019
54841.697,43000.0,2.291,0.425,0336-019
54842.694,43000.0,1.79,0.408,0336-019
54878.618,43000.0,2.35,0.351,0336-019
54929.447,43000.0,1.495,0.166,0336-019
54930.447,43000.0,1.571,0.192,0336-019
54959.324,43000.0,1.186,0.161,0336-019
54961.321,43000.0,1.104,0.138,0336-019
55009.197,43000.0,1.541,0.175,0336-019
55010.196,43000.0,1.517,0.18,0336-019
55011.198,43000.0,1.254,0.161,0336-019
55167.822,43000.0,1.437,0.224,0336-019
55168.822,43000.0,1.082,0.19,0336-019
55209.699,43000.0,0.953,0.168,0336-019
53511.293,5000.0,2.201,0.105,0336-019
53511.382,5000.0,2.346,0.098,0336-019
53511.579,5000.0,2.125,0.096,0336-019
53638.993,5000.0,2.172,0.086,0336-019
53639.046,5000.0,2.215,0.091,0336-019
53639.171,5000.0,2.107,0.084,0336-019
53639.234,5000.0,2.216,0.122,0336-019
53639.973,5000.0,2.108,0.086,0336-019
53640.102,5000.0,2.161,0.071,0336-019
53640.165,5000.0,2.165,0.087,0336-019
53723.863,5000.0,2.217,0.141,0336-019
53723.968,5000.0,2.186,0.088,0336-019
53763.644,5000.0,2.11,0.117,0336-019
53770.67,5000.0,2.187,0.083,0336-019
53770.678,5000.0,2.135,0.085,0336-019
53826.525,5000.0,2.11,0.108,0336-019
53826.542,5000.0,2.288,0.104,0336-019
53975.174,5000.0,2.511,0.085,0336-019
53975.183,5000.0,2.527,0.08,0336-019
54012.053,5000.0,2.551,0.09,0336-019
54012.063,5000.0,2.618,0.094,0336-019
54023.982,5000.0,2.602,0.079,0336-019
54023.992,5000.0,2.562,0.082,0336-019
54290.222,5000.0,2.332,0.113,0336-019
54290.232,5000.0,2.338,0.102,0336-019
54297.277,5000.0,2.431,0.085,0336-019
54297.286,5000.0,2.413,0.084,0336-019
54374.058,5000.0,2.532,0.079,0336-019
54374.068,5000.0,2.561,0.075,0336-019
54396.999,5000.0,2.429,0.072,0336-019
54397.008,5000.0,2.452,0.079,0336-019
54563.502,5000.0,2.634,0.209,0336-019
54724.069,5000.0,2.472,0.093,0336-019
54724.078,5000.0,2.468,0.098,0336-019
54912.612,5000.0,2.563,0.33,0336-019
54912.621,5000.0,2.758,0.276,0336-019
54953.586,5000.0,2.717,0.329,0336-019
54953.595,5000.0,2.517,0.386,0336-019
55002.425,5000.0,2.523,0.335,0336-019
55002.434,5000.0,2.859,0.406,0336-019
55034.276,5000.0,2.432,0.238,0336-019
55034.285,5000.0,2.39,0.265,0336-019
55063.232,5000.0,2.481,0.204,0336-019
55063.242,5000.0,2.449,0.192,0336-019
55100.047,5000.0,2.47,0.083,0336-019
55100.057,5000.0,2.435,0.079,0336-019
55122.12,5000.0,2.367,0.117,0336-019
55122.13,5000.0,2.39,0.145,0336-019
55209.772,5000.0,2.27,0.11,0336-019
55209.782,5000.0,2.288,0.099,0336-019
53511.427,8000.0,2.154,0.083,0336-019
53511.523,8000.0,2.092,0.094,0336-019
53637.15,8000.0,2.274,0.132,0336-019
53637.955,8000.0,2.121,0.096,0336-019
53638.082,8000.0,2.219,0.089,0336-019
53698.809,8000.0,2.149,0.117,0336-019
53698.935,8000.0,2.23,0.111,0336-019
53720.736,8000.0,1.891,0.088,0336-019
53720.854,8000.0,1.999,0.089,0336-019
53721.921,8000.0,1.976,0.098,0336-019
53722.043,8000.0,2.13,0.099,0336-019
53722.748,8000.0,2.079,0.089,0336-019
53741.69,8000.0,2.046,0.047,0336-019
53742.736,8000.0,1.923,0.106,0336-019
53743.875,8000.0,2.01,0.104,0336-019
53765.684,8000.0,2.049,0.18,0336-019
53771.683,8000.0,2.023,0.117,0336-019
53771.692,8000.0,2.004,0.184,0336-019
53804.611,8000.0,2.008,0.132,0336-019
53804.619,8000.0,2.292,0.106,0336-019
53804.628,8000.0,2.315,0.201,0336-019
53860.44,8000.0,2.227,0.101,0336-019
53907.358,8000.0,2.603,0.115,0336-019
53956.266,8000.0,2.523,0.12,0336-019
53974.19,8000.0,2.368,0.119,0336-019
54011.086,8000.0,2.45,0.102,0336-019
54023.008,8000.0,2.456,0.106,0336-019
54037.987,8000.0,2.367,0.14,0336-019
54058.882,8000.0,2.592,0.142,0336-019
54079.859,8000.0,2.311,0.085,0336-019
54098.822,8000.0,2.444,0.097,0336-019
54121.765,8000.0,2.277,0.081,0336-019
54149.669,8000.0,2.094,0.149,0336-019
54199.545,8000.0,2.123,0.062,0336-019
54220.559,8000.0,2.312,0.102,0336-019
54275.23,8000.0,2.169,0.083,0336-019
54289.217,8000.0,2.166,0.065,0336-019
54296.288,8000.0,2.187,0.09,0336-019
54325.24,8000.0,2.457,0.136,0336-019
54344.151,8000.0,2.374,0.067,0336-019
54373.038,8000.0,2.541,0.086,0336-019
54420.929,8000.0,2.671,0.111,0336-019
54434.878,8000.0,2.685,0.069,0336-019
54476.785,8000.0,2.324,0.14,0336-019
54512.63,8000.0,2.35,0.08,0336-019
54562.655,8000.0,2.137,0.136,0336-019
54576.647,8000.0,2.391,0.126,0336-019
54605.552,8000.0,2.144,0.319,0336-019
54640.463,8000.0,2.253,0.097,0336-019
54652.408,8000.0,2.238,0.107,0336-019
54667.376,8000.0,2.319,0.087,0336-019
54688.328,8000.0,2.293,0.087,0336-019
54777.921,8000.0,2.123,0.116,0336-019
54951.543,8000.0,2.68,0.194,0336-019
55003.341,8000.0,1.82,0.238,0336-019
55035.311,8000.0,2.168,0.144,0336-019
55064.153,8000.0,2.207,0.072,0336-019
55077.182,8000.0,2.254,0.168,0336-019
55101.079,8000.0,2.187,0.11,0336-019
55123.05,8000.0,2.097,0.113,0336-019
55207.747,8000.0,1.971,0.122,0336-019
54147.817,22000.0,8.863,0.396,0355+508
54147.83,22000.0,8.863,0.429,0355+508
54147.843,22000.0,8.624,0.424,0355+508
54198.329,22000.0,10.444,0.643,0355+508
54198.338,22000.0,10.162,0.651,0355+508
54198.347,22000.0,10.653,0.643,0355+508
54198.357,22000.0,10.245,0.62,0355+508
54219.344,22000.0,8.457,0.571,0355+508
54219.353,22000.0,8.85,0.534,0355+508
54219.362,22000.0,8.36,0.511,0355+508
54219.372,22000.0,8.94,0.553,0355+508
54274.506,22000.0,10.259,0.615,0355+508
54274.516,22000.0,9.883,0.564,0355+508
54274.525,22000.0,10.201,0.602,0355+508
54274.534,22000.0,9.976,0.608,0355+508
54288.416,22000.0,9.984,0.588,0355+508
54288.425,22000.0,9.175,0.537,0355+508
54294.514,22000.0,10.3,0.702,0355+508
54294.524,22000.0,9.69,0.602,0355+508
54323.128,22000.0,11.275,1.431,0355+508
54323.137,22000.0,9.09,1.021,0355+508
54323.146,22000.0,10.939,1.105,0355+508
54323.156,22000.0,10.865,1.256,0355+508
54345.086,22000.0,11.565,0.59,0355+508
54345.095,22000.0,12.355,0.639,0355+508
54345.104,22000.0,11.952,0.581,0355+508
54345.113,22000.0,12.084,0.596,0355+508
54372.259,22000.0,12.129,0.663,0355+508
54372.269,22000.0,11.726,0.552,0355+508
54386.207,22000.0,13.482,0.953,0355+508
54386.216,22000.0,13.372,0.953,0355+508
54455.776,22000.0,13.316,0.704,0355+508
54455.794,22000.0,13.721,0.723,0355+508
54460.761,22000.0,12.416,0.411,0355+508
54460.771,22000.0,12.907,0.423,0355+508
54510.583,22000.0,11.85,0.604,0355+508
54510.592,22000.0,11.802,0.599,0355+508
54510.601,22000.0,11.636,0.595,0355+508
54510.61,22000.0,11.071,0.565,0355+508
54561.718,22000.0,13.632,0.559,0355+508
54561.728,22000.0,12.476,0.546,0355+508
54575.517,22000.0,12.399,1.277,0355+508
54575.526,22000.0,13.829,1.427,0355+508
54604.436,22000.0,11.603,1.293,0355+508
54604.445,22000.0,11.801,1.414,0355+508
54639.583,22000.0,11.469,1.163,0355+508
54639.592,22000.0,11.131,1.125,0355+508
54651.551,22000.0,11.547,1.839,0355+508
54666.494,22000.0,11.126,1.016,0355+508
54666.503,22000.0,12.28,1.119,0355+508
54687.447,22000.0,14.008,1.696,0355+508
54687.456,22000.0,12.2,1.483,0355+508
54779.205,22000.0,17.54,1.776,0355+508
54779.214,22000.0,17.492,1.774,0355+508
54816.081,22000.0,14.729,1.672,0355+508
54816.09,22000.0,15.508,1.695,0355+508
54911.784,22000.0,16.167,1.653,0355+508
54911.793,22000.0,16.522,1.701,0355+508
55062.209,22000.0,15.813,1.749,0355+508
55062.219,22000.0,15.816,1.782,0355+508
55099.17,22000.0,16.047,1.022,0355+508
55099.18,22000.0,16.683,1.016,0355+508
55121.183,22000.0,16.262,1.312,0355+508
55121.193,22000.0,16.886,1.366,0355+508
55208.981,22000.0,15.941,0.813,0355+508
55208.99,22000.0,15.614,0.811,0355+508
54277.223,43000.0,10.71,1.256,0355+508
54321.098,43000.0,7.492,0.909,0355+508
54322.098,43000.0,6.396,0.775,0355+508
54364.973,43000.0,10.438,1.182,0355+508
54366.973,43000.0,10.098,1.141,0355+508
54390.932,43000.0,11.637,1.197,0355+508
54421.796,43000.0,12.557,1.53,0355+508
54423.796,43000.0,13.051,1.615,0355+508
54424.796,43000.0,12.849,1.548,0355+508
54436.796,43000.0,12.74,2.149,0355+508
54437.796,43000.0,12.547,2.072,0355+508
54478.671,43000.0,10.63,1.566,0355+508
54479.671,43000.0,12.418,1.717,0355+508
54480.671,43000.0,11.782,1.669,0355+508
54505.587,43000.0,8.372,1.085,0355+508
54506.588,43000.0,10.401,1.325,0355+508
54521.546,43000.0,8.275,0.926,0355+508
54522.546,43000.0,6.953,0.784,0355+508
54523.547,43000.0,8.887,1.026,0355+508
54556.421,43000.0,10.545,1.171,0355+508
54557.422,43000.0,9.837,1.169,0355+508
54580.338,43000.0,8.964,0.927,0355+508
54595.375,43000.0,8.005,0.943,0355+508
54597.295,43000.0,8.356,1.022,0355+508
54611.255,43000.0,10.005,0.994,0355+508
54612.255,43000.0,10.225,1.047,0355+508
54642.171,43000.0,10.747,1.36,0355+508
54643.171,43000.0,10.518,1.329,0355+508
54644.171,43000.0,10.379,1.299,0355+508
54659.13,43000.0,11.325,1.763,0355+508
54660.13,43000.0,11.472,1.794,0355+508
54680.088,43000.0,10.993,1.223,0355+508
54681.088,43000.0,10.78,1.197,0355+508
54682.088,43000.0,11.003,1.22,0355+508
54708.004,43000.0,11.633,1.232,0355+508
54709.005,43000.0,11.679,1.252,0355+508
54710.005,43000.0,10.592,1.19,0355+508
54743.932,43000.0,12.09,1.769,0355+508
54779.796,43000.0,12.525,1.798,0355+508
54780.796,43000.0,12.515,1.816,0355+508
54781.796,43000.0,12.025,1.698,0355+508
54807.796,43000.0,14.285,1.926,0355+508
54808.796,43000.0,15.474,2.029,0355+508
54809.796,43000.0,14.913,1.989,0355+508
54840.672,43000.0,15.433,2.513,0355+508
54841.671,43000.0,12.691,1.943,0355+508
54842.67,43000.0,12.163,1.97,0355+508
54877.588,43000.0,10.822,1.499,0355+508
54928.513,43000.0,10.88,1.214,0355+508
54929.421,43000.0,10.749,1.156,0355+508
54930.421,43000.0,10.979,1.252,0355+508
54931.421,43000.0,11.791,1.656,0355+508
54959.296,43000.0,9.847,1.114,0355+508
54960.296,43000.0,10.286,1.298,0355+508
54961.296,43000.0,10.833,1.234,0355+508
55009.171,43000.0,14.788,1.683,0355+508
55010.171,43000.0,14.498,1.661,0355+508
55011.171,43000.0,12.431,1.489,0355+508
55168.797,43000.0,14.947,2.304,0355+508
55209.671,43000.0,14.693,1.662,0355+508
54199.739,5000.0,5.283,0.143,0355+508
54199.748,5000.0,5.268,0.122,0355+508
54276.242,5000.0,5.444,0.173,0355+508
54290.139,5000.0,4.986,0.091,0355+508
54290.149,5000.0,5.58,0.161,0355+508
54296.427,5000.0,5.199,0.143,0355+508
54296.436,5000.0,5.177,0.143,0355+508
54348.034,5000.0,5.061,0.148,0355+508
54348.043,5000.0,5.152,0.153,0355+508
54348.053,5000.0,5.199,0.152,0355+508
54348.062,5000.0,5.16,0.151,0355+508
54374.169,5000.0,5.18,0.116,0355+508
54374.178,5000.0,5.161,0.117,0355+508
54397.11,5000.0,4.781,0.327,0355+508
54397.119,5000.0,4.433,0.352,0355+508
54563.603,5000.0,6.168,0.139,0355+508
54563.613,5000.0,6.182,0.154,0355+508
54668.39,5000.0,6.253,0.293,0355+508
54689.351,5000.0,6.71,0.166,0355+508
54724.171,5000.0,7.122,0.227,0355+508
54724.18,5000.0,6.902,0.185,0355+508
54912.52,5000.0,7.631,0.328,0355+508
54912.529,5000.0,7.562,0.422,0355+508
54953.492,5000.0,6.029,0.417,0355+508
54953.501,5000.0,7.59,0.549,0355+508
55003.238,5000.0,9.45,0.293,0355+508
55003.247,5000.0,9.384,0.294,0355+508
55034.18,5000.0,9.625,0.391,0355+508
55034.19,5000.0,9.6,0.392,0355+508
55063.135,5000.0,9.551,0.328,0355+508
55063.144,5000.0,9.623,0.322,0355+508
55099.95,5000.0,9.402,0.201,0355+508
55099.96,5000.0,9.347,0.205,0355+508
55121.939,5000.0,9.699,0.316,0355+508
55121.948,5000.0,9.854,0.255,0355+508
55209.686,5000.0,8.942,0.209,0355+508
55209.695,5000.0,9.062,0.211,0355+508
54149.504,8000.0,6.857,0.278,0355+508
54185.709,8000.0,7.143,0.539,0355+508
54198.675,8000.0,7.502,0.167,0355+508
54219.689,8000.0,7.111,0.24,0355+508
54275.44,8000.0,7.577,0.241,0355+508
54289.419,8000.0,7.405,0.172,0355+508
54295.485,8000.0,7.458,0.241,0355+508
54324.421,8000.0,7.141,0.254,0355+508
54344.361,8000.0,7.282,0.188,0355+508
54373.254,8000.0,7.328,0.175,0355+508
54421.098,8000.0,8.255,0.243,0355+508
54435.064,8000.0,8.588,0.15,0355+508
54476.966,8000.0,9.528,0.732,0355+508
54512.816,8000.0,8.709,0.229,0355+508
54576.389,8000.0,10.587,0.3,0355+508
54605.487,8000.0,9.748,0.584,0355+508
54641.28,8000.0,9.181,0.223,0355+508
54653.161,8000.0,9.478,0.303,0355+508
54667.138,8000.0,10.162,0.336,0355+508
54688.09,8000.0,11.043,0.26,0355+508
54723.02,8000.0,11.252,0.747,0355+508
54777.832,8000.0,10.843,0.288,0355+508
54951.484,8000.0,13.713,0.456,0355+508
55004.299,8000.0,13.29,0.868,0355+508
55035.25,8000.0,14.577,0.322,0355+508
55064.092,8000.0,14.92,0.124,0355+508
55077.117,8000.0,14.521,0.448,0355+508
55101.018,8000.0,14.634,0.106,0355+508
55122.989,8000.0,13.782,0.318,0355+508
55207.697,8000.0,13.807,0.432,0355+508
53443.486,22000.0,5.078,0.162,0420-014
53443.549,22000.0,4.972,0.155,0420-014
53510.403,22000.0,4.602,0.578,0420-014
53545.383,22000.0,3.818,0.509,0420-014
53636.976,22000.0,3.092,0.669,0420-014
53638.171,22000.0,2.86,0.436,0420-014
53638.178,22000.0,2.861,0.404,0420-014
53697.886,22000.0,3.899,0.477,0420-014
53699.023,22000.0,3.497,0.565,0420-014
53699.03,22000.0,3.564,0.359,0420-014
53720.943,22000.0,3.01,0.471,0420-014
53720.95,22000.0,2.946,0.417,0420-014
53743.963,22000.0,3.19,0.302,0420-014
53743.971,22000.0,3.122,0.345,0420-014
53750.716,22000.0,3.133,0.187,0420-014
53764.713,22000.0,3.551,0.212,0420-014
53766.736,22000.0,3.456,0.385,0420-014
53766.744,22000.0,3.091,0.382,0420-014
53772.74,22000.0,3.45,0.313,0420-014
53772.748,22000.0,3.588,0.312,0420-014
53805.632,22000.0,3.015,0.386,0420-014
53805.64,22000.0,3.274,0.433,0420-014
53849.523,22000.0,2.952,0.363,0420-014
53849.532,22000.0,3.453,0.395,0420-014
53861.473,22000.0,3.394,0.348,0420-014
53861.482,22000.0,3.584,0.376,0420-014
53927.301,22000.0,2.744,0.746,0420-014
53955.224,22000.0,3.392,0.382,0420-014
53955.233,22000.0,3.914,0.43,0420-014
53973.183,22000.0,3.727,0.362,0420-014
53973.192,22000.0,3.677,0.38,0420-014
54010.042,22000.0,4.242,0.493,0420-014
54010.051,22000.0,5.208,0.492,0420-014
54022.027,22000.0,4.897,0.466,0420-014
54022.036,22000.0,3.337,0.518,0420-014
54056.985,22000.0,4.214,0.793,0420-014
54056.994,22000.0,4.662,0.681,0420-014
54080.987,22000.0,4.922,0.382,0420-014
54081.005,22000.0,4.218,0.942,0420-014
54119.771,22000.0,5.063,0.44,0420-014
54119.78,22000.0,4.873,0.468,0420-014
54119.789,22000.0,4.687,0.628,0420-014
54119.799,22000.0,4.999,0.466,0420-014
54147.691,22000.0,4.487,0.292,0420-014
54147.7,22000.0,4.823,0.329,0420-014
54147.71,22000.0,4.567,0.402,0420-014
54183.624,22000.0,5.131,0.645,0420-014
54183.633,22000.0,4.462,0.593,0420-014
54183.642,22000.0,4.728,0.651,0420-014
54183.652,22000.0,5.426,0.681,0420-014
54197.424,22000.0,5.143,0.638,0420-014
54197.433,22000.0,5.378,0.535,0420-014
54197.442,22000.0,5.217,0.505,0420-014
54197.452,22000.0,4.769,0.465,0420-014
54218.468,22000.0,4.823,0.446,0420-014
54218.477,22000.0,4.616,0.428,0420-014
54218.487,22000.0,4.429,0.392,0420-014
54218.496,22000.0,4.703,0.434,0420-014
54288.293,22000.0,4.285,0.425,0420-014
54288.302,22000.0,4.848,0.445,0420-014
54294.386,22000.0,5.288,0.432,0420-014
54294.396,22000.0,5.901,0.474,0420-014
54294.405,22000.0,4.2,0.449,0420-014
54323.246,22000.0,5.608,0.524,0420-014
54323.255,22000.0,5.284,0.497,0420-014
54345.211,22000.0,6.26,0.54,0420-014
54345.22,22000.0,5.826,0.632,0420-014
54345.229,22000.0,5.826,0.597,0420-014
54345.239,22000.0,6.27,0.844,0420-014
54372.138,22000.0,5.779,0.726,0420-014
54372.148,22000.0,5.607,0.537,0420-014
54372.157,22000.0,6.785,0.521,0420-014
54386.085,22000.0,7.09,0.525,0420-014
54386.094,22000.0,7.013,0.527,0420-014
54386.104,22000.0,7.092,0.527,0420-014
54460.844,22000.0,5.331,0.248,0420-014
54510.69,22000.0,5.34,0.283,0420-014
54510.699,22000.0,5.301,0.294,0420-014
54510.709,22000.0,5.702,0.306,0420-014
54510.718,22000.0,5.606,0.304,0420-014
54561.602,22000.0,5.04,0.245,0420-014
54561.611,22000.0,5.259,0.257,0420-014
54561.62,22000.0,6.009,0.275,0420-014
54575.626,22000.0,5.875,1.252,0420-014
54604.554,22000.0,7.024,0.861,0420-014
54639.499,22000.0,4.422,0.495,0420-014
54639.509,22000.0,4.058,0.454,0420-014
54651.467,22000.0,4.585,1.177,0420-014
54651.476,22000.0,6.149,0.981,0420-014
54666.411,22000.0,4.127,0.407,0420-014
54666.42,22000.0,3.987,0.401,0420-014
54687.363,22000.0,3.942,0.518,0420-014
54722.242,22000.0,3.704,1.039,0420-014
54779.121,22000.0,5.535,0.672,0420-014
54779.13,22000.0,5.606,0.694,0420-014
54815.997,22000.0,5.533,0.708,0420-014
54911.724,22000.0,5.043,0.63,0420-014
54911.734,22000.0,5.506,0.669,0420-014
55001.469,22000.0,7.292,1.114,0420-014
55001.553,22000.0,4.961,1.347,0420-014
55062.148,22000.0,7.721,0.878,0420-014
55062.157,22000.0,7.897,0.892,0420-014
55099.107,22000.0,8.392,1.573,0420-014
55099.117,22000.0,5.915,1.395,0420-014
55121.122,22000.0,9.866,0.823,0420-014
55121.131,22000.0,9.602,0.794,0420-014
55208.919,22000.0,9.208,0.571,0420-014
55208.929,22000.0,10.342,0.741,0420-014
53468.544,43000.0,3.803,0.273,0420-014
53468.585,43000.0,3.721,0.565,0420-014
53468.669,43000.0,4.341,0.393,0420-014
53468.71,43000.0,4.693,0.347,0420-014
53469.419,43000.0,3.875,0.51,0420-014
53469.46,43000.0,4.07,0.339,0420-014
53469.502,43000.0,4.293,0.312,0420-014
53469.544,43000.0,3.938,0.292,0420-014
53469.585,43000.0,3.659,0.275,0420-014
53469.627,43000.0,4.377,0.362,0420-014
53469.669,43000.0,4.684,0.337,0420-014
53470.419,43000.0,4.061,0.66,0420-014
53470.46,43000.0,4.004,0.398,0420-014
53827.519,43000.0,2.917,1.121,0420-014
53854.435,43000.0,2.937,0.805,0420-014
53878.4,43000.0,2.22,0.566,0420-014
53879.395,43000.0,2.607,0.608,0420-014
53913.312,43000.0,1.565,0.483,0420-014
53928.269,43000.0,2.463,0.607,0420-014
53951.187,43000.0,4.127,0.905,0420-014
53952.187,43000.0,4.013,0.888,0420-014
53953.187,43000.0,3.681,0.826,0420-014
53972.145,43000.0,3.442,0.872,0420-014
53973.145,43000.0,3.458,0.88,0420-014
53999.062,43000.0,3.937,0.783,0420-014
54000.062,43000.0,4.38,0.847,0420-014
54025.978,43000.0,3.925,1.06,0420-014
54277.307,43000.0,4.833,0.587,0420-014
54277.317,43000.0,4.915,0.614,0420-014
54321.187,43000.0,4.278,0.502,0420-014
54322.187,43000.0,4.021,0.491,0420-014
54365.062,43000.0,5.411,0.601,0420-014
54367.063,43000.0,4.76,0.536,0420-014
54391.017,43000.0,5.728,0.624,0420-014
54421.884,43000.0,4.914,0.62,0420-014
54423.885,43000.0,4.79,0.61,0420-014
54424.885,43000.0,5.079,0.624,0420-014
54437.885,43000.0,4.968,0.856,0420-014
54479.76,43000.0,5.457,0.747,0420-014
54480.76,43000.0,5.238,0.718,0420-014
54505.677,43000.0,4.247,0.576,0420-014
54506.678,43000.0,4.846,0.595,0420-014
54521.635,43000.0,4.164,0.435,0420-014
54523.63,43000.0,4.27,0.45,0420-014
54523.64,43000.0,4.223,0.443,0420-014
54556.512,43000.0,4.852,0.512,0420-014
54557.51,43000.0,5.174,0.522,0420-014
54573.609,43000.0,3.93,0.455,0420-014
54580.427,43000.0,3.967,0.393,0420-014
54596.38,43000.0,4.207,0.507,0420-014
54596.393,43000.0,3.828,0.46,0420-014
54596.404,43000.0,3.933,0.444,0420-014
54596.416,43000.0,4.384,0.499,0420-014
54596.427,43000.0,3.805,0.437,0420-014
54596.438,43000.0,3.897,0.439,0420-014
54597.385,43000.0,4.629,0.536,0420-014
54611.339,43000.0,4.157,0.425,0420-014
54612.342,43000.0,4.034,0.413,0420-014
54642.257,43000.0,3.469,0.448,0420-014
54643.259,43000.0,3.675,0.432,0420-014
54644.242,43000.0,3.989,0.496,0420-014
54659.218,43000.0,2.648,0.419,0420-014
54660.218,43000.0,2.8,0.421,0420-014
54680.172,43000.0,4.168,0.429,0420-014
54680.182,43000.0,4.141,0.424,0420-014
54681.172,43000.0,4.282,0.438,0420-014
54681.182,43000.0,4.12,0.427,0420-014
54682.172,43000.0,4.139,0.443,0420-014
54682.182,43000.0,3.967,0.418,0420-014
54708.089,43000.0,4.461,0.468,0420-014
54708.099,43000.0,4.295,0.487,0420-014
54709.088,43000.0,4.627,0.529,0420-014
54709.099,43000.0,4.421,0.487,0420-014
54710.088,43000.0,3.774,0.432,0420-014
54710.099,43000.0,3.48,0.41,0420-014
54744.016,43000.0,4.131,0.634,0420-014
54745.019,43000.0,3.659,0.552,0420-014
54779.885,43000.0,3.634,0.512,0420-014
54780.885,43000.0,3.221,0.458,0420-014
54781.885,43000.0,3.221,0.46,0420-014
54807.88,43000.0,4.811,0.632,0420-014
54807.89,43000.0,5.039,0.652,0420-014
54808.88,43000.0,4.747,0.629,0420-014
54808.89,43000.0,4.835,0.643,0420-014
54809.88,43000.0,4.649,0.618,0420-014
54809.89,43000.0,4.718,0.638,0420-014
54840.755,43000.0,5.156,0.836,0420-014
54840.765,43000.0,5.099,0.837,0420-014
54841.758,43000.0,4.717,0.746,0420-014
54842.76,43000.0,4.736,0.751,0420-014
54878.677,43000.0,5.268,0.677,0420-014
54879.677,43000.0,4.972,0.667,0420-014
54930.515,43000.0,5.412,0.582,0420-014
54959.39,43000.0,4.834,0.545,0420-014
54961.39,43000.0,3.898,0.451,0420-014
55009.265,43000.0,6.246,0.689,0420-014
55010.263,43000.0,6.599,0.842,0420-014
55011.265,43000.0,6.433,0.723,0420-014
55167.885,43000.0,9.838,1.431,0420-014
55168.886,43000.0,8.884,1.307,0420-014
55209.76,43000.0,10.461,1.149,0420-014
53445.614,5000.0,4.268,0.072,0420-014
53477.723,5000.0,4.298,0.119,0420-014
53477.731,5000.0,4.396,0.125,0420-014
53478.538,5000.0,4.297,0.128,0420-014
53478.546,5000.0,4.29,0.127,0420-014
53503.389,5000.0,4.015,0.12,0420-014
53503.635,5000.0,3.652,0.12,0420-014
53504.364,5000.0,3.895,0.118,0420-014
53504.508,5000.0,3.71,0.116,0420-014
53505.36,5000.0,3.551,0.12,0420-014
53505.505,5000.0,3.796,0.113,0420-014
53543.491,5000.0,4.043,0.118,0420-014
53544.279,5000.0,3.802,0.111,0420-014
53544.382,5000.0,3.829,0.121,0420-014
53576.419,5000.0,3.837,0.132,0420-014
53577.263,5000.0,3.862,0.124,0420-014
53577.369,5000.0,3.765,0.137,0420-014
53578.288,5000.0,3.786,0.123,0420-014
53606.089,5000.0,3.399,0.117,0420-014
53639.001,5000.0,3.451,0.113,0420-014
53639.065,5000.0,3.474,0.098,0420-014
53639.179,5000.0,3.349,0.087,0420-014
53639.253,5000.0,3.282,0.123,0420-014
53639.991,5000.0,3.299,0.099,0420-014
53640.11,5000.0,3.205,0.091,0420-014
53640.184,5000.0,3.216,0.097,0420-014
53640.298,5000.0,3.256,0.107,0420-014
53723.882,5000.0,3.481,0.151,0420-014
53723.977,5000.0,3.409,0.106,0420-014
53763.663,5000.0,2.592,0.125,0420-014
53763.894,5000.0,2.631,0.106,0420-014
53770.687,5000.0,2.679,0.09,0420-014
53770.696,5000.0,2.635,0.094,0420-014
53826.563,5000.0,2.337,0.113,0420-014
53826.572,5000.0,2.408,0.128,0420-014
53826.581,5000.0,2.22,0.13,0420-014
53975.194,5000.0,2.468,0.088,0420-014
53975.203,5000.0,2.438,0.095,0420-014
54012.073,5000.0,2.667,0.106,0420-014
54012.082,5000.0,2.6,0.072,0420-014
54024.013,5000.0,2.567,0.082,0420-014
54024.022,5000.0,2.552,0.076,0420-014
54297.307,5000.0,3.389,0.103,0420-014
54297.316,5000.0,3.339,0.104,0420-014
54348.154,5000.0,3.484,0.104,0420-014
54348.163,5000.0,3.505,0.103,0420-014
54348.172,5000.0,3.459,0.102,0420-014
54348.182,5000.0,3.458,0.103,0420-014
54374.089,5000.0,3.013,0.081,0420-014
54374.098,5000.0,2.985,0.086,0420-014
54397.03,5000.0,2.562,0.088,0420-014
54397.039,5000.0,2.524,0.08,0420-014
54563.532,5000.0,3.805,0.239,0420-014
54724.11,5000.0,3.259,0.115,0420-014
54724.119,5000.0,3.225,0.111,0420-014
54912.643,5000.0,3.473,0.252,0420-014
54912.652,5000.0,3.542,0.377,0420-014
54953.617,5000.0,3.444,0.378,0420-014
54953.626,5000.0,3.588,0.354,0420-014
55002.456,5000.0,4.575,0.313,0420-014
55002.466,5000.0,4.531,0.388,0420-014
55034.307,5000.0,4.177,0.28,0420-014
55034.317,5000.0,4.105,0.27,0420-014
55063.264,5000.0,4.401,0.229,0420-014
55063.274,5000.0,4.319,0.23,0420-014
55100.079,5000.0,4.87,0.121,0420-014
55100.089,5000.0,4.888,0.116,0420-014
55122.153,5000.0,4.598,0.121,0420-014
55122.163,5000.0,4.741,0.127,0420-014
55209.804,5000.0,5.035,0.138,0420-014
55209.813,5000.0,5.029,0.184,0420-014
53451.551,8000.0,5.07,0.07,0420-014
53463.446,8000.0,4.98,0.076,0420-014
53463.509,8000.0,5.007,0.076,0420-014
53464.44,8000.0,5.052,0.08,0420-014
53464.508,8000.0,4.964,0.083,0420-014
53478.656,8000.0,4.751,0.158,0420-014
53504.43,8000.0,4.726,0.131,0420-014
53504.572,8000.0,4.547,0.122,0420-014
53505.428,8000.0,4.675,0.124,0420-014
53505.569,8000.0,4.353,0.117,0420-014
53506.322,8000.0,4.577,0.137,0420-014
53544.465,8000.0,4.174,0.145,0420-014
53545.338,8000.0,4.09,0.17,0420-014
53577.193,8000.0,3.768,0.127,0420-014
53578.136,8000.0,3.819,0.163,0420-014
53578.237,8000.0,3.786,0.138,0420-014
53578.375,8000.0,4.048,0.126,0420-014
53605.372,8000.0,3.803,0.152,0420-014
53606.146,8000.0,3.689,0.149,0420-014
53606.25,8000.0,3.671,0.143,0420-014
53637.169,8000.0,3.688,0.168,0420-014
53637.28,8000.0,3.689,0.13,0420-014
53637.973,8000.0,3.514,0.13,0420-014
53638.09,8000.0,3.47,0.108,0420-014
53698.049,8000.0,3.389,0.18,0420-014
53698.827,8000.0,3.503,0.152,0420-014
53698.943,8000.0,3.249,0.147,0420-014
53720.754,8000.0,3.28,0.117,0420-014
53720.862,8000.0,3.258,0.124,0420-014
53721.94,8000.0,3.015,0.118,0420-014
53722.051,8000.0,3.402,0.124,0420-014
53722.756,8000.0,3.3,0.116,0420-014
53741.758,8000.0,3.318,0.074,0420-014
53742.754,8000.0,3.036,0.122,0420-014
53742.865,8000.0,3.115,0.148,0420-014
53743.776,8000.0,3.049,0.121,0420-014
53743.883,8000.0,2.949,0.224,0420-014
53765.693,8000.0,3.262,0.359,0420-014
53771.701,8000.0,3.018,0.125,0420-014
53771.709,8000.0,3.07,0.13,0420-014
53804.637,8000.0,3.304,0.151,0420-014
53804.646,8000.0,3.087,0.126,0420-014
53804.654,8000.0,3.112,0.114,0420-014
53860.469,8000.0,2.576,0.149,0420-014
53907.381,8000.0,2.927,0.096,0420-014
53956.278,8000.0,2.713,0.217,0420-014
53974.214,8000.0,3.035,0.365,0420-014
54011.11,8000.0,3.045,0.125,0420-014
54023.032,8000.0,3.306,0.121,0420-014
54038.005,8000.0,2.94,0.114,0420-014
54058.93,8000.0,3.063,0.315,0420-014
54079.896,8000.0,3.56,0.1,0420-014
54098.846,8000.0,2.948,0.092,0420-014
54121.789,8000.0,3.647,0.146,0420-014
54199.569,8000.0,4.306,0.134,0420-014
54220.583,8000.0,3.833,0.154,0420-014
54275.267,8000.0,3.849,0.167,0420-014
54289.253,8000.0,3.708,0.075,0420-014
54296.325,8000.0,3.938,0.127,0420-014
54325.277,8000.0,4.014,0.138,0420-014
54344.188,8000.0,4.432,0.118,0420-014
54373.075,8000.0,4.02,0.103,0420-014
54420.966,8000.0,4.608,0.146,0420-014
54434.915,8000.0,4.385,0.103,0420-014
54476.822,8000.0,4.649,0.266,0420-014
54512.667,8000.0,4.421,0.128,0420-014
54562.687,8000.0,4.66,0.123,0420-014
54576.671,8000.0,4.874,0.186,0420-014
54605.575,8000.0,4.865,0.758,0420-014
54640.487,8000.0,4.269,0.115,0420-014
54652.432,8000.0,5.184,0.176,0420-014
54667.4,8000.0,4.43,0.152,0420-014
54688.352,8000.0,3.773,0.103,0420-014
54723.147,8000.0,4.622,0.282,0420-014
54777.958,8000.0,3.783,0.113,0420-014
54951.586,8000.0,4.678,0.215,0420-014
55003.378,8000.0,5.855,0.261,0420-014
55035.348,8000.0,5.449,0.194,0420-014
55064.19,8000.0,5.481,0.411,0420-014
55077.219,8000.0,6.378,0.275,0420-014
55101.116,8000.0,6.671,0.112,0420-014
55123.087,8000.0,6.173,0.245,0420-014
55207.789,8000.0,7.159,0.44,0420-014
53510.368,22000.0,1.94,0.816,0440-003
53637.0,22000.0,1.532,0.629,0440-003
53638.186,22000.0,0.954,0.384,0440-003
53697.902,22000.0,1.283,0.58,0440-003
53720.958,22000.0,0.939,0.393,0440-003
53743.979,22000.0,1.046,0.311,0440-003
53750.688,22000.0,0.942,0.062,0440-003
53766.752,22000.0,0.726,0.344,0440-003
53766.76,22000.0,0.733,0.309,0440-003
53772.757,22000.0,1.059,0.271,0440-003
53772.766,22000.0,1.044,0.274,0440-003
53772.774,22000.0,0.932,0.279,0440-003
53805.651,22000.0,0.692,0.306,0440-003
53849.557,22000.0,1.207,0.359,0440-003
53861.507,22000.0,1.786,0.307,0440-003
53955.245,22000.0,1.151,0.341,0440-003
53955.258,22000.0,1.271,0.35,0440-003
53973.204,22000.0,1.043,0.308,0440-003
53973.218,22000.0,0.964,0.317,0440-003
54010.063,22000.0,1.332,0.389,0440-003
54010.076,22000.0,1.336,0.363,0440-003
54022.048,22000.0,1.282,0.451,0440-003
54057.911,22000.0,1.642,0.583,0440-003
54057.924,22000.0,1.566,0.664,0440-003
54097.851,22000.0,1.208,0.364,0440-003
54097.865,22000.0,1.296,0.363,0440-003
54097.878,22000.0,1.3,0.333,0440-003
54097.891,22000.0,1.038,0.412,0440-003
54120.813,22000.0,1.153,0.627,0440-003
54148.724,22000.0,1.136,0.443,0440-003
54148.737,22000.0,1.026,0.36,0440-003
54148.75,22000.0,1.135,0.371,0440-003
54148.764,22000.0,1.286,0.438,0440-003
54197.477,22000.0,1.03,0.36,0440-003
54197.49,22000.0,0.938,0.379,0440-003
54197.503,22000.0,0.858,0.338,0440-003
54218.508,22000.0,1.163,0.358,0440-003
54218.521,22000.0,1.407,0.377,0440-003
54218.548,22000.0,1.102,0.517,0440-003
54288.352,22000.0,1.13,0.291,0440-003
54294.439,22000.0,1.794,0.425,0440-003
54294.453,22000.0,0.827,0.441,0440-003
54323.285,22000.0,1.248,0.588,0440-003
54323.298,22000.0,1.282,0.701,0440-003
54323.312,22000.0,1.811,0.4,0440-003
54323.325,22000.0,0.913,0.639,0440-003
54345.251,22000.0,0.845,0.698,0440-003
54345.29,22000.0,0.542,0.423,0440-003
54372.199,22000.0,2.024,0.616,0440-003
54386.137,22000.0,0.955,0.177,0440-003
54386.146,22000.0,1.494,0.214,0440-003
54455.913,22000.0,1.729,0.413,0440-003
54460.866,22000.0,1.67,0.256,0440-003
54460.879,22000.0,1.091,0.199,0440-003
54477.837,22000.0,0.717,0.193,0440-003
54510.73,22000.0,1.264,0.136,0440-003
54510.743,22000.0,1.26,0.154,0440-003
54561.649,22000.0,1.398,0.189,0440-003
54561.658,22000.0,1.247,0.168,0440-003
54575.646,22000.0,1.141,0.944,0440-003
54639.519,22000.0,1.08,0.207,0440-003
54666.439,22000.0,0.493,0.185,0440-003
54687.383,22000.0,1.408,0.296,0440-003
54779.141,22000.0,1.723,0.572,0440-003
54779.15,22000.0,2.141,0.493,0440-003
54911.744,22000.0,0.808,0.428,0440-003
54911.753,22000.0,1.206,0.449,0440-003
55062.168,22000.0,1.195,0.232,0440-003
55062.177,22000.0,1.099,0.265,0440-003
55099.137,22000.0,0.717,1.114,0440-003
55121.142,22000.0,0.899,0.333,0440-003
55121.151,22000.0,1.178,0.234,0440-003
55208.939,22000.0,1.042,0.337,0440-003
55208.949,22000.0,1.151,0.337,0440-003
53827.484,43000.0,0.855,0.508,0440-003
53855.4,43000.0,0.824,0.887,0440-003
53878.359,43000.0,1.092,0.524,0440-003
53879.359,43000.0,1.292,0.531,0440-003
53913.275,43000.0,0.714,0.407,0440-003
53951.15,43000.0,1.378,0.505,0440-003
53952.15,43000.0,1.283,0.485,0440-003
53953.15,43000.0,1.014,0.434,0440-003
53971.109,43000.0,0.995,0.623,0440-003
53972.109,43000.0,1.165,0.529,0440-003
53973.109,43000.0,1.31,0.544,0440-003
53999.025,43000.0,0.696,0.365,0440-003
54000.025,43000.0,0.845,0.405,0440-003
54025.942,43000.0,0.55,0.486,0440-003
54277.275,43000.0,1.099,0.163,0440-003
54322.151,43000.0,0.995,0.134,0440-003
54365.026,43000.0,0.99,0.142,0440-003
54367.026,43000.0,0.66,0.122,0440-003
54390.984,43000.0,0.846,0.168,0440-003
54421.848,43000.0,1.262,0.206,0440-003
54423.848,43000.0,1.117,0.19,0440-003
54424.848,43000.0,1.096,0.177,0440-003
54450.805,43000.0,1.348,0.255,0440-003
54479.723,43000.0,0.944,0.15,0440-003
54480.723,43000.0,1.083,0.168,0440-003
54521.605,43000.0,0.999,0.138,0440-003
54522.603,43000.0,1.071,0.121,0440-003
54556.483,43000.0,1.143,0.22,0440-003
54557.48,43000.0,1.019,0.138,0440-003
54580.395,43000.0,0.926,0.121,0440-003
54611.312,43000.0,0.664,0.118,0440-003
54612.312,43000.0,0.817,0.108,0440-003
54642.228,43000.0,0.668,0.117,0440-003
54643.228,43000.0,0.695,0.1,0440-003
54644.232,43000.0,0.747,0.123,0440-003
54659.188,43000.0,0.63,0.126,0440-003
54660.188,43000.0,0.768,0.119,0440-003
54680.145,43000.0,0.892,0.111,0440-003
54681.145,43000.0,0.852,0.105,0440-003
54682.145,43000.0,0.749,0.131,0440-003
54708.062,43000.0,1.544,0.182,0440-003
54709.062,43000.0,1.327,0.162,0440-003
54710.062,43000.0,1.145,0.175,0440-003
54743.983,43000.0,0.77,0.224,0440-003
54744.984,43000.0,1.012,0.18,0440-003
54779.848,43000.0,0.969,0.162,0440-003
54780.848,43000.0,0.905,0.15,0440-003
54807.848,43000.0,0.649,0.166,0440-003
54808.848,43000.0,0.857,0.16,0440-003
54809.848,43000.0,0.981,0.191,0440-003
54840.723,43000.0,1.008,0.227,0440-003
54841.723,43000.0,1.232,0.305,0440-003
54929.482,43000.0,0.976,0.134,0440-003
54930.479,43000.0,0.901,0.109,0440-003
54959.35,43000.0,0.66,0.099,0440-003
54961.354,43000.0,0.635,0.094,0440-003
55009.228,43000.0,1.006,0.122,0440-003
55010.229,43000.0,0.998,0.135,0440-003
55011.228,43000.0,1.006,0.143,0440-003
55167.849,43000.0,0.709,0.156,0440-003
55168.849,43000.0,0.8,0.212,0440-003
55209.724,43000.0,0.776,0.145,0440-003
53576.428,5000.0,2.242,0.117,0440-003
53577.271,5000.0,2.123,0.094,0440-003
53577.377,5000.0,2.19,0.106,0440-003
53578.296,5000.0,2.175,0.095,0440-003
53606.097,5000.0,2.204,0.102,0440-003
53639.009,5000.0,2.134,0.084,0440-003
53639.074,5000.0,2.119,0.084,0440-003
53639.188,5000.0,2.162,0.081,0440-003
53639.999,5000.0,2.141,0.099,0440-003
53640.119,5000.0,2.147,0.08,0440-003
53640.193,5000.0,2.153,0.083,0440-003
53640.307,5000.0,2.179,0.097,0440-003
53723.89,5000.0,2.087,0.092,0440-003
53723.985,5000.0,2.205,0.091,0440-003
53763.671,5000.0,2.115,0.115,0440-003
53763.902,5000.0,2.19,0.1,0440-003
53770.705,5000.0,2.169,0.087,0440-003
53770.713,5000.0,2.259,0.088,0440-003
53770.722,5000.0,2.18,0.089,0440-003
53826.59,5000.0,2.073,0.128,0440-003
53826.599,5000.0,2.166,0.123,0440-003
53826.607,5000.0,1.925,0.116,0440-003
53975.213,5000.0,2.195,0.098,0440-003
53975.222,5000.0,2.136,0.082,0440-003
54012.092,5000.0,2.263,0.078,0440-003
54012.101,5000.0,2.236,0.078,0440-003
54024.032,5000.0,2.157,0.072,0440-003
54024.041,5000.0,2.11,0.073,0440-003
54297.326,5000.0,2.192,0.081,0440-003
54297.336,5000.0,2.181,0.075,0440-003
54348.192,5000.0,2.262,0.076,0440-003
54348.201,5000.0,2.172,0.07,0440-003
54348.21,5000.0,2.14,0.067,0440-003
54348.219,5000.0,2.198,0.069,0440-003
54374.108,5000.0,2.135,0.07,0440-003
54374.117,5000.0,2.167,0.071,0440-003
54397.049,5000.0,2.172,0.075,0440-003
54397.058,5000.0,2.119,0.088,0440-003
54563.552,5000.0,2.298,0.177,0440-003
54724.129,5000.0,2.018,0.103,0440-003
54724.139,5000.0,1.999,0.099,0440-003
54912.662,5000.0,2.178,0.225,0440-003
54912.671,5000.0,2.042,0.346,0440-003
54953.636,5000.0,2.156,0.363,0440-003
54953.646,5000.0,2.282,0.356,0440-003
55002.476,5000.0,2.43,0.501,0440-003
55002.486,5000.0,2.417,0.347,0440-003
55034.327,5000.0,2.457,0.253,0440-003
55034.337,5000.0,2.345,0.296,0440-003
55063.285,5000.0,2.395,0.176,0440-003
55063.295,5000.0,2.403,0.216,0440-003
55100.1,5000.0,2.296,0.076,0440-003
55100.11,5000.0,2.233,0.081,0440-003
55122.173,5000.0,2.408,0.085,0440-003
55122.183,5000.0,2.55,0.087,0440-003
55209.824,5000.0,2.333,0.088,0440-003
55209.833,5000.0,2.386,0.089,0440-003
53577.201,8000.0,1.69,0.107,0440-003
53578.245,8000.0,1.734,0.082,0440-003
53578.384,8000.0,1.691,0.128,0440-003
53605.38,8000.0,1.768,0.1,0440-003
53606.154,8000.0,1.686,0.102,0440-003
53606.259,8000.0,1.794,0.097,0440-003
53637.288,8000.0,1.758,0.091,0440-003
53637.981,8000.0,1.767,0.099,0440-003
53638.098,8000.0,1.643,0.084,0440-003
53698.057,8000.0,1.79,0.15,0440-003
53698.835,8000.0,1.889,0.116,0440-003
53698.951,8000.0,1.845,0.116,0440-003
53720.762,8000.0,1.752,0.091,0440-003
53720.871,8000.0,1.737,0.087,0440-003
53722.06,8000.0,1.83,0.106,0440-003
53722.764,8000.0,1.747,0.095,0440-003
53741.723,8000.0,1.701,0.038,0440-003
53742.874,8000.0,1.81,0.114,0440-003
53743.784,8000.0,1.756,0.126,0440-003
53771.718,8000.0,1.684,0.096,0440-003
53771.735,8000.0,1.663,0.145,0440-003
53804.663,8000.0,1.715,0.096,0440-003
53804.68,8000.0,1.665,0.097,0440-003
53860.493,8000.0,1.613,0.072,0440-003
53907.405,8000.0,1.687,0.105,0440-003
53956.308,8000.0,1.76,0.21,0440-003
54011.133,8000.0,1.872,0.086,0440-003
54023.056,8000.0,1.804,0.084,0440-003
54038.034,8000.0,1.696,0.103,0440-003
54058.948,8000.0,1.744,0.158,0440-003
54079.919,8000.0,1.732,0.044,0440-003
54098.87,8000.0,1.867,0.079,0440-003
54121.812,8000.0,1.68,0.078,0440-003
54149.722,8000.0,1.783,0.193,0440-003
54185.635,8000.0,1.849,0.342,0440-003
54199.592,8000.0,1.772,0.054,0440-003
54220.607,8000.0,1.839,0.082,0440-003
54275.291,8000.0,1.836,0.077,0440-003
54289.277,8000.0,1.771,0.048,0440-003
54296.349,8000.0,1.804,0.096,0440-003
54325.301,8000.0,1.684,0.074,0440-003
54344.212,8000.0,1.802,0.061,0440-003
54373.098,8000.0,1.685,0.08,0440-003
54420.989,8000.0,1.71,0.076,0440-003
54434.938,8000.0,1.656,0.072,0440-003
54476.846,8000.0,1.867,0.154,0440-003
54512.691,8000.0,1.806,0.073,0440-003
54562.716,8000.0,1.948,0.116,0440-003
54605.599,8000.0,1.901,0.152,0440-003
54640.51,8000.0,1.739,0.08,0440-003
54652.455,8000.0,2.002,0.21,0440-003
54667.423,8000.0,1.677,0.085,0440-003
54688.375,8000.0,1.648,0.079,0440-003
54723.171,8000.0,1.731,0.357,0440-003
55003.402,8000.0,1.763,0.102,0440-003
55035.366,8000.0,1.722,0.131,0440-003
55064.213,8000.0,1.724,0.134,0440-003
55077.243,8000.0,1.904,0.107,0440-003
55101.14,8000.0,1.873,0.111,0440-003
55123.105,8000.0,1.833,0.124,0440-003
55207.819,8000.0,1.917,0.152,0440-003
53510.472,22000.0,3.07,0.688,0528+134
53637.016,22000.0,2.519,0.507,0528+134
53637.353,22000.0,2.455,0.396,0528+134
53637.361,22000.0,2.463,0.417,0528+134
53697.918,22000.0,3.556,0.506,0528+134
53720.974,22000.0,2.594,0.425,0528+134
53722.125,22000.0,2.575,0.355,0528+134
53722.133,22000.0,2.389,0.362,0528+134
53743.995,22000.0,2.758,0.305,0528+134
53744.003,22000.0,3.067,0.319,0528+134
53764.755,22000.0,3.162,0.195,0528+134
53766.768,22000.0,2.957,0.339,0528+134
53766.776,22000.0,3.049,0.329,0528+134
53772.805,22000.0,3.517,0.302,0528+134
53772.814,22000.0,3.582,0.307,0528+134
53805.693,22000.0,3.153,0.343,0528+134
53805.702,22000.0,3.038,0.357,0528+134
53849.611,22000.0,3.051,0.395,0528+134
53849.62,22000.0,3.161,0.384,0528+134
53861.57,22000.0,2.405,0.327,0528+134
53955.312,22000.0,3.244,0.39,0528+134
53955.322,22000.0,3.533,0.403,0528+134
53973.272,22000.0,3.368,0.344,0528+134
53973.281,22000.0,3.332,0.335,0528+134
54010.131,22000.0,3.977,0.43,0528+134
54010.14,22000.0,4.273,0.456,0528+134
54022.089,22000.0,4.185,0.387,0528+134
54022.098,22000.0,3.957,0.413,0528+134
54057.978,22000.0,4.428,0.717,0528+134
54057.987,22000.0,3.955,0.59,0528+134
54058.005,22000.0,3.848,0.579,0528+134
54097.904,22000.0,3.91,0.388,0528+134
54097.913,22000.0,3.603,0.395,0528+134
54097.922,22000.0,3.695,0.391,0528+134
54120.839,22000.0,3.141,0.434,0528+134
54120.848,22000.0,4.166,0.555,0528+134
54148.776,22000.0,4.418,0.343,0528+134
54148.785,22000.0,4.07,0.392,0528+134
54148.794,22000.0,4.377,0.457,0528+134
54198.49,22000.0,4.031,0.433,0528+134
54198.5,22000.0,3.421,0.39,0528+134
54198.509,22000.0,3.89,0.355,0528+134
54198.518,22000.0,3.833,0.35,0528+134
54219.504,22000.0,4.79,0.414,0528+134
54219.514,22000.0,4.887,0.374,0528+134
54219.532,22000.0,4.481,0.365,0528+134
54274.468,22000.0,5.035,0.37,0528+134
54274.477,22000.0,5.56,0.441,0528+134
54274.486,22000.0,3.867,0.403,0528+134
54274.496,22000.0,4.545,0.394,0528+134
54288.395,22000.0,5.416,0.405,0528+134
54288.404,22000.0,4.563,0.379,0528+134
54294.494,22000.0,4.607,0.453,0528+134
54294.503,22000.0,5.675,0.484,0528+134
54324.168,22000.0,5.419,0.553,0528+134
54324.177,22000.0,4.997,0.572,0528+134
54324.186,22000.0,5.302,0.474,0528+134
54324.195,22000.0,5.02,0.519,0528+134
54346.17,22000.0,6.003,0.74,0528+134
54346.179,22000.0,5.128,0.675,0528+134
54346.188,22000.0,5.51,0.714,0528+134
54346.198,22000.0,5.267,1.022,0528+134
54372.239,22000.0,5.827,0.499,0528+134
54372.248,22000.0,6.267,0.649,0528+134
54386.186,22000.0,5.889,0.44,0528+134
54456.916,22000.0,4.256,0.39,0528+134
54456.926,22000.0,4.876,0.339,0528+134
54456.935,22000.0,4.184,0.343,0528+134
54456.944,22000.0,4.894,0.406,0528+134
54460.891,22000.0,4.633,0.284,0528+134
54460.901,22000.0,4.944,0.258,0528+134
54511.699,22000.0,3.605,0.226,0528+134
54511.708,22000.0,3.696,0.216,0528+134
54511.717,22000.0,2.473,0.231,0528+134
54511.727,22000.0,2.782,0.323,0528+134
54561.698,22000.0,3.849,0.194,0528+134
54561.707,22000.0,3.447,0.204,0528+134
54575.665,22000.0,2.886,1.27,0528+134
54575.675,22000.0,4.028,1.179,0528+134
54604.584,22000.0,3.085,0.372,0528+134
54604.593,22000.0,3.402,0.383,0528+134
54639.538,22000.0,3.946,0.429,0528+134
54639.548,22000.0,3.751,0.416,0528+134
54666.45,22000.0,3.186,0.318,0528+134
54666.459,22000.0,3.182,0.329,0528+134
54687.402,22000.0,3.301,0.435,0528+134
54779.16,22000.0,3.447,0.685,0528+134
54779.169,22000.0,3.642,0.598,0528+134
54816.036,22000.0,2.656,0.652,0528+134
54816.045,22000.0,3.316,0.733,0528+134
54911.763,22000.0,2.424,0.478,0528+134
54911.772,22000.0,2.487,0.444,0528+134
55062.188,22000.0,1.764,0.267,0528+134
55062.197,22000.0,1.958,0.308,0528+134
55099.148,22000.0,1.682,0.614,0528+134
55099.157,22000.0,1.466,0.175,0528+134
55121.162,22000.0,1.721,0.234,0528+134
55121.172,22000.0,0.766,0.461,0528+134
55208.96,22000.0,1.327,0.195,0528+134
55208.969,22000.0,1.024,0.208,0528+134
53826.558,43000.0,2.299,0.839,0528+134
53852.473,43000.0,2.752,0.913,0528+134
53878.432,43000.0,2.757,0.673,0528+134
53879.432,43000.0,2.75,0.654,0528+134
53913.348,43000.0,2.115,0.541,0528+134
53928.307,43000.0,3.636,0.706,0528+134
53951.223,43000.0,4.673,1.002,0528+134
53952.223,43000.0,4.923,1.08,0528+134
53953.223,43000.0,4.769,1.008,0528+134
53972.182,43000.0,4.952,1.135,0528+134
53973.182,43000.0,4.386,1.024,0528+134
53998.098,43000.0,4.672,0.888,0528+134
53999.098,43000.0,4.445,0.845,0528+134
54000.098,43000.0,4.365,0.834,0528+134
54026.015,43000.0,4.428,1.156,0528+134
54276.572,43000.0,7.082,1.057,0528+134
54276.58,43000.0,6.812,1.052,0528+134
54276.599,43000.0,6.721,1.053,0528+134
54276.61,43000.0,6.716,0.874,0528+134
54276.62,43000.0,7.767,1.088,0528+134
54276.631,43000.0,7.333,1.032,0528+134
54276.642,43000.0,5.889,0.88,0528+134
54276.652,43000.0,6.979,1.209,0528+134
54276.663,43000.0,5.4,1.244,0528+134
54277.348,43000.0,5.399,0.653,0528+134
54321.223,43000.0,5.412,0.635,0528+134
54322.224,43000.0,5.14,0.645,0528+134
54365.098,43000.0,5.906,0.663,0528+134
54367.099,43000.0,5.352,0.608,0528+134
54391.057,43000.0,6.45,0.661,0528+134
54421.921,43000.0,4.381,0.55,0528+134
54423.921,43000.0,4.829,0.607,0528+134
54424.921,43000.0,5.302,0.657,0528+134
54437.921,43000.0,4.96,0.788,0528+134
54479.796,43000.0,4.306,0.625,0528+134
54480.796,43000.0,4.331,0.613,0528+134
54505.714,43000.0,3.986,0.62,0528+134
54506.712,43000.0,4.439,0.598,0528+134
54521.671,43000.0,3.287,0.365,0528+134
54522.671,43000.0,3.039,0.34,0528+134
54523.672,43000.0,3.795,0.411,0528+134
54556.547,43000.0,3.612,0.388,0528+134
54557.547,43000.0,4.084,0.444,0528+134
54580.463,43000.0,2.839,0.31,0528+134
54611.38,43000.0,2.478,0.278,0528+134
54612.38,43000.0,2.499,0.285,0528+134
54642.295,43000.0,2.206,0.343,0528+134
54643.296,43000.0,2.161,0.288,0528+134
54659.255,43000.0,2.003,0.349,0528+134
54660.255,43000.0,2.329,0.387,0528+134
54680.213,43000.0,3.121,0.343,0528+134
54681.213,43000.0,3.3,0.352,0528+134
54682.214,43000.0,3.258,0.352,0528+134
54708.114,43000.0,3.018,0.342,0528+134
54708.151,43000.0,2.886,0.426,0528+134
54709.114,43000.0,2.982,0.331,0528+134
54709.151,43000.0,2.947,0.39,0528+134
54710.114,43000.0,2.557,0.289,0528+134
54710.151,43000.0,2.648,0.311,0528+134
54744.056,43000.0,3.504,0.582,0528+134
54745.057,43000.0,3.175,0.52,0528+134
54779.921,43000.0,1.933,0.3,0528+134
54780.921,43000.0,1.862,0.296,0528+134
54781.921,43000.0,1.907,0.295,0528+134
54807.921,43000.0,3.04,0.428,0528+134
54808.921,43000.0,2.81,0.407,0528+134
54809.921,43000.0,2.651,0.383,0528+134
54840.796,43000.0,1.603,0.375,0528+134
54842.796,43000.0,1.883,0.355,0528+134
54878.713,43000.0,2.203,0.453,0528+134
54929.546,43000.0,1.782,0.229,0528+134
54930.546,43000.0,1.782,0.208,0528+134
54931.546,43000.0,1.613,0.204,0528+134
54959.422,43000.0,1.32,0.181,0528+134
54961.421,43000.0,1.541,0.214,0528+134
55009.296,43000.0,1.799,0.245,0528+134
55011.296,43000.0,1.496,0.223,0528+134
55157.969,43000.0,1.426,0.192,0528+134
55158.973,43000.0,1.258,0.222,0528+134
55160.006,43000.0,1.537,0.344,0528+134
55160.96,43000.0,1.678,0.268,0528+134
55161.957,43000.0,1.887,0.319,0528+134
55167.922,43000.0,1.693,0.282,0528+134
55168.923,43000.0,1.61,0.269,0528+134
55174.914,43000.0,1.815,0.251,0528+134
55175.917,43000.0,1.675,0.242,0528+134
55176.909,43000.0,1.798,0.256,0528+134
55178.925,43000.0,1.786,0.254,0528+134
55184.873,43000.0,1.686,0.223,0528+134
55185.879,43000.0,1.548,0.209,0528+134
55186.885,43000.0,1.623,0.222,0528+134
55188.869,43000.0,1.723,0.238,0528+134
55188.879,43000.0,1.643,0.243,0528+134
55189.874,43000.0,1.483,0.203,0528+134
55189.884,43000.0,1.539,0.237,0528+134
55209.797,43000.0,1.48,0.197,0528+134
55213.785,43000.0,1.773,0.222,0528+134
55214.79,43000.0,1.57,0.202,0528+134
53511.604,5000.0,2.977,0.114,0528+134
53576.436,5000.0,3.103,0.107,0528+134
53577.28,5000.0,3.286,0.111,0528+134
53578.305,5000.0,3.126,0.107,0528+134
53607.408,5000.0,3.058,0.107,0528+134
53639.082,5000.0,2.885,0.085,0528+134
53639.27,5000.0,2.904,0.102,0528+134
53640.008,5000.0,2.992,0.098,0528+134
53640.201,5000.0,2.993,0.093,0528+134
53723.899,5000.0,3.213,0.108,0528+134
53763.679,5000.0,3.238,0.119,0528+134
53763.911,5000.0,3.04,0.108,0528+134
53770.745,5000.0,3.228,0.093,0528+134
53770.753,5000.0,3.275,0.11,0528+134
53826.634,5000.0,2.804,0.132,0528+134
53826.643,5000.0,2.927,0.127,0528+134
53851.535,5000.0,3.45,0.154,0528+134
53851.544,5000.0,3.296,0.16,0528+134
53975.266,5000.0,3.486,0.1,0528+134
53975.276,5000.0,3.498,0.101,0528+134
54012.145,5000.0,3.586,0.081,0528+134
54012.154,5000.0,3.482,0.08,0528+134
54024.052,5000.0,3.211,0.086,0528+134
54024.061,5000.0,3.234,0.086,0528+134
54199.759,5000.0,3.543,0.082,0528+134
54199.768,5000.0,3.572,0.087,0528+134
54296.448,5000.0,3.184,0.121,0528+134
54296.457,5000.0,3.195,0.121,0528+134
54374.19,5000.0,3.456,0.091,0528+134
54374.199,5000.0,3.52,0.088,0528+134
54397.131,5000.0,3.464,0.239,0528+134
54397.14,5000.0,3.866,0.266,0528+134
54563.626,5000.0,3.863,0.133,0528+134
54668.358,5000.0,3.638,0.185,0528+134
54689.319,5000.0,3.704,0.1,0528+134
54724.149,5000.0,3.583,0.114,0528+134
54724.158,5000.0,3.317,0.104,0528+134
54912.795,5000.0,3.591,0.359,0528+134
54912.805,5000.0,3.52,0.384,0528+134
54953.772,5000.0,3.475,0.491,0528+134
55002.615,5000.0,2.435,0.364,0528+134
55034.467,5000.0,2.979,0.318,0528+134
55062.488,5000.0,3.215,0.255,0528+134
55100.155,5000.0,2.808,0.085,0528+134
55100.165,5000.0,2.774,0.087,0528+134
55122.227,5000.0,2.448,0.081,0528+134
55122.237,5000.0,2.954,0.092,0528+134
55209.954,5000.0,2.671,0.097,0528+134
55209.963,5000.0,2.638,0.11,0528+134
53511.461,8000.0,3.239,0.094,0528+134
53578.145,8000.0,2.902,0.141,0528+134
53578.392,8000.0,2.975,0.109,0528+134
53605.389,8000.0,2.997,0.131,0528+134
53606.163,8000.0,3.044,0.122,0528+134
53637.99,8000.0,3.032,0.116,0528+134
53638.339,8000.0,3.179,0.094,0528+134
53698.066,8000.0,3.288,0.13,0528+134
53698.843,8000.0,3.651,0.143,0528+134
53720.77,8000.0,3.488,0.118,0528+134
53721.11,8000.0,3.499,0.105,0528+134
53721.956,8000.0,3.414,0.109,0528+134
53741.796,8000.0,3.129,0.07,0528+134
53742.77,8000.0,3.389,0.152,0528+134
53743.792,8000.0,3.375,0.113,0528+134
53771.758,8000.0,3.521,0.148,0528+134
53771.767,8000.0,3.655,0.143,0528+134
53804.707,8000.0,3.547,0.115,0528+134
53804.715,8000.0,3.516,0.11,0528+134
53830.649,8000.0,3.568,0.252,0528+134
53850.578,8000.0,4.064,0.149,0528+134
53850.587,8000.0,3.961,0.156,0528+134
53860.518,8000.0,3.478,0.084,0528+134
53907.442,8000.0,3.583,0.125,0528+134
53956.35,8000.0,3.65,0.204,0528+134
54011.17,8000.0,3.829,0.155,0528+134
54023.092,8000.0,3.561,0.129,0528+134
54038.071,8000.0,3.333,0.178,0528+134
54058.99,8000.0,3.614,0.28,0528+134
54079.956,8000.0,3.775,0.071,0528+134
54098.912,8000.0,3.526,0.097,0528+134
54121.855,8000.0,3.535,0.118,0528+134
54149.764,8000.0,3.521,0.189,0528+134
54198.711,8000.0,3.633,0.109,0528+134
54219.726,8000.0,3.878,0.157,0528+134
54275.485,8000.0,3.909,0.131,0528+134
54289.465,8000.0,3.926,0.112,0528+134
54295.529,8000.0,3.843,0.135,0528+134
54324.445,8000.0,3.845,0.125,0528+134
54344.386,8000.0,3.854,0.254,0528+134
54373.299,8000.0,4.121,0.123,0528+134
54435.089,8000.0,4.087,0.194,0528+134
54512.841,8000.0,3.792,0.111,0528+134
54576.798,8000.0,3.777,0.156,0528+134
54640.558,8000.0,3.615,0.126,0528+134
54652.492,8000.0,3.53,0.184,0528+134
54667.46,8000.0,3.635,0.132,0528+134
54688.412,8000.0,3.326,0.122,0528+134
54723.321,8000.0,3.439,0.201,0528+134
54778.133,8000.0,3.451,0.116,0528+134
54951.758,8000.0,2.733,0.135,0528+134
55003.552,8000.0,2.496,0.22,0528+134
55035.522,8000.0,2.805,0.253,0528+134
55063.374,8000.0,2.651,0.089,0528+134
55077.392,8000.0,2.417,0.167,0528+134
55101.202,8000.0,2.442,0.087,0528+134
55123.173,8000.0,2.38,0.086,0528+134
55207.884,8000.0,2.094,0.224,0528+134
53372.792,22000.0,1.933,0.126,0716+714
53372.83,22000.0,1.889,0.14,0716+714
53372.87,22000.0,1.846,0.125,0716+714
53373.792,22000.0,1.831,0.12,0716+714
53373.83,22000.0,1.828,0.12,0716+714
53373.869,22000.0,1.884,0.123,0716+714
53376.792,22000.0,2.015,0.129,0716+714
53376.83,22000.0,2.022,0.134,0716+714
53376.869,22000.0,2.037,0.131,0716+714
53377.792,22000.0,1.969,0.125,0716+714
53377.83,22000.0,2.022,0.133,0716+714
53377.869,22000.0,1.966,0.129,0716+714
53378.792,22000.0,2.052,0.137,0716+714
53378.83,22000.0,1.918,0.123,0716+714
53378.869,22000.0,1.994,0.133,0716+714
53379.792,22000.0,2.097,0.137,0716+714
53379.83,22000.0,2.05,0.138,0716+714
53379.869,22000.0,2.063,0.132,0716+714
53380.792,22000.0,2.152,0.14,0716+714
53380.83,22000.0,1.986,0.13,0716+714
53380.869,22000.0,1.991,0.129,0716+714
53413.715,22000.0,1.04,0.045,0716+714
53413.757,22000.0,0.903,0.048,0716+714
53414.674,22000.0,0.984,0.129,0716+714
53415.674,22000.0,1.027,0.065,0716+714
53415.715,22000.0,0.914,0.06,0716+714
53415.757,22000.0,0.936,0.087,0716+714
53442.57,22000.0,0.695,0.049,0716+714
53442.611,22000.0,0.742,0.057,0716+714
53443.57,22000.0,0.688,0.061,0716+714
53443.611,22000.0,0.79,0.049,0716+714
53465.528,22000.0,0.379,0.422,0716+714
53465.612,22000.0,0.356,0.272,0716+714
53466.611,22000.0,0.525,0.136,0716+714
53509.486,22000.0,0.853,0.539,0716+714
53511.486,22000.0,0.686,0.453,0716+714
53606.766,22000.0,1.578,0.47,0716+714
53606.774,22000.0,1.373,0.45,0716+714
53637.894,22000.0,1.083,0.364,0716+714
53638.285,22000.0,1.094,0.299,0716+714
53638.756,22000.0,1.148,0.432,0716+714
53698.749,22000.0,0.887,0.293,0716+714
53721.057,22000.0,0.94,0.316,0716+714
53721.86,22000.0,0.874,0.301,0716+714
53722.314,22000.0,0.919,0.282,0716+714
53744.146,22000.0,0.862,0.291,0716+714
53764.764,22000.0,1.14,0.135,0716+714
53766.842,22000.0,1.113,0.308,0716+714
53772.852,22000.0,0.938,0.288,0716+714
53772.868,22000.0,0.887,0.247,0716+714
53805.74,22000.0,0.589,0.301,0716+714
53849.797,22000.0,0.652,0.279,0716+714
53849.81,22000.0,0.611,0.275,0716+714
53861.743,22000.0,0.375,0.266,0716+714
53972.471,22000.0,1.671,0.565,0716+714
53972.498,22000.0,2.119,0.558,0716+714
54010.332,22000.0,0.896,0.34,0716+714
54010.346,22000.0,0.89,0.33,0716+714
54021.316,22000.0,0.847,0.439,0716+714
54021.329,22000.0,0.84,0.363,0716+714
54058.183,22000.0,0.502,0.493,0716+714
54058.196,22000.0,1.246,0.422,0716+714
54058.21,22000.0,0.809,0.507,0716+714
54058.223,22000.0,0.792,0.49,0716+714
54098.105,22000.0,0.669,0.319,0716+714
54098.118,22000.0,0.969,0.327,0716+714
54098.131,22000.0,0.847,0.338,0716+714
54098.144,22000.0,0.799,0.354,0716+714
54121.054,22000.0,1.763,0.453,0716+714
54121.067,22000.0,1.358,0.36,0716+714
54121.08,22000.0,1.316,0.396,0716+714
54148.99,22000.0,2.021,0.464,0716+714
54149.003,22000.0,1.705,0.495,0716+714
54149.016,22000.0,1.911,0.46,0716+714
54197.854,22000.0,1.128,0.436,0716+714
54218.868,22000.0,0.947,0.237,0716+714
54218.886,22000.0,1.133,0.253,0716+714
54274.304,22000.0,1.747,0.417,0716+714
54274.317,22000.0,1.889,0.398,0716+714
54274.331,22000.0,2.059,0.429,0716+714
54288.605,22000.0,1.052,0.336,0716+714
54288.618,22000.0,1.454,0.312,0716+714
54295.271,22000.0,1.243,0.323,0716+714
54295.284,22000.0,1.053,0.28,0716+714
54322.386,22000.0,1.104,0.386,0716+714
54322.399,22000.0,1.41,0.323,0716+714
54324.234,22000.0,1.458,0.382,0716+714
54324.247,22000.0,1.431,0.325,0716+714
54372.833,22000.0,1.236,0.587,0716+714
54456.996,22000.0,1.205,0.27,0716+714
54457.022,22000.0,1.016,0.252,0716+714
54460.972,22000.0,1.071,0.188,0716+714
54460.985,22000.0,0.9,0.192,0716+714
54478.928,22000.0,0.57,0.344,0716+714
54511.766,22000.0,0.746,0.225,0716+714
54511.779,22000.0,0.234,0.189,0716+714
54511.793,22000.0,1.1,0.173,0716+714
54511.806,22000.0,0.707,0.221,0716+714
54560.952,22000.0,0.543,0.394,0716+714
54560.961,22000.0,1.022,0.398,0716+714
54575.277,22000.0,0.794,1.559,0716+714
54575.287,22000.0,1.276,0.867,0716+714
54640.213,22000.0,2.192,0.297,0716+714
54652.228,22000.0,2.744,0.456,0716+714
54652.237,22000.0,3.478,0.55,0716+714
54666.165,22000.0,2.877,0.329,0716+714
54666.174,22000.0,3.086,0.343,0716+714
54687.132,22000.0,2.961,0.42,0716+714
54721.995,22000.0,2.41,0.513,0716+714
54778.9,22000.0,3.385,0.423,0716+714
54778.909,22000.0,3.029,0.385,0716+714
54911.559,22000.0,2.135,0.467,0716+714
54911.569,22000.0,1.968,0.411,0716+714
54952.524,22000.0,2.658,0.675,0716+714
54952.533,22000.0,1.117,0.667,0716+714
55032.172,22000.0,1.466,0.314,0716+714
55032.181,22000.0,1.026,0.318,0716+714
55098.459,22000.0,1.312,0.2,0716+714
55098.469,22000.0,1.113,0.177,0716+714
55120.954,22000.0,3.057,0.628,0716+714
55120.964,22000.0,1.929,0.343,0716+714
55208.748,22000.0,2.162,0.272,0716+714
55208.758,22000.0,1.5,0.193,0716+714
53826.568,43000.0,0.583,0.433,0716+714
53827.567,43000.0,0.413,0.337,0716+714
53852.484,43000.0,0.694,0.583,0716+714
53878.442,43000.0,0.505,0.43,0716+714
53879.442,43000.0,0.715,0.406,0716+714
53913.359,43000.0,0.457,0.345,0716+714
53928.317,43000.0,0.835,0.43,0716+714
53951.234,43000.0,1.319,0.438,0716+714
53952.234,43000.0,1.367,0.465,0716+714
53953.234,43000.0,1.422,0.56,0716+714
53972.192,43000.0,1.224,0.528,0716+714
53973.192,43000.0,1.194,0.506,0716+714
53998.109,43000.0,0.712,0.345,0716+714
53999.109,43000.0,1.008,0.362,0716+714
54000.109,43000.0,0.874,0.355,0716+714
54026.025,43000.0,0.618,0.388,0716+714
54277.359,43000.0,1.985,0.24,0716+714
54321.234,43000.0,1.443,0.197,0716+714
54322.234,43000.0,1.434,0.199,0716+714
54365.109,43000.0,2.003,0.245,0716+714
54367.109,43000.0,1.86,0.227,0716+714
54391.067,43000.0,3.856,0.425,0716+714
54421.931,43000.0,2.205,0.302,0716+714
54423.932,43000.0,2.018,0.265,0716+714
54424.932,43000.0,2.078,0.26,0716+714
54437.932,43000.0,1.129,0.236,0716+714
54479.807,43000.0,1.425,0.224,0716+714
54480.806,43000.0,1.411,0.222,0716+714
54505.724,43000.0,0.771,0.115,0716+714
54506.722,43000.0,1.035,0.169,0716+714
54521.661,43000.0,0.822,0.122,0716+714
54521.682,43000.0,0.831,0.118,0716+714
54522.661,43000.0,0.75,0.105,0716+714
54522.682,43000.0,0.754,0.098,0716+714
54523.661,43000.0,1.022,0.134,0716+714
54523.682,43000.0,0.919,0.117,0716+714
54556.536,43000.0,1.413,0.173,0716+714
54556.556,43000.0,1.464,0.181,0716+714
54557.536,43000.0,1.399,0.192,0716+714
54557.557,43000.0,1.47,0.166,0716+714
54580.461,43000.0,1.862,0.236,0716+714
54595.387,43000.0,1.586,0.19,0716+714
54595.444,43000.0,1.748,0.218,0716+714
54596.493,43000.0,1.622,0.199,0716+714
54611.369,43000.0,1.761,0.196,0716+714
54611.39,43000.0,1.606,0.189,0716+714
54612.369,43000.0,1.787,0.216,0716+714
54612.39,43000.0,1.639,0.213,0716+714
54642.285,43000.0,2.243,0.343,0716+714
54642.308,43000.0,2.409,0.375,0716+714
54643.286,43000.0,2.376,0.323,0716+714
54643.307,43000.0,2.462,0.354,0716+714
54659.244,43000.0,3.478,0.577,0716+714
54659.265,43000.0,3.169,0.514,0716+714
54660.244,43000.0,3.356,0.542,0716+714
54660.265,43000.0,3.132,0.513,0716+714
54680.203,43000.0,5.537,0.61,0716+714
54680.224,43000.0,5.601,0.626,0716+714
54681.203,43000.0,5.551,0.635,0716+714
54681.223,43000.0,5.125,0.575,0716+714
54682.203,43000.0,4.872,0.554,0716+714
54682.223,43000.0,4.765,0.548,0716+714
54708.13,43000.0,4.289,0.496,0716+714
54708.14,43000.0,4.235,0.504,0716+714
54709.135,43000.0,3.378,0.387,0716+714
54710.13,43000.0,2.933,0.346,0716+714
54710.14,43000.0,2.957,0.374,0716+714
54744.067,43000.0,3.422,0.552,0716+714
54745.067,43000.0,2.881,0.456,0716+714
54779.932,43000.0,3.594,0.518,0716+714
54780.932,43000.0,3.516,0.5,0716+714
54781.932,43000.0,3.024,0.442,0716+714
54807.932,43000.0,2.243,0.316,0716+714
54808.932,43000.0,2.277,0.352,0716+714
54809.932,43000.0,2.389,0.383,0716+714
54840.807,43000.0,3.962,0.68,0716+714
54841.807,43000.0,3.494,0.606,0716+714
54842.806,43000.0,3.472,0.606,0716+714
54878.723,43000.0,3.317,0.534,0716+714
54879.723,43000.0,3.356,0.645,0716+714
54929.536,43000.0,2.56,0.286,0716+714
54929.557,43000.0,2.607,0.3,0716+714
54930.536,43000.0,2.867,0.324,0716+714
54930.557,43000.0,2.718,0.32,0716+714
54931.537,43000.0,2.984,0.344,0716+714
54931.557,43000.0,2.741,0.312,0716+714
54959.41,43000.0,1.327,0.2,0716+714
54959.432,43000.0,1.46,0.293,0716+714
54961.411,43000.0,1.066,0.151,0716+714
54961.432,43000.0,1.327,0.182,0716+714
55009.286,43000.0,1.187,0.173,0716+714
55009.307,43000.0,1.415,0.231,0716+714
55011.286,43000.0,1.03,0.161,0716+714
55011.305,43000.0,1.442,0.265,0716+714
55150.895,43000.0,4.663,0.635,0716+714
55150.94,43000.0,3.998,0.522,0716+714
55150.95,43000.0,4.156,0.521,0716+714
55150.97,43000.0,4.339,0.549,0716+714
55151.872,43000.0,5.045,0.638,0716+714
55151.901,43000.0,5.121,0.616,0716+714
55151.945,43000.0,4.565,0.575,0716+714
55151.955,43000.0,4.984,0.585,0716+714
55151.976,43000.0,4.913,0.6,0716+714
55152.895,43000.0,5.701,0.714,0716+714
55152.939,43000.0,4.906,0.598,0716+714
55152.95,43000.0,5.057,0.631,0716+714
55152.97,43000.0,5.01,0.639,0716+714
55152.991,43000.0,5.137,0.622,0716+714
55157.847,43000.0,5.503,0.653,0716+714
55157.914,43000.0,5.233,0.617,0716+714
55157.94,43000.0,4.913,0.629,0716+714
55157.985,43000.0,4.773,0.589,0716+714
55161.839,43000.0,6.022,0.911,0716+714
55161.905,43000.0,5.934,0.897,0716+714
55161.933,43000.0,5.71,0.854,0716+714
55163.903,43000.0,7.378,1.101,0716+714
55163.932,43000.0,6.891,0.932,0716+714
55163.953,43000.0,6.648,0.926,0716+714
55164.839,43000.0,7.412,0.978,0716+714
55164.904,43000.0,6.791,0.881,0716+714
55164.933,43000.0,6.859,0.892,0716+714
55164.954,43000.0,6.568,0.884,0716+714
55165.839,43000.0,6.736,0.88,0716+714
55165.904,43000.0,6.838,0.886,0716+714
55166.894,43000.0,6.606,0.868,0716+714
55166.924,43000.0,6.641,0.901,0716+714
55167.933,43000.0,7.252,1.073,0716+714
55168.933,43000.0,7.116,1.054,0716+714
55174.792,43000.0,8.366,1.02,0716+714
55174.858,43000.0,8.43,1.064,0716+714
55174.887,43000.0,8.437,1.081,0716+714
55174.929,43000.0,8.797,1.124,0716+714
55175.797,43000.0,8.203,1.007,0716+714
55175.863,43000.0,8.028,1.007,0716+714
55175.892,43000.0,7.916,1.006,0716+714
55175.934,43000.0,8.37,1.076,0716+714
55176.789,43000.0,8.585,1.055,0716+714
55176.867,43000.0,8.03,1.009,0716+714
55176.925,43000.0,8.732,1.122,0716+714
55178.868,43000.0,8.064,1.025,0716+714
55178.875,43000.0,8.341,1.084,0716+714
55178.898,43000.0,8.919,1.136,0716+714
55178.941,43000.0,8.497,1.099,0716+714
55181.795,43000.0,9.406,1.184,0716+714
55181.86,43000.0,9.209,1.186,0716+714
55184.816,43000.0,13.068,1.541,0716+714
55184.848,43000.0,10.974,1.347,0716+714
55184.89,43000.0,11.357,1.397,0716+714
55185.759,43000.0,10.894,1.288,0716+714
55185.833,43000.0,10.691,1.3,0716+714
55185.895,43000.0,10.241,1.267,0716+714
55186.764,43000.0,11.902,1.435,0716+714
55186.828,43000.0,11.542,1.443,0716+714
55186.835,43000.0,11.027,1.394,0716+714
55186.858,43000.0,11.681,1.48,0716+714
55186.9,43000.0,12.873,1.645,0716+714
55187.769,43000.0,10.47,1.433,0716+714
55187.839,43000.0,10.862,1.339,0716+714
55187.908,43000.0,10.966,1.432,0716+714
55188.753,43000.0,9.14,1.096,0716+714
55188.847,43000.0,8.848,1.108,0716+714
55188.889,43000.0,9.764,1.198,0716+714
55189.756,43000.0,8.515,1.041,0716+714
55189.853,43000.0,9.029,1.14,0716+714
55189.893,43000.0,9.659,1.244,0716+714
55209.807,43000.0,2.799,0.323,0716+714
55213.663,43000.0,2.535,0.313,0716+714
55213.759,43000.0,3.088,0.374,0716+714
55213.801,43000.0,3.244,0.374,0716+714
55214.807,43000.0,2.984,0.361,0716+714
53355.097,5000.0,1.042,0.024,0716+714
53355.164,5000.0,1.066,0.031,0716+714
53355.226,5000.0,1.045,0.035,0716+714
53357.217,5000.0,1.148,0.118,0716+714
53358.083,5000.0,1.058,0.045,0716+714
53358.153,5000.0,1.073,0.077,0716+714
53358.217,5000.0,1.064,0.099,0716+714
53360.083,5000.0,1.12,0.063,0716+714
53360.153,5000.0,1.105,0.063,0716+714
53383.778,5000.0,1.095,0.018,0716+714
53384.793,5000.0,1.093,0.018,0716+714
53444.655,5000.0,0.884,0.016,0716+714
53445.655,5000.0,0.869,0.016,0716+714
53454.734,5000.0,0.652,0.08,0716+714
53454.892,5000.0,0.613,0.08,0716+714
53456.807,5000.0,0.629,0.071,0716+714
53457.558,5000.0,0.647,0.083,0716+714
53477.812,5000.0,0.54,0.076,0716+714
53478.914,5000.0,0.561,0.076,0716+714
53510.773,5000.0,0.537,0.103,0716+714
53511.107,5000.0,0.579,0.078,0716+714
53511.362,5000.0,0.58,0.077,0716+714
53511.663,5000.0,0.612,0.088,0716+714
53543.567,5000.0,0.696,0.084,0716+714
53544.032,5000.0,0.727,0.098,0716+714
53544.345,5000.0,0.764,0.1,0716+714
53544.752,5000.0,0.717,0.085,0716+714
53577.341,5000.0,0.849,0.1,0716+714
53577.818,5000.0,0.848,0.084,0716+714
53578.11,5000.0,0.841,0.094,0716+714
53578.347,5000.0,0.885,0.075,0716+714
53587.812,5000.0,0.836,0.098,0716+714
53587.964,5000.0,0.821,0.083,0716+714
53605.74,5000.0,0.753,0.08,0716+714
53606.06,5000.0,0.792,0.086,0716+714
53638.964,5000.0,0.863,0.077,0716+714
53639.143,5000.0,0.884,0.071,0716+714
53639.355,5000.0,0.964,0.079,0716+714
53639.576,5000.0,0.971,0.09,0716+714
53640.074,5000.0,0.852,0.08,0716+714
53640.27,5000.0,0.956,0.078,0716+714
53723.949,5000.0,0.699,0.067,0716+714
53724.309,5000.0,0.726,0.096,0716+714
53764.036,5000.0,0.824,0.089,0716+714
53766.327,5000.0,0.81,0.086,0716+714
53770.791,5000.0,0.81,0.077,0716+714
53770.807,5000.0,0.754,0.074,0716+714
53826.809,5000.0,0.628,0.072,0716+714
53826.817,5000.0,0.822,0.076,0716+714
53851.718,5000.0,0.622,0.082,0716+714
53851.727,5000.0,0.697,0.075,0716+714
53974.466,5000.0,0.943,0.108,0716+714
53974.475,5000.0,0.969,0.071,0716+714
54012.347,5000.0,0.757,0.089,0716+714
54012.357,5000.0,0.822,0.076,0716+714
54023.374,5000.0,0.869,0.053,0716+714
54023.383,5000.0,0.909,0.058,0716+714
54200.034,5000.0,0.684,0.082,0716+714
54200.043,5000.0,0.722,0.095,0716+714
54289.868,5000.0,0.779,0.102,0716+714
54289.878,5000.0,0.847,0.119,0716+714
54296.653,5000.0,0.725,0.105,0716+714
54296.662,5000.0,0.692,0.116,0716+714
54374.363,5000.0,0.821,0.064,0716+714
54374.373,5000.0,0.728,0.075,0716+714
54563.748,5000.0,0.765,0.059,0716+714
54563.757,5000.0,0.674,0.062,0716+714
54723.987,5000.0,1.306,0.156,0716+714
54912.744,5000.0,1.221,0.302,0716+714
54953.718,5000.0,1.282,0.497,0716+714
54953.728,5000.0,1.157,0.358,0716+714
55002.56,5000.0,1.027,0.38,0716+714
55002.57,5000.0,1.016,0.365,0716+714
55034.413,5000.0,0.863,0.198,0716+714
55034.423,5000.0,1.008,0.327,0716+714
55062.433,5000.0,0.825,0.188,0716+714
55062.442,5000.0,0.89,0.255,0716+714
55099.444,5000.0,0.847,0.084,0716+714
55099.454,5000.0,0.855,0.075,0716+714
55122.026,5000.0,1.508,0.087,0716+714
55122.036,5000.0,1.025,0.068,0716+714
55209.9,5000.0,1.476,0.226,0716+714
55209.909,5000.0,1.558,0.145,0716+714
53349.172,8000.0,1.364,0.077,0716+714
53349.293,8000.0,1.28,0.111,0716+714
53349.387,8000.0,1.547,0.066,0716+714
53349.461,8000.0,1.472,0.094,0716+714
53349.493,8000.0,1.506,0.083,0716+714
53349.819,8000.0,1.371,0.083,0716+714
53349.929,8000.0,1.411,0.065,0716+714
53350.007,8000.0,1.379,0.059,0716+714
53350.093,8000.0,1.367,0.06,0716+714
53350.186,8000.0,1.349,0.061,0716+714
53350.302,8000.0,1.506,0.067,0716+714
53350.434,8000.0,1.43,0.076,0716+714
53350.554,8000.0,1.42,0.086,0716+714
53350.792,8000.0,1.392,0.071,0716+714
53350.975,8000.0,1.504,0.063,0716+714
53351.051,8000.0,1.397,0.063,0716+714
53351.156,8000.0,1.341,0.063,0716+714
53351.271,8000.0,1.281,0.063,0716+714
53351.399,8000.0,1.422,0.076,0716+714
53351.518,8000.0,1.45,0.101,0716+714
53351.655,8000.0,1.414,0.073,0716+714
53351.78,8000.0,1.463,0.08,0716+714
53351.868,8000.0,1.428,0.058,0716+714
53351.97,8000.0,1.42,0.061,0716+714
53352.046,8000.0,1.274,0.059,0716+714
53352.136,8000.0,1.323,0.062,0716+714
53352.515,8000.0,1.394,0.088,0716+714
53382.754,8000.0,1.183,0.038,0716+714
53382.791,8000.0,1.24,0.04,0716+714
53382.829,8000.0,1.291,0.041,0716+714
53387.906,8000.0,1.226,0.072,0716+714
53412.717,8000.0,0.931,0.028,0716+714
53412.759,8000.0,0.972,0.029,0716+714
53418.118,8000.0,0.898,0.064,0716+714
53451.592,8000.0,0.718,0.012,0716+714
53456.998,8000.0,0.64,0.087,0716+714
53457.389,8000.0,0.652,0.096,0716+714
53463.53,8000.0,0.538,0.017,0716+714
53463.573,8000.0,0.583,0.013,0716+714
53464.573,8000.0,0.594,0.042,0716+714
53478.004,8000.0,0.468,0.085,0716+714
53478.727,8000.0,0.445,0.07,0716+714
53510.927,8000.0,0.618,0.073,0716+714
53511.504,8000.0,0.565,0.07,0716+714
53545.302,8000.0,0.722,0.125,0716+714
53576.885,8000.0,1.019,0.149,0716+714
53577.999,8000.0,0.924,0.097,0716+714
53587.901,8000.0,0.828,0.159,0716+714
53588.017,8000.0,0.866,0.115,0716+714
53605.506,8000.0,0.952,0.075,0716+714
53605.924,8000.0,0.943,0.093,0716+714
53637.733,8000.0,1.182,0.091,0716+714
53698.61,8000.0,0.605,0.15,0716+714
53698.907,8000.0,0.626,0.065,0716+714
53720.834,8000.0,0.804,0.063,0716+714
53722.023,8000.0,0.813,0.056,0716+714
53741.806,8000.0,0.803,0.019,0716+714
53743.342,8000.0,0.915,0.075,0716+714
53771.804,8000.0,0.78,0.087,0716+714
53771.82,8000.0,0.881,0.074,0716+714
53804.754,8000.0,0.648,0.065,0716+714
53804.767,8000.0,0.624,0.064,0716+714
53835.372,8000.0,0.807,0.111,0716+714
53835.382,8000.0,0.788,0.102,0716+714
53835.478,8000.0,0.669,0.083,0716+714
53835.533,8000.0,0.824,0.13,0716+714
53835.542,8000.0,0.696,0.094,0716+714
53835.642,8000.0,0.712,0.084,0716+714
53835.651,8000.0,0.647,0.082,0716+714
53835.758,8000.0,0.679,0.171,0716+714
53835.803,8000.0,0.528,0.151,0716+714
53835.864,8000.0,0.597,0.122,0716+714
53835.874,8000.0,0.752,0.1,0716+714
53835.918,8000.0,0.797,0.131,0716+714
53835.927,8000.0,0.628,0.094,0716+714
53836.038,8000.0,0.72,0.182,0716+714
53836.093,8000.0,0.752,0.155,0716+714
53836.151,8000.0,0.663,0.182,0716+714
53836.16,8000.0,0.7,0.112,0716+714
53836.205,8000.0,0.57,0.108,0716+714
53836.214,8000.0,0.583,0.111,0716+714
53836.265,8000.0,0.685,0.1,0716+714
53836.274,8000.0,0.603,0.101,0716+714
53836.325,8000.0,0.733,0.115,0716+714
53836.334,8000.0,0.667,0.103,0716+714
53836.376,8000.0,0.713,0.132,0716+714
53836.52,8000.0,0.722,0.188,0716+714
53836.571,8000.0,0.56,0.197,0716+714
53836.624,8000.0,0.692,0.105,0716+714
53836.633,8000.0,0.621,0.133,0716+714
53836.68,8000.0,0.608,0.101,0716+714
53836.69,8000.0,0.745,0.109,0716+714
53836.745,8000.0,0.756,0.099,0716+714
53836.754,8000.0,0.704,0.1,0716+714
53836.861,8000.0,0.631,0.166,0716+714
53836.901,8000.0,0.799,0.104,0716+714
53836.91,8000.0,0.693,0.157,0716+714
53836.974,8000.0,0.674,0.098,0716+714
53836.983,8000.0,0.647,0.096,0716+714
53837.034,8000.0,0.675,0.127,0716+714
53837.147,8000.0,0.744,0.097,0716+714
53837.157,8000.0,0.615,0.107,0716+714
53837.202,8000.0,0.671,0.103,0716+714
53837.211,8000.0,0.725,0.139,0716+714
53837.262,8000.0,0.754,0.113,0716+714
53837.271,8000.0,0.739,0.095,0716+714
53850.755,8000.0,0.51,0.132,0716+714
53860.706,8000.0,0.653,0.054,0716+714
53907.622,8000.0,0.787,0.107,0716+714
53956.494,8000.0,1.033,0.08,0716+714
53973.471,8000.0,0.869,0.092,0716+714
54011.353,8000.0,0.867,0.082,0716+714
54022.344,8000.0,0.759,0.125,0716+714
54080.227,8000.0,0.929,0.119,0716+714
54150.04,8000.0,1.127,0.103,0716+714
54199.637,8000.0,0.854,0.051,0716+714
54220.651,8000.0,0.82,0.141,0716+714
54275.335,8000.0,1.099,0.064,0716+714
54289.319,8000.0,0.792,0.057,0716+714
54295.385,8000.0,0.975,0.068,0716+714
54324.341,8000.0,1.048,0.076,0716+714
54344.281,8000.0,0.996,0.071,0716+714
54373.154,8000.0,1.075,0.063,0716+714
54421.035,8000.0,1.263,0.09,0716+714
54434.983,8000.0,1.042,0.069,0716+714
54512.723,8000.0,0.852,0.094,0716+714
54562.767,8000.0,0.798,0.062,0716+714
54576.324,8000.0,0.977,0.176,0716+714
54605.273,8000.0,0.915,0.143,0716+714
54641.215,8000.0,1.369,0.22,0716+714
54667.252,8000.0,1.667,0.085,0716+714
54688.204,8000.0,1.976,0.103,0716+714
54723.259,8000.0,1.406,0.144,0716+714
54778.07,8000.0,2.012,0.098,0716+714
54951.696,8000.0,1.465,0.163,0716+714
55003.49,8000.0,1.113,0.166,0716+714
55035.46,8000.0,0.974,0.057,0716+714
55064.302,8000.0,0.941,0.081,0716+714
55077.33,8000.0,0.954,0.111,0716+714
55100.392,8000.0,0.903,0.054,0716+714
55123.372,8000.0,1.124,0.074,0716+714
55208.083,8000.0,1.859,0.127,0716+714
53638.228,22000.0,0.935,0.34,0735+178
53722.15,22000.0,0.673,0.293,0735+178
53743.003,22000.0,0.523,0.413,0735+178
53744.02,22000.0,0.597,0.323,0735+178
53764.773,22000.0,1.029,0.138,0735+178
53766.793,22000.0,0.684,0.309,0735+178
53772.824,22000.0,0.897,0.278,0735+178
53772.832,22000.0,0.957,0.275,0735+178
53805.713,22000.0,0.73,0.385,0735+178
53805.726,22000.0,0.734,0.37,0735+178
53849.632,22000.0,0.942,0.307,0735+178
53849.646,22000.0,0.96,0.331,0735+178
53861.583,22000.0,0.575,0.288,0735+178
53861.596,22000.0,0.749,0.282,0735+178
53955.334,22000.0,0.72,0.325,0735+178
53955.347,22000.0,0.987,0.303,0735+178
53973.294,22000.0,0.853,0.254,0735+178
53973.307,22000.0,0.779,0.272,0735+178
54010.153,22000.0,0.87,0.318,0735+178
54010.166,22000.0,0.811,0.332,0735+178
54022.111,22000.0,0.788,0.384,0735+178
54022.124,22000.0,0.692,0.381,0735+178
54081.029,22000.0,0.825,0.388,0735+178
54119.893,22000.0,0.643,0.405,0735+178
54119.907,22000.0,0.776,0.415,0735+178
54119.92,22000.0,0.741,0.381,0735+178
54119.933,22000.0,0.586,0.363,0735+178
54183.704,22000.0,0.592,0.409,0735+178
54197.568,22000.0,0.329,0.376,0735+178
54218.613,22000.0,0.736,0.318,0735+178
54218.627,22000.0,0.711,0.32,0735+178
54288.464,22000.0,0.825,0.306,0735+178
54288.477,22000.0,1.173,0.306,0735+178
54294.565,22000.0,0.628,0.344,0735+178
54294.574,22000.0,1.361,0.345,0735+178
54323.372,22000.0,0.455,0.26,0735+178
54323.399,22000.0,1.058,0.348,0735+178
54323.412,22000.0,0.851,0.34,0735+178
54345.337,22000.0,0.832,0.278,0735+178
54345.35,22000.0,0.701,0.234,0735+178
54345.363,22000.0,0.861,0.277,0735+178
54345.376,22000.0,0.795,0.269,0735+178
54372.316,22000.0,1.05,0.435,0735+178
54386.265,22000.0,1.075,0.215,0735+178
54386.278,22000.0,0.852,0.203,0735+178
54455.956,22000.0,0.733,0.303,0735+178
54455.969,22000.0,0.986,0.29,0735+178
54455.982,22000.0,0.566,0.308,0735+178
54455.995,22000.0,0.972,0.303,0735+178
54461.042,22000.0,0.599,0.182,0735+178
54461.055,22000.0,0.866,0.2,0735+178
54477.967,22000.0,0.871,0.185,0735+178
54477.98,22000.0,1.013,0.204,0735+178
54477.993,22000.0,0.684,0.167,0735+178
54478.006,22000.0,0.522,0.193,0735+178
54510.871,22000.0,1.112,0.351,0735+178
54510.885,22000.0,0.404,0.23,0735+178
54510.898,22000.0,0.496,0.217,0735+178
54510.911,22000.0,0.657,0.21,0735+178
54561.766,22000.0,0.906,0.191,0735+178
54561.779,22000.0,0.43,0.182,0735+178
54639.604,22000.0,0.648,0.185,0735+178
54639.613,22000.0,0.745,0.173,0735+178
54666.516,22000.0,0.807,0.185,0735+178
54687.468,22000.0,0.846,0.216,0735+178
54779.225,22000.0,1.135,0.329,0735+178
54779.235,22000.0,0.696,0.257,0735+178
54911.833,22000.0,0.548,0.341,0735+178
55001.567,22000.0,0.574,0.543,0735+178
55099.213,22000.0,0.564,0.14,0735+178
55099.223,22000.0,0.649,0.171,0735+178
55121.23,22000.0,0.447,0.241,0735+178
55121.24,22000.0,0.298,0.239,0735+178
55209.023,22000.0,0.833,0.207,0735+178
55209.032,22000.0,0.315,0.176,0735+178
53826.577,43000.0,0.382,0.392,0735+178
53878.452,43000.0,0.597,0.469,0735+178
53879.452,43000.0,1.063,0.497,0735+178
53911.369,43000.0,0.553,0.434,0735+178
53912.371,43000.0,0.497,0.393,0735+178
53913.369,43000.0,0.474,0.392,0735+178
53928.327,43000.0,0.367,0.506,0735+178
53951.244,43000.0,0.747,0.382,0735+178
53952.244,43000.0,0.849,0.417,0735+178
53953.244,43000.0,0.565,0.389,0735+178
53972.202,43000.0,0.912,0.508,0735+178
53973.202,43000.0,0.812,0.46,0735+178
53998.119,43000.0,0.602,0.353,0735+178
53999.119,43000.0,0.69,0.358,0735+178
54000.119,43000.0,0.747,0.369,0735+178
54025.036,43000.0,0.553,0.462,0735+178
54026.036,43000.0,0.492,0.424,0735+178
54277.368,43000.0,1.093,0.211,0735+178
54321.244,43000.0,0.608,0.099,0735+178
54322.245,43000.0,0.802,0.15,0735+178
54365.117,43000.0,0.658,0.106,0735+178
54367.119,43000.0,0.418,0.081,0735+178
54391.077,43000.0,0.947,0.125,0735+178
54421.942,43000.0,0.833,0.156,0735+178
54422.963,43000.0,0.556,0.101,0735+178
54422.983,43000.0,0.513,0.122,0735+178
54423.943,43000.0,0.544,0.098,0735+178
54423.964,43000.0,0.762,0.121,0735+178
54423.984,43000.0,0.629,0.1,0735+178
54424.942,43000.0,0.695,0.113,0735+178
54435.962,43000.0,0.797,0.199,0735+178
54435.984,43000.0,0.946,0.172,0735+178
54437.942,43000.0,0.713,0.184,0735+178
54480.817,43000.0,0.658,0.115,0735+178
54505.737,43000.0,0.744,0.204,0735+178
54505.765,43000.0,0.712,0.138,0735+178
54507.733,43000.0,0.649,0.126,0735+178
54523.692,43000.0,0.946,0.134,0735+178
54556.568,43000.0,0.594,0.127,0735+178
54556.586,43000.0,0.923,0.143,0735+178
54557.568,43000.0,0.699,0.119,0735+178
54557.586,43000.0,0.676,0.167,0735+178
54580.487,43000.0,0.856,0.15,0735+178
54611.4,43000.0,0.889,0.12,0735+178
54611.419,43000.0,0.763,0.131,0735+178
54612.401,43000.0,0.726,0.113,0735+178
54612.419,43000.0,1.033,0.186,0735+178
54642.323,43000.0,0.638,0.106,0735+178
54643.322,43000.0,0.647,0.102,0735+178
54659.275,43000.0,0.81,0.135,0735+178
54659.294,43000.0,0.811,0.172,0735+178
54660.275,43000.0,0.655,0.105,0735+178
54660.294,43000.0,0.708,0.177,0735+178
54680.24,43000.0,0.602,0.088,0735+178
54681.24,43000.0,0.687,0.094,0735+178
54682.24,43000.0,0.619,0.102,0735+178
54708.164,43000.0,0.855,0.157,0735+178
54709.164,43000.0,0.66,0.128,0735+178
54710.164,43000.0,0.64,0.123,0735+178
54744.077,43000.0,0.979,0.196,0735+178
54745.077,43000.0,0.835,0.155,0735+178
54778.963,43000.0,0.674,0.14,0735+178
54778.984,43000.0,0.582,0.152,0735+178
54779.963,43000.0,0.711,0.123,0735+178
54779.984,43000.0,0.709,0.118,0735+178
54780.942,43000.0,0.508,0.093,0735+178
54780.983,43000.0,0.774,0.158,0735+178
54781.942,43000.0,0.712,0.117,0735+178
54807.942,43000.0,0.591,0.131,0735+178
54807.984,43000.0,0.632,0.118,0735+178
54808.942,43000.0,0.545,0.121,0735+178
54808.963,43000.0,0.542,0.161,0735+178
54808.984,43000.0,0.56,0.127,0735+178
54809.942,43000.0,0.474,0.098,0735+178
54841.823,43000.0,0.486,0.173,0735+178
54842.823,43000.0,0.739,0.244,0735+178
54878.735,43000.0,0.962,0.212,0735+178
54929.573,43000.0,0.476,0.078,0735+178
54930.575,43000.0,0.46,0.063,0735+178
54959.443,43000.0,0.492,0.092,0735+178
54959.461,43000.0,0.334,0.146,0735+178
54961.442,43000.0,0.485,0.099,0735+178
54961.46,43000.0,0.375,0.091,0735+178
55009.317,43000.0,1.07,0.201,0735+178
55009.335,43000.0,1.162,0.234,0735+178
55010.329,43000.0,0.767,0.125,0735+178
55011.324,43000.0,0.913,0.166,0735+178
55167.947,43000.0,0.715,0.128,0735+178
55167.969,43000.0,0.613,0.126,0735+178
55167.986,43000.0,0.763,0.148,0735+178
55168.942,43000.0,0.518,0.109,0735+178
55209.823,43000.0,0.586,0.085,0735+178
55209.839,43000.0,0.4,0.087,0735+178
55209.86,43000.0,0.406,0.118,0735+178
53477.747,5000.0,1.308,0.077,0735+178
53477.755,5000.0,1.28,0.081,0735+178
53478.797,5000.0,1.327,0.074,0735+178
53503.65,5000.0,1.287,0.092,0735+178
53503.752,5000.0,1.238,0.088,0735+178
53504.746,5000.0,1.276,0.082,0735+178
53505.52,5000.0,1.178,0.084,0735+178
53505.641,5000.0,1.236,0.089,0735+178
53505.742,5000.0,1.263,0.089,0735+178
53543.508,5000.0,1.337,0.089,0735+178
53607.423,5000.0,1.219,0.082,0735+178
53639.287,5000.0,1.283,0.079,0735+178
53639.425,5000.0,1.283,0.082,0735+178
53640.22,5000.0,1.249,0.061,0735+178
53723.915,5000.0,1.236,0.091,0735+178
53724.178,5000.0,1.273,0.075,0735+178
53766.133,5000.0,1.221,0.096,0735+178
53770.762,5000.0,1.248,0.084,0735+178
53770.771,5000.0,1.206,0.079,0735+178
53770.78,5000.0,1.224,0.072,0735+178
53851.568,5000.0,1.242,0.091,0735+178
53851.582,5000.0,1.25,0.093,0735+178
53975.304,5000.0,1.266,0.079,0735+178
53975.317,5000.0,1.157,0.079,0735+178
54012.183,5000.0,1.153,0.079,0735+178
54012.196,5000.0,1.19,0.069,0735+178
54024.089,5000.0,1.114,0.058,0735+178
54024.102,5000.0,1.132,0.061,0735+178
54296.49,5000.0,1.153,0.141,0735+178
54348.256,5000.0,0.952,0.072,0735+178
54348.265,5000.0,1.004,0.068,0735+178
54348.274,5000.0,1.022,0.074,0735+178
54348.284,5000.0,1.114,0.058,0735+178
54374.231,5000.0,1.002,0.056,0735+178
54374.24,5000.0,0.961,0.059,0735+178
54563.657,5000.0,0.957,0.23,0735+178
54563.666,5000.0,1.006,0.375,0735+178
54668.411,5000.0,0.925,0.107,0735+178
54668.42,5000.0,0.95,0.093,0735+178
54689.372,5000.0,1.021,0.073,0735+178
54689.381,5000.0,0.966,0.071,0735+178
54912.815,5000.0,1.02,0.27,0735+178
54912.825,5000.0,0.824,0.362,0735+178
54953.79,5000.0,0.885,0.427,0735+178
54953.799,5000.0,0.997,0.277,0735+178
55002.633,5000.0,0.553,0.357,0735+178
55034.498,5000.0,1.47,0.204,0735+178
55062.507,5000.0,1.057,0.243,0735+178
55100.176,5000.0,0.824,0.071,0735+178
55100.186,5000.0,0.965,0.064,0735+178
55122.248,5000.0,0.845,0.12,0735+178
55122.258,5000.0,0.819,0.075,0735+178
55209.975,5000.0,0.729,0.075,0735+178
55209.984,5000.0,0.774,0.088,0735+178
53478.673,8000.0,1.187,0.079,0735+178
53503.702,8000.0,1.294,0.067,0735+178
53503.812,8000.0,1.423,0.142,0735+178
53504.444,8000.0,1.398,0.133,0735+178
53504.806,8000.0,1.371,0.123,0735+178
53505.442,8000.0,1.425,0.127,0735+178
53543.641,8000.0,1.2,0.094,0735+178
53544.482,8000.0,1.296,0.081,0735+178
53576.608,8000.0,1.252,0.117,0735+178
53578.409,8000.0,1.18,0.065,0735+178
53605.404,8000.0,1.176,0.072,0735+178
53606.178,8000.0,1.093,0.095,0735+178
53637.203,8000.0,1.185,0.075,0735+178
53638.354,8000.0,1.113,0.063,0735+178
53698.083,8000.0,1.174,0.081,0735+178
53721.126,8000.0,1.235,0.071,0735+178
53721.975,8000.0,1.109,0.067,0735+178
53741.817,8000.0,1.099,0.029,0735+178
53743.171,8000.0,1.075,0.101,0735+178
53743.815,8000.0,1.146,0.088,0735+178
53771.784,8000.0,1.065,0.093,0735+178
53771.793,8000.0,0.99,0.083,0735+178
53804.727,8000.0,1.214,0.081,0735+178
53804.739,8000.0,1.21,0.075,0735+178
53830.678,8000.0,1.258,0.266,0735+178
53830.691,8000.0,1.512,0.311,0735+178
53850.6,8000.0,1.199,0.117,0735+178
53850.613,8000.0,1.183,0.108,0735+178
53860.548,8000.0,1.085,0.053,0735+178
53907.466,8000.0,1.168,0.062,0735+178
53956.375,8000.0,1.123,0.11,0735+178
53974.298,8000.0,1.059,0.138,0735+178
54011.194,8000.0,1.09,0.069,0735+178
54023.117,8000.0,1.013,0.062,0735+178
54038.095,8000.0,0.902,0.078,0735+178
54059.014,8000.0,1.067,0.054,0735+178
54079.98,8000.0,1.073,0.068,0735+178
54098.95,8000.0,1.1,0.063,0735+178
54121.892,8000.0,1.03,0.072,0735+178
54149.802,8000.0,0.976,0.056,0735+178
54198.736,8000.0,1.07,0.104,0735+178
54219.75,8000.0,0.922,0.088,0735+178
54275.509,8000.0,1.01,0.051,0735+178
54289.478,8000.0,1.18,0.162,0735+178
54324.488,8000.0,1.08,0.1,0735+178
54344.423,8000.0,0.897,0.068,0735+178
54373.317,8000.0,1.026,0.171,0735+178
54421.177,8000.0,0.865,0.103,0735+178
54435.126,8000.0,0.961,0.076,0735+178
54512.878,8000.0,0.833,0.049,0735+178
54562.839,8000.0,0.842,0.052,0735+178
54576.732,8000.0,1.086,0.073,0735+178
54640.583,8000.0,0.93,0.078,0735+178
54652.516,8000.0,1.012,0.134,0735+178
54667.484,8000.0,0.921,0.067,0735+178
54688.436,8000.0,0.899,0.091,0735+178
54723.339,8000.0,0.856,0.105,0735+178
54778.158,8000.0,0.815,0.049,0735+178
54951.782,8000.0,0.926,0.098,0735+178
55003.576,8000.0,0.868,0.063,0735+178
55035.547,8000.0,0.736,0.135,0735+178
55063.398,8000.0,0.842,0.084,0735+178
55077.416,8000.0,0.789,0.086,0735+178
55101.227,8000.0,0.771,0.126,0735+178
55123.197,8000.0,0.85,0.089,0735+178
55207.908,8000.0,0.964,0.116,0735+178
53750.81,22000.0,1.022,0.064,0736+017
53764.807,22000.0,0.928,0.144,0736+017
53766.801,22000.0,0.901,0.375,0736+017
53772.898,22000.0,1.006,0.278,0736+017
53805.78,22000.0,1.095,0.272,0736+017
53805.792,22000.0,0.982,0.302,0736+017
53849.679,22000.0,0.79,0.482,0736+017
53849.692,22000.0,1.271,0.344,0736+017
53861.63,22000.0,1.425,0.325,0736+017
53861.643,22000.0,0.504,0.401,0736+017
53955.377,22000.0,1.723,0.397,0736+017
53955.39,22000.0,2.465,0.424,0736+017
53973.337,22000.0,1.575,0.318,0736+017
53973.35,22000.0,1.708,0.36,0736+017
54010.195,22000.0,2.022,0.382,0736+017
54010.209,22000.0,1.877,0.381,0736+017
54022.163,22000.0,1.615,0.449,0736+017
54022.176,22000.0,1.902,0.493,0736+017
54058.037,22000.0,2.314,0.602,0736+017
54058.051,22000.0,1.208,0.697,0736+017
54058.077,22000.0,1.369,0.624,0736+017
54097.963,22000.0,2.186,0.351,0736+017
54097.976,22000.0,1.333,0.343,0736+017
54097.989,22000.0,1.593,0.366,0736+017
54098.003,22000.0,1.402,0.42,0736+017
54120.899,22000.0,2.248,0.446,0736+017
54120.912,22000.0,1.758,0.423,0736+017
54120.925,22000.0,1.576,0.446,0736+017
54120.938,22000.0,1.785,0.536,0736+017
54148.835,22000.0,2.149,0.399,0736+017
54148.875,22000.0,1.971,0.415,0736+017
54197.596,22000.0,1.062,0.388,0736+017
54197.609,22000.0,1.339,0.357,0736+017
54197.622,22000.0,1.37,0.33,0736+017
54197.635,22000.0,1.609,0.321,0736+017
54218.641,22000.0,1.295,0.348,0736+017
54218.654,22000.0,1.644,0.344,0736+017
54218.668,22000.0,1.435,0.346,0736+017
54218.681,22000.0,1.631,0.325,0736+017
54273.489,22000.0,2.668,0.927,0736+017
54288.491,22000.0,2.024,0.324,0736+017
54288.505,22000.0,2.067,0.358,0736+017
54294.586,22000.0,2.918,0.376,0736+017
54294.6,22000.0,1.974,0.388,0736+017
54323.44,22000.0,2.62,0.37,0736+017
54323.453,22000.0,3.374,0.4,0736+017
54323.466,22000.0,1.365,0.426,0736+017
54345.391,22000.0,1.349,0.438,0736+017
54345.404,22000.0,1.607,0.373,0736+017
54345.417,22000.0,1.47,0.363,0736+017
54345.431,22000.0,1.817,0.422,0736+017
54372.343,22000.0,2.117,0.392,0736+017
54386.292,22000.0,1.402,0.199,0736+017
54386.306,22000.0,1.568,0.22,0736+017
54456.023,22000.0,2.352,0.367,0736+017
54456.036,22000.0,2.529,0.373,0736+017
54456.049,22000.0,1.786,0.336,0736+017
54461.07,22000.0,1.77,0.215,0736+017
54461.083,22000.0,1.986,0.217,0736+017
54478.021,22000.0,1.45,0.224,0736+017
54478.034,22000.0,1.691,0.249,0736+017
54478.047,22000.0,2.259,0.24,0736+017
54478.06,22000.0,1.926,0.24,0736+017
54510.926,22000.0,2.189,0.431,0736+017
54510.939,22000.0,1.822,0.242,0736+017
54510.952,22000.0,1.345,0.254,0736+017
54510.965,22000.0,1.733,0.281,0736+017
54561.793,22000.0,1.439,0.196,0736+017
54561.807,22000.0,1.262,0.196,0736+017
54603.645,22000.0,1.637,0.271,0736+017
54603.654,22000.0,0.668,0.18,0736+017
54639.623,22000.0,1.002,0.232,0736+017
54639.632,22000.0,0.665,0.238,0736+017
54651.591,22000.0,1.499,0.401,0736+017
54651.6,22000.0,1.985,0.568,0736+017
54666.544,22000.0,1.96,0.268,0736+017
54687.487,22000.0,1.516,0.261,0736+017
54687.496,22000.0,1.138,0.245,0736+017
54722.357,22000.0,1.152,0.901,0736+017
54722.366,22000.0,1.715,0.536,0736+017
54779.245,22000.0,2.407,0.401,0736+017
54779.254,22000.0,2.405,0.449,0736+017
54911.844,22000.0,1.98,0.385,0736+017
54911.853,22000.0,1.845,0.4,0736+017
54952.811,22000.0,1.119,0.929,0736+017
55001.587,22000.0,1.31,0.564,0736+017
55001.596,22000.0,2.084,0.714,0736+017
55062.267,22000.0,1.47,0.315,0736+017
55062.277,22000.0,1.113,0.257,0736+017
55099.233,22000.0,1.223,0.227,0736+017
55121.251,22000.0,1.545,0.286,0736+017
55121.26,22000.0,2.222,0.256,0736+017
55209.043,22000.0,1.175,0.137,0736+017
55209.053,22000.0,1.75,0.226,0736+017
53826.612,43000.0,0.347,0.326,0736+017
53827.616,43000.0,0.869,0.507,0736+017
53852.528,43000.0,1.019,0.681,0736+017
53854.525,43000.0,0.88,0.685,0736+017
53854.543,43000.0,0.855,0.614,0736+017
53878.487,43000.0,1.132,0.454,0736+017
53879.487,43000.0,1.251,0.514,0736+017
53913.408,43000.0,0.916,0.427,0736+017
53928.359,43000.0,1.14,0.441,0736+017
53951.281,43000.0,1.552,0.488,0736+017
53952.281,43000.0,1.902,0.563,0736+017
53953.281,43000.0,1.923,0.561,0736+017
53972.239,43000.0,1.927,0.632,0736+017
53973.239,43000.0,1.687,0.574,0736+017
53998.156,43000.0,1.496,0.431,0736+017
53999.156,43000.0,1.462,0.429,0736+017
54000.155,43000.0,1.24,0.414,0736+017
54025.071,43000.0,0.734,0.501,0736+017
54026.072,43000.0,1.089,0.521,0736+017
54277.403,43000.0,1.984,0.316,0736+017
54321.275,43000.0,2.116,0.258,0736+017
54322.275,43000.0,2.118,0.26,0736+017
54365.15,43000.0,1.723,0.211,0736+017
54367.15,43000.0,1.516,0.194,0736+017
54391.109,43000.0,2.505,0.308,0736+017
54422.994,43000.0,1.857,0.268,0736+017
54423.994,43000.0,2.053,0.291,0736+017
54435.994,43000.0,1.614,0.349,0736+017
54480.857,43000.0,0.92,0.175,0736+017
54506.783,43000.0,1.809,0.245,0736+017
54507.784,43000.0,2.397,0.357,0736+017
54521.739,43000.0,1.31,0.154,0736+017
54522.739,43000.0,1.228,0.144,0736+017
54523.742,43000.0,1.394,0.164,0736+017
54556.614,43000.0,1.425,0.163,0736+017
54557.613,43000.0,1.619,0.177,0736+017
54580.533,43000.0,0.99,0.145,0736+017
54611.447,43000.0,0.756,0.091,0736+017
54612.447,43000.0,0.907,0.117,0736+017
54642.363,43000.0,1.319,0.19,0736+017
54643.364,43000.0,1.526,0.191,0736+017
54659.322,43000.0,0.835,0.142,0736+017
54660.321,43000.0,1.101,0.173,0736+017
54680.281,43000.0,1.623,0.175,0736+017
54681.281,43000.0,1.532,0.171,0736+017
54682.281,43000.0,1.689,0.2,0736+017
54708.197,43000.0,2.111,0.302,0736+017
54709.197,43000.0,1.986,0.251,0736+017
54710.199,43000.0,1.698,0.227,0736+017
54745.109,43000.0,1.404,0.284,0736+017
54778.994,43000.0,1.663,0.259,0736+017
54779.026,43000.0,1.692,0.28,0736+017
54779.994,43000.0,1.931,0.289,0736+017
54780.026,43000.0,1.989,0.296,0736+017
54780.994,43000.0,2.239,0.36,0736+017
54781.025,43000.0,1.951,0.302,0736+017
54807.994,43000.0,2.053,0.307,0736+017
54808.994,43000.0,2.27,0.327,0736+017
54877.78,43000.0,1.256,0.307,0736+017
54878.781,43000.0,1.654,0.367,0736+017
54879.778,43000.0,1.884,0.386,0736+017
54929.614,43000.0,1.398,0.161,0736+017
54930.614,43000.0,1.287,0.147,0736+017
54959.494,43000.0,1.1,0.178,0736+017
54961.49,43000.0,1.145,0.145,0736+017
55010.364,43000.0,1.2,0.169,0736+017
55011.364,43000.0,1.254,0.172,0736+017
55166.994,43000.0,0.766,0.213,0736+017
55167.993,43000.0,1.002,0.198,0736+017
55209.871,43000.0,1.132,0.165,0736+017
53724.002,5000.0,1.159,0.077,0736+017
53770.828,5000.0,1.134,0.082,0736+017
53770.837,5000.0,1.146,0.073,0736+017
53770.846,5000.0,1.162,0.076,0736+017
53826.681,5000.0,0.922,0.086,0736+017
53826.694,5000.0,0.863,0.104,0736+017
53851.596,5000.0,0.896,0.096,0736+017
53851.609,5000.0,0.896,0.095,0736+017
53975.331,5000.0,1.261,0.074,0736+017
53975.345,5000.0,1.267,0.077,0736+017
54012.21,5000.0,1.3,0.08,0736+017
54012.224,5000.0,1.304,0.076,0736+017
54024.116,5000.0,1.345,0.059,0736+017
54024.13,5000.0,1.365,0.067,0736+017
54199.781,5000.0,1.312,0.061,0736+017
54199.794,5000.0,1.316,0.058,0736+017
54296.518,5000.0,1.661,0.142,0736+017
54296.531,5000.0,1.642,0.112,0736+017
54348.294,5000.0,1.57,0.085,0736+017
54348.303,5000.0,1.512,0.163,0736+017
54348.312,5000.0,1.693,0.135,0736+017
54348.322,5000.0,1.671,0.127,0736+017
54374.25,5000.0,1.504,0.077,0736+017
54374.259,5000.0,1.476,0.082,0736+017
54563.676,5000.0,1.31,0.112,0736+017
54563.685,5000.0,1.296,0.096,0736+017
54668.43,5000.0,0.954,0.099,0736+017
54689.391,5000.0,0.839,0.087,0736+017
54689.4,5000.0,0.816,0.077,0736+017
54912.835,5000.0,1.835,0.335,0736+017
54912.844,5000.0,1.856,0.253,0736+017
55002.654,5000.0,1.544,0.361,0736+017
55002.663,5000.0,1.44,0.555,0736+017
55034.508,5000.0,1.395,0.177,0736+017
55062.527,5000.0,1.297,0.32,0736+017
55062.537,5000.0,1.103,0.218,0736+017
55100.197,5000.0,1.269,0.08,0736+017
55100.206,5000.0,1.284,0.066,0736+017
55122.269,5000.0,1.252,0.074,0736+017
55122.279,5000.0,1.192,0.11,0736+017
55209.995,5000.0,1.427,0.105,0736+017
55210.005,5000.0,1.142,0.121,0736+017
53741.851,8000.0,1.04,0.025,0736+017
53771.842,8000.0,1.009,0.077,0736+017
53771.851,8000.0,0.988,0.087,0736+017
53778.809,8000.0,0.997,0.024,0736+017
53804.798,8000.0,0.897,0.085,0736+017
53804.81,8000.0,0.922,0.068,0736+017
53850.627,8000.0,1.024,0.101,0736+017
53860.578,8000.0,0.927,0.043,0736+017
53907.479,8000.0,1.429,0.117,0736+017
53956.392,8000.0,1.37,0.122,0736+017
53974.322,8000.0,1.688,0.096,0736+017
54011.218,8000.0,1.537,0.085,0736+017
54023.14,8000.0,1.484,0.075,0736+017
54038.113,8000.0,1.609,0.114,0736+017
54059.038,8000.0,1.486,0.064,0736+017
54080.004,8000.0,1.6,0.05,0736+017
54098.974,8000.0,1.427,0.076,0736+017
54121.916,8000.0,1.574,0.109,0736+017
54149.826,8000.0,1.499,0.103,0736+017
54198.759,8000.0,1.783,0.077,0736+017
54219.774,8000.0,1.919,0.092,0736+017
54275.533,8000.0,1.96,0.092,0736+017
54289.513,8000.0,1.823,0.078,0736+017
54295.577,8000.0,1.999,0.089,0736+017
54324.512,8000.0,1.982,0.1,0736+017
54344.43,8000.0,1.753,0.099,0736+017
54373.347,8000.0,1.911,0.401,0736+017
54435.15,8000.0,1.603,0.072,0736+017
54512.897,8000.0,1.663,0.092,0736+017
54562.874,8000.0,1.286,0.062,0736+017
54576.816,8000.0,1.263,0.1,0736+017
54640.594,8000.0,0.774,0.054,0736+017
54652.54,8000.0,0.834,0.09,0736+017
54667.508,8000.0,1.09,0.075,0736+017
54688.46,8000.0,1.016,0.062,0736+017
54723.369,8000.0,1.727,0.201,0736+017
54778.182,8000.0,1.56,0.129,0736+017
54951.806,8000.0,1.572,0.156,0736+017
55003.6,8000.0,1.321,0.104,0736+017
55035.57,8000.0,1.182,0.124,0736+017
55063.422,8000.0,1.237,0.14,0736+017
55077.44,8000.0,1.601,0.19,0736+017
55101.251,8000.0,1.124,0.092,0736+017
55123.221,8000.0,1.162,0.104,0736+017
55207.932,8000.0,1.136,0.311,0736+017
53750.831,22000.0,0.391,0.056,0827+243
53764.828,22000.0,0.281,0.126,0827+243
53861.657,22000.0,0.281,0.249,0827+243
53861.671,22000.0,0.691,0.272,0827+243
53955.405,22000.0,0.899,0.388,0827+243
54010.223,22000.0,1.022,0.308,0827+243
54010.237,22000.0,0.962,0.367,0827+243
54022.191,22000.0,0.916,0.352,0827+243
54022.204,22000.0,0.878,0.415,0827+243
54081.096,22000.0,1.063,0.422,0827+243
54081.11,22000.0,0.833,0.347,0827+243
54119.972,22000.0,0.913,0.434,0827+243
54183.747,22000.0,0.631,0.388,0827+243
54183.76,22000.0,0.948,0.375,0827+243
54197.679,22000.0,0.644,0.254,0827+243
54197.692,22000.0,0.688,0.231,0827+243
54197.705,22000.0,0.644,0.231,0827+243
54197.718,22000.0,0.628,0.21,0827+243
54218.724,22000.0,0.63,0.291,0827+243
54218.737,22000.0,0.574,0.272,0827+243
54218.75,22000.0,0.66,0.31,0827+243
54273.6,22000.0,0.866,0.392,0827+243
54273.614,22000.0,0.59,0.411,0827+243
54288.547,22000.0,1.225,0.315,0827+243
54288.56,22000.0,1.107,0.309,0827+243
54322.582,22000.0,1.374,0.581,0827+243
54344.581,22000.0,1.336,0.429,0827+243
54372.421,22000.0,1.796,0.422,0827+243
54372.434,22000.0,1.188,0.436,0827+243
54386.37,22000.0,1.411,0.148,0827+243
54386.383,22000.0,1.283,0.159,0827+243
54456.096,22000.0,1.86,0.341,0827+243
54456.122,22000.0,1.468,0.3,0827+243
54456.135,22000.0,1.436,0.31,0827+243
54461.12,22000.0,1.691,0.206,0827+243
54461.133,22000.0,1.497,0.225,0827+243
54478.107,22000.0,1.692,0.203,0827+243
54478.12,22000.0,1.674,0.21,0827+243
54478.134,22000.0,1.599,0.203,0827+243
54478.147,22000.0,1.479,0.202,0827+243
54511.012,22000.0,1.685,0.241,0827+243
54511.026,22000.0,1.774,0.24,0827+243
54511.039,22000.0,1.181,0.284,0827+243
54511.052,22000.0,1.051,0.289,0827+243
54575.776,22000.0,1.362,0.927,0827+243
54575.785,22000.0,1.856,0.327,0827+243
54603.684,22000.0,1.637,0.317,0827+243
54603.693,22000.0,2.187,0.302,0827+243
54639.684,22000.0,1.276,0.212,0827+243
54651.653,22000.0,1.57,0.35,0827+243
54666.606,22000.0,1.838,0.238,0827+243
54687.549,22000.0,1.783,0.3,0827+243
54779.308,22000.0,1.862,0.306,0827+243
54779.317,22000.0,1.302,0.367,0827+243
54911.906,22000.0,1.683,0.367,0827+243
54911.915,22000.0,1.269,0.344,0827+243
54952.874,22000.0,1.287,0.748,0827+243
55001.65,22000.0,1.247,0.609,0827+243
55001.66,22000.0,1.381,0.63,0827+243
55033.547,22000.0,0.953,0.304,0827+243
55033.556,22000.0,1.172,0.362,0827+243
55062.332,22000.0,1.537,0.257,0827+243
55062.342,22000.0,0.751,0.255,0827+243
55099.304,22000.0,1.183,0.183,0827+243
55099.314,22000.0,1.069,0.297,0827+243
55121.315,22000.0,1.194,0.231,0827+243
55121.325,22000.0,1.074,0.311,0827+243
55209.107,22000.0,1.932,0.378,0827+243
55209.116,22000.0,0.626,0.692,0827+243
54026.095,43000.0,1.0,0.426,0827+243
54436.018,43000.0,1.456,0.237,0827+243
54479.895,43000.0,1.817,0.274,0827+243
54480.895,43000.0,1.459,0.221,0827+243
54505.809,43000.0,1.728,0.224,0827+243
54506.813,43000.0,1.984,0.278,0827+243
54507.813,43000.0,1.761,0.237,0827+243
54521.77,43000.0,1.556,0.176,0827+243
54522.77,43000.0,1.581,0.174,0827+243
54523.77,43000.0,1.64,0.187,0827+243
54556.645,43000.0,1.052,0.142,0827+243
54557.647,43000.0,1.024,0.132,0827+243
54580.559,43000.0,0.979,0.16,0827+243
54611.478,43000.0,1.369,0.156,0827+243
54612.478,43000.0,1.297,0.152,0827+243
54642.395,43000.0,1.835,0.252,0827+243
54643.395,43000.0,1.995,0.267,0827+243
54659.353,43000.0,1.841,0.298,0827+243
54660.353,43000.0,1.841,0.295,0827+243
54680.307,43000.0,1.572,0.21,0827+243
54680.317,43000.0,1.652,0.208,0827+243
54681.308,43000.0,1.72,0.22,0827+243
54681.317,43000.0,1.965,0.242,0827+243
54682.307,43000.0,1.768,0.207,0827+243
54682.317,43000.0,1.744,0.223,0827+243
54708.229,43000.0,2.039,0.244,0827+243
54709.228,43000.0,1.969,0.236,0827+243
54710.229,43000.0,1.891,0.261,0827+243
54808.018,43000.0,1.498,0.21,0827+243
54809.018,43000.0,1.485,0.218,0827+243
54841.896,43000.0,0.872,0.233,0827+243
54842.894,43000.0,0.829,0.205,0827+243
54877.811,43000.0,1.055,0.33,0827+243
54878.812,43000.0,1.449,0.311,0827+243
54879.816,43000.0,1.652,0.424,0827+243
54929.645,43000.0,0.857,0.109,0827+243
54931.646,43000.0,1.075,0.145,0827+243
54960.52,43000.0,0.579,0.081,0827+243
54961.519,43000.0,0.555,0.089,0827+243
55009.395,43000.0,1.018,0.143,0827+243
55010.396,43000.0,1.065,0.143,0827+243
55011.395,43000.0,1.28,0.158,0827+243
55168.02,43000.0,1.053,0.176,0827+243
55209.896,43000.0,1.263,0.16,0827+243
55210.894,43000.0,0.972,0.155,0827+243
53724.011,5000.0,0.89,0.076,0827+243
53763.945,5000.0,0.97,0.077,0827+243
53766.142,5000.0,0.879,0.078,0827+243
53770.855,5000.0,0.939,0.075,0827+243
53770.863,5000.0,0.964,0.074,0827+243
53826.719,5000.0,0.69,0.122,0827+243
53826.732,5000.0,0.826,0.088,0827+243
53851.639,5000.0,0.827,0.074,0827+243
53851.648,5000.0,0.84,0.081,0827+243
53975.378,5000.0,0.76,0.08,0827+243
53975.391,5000.0,0.725,0.068,0827+243
54012.257,5000.0,0.711,0.102,0827+243
54012.27,5000.0,0.713,0.113,0827+243
54024.162,5000.0,0.707,0.052,0827+243
54024.176,5000.0,0.72,0.058,0827+243
54199.822,5000.0,0.646,0.05,0827+243
54199.835,5000.0,0.612,0.045,0827+243
54348.392,5000.0,0.774,0.069,0827+243
54348.401,5000.0,0.8,0.041,0827+243
54348.411,5000.0,0.826,0.045,0827+243
54348.42,5000.0,0.785,0.044,0827+243
54374.283,5000.0,0.885,0.063,0827+243
54374.292,5000.0,0.865,0.062,0827+243
54397.224,5000.0,0.8,0.177,0827+243
54563.696,5000.0,1.137,0.209,0827+243
54563.705,5000.0,1.024,0.233,0827+243
54689.461,5000.0,1.143,0.135,0827+243
54912.905,5000.0,1.249,0.271,0827+243
54912.915,5000.0,1.279,0.302,0827+243
55002.726,5000.0,1.291,0.496,0827+243
55002.736,5000.0,1.374,0.537,0827+243
55100.272,5000.0,1.352,0.07,0827+243
55100.281,5000.0,1.302,0.068,0827+243
55122.344,5000.0,1.277,0.063,0827+243
55122.354,5000.0,1.234,0.082,0827+243
55210.068,5000.0,1.139,0.083,0827+243
55210.078,5000.0,1.053,0.068,0827+243
53741.873,8000.0,0.688,0.017,0827+243
53765.082,8000.0,0.541,0.154,0827+243
53771.868,8000.0,0.653,0.072,0827+243
53778.825,8000.0,0.85,0.023,0827+243
53804.824,8000.0,0.717,0.069,0827+243
53850.659,8000.0,0.754,0.104,0827+243
53850.672,8000.0,0.792,0.119,0827+243
53860.62,8000.0,0.868,0.061,0827+243
53907.535,8000.0,0.777,0.058,0827+243
53956.42,8000.0,0.915,0.097,0827+243
53974.361,8000.0,0.607,0.101,0827+243
54011.252,8000.0,0.686,0.074,0827+243
54023.185,8000.0,0.723,0.058,0827+243
54038.163,8000.0,0.577,0.071,0827+243
54080.047,8000.0,0.649,0.061,0827+243
54099.017,8000.0,0.687,0.068,0827+243
54121.96,8000.0,0.697,0.097,0827+243
54198.798,8000.0,0.671,0.062,0827+243
54219.812,8000.0,0.785,0.076,0827+243
54275.57,8000.0,0.738,0.05,0827+243
54289.551,8000.0,0.773,0.043,0827+243
54295.615,8000.0,0.781,0.063,0827+243
54324.549,8000.0,1.233,0.095,0827+243
54373.384,8000.0,1.168,0.117,0827+243
54421.245,8000.0,1.182,0.086,0827+243
54435.195,8000.0,1.116,0.087,0827+243
54512.936,8000.0,1.317,0.167,0827+243
54576.862,8000.0,1.363,0.101,0827+243
54604.792,8000.0,1.535,0.172,0827+243
54640.659,8000.0,1.359,0.06,0827+243
54652.627,8000.0,1.333,0.082,0827+243
54667.578,8000.0,1.19,0.132,0827+243
54688.547,8000.0,1.416,0.094,0827+243
54723.456,8000.0,1.467,0.145,0827+243
54778.269,8000.0,1.361,0.082,0827+243
54951.876,8000.0,1.568,0.153,0827+243
55003.687,8000.0,1.623,0.095,0827+243
55035.652,8000.0,1.357,0.108,0827+243
55063.486,8000.0,1.414,0.126,0827+243
55077.492,8000.0,1.148,0.563,0827+243
55101.313,8000.0,1.263,0.068,0827+243
55123.284,8000.0,1.235,0.061,0827+243
55207.995,8000.0,0.957,0.11,0827+243
53443.715,22000.0,0.524,0.043,0829+046
53509.528,22000.0,1.482,0.552,0829+046
53511.528,22000.0,1.21,0.523,0829+046
53637.394,22000.0,0.498,0.335,0829+046
53721.008,22000.0,0.657,0.315,0829+046
53721.016,22000.0,0.709,0.311,0829+046
53722.158,22000.0,0.622,0.263,0829+046
53750.85,22000.0,0.658,0.069,0829+046
53764.849,22000.0,0.551,0.13,0829+046
53772.934,22000.0,0.5,0.266,0829+046
53849.734,22000.0,0.445,0.315,0829+046
53849.748,22000.0,0.348,0.309,0829+046
53861.698,22000.0,0.374,0.293,0829+046
54010.251,22000.0,1.037,0.389,0829+046
54010.264,22000.0,0.969,0.368,0829+046
54022.219,22000.0,1.177,0.508,0829+046
54022.232,22000.0,1.252,0.452,0829+046
54057.155,22000.0,1.372,0.96,0829+046
54057.168,22000.0,1.596,0.883,0829+046
54057.195,22000.0,1.648,0.516,0829+046
54081.124,22000.0,0.631,0.438,0829+046
54081.137,22000.0,1.719,0.381,0829+046
54081.151,22000.0,1.651,0.339,0829+046
54120.039,22000.0,0.852,0.41,0829+046
54120.053,22000.0,1.253,0.478,0829+046
54120.066,22000.0,0.674,0.412,0829+046
54197.733,22000.0,0.557,0.277,0829+046
54197.759,22000.0,0.636,0.27,0829+046
54197.773,22000.0,0.561,0.271,0829+046
54218.778,22000.0,0.972,0.34,0829+046
54218.791,22000.0,0.872,0.373,0829+046
54273.546,22000.0,1.644,0.461,0829+046
54273.573,22000.0,1.32,0.422,0829+046
54288.532,22000.0,1.253,0.308,0829+046
54294.636,22000.0,0.462,0.341,0829+046
54294.649,22000.0,0.892,0.505,0829+046
54322.502,22000.0,0.916,0.341,0829+046
54322.528,22000.0,1.335,0.367,0829+046
54372.393,22000.0,1.188,0.419,0829+046
54386.342,22000.0,0.377,0.166,0829+046
54386.356,22000.0,0.413,0.155,0829+046
54457.156,22000.0,0.868,0.312,0829+046
54457.169,22000.0,0.795,0.306,0829+046
54461.161,22000.0,0.715,0.194,0829+046
54511.939,22000.0,0.521,0.223,0829+046
54560.883,22000.0,0.462,0.212,0829+046
54575.796,22000.0,0.781,0.535,0829+046
54575.805,22000.0,0.601,0.227,0829+046
54639.713,22000.0,1.428,0.279,0829+046
54666.616,22000.0,1.302,0.239,0829+046
54666.626,22000.0,0.754,0.218,0829+046
54911.926,22000.0,0.389,0.357,0829+046
54911.935,22000.0,0.136,0.467,0829+046
55033.567,22000.0,0.842,0.376,0829+046
55033.576,22000.0,1.256,0.442,0829+046
55062.352,22000.0,1.5,0.301,0829+046
55062.362,22000.0,0.791,0.337,0829+046
55099.324,22000.0,0.748,0.301,0829+046
55121.335,22000.0,1.577,0.491,0829+046
55121.345,22000.0,1.088,0.274,0829+046
55209.127,22000.0,0.696,0.435,0829+046
55209.137,22000.0,0.636,0.47,0829+046
53826.654,43000.0,0.254,0.314,0829+046
53852.571,43000.0,0.309,0.533,0829+046
53854.574,43000.0,0.337,0.581,0829+046
53879.529,43000.0,0.489,0.378,0829+046
53911.446,43000.0,0.309,0.349,0829+046
53912.446,43000.0,0.488,0.355,0829+046
53913.446,43000.0,0.463,0.354,0829+046
53928.404,43000.0,0.311,0.357,0829+046
53951.322,43000.0,0.638,0.371,0829+046
53952.322,43000.0,0.446,0.314,0829+046
53971.281,43000.0,0.701,0.415,0829+046
53972.281,43000.0,0.726,0.423,0829+046
53973.275,43000.0,0.875,0.439,0829+046
53998.196,43000.0,0.822,0.339,0829+046
53999.197,43000.0,0.813,0.33,0829+046
54025.114,43000.0,0.488,0.375,0829+046
54277.445,43000.0,0.904,0.121,0829+046
54321.32,43000.0,0.825,0.128,0829+046
54322.32,43000.0,0.918,0.118,0829+046
54365.192,43000.0,0.746,0.109,0829+046
54423.038,43000.0,0.79,0.116,0829+046
54424.038,43000.0,0.642,0.107,0829+046
54436.038,43000.0,0.69,0.15,0829+046
54479.914,43000.0,0.421,0.091,0829+046
54480.913,43000.0,0.484,0.088,0829+046
54506.831,43000.0,0.513,0.09,0829+046
54507.83,43000.0,0.39,0.067,0829+046
54521.787,43000.0,0.573,0.088,0829+046
54522.788,43000.0,0.389,0.072,0829+046
54523.785,43000.0,0.477,0.101,0829+046
54556.664,43000.0,0.598,0.083,0829+046
54557.665,43000.0,0.463,0.07,0829+046
54580.58,43000.0,0.421,0.089,0829+046
54611.498,43000.0,0.557,0.096,0829+046
54612.497,43000.0,0.636,0.099,0829+046
54642.413,43000.0,0.532,0.091,0829+046
54643.414,43000.0,0.506,0.08,0829+046
54659.371,43000.0,0.196,0.06,0829+046
54660.37,43000.0,0.327,0.085,0829+046
54680.331,43000.0,0.43,0.074,0829+046
54681.331,43000.0,0.4,0.084,0829+046
54682.33,43000.0,0.47,0.087,0829+046
54708.247,43000.0,0.479,0.128,0829+046
54709.247,43000.0,0.47,0.141,0829+046
54710.247,43000.0,0.593,0.107,0829+046
54745.152,43000.0,0.73,0.175,0829+046
54779.038,43000.0,0.471,0.084,0829+046
54781.039,43000.0,0.721,0.146,0829+046
54808.038,43000.0,0.608,0.127,0829+046
54809.038,43000.0,0.533,0.123,0829+046
54841.913,43000.0,0.444,0.153,0829+046
54877.83,43000.0,0.956,0.277,0829+046
54878.83,43000.0,0.987,0.233,0829+046
54929.663,43000.0,0.47,0.069,0829+046
54930.663,43000.0,0.386,0.068,0829+046
54931.663,43000.0,0.562,0.109,0829+046
54960.538,43000.0,0.546,0.094,0829+046
54961.538,43000.0,0.598,0.106,0829+046
55010.412,43000.0,0.982,0.14,0829+046
55011.413,43000.0,1.02,0.172,0829+046
55168.037,43000.0,0.588,0.115,0829+046
55209.914,43000.0,0.486,0.102,0829+046
53444.717,5000.0,0.693,0.015,0829+046
53445.719,5000.0,0.671,0.015,0829+046
53477.763,5000.0,0.71,0.073,0829+046
53477.771,5000.0,0.667,0.071,0829+046
53478.805,5000.0,0.694,0.077,0829+046
53503.659,5000.0,0.684,0.081,0829+046
53503.76,5000.0,0.722,0.086,0829+046
53504.531,5000.0,0.659,0.102,0829+046
53504.754,5000.0,0.684,0.075,0829+046
53505.529,5000.0,0.677,0.096,0829+046
53505.649,5000.0,0.663,0.123,0829+046
53505.751,5000.0,0.689,0.088,0829+046
53543.517,5000.0,0.653,0.07,0829+046
53544.63,5000.0,0.718,0.087,0829+046
53607.432,5000.0,0.588,0.076,0829+046
53639.295,5000.0,0.658,0.073,0829+046
53639.434,5000.0,0.573,0.087,0829+046
53640.228,5000.0,0.648,0.073,0829+046
53724.186,5000.0,0.684,0.073,0829+046
53763.954,5000.0,0.702,0.133,0829+046
53770.872,5000.0,0.718,0.08,0829+046
53770.881,5000.0,0.7,0.075,0829+046
53826.746,5000.0,0.744,0.129,0829+046
53826.758,5000.0,0.648,0.101,0829+046
53851.661,5000.0,0.643,0.093,0829+046
53851.674,5000.0,0.676,0.085,0829+046
53975.406,5000.0,0.636,0.093,0829+046
53975.419,5000.0,0.663,0.081,0829+046
54012.285,5000.0,0.726,0.113,0829+046
54012.298,5000.0,0.718,0.09,0829+046
54024.19,5000.0,0.756,0.053,0829+046
54024.203,5000.0,0.761,0.055,0829+046
54199.85,5000.0,0.831,0.06,0829+046
54199.863,5000.0,0.787,0.054,0829+046
54296.585,5000.0,0.754,0.104,0829+046
54296.598,5000.0,0.909,0.101,0829+046
54348.354,5000.0,0.654,0.164,0829+046
54348.363,5000.0,0.636,0.18,0829+046
54348.372,5000.0,0.623,0.144,0829+046
54348.382,5000.0,0.579,0.138,0829+046
54374.302,5000.0,0.712,0.103,0829+046
54374.312,5000.0,0.678,0.075,0829+046
54563.716,5000.0,0.517,0.148,0829+046
54668.52,5000.0,0.532,0.113,0829+046
54689.472,5000.0,0.764,0.179,0829+046
54689.481,5000.0,0.515,0.119,0829+046
54912.876,5000.0,0.562,0.374,0829+046
55002.696,5000.0,0.909,0.359,0829+046
55034.552,5000.0,0.456,0.254,0829+046
55062.562,5000.0,0.89,0.206,0829+046
55100.231,5000.0,0.653,0.067,0829+046
55100.24,5000.0,0.685,0.061,0829+046
55122.303,5000.0,0.621,0.063,0829+046
55122.312,5000.0,0.602,0.067,0829+046
55210.028,5000.0,0.593,0.094,0829+046
55210.037,5000.0,0.659,0.076,0829+046
53451.717,8000.0,0.669,0.014,0829+046
53463.676,8000.0,0.652,0.013,0829+046
53478.681,8000.0,0.655,0.068,0829+046
53503.71,8000.0,0.655,0.066,0829+046
53503.82,8000.0,0.632,0.102,0829+046
53504.814,8000.0,0.698,0.174,0829+046
53505.593,8000.0,0.657,0.097,0829+046
53505.811,8000.0,0.655,0.107,0829+046
53543.65,8000.0,0.655,0.113,0829+046
53544.491,8000.0,0.602,0.089,0829+046
53578.418,8000.0,0.658,0.073,0829+046
53605.413,8000.0,0.718,0.066,0829+046
53637.212,8000.0,0.594,0.091,0829+046
53638.362,8000.0,0.632,0.069,0829+046
53698.091,8000.0,0.549,0.135,0829+046
53721.134,8000.0,0.631,0.07,0829+046
53721.983,8000.0,0.686,0.066,0829+046
53741.893,8000.0,0.659,0.016,0829+046
53743.179,8000.0,0.728,0.12,0829+046
53744.196,8000.0,0.655,0.094,0829+046
53771.886,8000.0,0.644,0.083,0829+046
53778.856,8000.0,0.591,0.028,0829+046
53804.85,8000.0,0.595,0.085,0829+046
53804.862,8000.0,0.661,0.084,0829+046
53830.784,8000.0,0.54,0.258,0829+046
53850.687,8000.0,0.681,0.107,0829+046
53850.7,8000.0,0.609,0.099,0829+046
53860.638,8000.0,0.718,0.055,0829+046
53907.554,8000.0,0.681,0.045,0829+046
53956.438,8000.0,0.793,0.089,0829+046
53974.379,8000.0,0.615,0.055,0829+046
54011.281,8000.0,0.821,0.071,0829+046
54023.208,8000.0,0.848,0.08,0829+046
54038.187,8000.0,0.892,0.074,0829+046
54080.071,8000.0,0.951,0.042,0829+046
54099.041,8000.0,0.924,0.077,0829+046
54121.978,8000.0,0.857,0.082,0829+046
54149.893,8000.0,1.07,0.185,0829+046
54198.828,8000.0,0.866,0.049,0829+046
54219.842,8000.0,0.7,0.179,0829+046
54275.594,8000.0,0.89,0.056,0829+046
54289.575,8000.0,0.893,0.053,0829+046
54295.639,8000.0,0.726,0.049,0829+046
54324.579,8000.0,0.821,0.065,0829+046
54435.219,8000.0,0.647,0.079,0829+046
54562.903,8000.0,0.57,0.076,0829+046
54576.756,8000.0,0.513,0.042,0829+046
54640.622,8000.0,0.591,0.05,0829+046
54652.579,8000.0,0.612,0.085,0829+046
54688.5,8000.0,0.666,0.079,0829+046
54723.408,8000.0,0.769,0.142,0829+046
54778.221,8000.0,0.511,0.072,0829+046
54951.846,8000.0,0.746,0.157,0829+046
55003.634,8000.0,0.685,0.13,0829+046
55035.61,8000.0,0.642,0.12,0829+046
55063.45,8000.0,0.711,0.113,0829+046
55077.474,8000.0,0.813,0.081,0829+046
55101.289,8000.0,0.641,0.072,0829+046
55123.26,8000.0,0.669,0.095,0829+046
55207.971,8000.0,0.533,0.134,0829+046
53509.549,22000.0,1.549,0.516,0836+710
53510.549,22000.0,1.997,0.578,0836+710
53637.097,22000.0,2.41,0.399,0836+710
53637.55,22000.0,2.192,0.391,0836+710
53638.764,22000.0,1.942,0.414,0836+710
53698.757,22000.0,2.151,0.319,0836+710
53721.868,22000.0,2.011,0.308,0836+710
53722.322,22000.0,1.985,0.327,0836+710
53744.154,22000.0,2.049,0.286,0836+710
53750.873,22000.0,2.184,0.127,0836+710
53764.869,22000.0,2.175,0.162,0836+710
53766.85,22000.0,2.03,0.337,0836+710
53772.962,22000.0,2.161,0.291,0836+710
53805.876,22000.0,2.382,0.317,0836+710
53805.884,22000.0,2.629,0.313,0836+710
53849.822,22000.0,2.353,0.305,0836+710
53849.831,22000.0,2.259,0.287,0836+710
53861.769,22000.0,2.221,0.267,0836+710
53861.778,22000.0,2.3,0.299,0836+710
53972.51,22000.0,2.3,0.458,0836+710
53972.519,22000.0,1.653,0.427,0836+710
54010.358,22000.0,1.806,0.381,0836+710
54010.367,22000.0,1.357,0.326,0836+710
54021.341,22000.0,2.262,0.328,0836+710
54021.351,22000.0,2.491,0.306,0836+710
54058.265,22000.0,2.473,0.401,0836+710
54058.274,22000.0,2.434,0.415,0836+710
54058.283,22000.0,2.349,0.447,0836+710
54058.292,22000.0,2.311,0.351,0836+710
54098.157,22000.0,2.12,0.336,0836+710
54098.166,22000.0,2.6,0.328,0836+710
54098.175,22000.0,1.68,0.339,0836+710
54098.184,22000.0,2.248,0.342,0836+710
54121.092,22000.0,2.269,0.439,0836+710
54121.102,22000.0,2.355,0.424,0836+710
54121.111,22000.0,1.882,0.388,0836+710
54121.12,22000.0,1.804,0.459,0836+710
54149.029,22000.0,2.252,0.356,0836+710
54149.038,22000.0,1.954,0.354,0836+710
54149.047,22000.0,1.798,0.508,0836+710
54149.056,22000.0,2.285,0.583,0836+710
54197.866,22000.0,1.627,0.434,0836+710
54197.885,22000.0,1.628,0.394,0836+710
54197.894,22000.0,1.712,0.438,0836+710
54218.896,22000.0,1.476,0.258,0836+710
54218.915,22000.0,1.779,0.324,0836+710
54218.924,22000.0,1.296,0.306,0836+710
54274.343,22000.0,1.338,0.447,0836+710
54274.352,22000.0,1.845,0.383,0836+710
54274.361,22000.0,1.248,0.381,0836+710
54288.63,22000.0,1.943,0.306,0836+710
54288.639,22000.0,1.628,0.317,0836+710
54295.296,22000.0,1.567,0.276,0836+710
54295.306,22000.0,1.75,0.294,0836+710
54322.411,22000.0,1.922,0.306,0836+710
54324.259,22000.0,1.94,0.358,0836+710
54324.268,22000.0,1.724,0.295,0836+710
54372.861,22000.0,2.577,0.83,0836+710
54457.057,22000.0,2.51,0.446,0836+710
54457.066,22000.0,2.245,0.286,0836+710
54460.998,22000.0,1.883,0.241,0836+710
54461.007,22000.0,1.956,0.176,0836+710
54511.818,22000.0,1.654,0.187,0836+710
54511.827,22000.0,1.407,0.209,0836+710
54511.837,22000.0,1.383,0.224,0836+710
54511.846,22000.0,1.443,0.206,0836+710
54560.98,22000.0,1.135,0.378,0836+710
54575.297,22000.0,1.156,0.398,0836+710
54575.306,22000.0,1.91,0.392,0836+710
54640.232,22000.0,1.158,0.285,0836+710
54652.247,22000.0,1.73,0.323,0836+710
54652.257,22000.0,1.596,0.297,0836+710
54666.185,22000.0,1.873,0.311,0836+710
54666.194,22000.0,1.293,0.259,0836+710
54687.151,22000.0,1.74,0.28,0836+710
54722.014,22000.0,2.181,0.479,0836+710
54778.919,22000.0,1.968,0.367,0836+710
54778.928,22000.0,1.847,0.346,0836+710
54911.579,22000.0,1.581,0.417,0836+710
54911.588,22000.0,1.407,0.395,0836+710
54952.544,22000.0,1.88,0.711,0836+710
55032.191,22000.0,2.202,0.42,0836+710
55032.201,22000.0,2.441,0.382,0836+710
55098.48,22000.0,2.085,0.23,0836+710
55098.489,22000.0,2.298,0.226,0836+710
55120.974,22000.0,1.827,0.432,0836+710
55120.984,22000.0,2.171,0.856,0836+710
55208.768,22000.0,2.594,0.231,0836+710
55208.778,22000.0,2.475,0.257,0836+710
53826.675,43000.0,1.887,0.722,0836+710
53852.588,43000.0,1.994,0.686,0836+710
53854.59,43000.0,2.416,0.694,0836+710
53878.55,43000.0,1.838,0.513,0836+710
53879.55,43000.0,2.079,0.537,0836+710
53912.466,43000.0,1.785,0.486,0836+710
53913.466,43000.0,1.562,0.485,0836+710
53928.432,43000.0,1.38,0.487,0836+710
53951.343,43000.0,1.743,0.516,0836+710
53952.343,43000.0,1.645,0.485,0836+710
53971.301,43000.0,1.278,0.453,0836+710
53998.218,43000.0,1.817,0.439,0836+710
53999.218,43000.0,1.646,0.415,0836+710
54025.138,43000.0,1.308,0.464,0836+710
54277.465,43000.0,1.297,0.141,0836+710
54321.34,43000.0,1.499,0.19,0836+710
54322.34,43000.0,1.512,0.2,0836+710
54365.214,43000.0,2.113,0.273,0836+710
54367.214,43000.0,1.778,0.227,0836+710
54390.178,43000.0,2.141,0.315,0836+710
54391.174,43000.0,1.942,0.45,0836+710
54423.059,43000.0,1.798,0.237,0836+710
54424.056,43000.0,1.835,0.257,0836+710
54436.059,43000.0,1.608,0.271,0836+710
54453.023,43000.0,1.228,0.331,0836+710
54478.941,43000.0,1.159,0.194,0836+710
54479.936,43000.0,1.488,0.223,0836+710
54480.936,43000.0,1.433,0.235,0836+710
54505.854,43000.0,1.585,0.208,0836+710
54506.854,43000.0,1.673,0.221,0836+710
54507.854,43000.0,1.573,0.209,0836+710
54521.812,43000.0,1.415,0.177,0836+710
54522.812,43000.0,1.54,0.186,0836+710
54523.809,43000.0,1.454,0.223,0836+710
54556.687,43000.0,1.798,0.207,0836+710
54557.687,43000.0,1.676,0.186,0836+710
54579.609,43000.0,1.409,0.201,0836+710
54580.603,43000.0,1.466,0.176,0836+710
54611.52,43000.0,1.559,0.175,0836+710
54612.521,43000.0,1.421,0.162,0836+710
54642.437,43000.0,1.96,0.27,0836+710
54643.433,43000.0,2.071,0.285,0836+710
54659.395,43000.0,2.178,0.37,0836+710
54660.396,43000.0,2.123,0.349,0836+710
54680.349,43000.0,1.996,0.231,0836+710
54680.359,43000.0,1.837,0.231,0836+710
54681.349,43000.0,2.16,0.252,0836+710
54681.359,43000.0,2.008,0.241,0836+710
54682.349,43000.0,1.896,0.233,0836+710
54682.359,43000.0,1.867,0.25,0836+710
54708.27,43000.0,2.482,0.303,0836+710
54709.271,43000.0,2.423,0.295,0836+710
54710.271,43000.0,2.428,0.28,0836+710
54745.173,43000.0,2.825,0.448,0836+710
54779.059,43000.0,2.577,0.382,0836+710
54780.059,43000.0,2.631,0.396,0836+710
54781.059,43000.0,2.496,0.376,0836+710
54808.059,43000.0,2.731,0.371,0836+710
54809.06,43000.0,2.224,0.325,0836+710
54841.935,43000.0,1.756,0.379,0836+710
54842.936,43000.0,2.448,0.513,0836+710
54877.854,43000.0,1.725,0.316,0836+710
54878.854,43000.0,1.914,0.307,0836+710
54879.854,43000.0,1.669,0.277,0836+710
54929.687,43000.0,2.138,0.25,0836+710
54930.688,43000.0,2.016,0.236,0836+710
54931.687,43000.0,2.393,0.272,0836+710
54960.562,43000.0,1.414,0.181,0836+710
54961.562,43000.0,1.497,0.188,0836+710
55009.437,43000.0,2.907,0.351,0836+710
55010.44,43000.0,3.217,0.449,0836+710
55011.437,43000.0,2.654,0.333,0836+710
55168.06,43000.0,3.961,0.628,0836+710
55209.935,43000.0,3.74,0.446,0836+710
55210.935,43000.0,3.145,0.43,0836+710
53444.759,5000.0,2.442,0.041,0836+710
53445.759,5000.0,2.444,0.041,0836+710
53454.727,5000.0,2.38,0.095,0836+710
53454.741,5000.0,2.373,0.093,0836+710
53454.822,5000.0,2.293,0.089,0836+710
53454.885,5000.0,2.323,0.088,0836+710
53456.721,5000.0,2.338,0.099,0836+710
53456.8,5000.0,2.357,0.1,0836+710
53457.119,5000.0,2.387,0.094,0836+710
53457.184,5000.0,2.348,0.115,0836+710
53457.433,5000.0,2.517,0.122,0836+710
53457.551,5000.0,2.342,0.095,0836+710
53477.645,5000.0,2.292,0.086,0836+710
53477.804,5000.0,2.359,0.086,0836+710
53478.038,5000.0,2.257,0.098,0836+710
53478.224,5000.0,2.523,0.114,0836+710
53478.453,5000.0,2.308,0.094,0836+710
53478.759,5000.0,2.314,0.092,0836+710
53478.905,5000.0,2.367,0.082,0836+710
53478.963,5000.0,2.365,0.09,0836+710
53503.339,5000.0,2.262,0.102,0836+710
53510.764,5000.0,2.29,0.137,0836+710
53511.354,5000.0,2.263,0.093,0836+710
53511.655,5000.0,2.276,0.105,0836+710
53543.436,5000.0,2.229,0.098,0836+710
53543.559,5000.0,2.214,0.09,0836+710
53543.861,5000.0,2.262,0.099,0836+710
53544.023,5000.0,2.277,0.099,0836+710
53544.337,5000.0,2.18,0.126,0836+710
53544.585,5000.0,2.188,0.088,0836+710
53544.744,5000.0,2.234,0.096,0836+710
53545.047,5000.0,2.243,0.101,0836+710
53545.151,5000.0,2.203,0.094,0836+710
53545.36,5000.0,2.305,0.107,0836+710
53576.365,5000.0,2.273,0.108,0836+710
53576.513,5000.0,2.219,0.087,0836+710
53577.035,5000.0,2.091,0.101,0836+710
53577.332,5000.0,2.211,0.131,0836+710
53577.809,5000.0,2.15,0.102,0836+710
53578.102,5000.0,2.274,0.101,0836+710
53578.339,5000.0,2.212,0.087,0836+710
53605.731,5000.0,2.189,0.09,0836+710
53606.051,5000.0,2.343,0.104,0836+710
53638.956,5000.0,2.194,0.089,0836+710
53639.135,5000.0,2.226,0.088,0836+710
53639.567,5000.0,2.102,0.086,0836+710
53639.783,5000.0,2.146,0.1,0836+710
53639.91,5000.0,2.184,0.086,0836+710
53640.065,5000.0,2.248,0.098,0836+710
53640.261,5000.0,2.193,0.074,0836+710
53723.941,5000.0,2.07,0.086,0836+710
53724.3,5000.0,2.141,0.109,0836+710
53764.028,5000.0,2.05,0.11,0836+710
53766.319,5000.0,2.131,0.096,0836+710
53770.902,5000.0,2.032,0.086,0836+710
53770.91,5000.0,2.115,0.089,0836+710
53826.827,5000.0,2.136,0.106,0836+710
53826.836,5000.0,2.056,0.111,0836+710
53851.737,5000.0,2.057,0.11,0836+710
53974.486,5000.0,2.195,0.09,0836+710
53974.495,5000.0,2.184,0.086,0836+710
54023.393,5000.0,2.193,0.069,0836+710
54023.402,5000.0,2.212,0.07,0836+710
54200.053,5000.0,2.216,0.079,0836+710
54200.062,5000.0,2.223,0.074,0836+710
54296.673,5000.0,2.201,0.103,0836+710
54296.682,5000.0,2.244,0.129,0836+710
54374.383,5000.0,2.174,0.086,0836+710
54374.392,5000.0,2.191,0.073,0836+710
54563.767,5000.0,2.052,0.072,0836+710
54563.777,5000.0,2.137,0.076,0836+710
54724.007,5000.0,1.965,0.222,0836+710
54724.016,5000.0,1.793,0.09,0836+710
54912.725,5000.0,1.906,0.271,0836+710
54912.734,5000.0,1.714,0.376,0836+710
54953.699,5000.0,1.929,0.351,0836+710
55002.54,5000.0,1.865,0.486,0836+710
55034.393,5000.0,1.773,0.245,0836+710
55034.403,5000.0,1.789,0.229,0836+710
55062.412,5000.0,1.842,0.168,0836+710
55062.422,5000.0,1.824,0.21,0836+710
55099.424,5000.0,1.787,0.064,0836+710
55099.434,5000.0,1.788,0.064,0836+710
55122.005,5000.0,2.386,0.448,0836+710
55209.879,5000.0,1.667,0.131,0836+710
55209.889,5000.0,1.891,0.184,0836+710
53349.157,8000.0,2.014,0.08,0836+710
53349.233,8000.0,2.037,0.077,0836+710
53349.265,8000.0,2.021,0.072,0836+710
53349.311,8000.0,2.076,0.073,0836+710
53349.34,8000.0,1.777,0.099,0836+710
53349.362,8000.0,1.913,0.111,0836+710
53349.405,8000.0,2.211,0.112,0836+710
53349.437,8000.0,2.072,0.09,0836+710
53349.559,8000.0,2.11,0.101,0836+710
53349.706,8000.0,1.996,0.091,0836+710
53349.813,8000.0,2.167,0.11,0836+710
53349.841,8000.0,2.041,0.09,0836+710
53349.923,8000.0,2.038,0.077,0836+710
53349.951,8000.0,2.055,0.083,0836+710
53350.001,8000.0,2.062,0.084,0836+710
53350.086,8000.0,2.064,0.068,0836+710
53350.153,8000.0,2.011,0.068,0836+710
53350.261,8000.0,2.03,0.097,0836+710
53350.296,8000.0,1.965,0.068,0836+710
53350.494,8000.0,2.154,0.113,0836+710
53350.546,8000.0,1.981,0.106,0836+710
53350.595,8000.0,2.021,0.091,0836+710
53350.662,8000.0,2.029,0.09,0836+710
53350.699,8000.0,2.032,0.094,0836+710
53350.786,8000.0,1.899,0.084,0836+710
53350.815,8000.0,1.652,0.073,0836+710
53350.875,8000.0,2.105,0.076,0836+710
53350.904,8000.0,2.062,0.067,0836+710
53350.968,8000.0,1.92,0.07,0836+710
53350.997,8000.0,2.021,0.068,0836+710
53351.105,8000.0,1.906,0.071,0836+710
53351.15,8000.0,1.996,0.072,0836+710
53351.23,8000.0,2.032,0.068,0836+710
53351.264,8000.0,2.029,0.075,0836+710
53351.393,8000.0,1.999,0.088,0836+710
53351.512,8000.0,2.108,0.092,0836+710
53351.574,8000.0,1.996,0.088,0836+710
53351.649,8000.0,2.077,0.113,0836+710
53351.687,8000.0,2.353,0.106,0836+710
53351.773,8000.0,2.064,0.095,0836+710
53351.862,8000.0,2.055,0.081,0836+710
53351.891,8000.0,1.895,0.07,0836+710
53351.963,8000.0,1.863,0.065,0836+710
53351.992,8000.0,2.039,0.071,0836+710
53352.04,8000.0,1.958,0.073,0836+710
53352.086,8000.0,1.9,0.073,0836+710
53352.129,8000.0,2.022,0.066,0836+710
53352.212,8000.0,2.025,0.071,0836+710
53352.246,8000.0,2.055,0.073,0836+710
53352.33,8000.0,1.931,0.078,0836+710
53352.374,8000.0,2.006,0.072,0836+710
53352.509,8000.0,1.944,0.102,0836+710
53352.571,8000.0,2.177,0.097,0836+710
53387.869,8000.0,1.87,0.08,0836+710
53387.927,8000.0,1.852,0.078,0836+710
53418.11,8000.0,1.859,0.078,0836+710
53451.759,8000.0,1.859,0.028,0836+710
53455.015,8000.0,1.866,0.159,0836+710
53456.93,8000.0,1.734,0.091,0836+710
53456.991,8000.0,1.901,0.164,0836+710
53457.28,8000.0,1.815,0.107,0836+710
53457.382,8000.0,1.823,0.123,0836+710
53457.593,8000.0,1.724,0.086,0836+710
53477.996,8000.0,1.776,0.087,0836+710
53478.261,8000.0,1.69,0.192,0836+710
53478.409,8000.0,1.622,0.099,0836+710
53478.591,8000.0,1.623,0.094,0836+710
53478.719,8000.0,1.79,0.077,0836+710
53511.232,8000.0,1.836,0.101,0836+710
53543.614,8000.0,1.644,0.081,0836+710
53544.404,8000.0,1.686,0.083,0836+710
53544.828,8000.0,1.757,0.115,0836+710
53545.294,8000.0,1.69,0.179,0836+710
53576.591,8000.0,1.674,0.078,0836+710
53576.877,8000.0,1.834,0.133,0836+710
53577.156,8000.0,1.717,0.158,0836+710
53605.915,8000.0,1.872,0.103,0836+710
53606.216,8000.0,1.87,0.092,0836+710
53637.244,8000.0,1.788,0.113,0836+710
53637.725,8000.0,1.858,0.094,0836+710
53638.457,8000.0,1.79,0.069,0836+710
53698.132,8000.0,1.811,0.094,0836+710
53698.899,8000.0,1.799,0.083,0836+710
53720.826,8000.0,1.72,0.086,0836+710
53721.228,8000.0,1.789,0.07,0836+710
53722.015,8000.0,1.806,0.082,0836+710
53722.72,8000.0,1.817,0.09,0836+710
53741.914,8000.0,1.753,0.04,0836+710
53743.334,8000.0,1.822,0.086,0836+710
53744.35,8000.0,1.851,0.082,0836+710
53765.783,8000.0,1.893,0.098,0836+710
53771.92,8000.0,1.822,0.088,0836+710
53771.928,8000.0,1.819,0.09,0836+710
53778.873,8000.0,1.863,0.043,0836+710
53804.889,8000.0,2.057,0.133,0836+710
53835.392,8000.0,2.02,0.205,0836+710
53835.401,8000.0,1.779,0.187,0836+710
53835.442,8000.0,2.082,0.177,0836+710
53835.452,8000.0,1.97,0.246,0836+710
53835.498,8000.0,1.932,0.214,0836+710
53835.507,8000.0,1.931,0.188,0836+710
53835.552,8000.0,1.95,0.151,0836+710
53835.561,8000.0,1.747,0.138,0836+710
53835.612,8000.0,1.763,0.137,0836+710
53835.621,8000.0,1.887,0.151,0836+710
53835.671,8000.0,1.939,0.163,0836+710
53835.718,8000.0,1.773,0.527,0836+710
53835.768,8000.0,1.861,0.165,0836+710
53835.777,8000.0,1.785,0.204,0836+710
53835.822,8000.0,1.847,0.17,0836+710
53835.831,8000.0,1.738,0.165,0836+710
53835.884,8000.0,1.835,0.178,0836+710
53835.893,8000.0,1.758,0.169,0836+710
53835.937,8000.0,1.842,0.136,0836+710
53835.946,8000.0,1.953,0.159,0836+710
53835.994,8000.0,1.758,0.158,0836+710
53836.004,8000.0,1.669,0.165,0836+710
53836.048,8000.0,1.839,0.217,0836+710
53836.057,8000.0,1.832,0.265,0836+710
53836.103,8000.0,1.758,0.162,0836+710
53836.112,8000.0,1.597,0.175,0836+710
53836.17,8000.0,2.078,0.201,0836+710
53836.179,8000.0,1.963,0.203,0836+710
53836.224,8000.0,1.786,0.212,0836+710
53836.233,8000.0,1.934,0.183,0836+710
53836.284,8000.0,1.57,0.166,0836+710
53836.293,8000.0,1.918,0.302,0836+710
53836.344,8000.0,1.909,0.187,0836+710
53836.353,8000.0,2.052,0.193,0836+710
53836.405,8000.0,1.919,0.297,0836+710
53836.539,8000.0,1.853,0.192,0836+710
53836.548,8000.0,1.919,0.271,0836+710
53836.59,8000.0,1.941,0.154,0836+710
53836.599,8000.0,1.904,0.207,0836+710
53836.7,8000.0,1.907,0.164,0836+710
53836.709,8000.0,1.821,0.159,0836+710
53836.764,8000.0,1.731,0.169,0836+710
53836.773,8000.0,1.975,0.2,0836+710
53836.818,8000.0,1.937,0.153,0836+710
53836.827,8000.0,1.829,0.19,0836+710
53836.871,8000.0,1.883,0.29,0836+710
53836.88,8000.0,1.677,0.371,0836+710
53836.92,8000.0,1.891,0.145,0836+710
53836.929,8000.0,1.836,0.139,0836+710
53836.993,8000.0,1.785,0.162,0836+710
53837.002,8000.0,1.784,0.199,0836+710
53837.044,8000.0,1.962,0.149,0836+710
53837.053,8000.0,1.83,0.145,0836+710
53837.099,8000.0,1.855,0.19,0836+710
53837.109,8000.0,1.849,0.172,0836+710
53837.167,8000.0,1.9,0.154,0836+710
53837.176,8000.0,1.882,0.163,0836+710
53837.221,8000.0,1.825,0.189,0836+710
53837.23,8000.0,1.893,0.272,0836+710
53837.281,8000.0,1.74,0.142,0836+710
53850.79,8000.0,2.045,0.14,0836+710
53860.73,8000.0,1.902,0.053,0836+710
53907.646,8000.0,1.971,0.073,0836+710
53956.512,8000.0,1.897,0.11,0836+710
53973.495,8000.0,1.916,0.166,0836+710
54011.371,8000.0,2.094,0.172,0836+710
54022.374,8000.0,2.232,0.127,0836+710
54037.368,8000.0,2.368,0.157,0836+710
54080.256,8000.0,2.207,0.14,0836+710
54099.211,8000.0,2.124,0.086,0836+710
54150.063,8000.0,2.185,0.1,0836+710
54199.649,8000.0,2.207,0.142,0836+710
54220.663,8000.0,2.225,0.168,0836+710
54275.353,8000.0,2.111,0.099,0836+710
54289.337,8000.0,2.008,0.098,0836+710
54295.403,8000.0,2.008,0.163,0836+710
54324.359,8000.0,2.071,0.078,0836+710
54344.299,8000.0,1.849,0.079,0836+710
54373.172,8000.0,1.855,0.134,0836+710
54421.047,8000.0,1.897,0.239,0836+710
54435.001,8000.0,1.782,0.103,0836+710
54476.909,8000.0,1.429,0.161,0836+710
54512.752,8000.0,1.682,0.087,0836+710
54562.785,8000.0,1.761,0.1,0836+710
54576.3,8000.0,1.699,0.16,0836+710
54605.25,8000.0,1.478,0.133,0836+710
54641.186,8000.0,1.593,0.125,0836+710
54667.222,8000.0,1.6,0.189,0836+710
54688.18,8000.0,1.577,0.181,0836+710
54723.235,8000.0,1.693,0.145,0836+710
54778.046,8000.0,1.603,0.148,0836+710
54951.667,8000.0,2.101,0.345,0836+710
55003.461,8000.0,1.591,0.216,0836+710
55035.437,8000.0,1.345,0.143,0836+710
55064.278,8000.0,1.415,0.11,0836+710
55077.306,8000.0,1.461,0.14,0836+710
55100.369,8000.0,1.496,0.041,0836+710
55123.349,8000.0,1.47,0.09,0836+710
55208.06,8000.0,1.585,0.092,0836+710
53372.908,22000.0,2.962,0.184,0851+202
53372.967,22000.0,2.9,0.18,0851+202
53373.005,22000.0,2.997,0.189,0851+202
53373.908,22000.0,2.943,0.185,0851+202
53373.967,22000.0,3.032,0.187,0851+202
53374.005,22000.0,3.024,0.186,0851+202
53376.909,22000.0,3.044,0.187,0851+202
53376.967,22000.0,3.033,0.189,0851+202
53377.005,22000.0,3.128,0.194,0851+202
53377.909,22000.0,3.02,0.187,0851+202
53377.967,22000.0,2.99,0.184,0851+202
53378.005,22000.0,3.039,0.191,0851+202
53378.909,22000.0,2.95,0.185,0851+202
53378.967,22000.0,2.973,0.184,0851+202
53379.909,22000.0,3.01,0.192,0851+202
53379.967,22000.0,3.053,0.19,0851+202
53380.005,22000.0,2.993,0.187,0851+202
53380.909,22000.0,2.913,0.18,0851+202
53380.967,22000.0,2.961,0.185,0851+202
53381.005,22000.0,3.116,0.193,0851+202
53413.799,22000.0,2.951,0.096,0851+202
53413.861,22000.0,2.996,0.096,0851+202
53414.799,22000.0,3.051,0.175,0851+202
53415.802,22000.0,2.85,0.147,0851+202
53415.861,22000.0,3.004,0.105,0851+202
53441.695,22000.0,2.328,0.076,0851+202
53441.757,22000.0,2.275,0.075,0851+202
53442.695,22000.0,2.366,0.081,0851+202
53442.757,22000.0,2.259,0.071,0851+202
53443.695,22000.0,2.344,0.079,0851+202
53443.757,22000.0,2.233,0.075,0851+202
53465.716,22000.0,2.148,0.311,0851+202
53466.653,22000.0,2.081,0.31,0851+202
53509.57,22000.0,2.309,0.519,0851+202
53510.57,22000.0,2.365,0.566,0851+202
53637.402,22000.0,3.728,0.325,0851+202
53638.252,22000.0,3.622,0.428,0851+202
53721.024,22000.0,3.142,0.327,0851+202
53722.174,22000.0,3.194,0.337,0851+202
53744.044,22000.0,2.595,0.353,0851+202
53750.891,22000.0,3.723,0.206,0851+202
53764.89,22000.0,3.038,0.202,0851+202
53766.833,22000.0,2.355,0.372,0851+202
53773.008,22000.0,3.163,0.305,0851+202
53773.017,22000.0,3.237,0.308,0851+202
53773.026,22000.0,3.266,0.294,0851+202
53805.94,22000.0,4.767,0.751,0851+202
53805.948,22000.0,4.393,0.613,0851+202
53849.883,22000.0,5.643,0.463,0851+202
53849.892,22000.0,5.259,0.455,0851+202
53861.829,22000.0,4.815,0.378,0851+202
53861.838,22000.0,4.698,0.394,0851+202
53955.59,22000.0,3.516,0.571,0851+202
53973.427,22000.0,3.767,0.365,0851+202
54010.277,22000.0,3.245,0.386,0851+202
54010.286,22000.0,3.362,0.44,0851+202
54022.257,22000.0,3.293,0.382,0851+202
54022.266,22000.0,3.27,0.445,0851+202
54058.126,22000.0,3.649,0.585,0851+202
54058.135,22000.0,3.513,0.546,0851+202
54058.144,22000.0,4.043,0.43,0851+202
54058.153,22000.0,2.796,0.469,0851+202
54098.015,22000.0,3.362,0.353,0851+202
54098.024,22000.0,3.329,0.357,0851+202
54098.034,22000.0,3.322,0.364,0851+202
54098.043,22000.0,3.481,0.366,0851+202
54120.951,22000.0,2.673,0.542,0851+202
54120.96,22000.0,3.405,0.517,0851+202
54120.97,22000.0,3.705,0.524,0851+202
54120.979,22000.0,2.167,0.461,0851+202
54148.897,22000.0,2.763,0.482,0851+202
54148.906,22000.0,3.086,0.48,0851+202
54198.551,22000.0,1.7,0.602,0851+202
54198.561,22000.0,1.853,0.508,0851+202
54198.57,22000.0,1.572,0.45,0851+202
54198.579,22000.0,1.049,0.369,0851+202
54219.566,22000.0,1.765,0.386,0851+202
54219.575,22000.0,1.53,0.329,0851+202
54219.584,22000.0,1.517,0.377,0851+202
54219.593,22000.0,1.034,0.3,0851+202
54274.57,22000.0,2.005,0.325,0851+202
54274.579,22000.0,1.562,0.285,0851+202
54274.588,22000.0,1.325,0.347,0851+202
54274.597,22000.0,1.606,0.343,0851+202
54288.72,22000.0,1.781,0.446,0851+202
54294.689,22000.0,2.063,0.367,0851+202
54294.698,22000.0,2.646,0.43,0851+202
54294.707,22000.0,1.872,0.423,0851+202
54323.502,22000.0,1.387,0.414,0851+202
54323.52,22000.0,2.273,0.381,0851+202
54323.529,22000.0,1.437,0.48,0851+202
54323.538,22000.0,2.465,0.532,0851+202
54345.466,22000.0,1.681,0.371,0851+202
54345.475,22000.0,1.659,0.383,0851+202
54345.485,22000.0,2.196,0.331,0851+202
54345.494,22000.0,2.364,0.416,0851+202
54372.447,22000.0,1.863,0.384,0851+202
54372.456,22000.0,1.632,0.409,0851+202
54372.465,22000.0,1.879,0.441,0851+202
54386.396,22000.0,2.559,0.224,0851+202
54386.405,22000.0,2.034,0.188,0851+202
54461.173,22000.0,3.092,0.247,0851+202
54461.183,22000.0,2.737,0.213,0851+202
54479.144,22000.0,3.985,0.354,0851+202
54479.153,22000.0,3.251,0.386,0851+202
54512.024,22000.0,3.013,0.246,0851+202
54512.033,22000.0,2.868,0.325,0851+202
54512.042,22000.0,2.924,0.296,0851+202
54512.051,22000.0,2.386,0.274,0851+202
54561.819,22000.0,3.695,0.238,0851+202
54561.828,22000.0,3.121,0.203,0851+202
54561.838,22000.0,3.529,0.205,0851+202
54575.757,22000.0,3.24,1.142,0851+202
54603.664,22000.0,4.143,0.469,0851+202
54639.643,22000.0,3.144,0.352,0851+202
54639.652,22000.0,3.373,0.372,0851+202
54651.62,22000.0,2.445,0.465,0851+202
54666.554,22000.0,3.698,0.383,0851+202
54666.563,22000.0,3.323,0.339,0851+202
54687.507,22000.0,3.3,0.438,0851+202
54687.516,22000.0,3.245,0.434,0851+202
54722.376,22000.0,2.683,0.636,0851+202
54779.265,22000.0,3.384,0.425,0851+202
54779.274,22000.0,3.351,0.457,0851+202
54816.141,22000.0,3.555,0.451,0851+202
54911.864,22000.0,5.546,0.638,0851+202
54911.873,22000.0,5.811,0.665,0851+202
54952.831,22000.0,4.92,1.039,0851+202
55001.607,22000.0,6.024,0.966,0851+202
55001.616,22000.0,5.864,0.964,0851+202
55062.287,22000.0,8.219,0.931,0851+202
55062.297,22000.0,7.771,0.901,0851+202
55099.254,22000.0,6.883,0.443,0851+202
55099.264,22000.0,7.934,0.498,0851+202
55121.271,22000.0,8.843,0.838,0851+202
55121.281,22000.0,8.91,0.771,0851+202
55209.064,22000.0,11.456,0.609,0851+202
55209.073,22000.0,11.755,0.64,0851+202
53473.654,43000.0,1.13,0.207,0851+202
53473.837,43000.0,1.591,0.261,0851+202
53473.939,43000.0,1.461,0.978,0851+202
53826.703,43000.0,3.591,1.271,0851+202
53827.692,43000.0,2.998,1.062,0851+202
53854.609,43000.0,5.233,1.089,0851+202
53855.619,43000.0,5.33,1.2,0851+202
53878.572,43000.0,3.605,0.756,0851+202
53879.572,43000.0,3.704,0.808,0851+202
53911.484,43000.0,3.058,0.682,0851+202
53912.489,43000.0,2.966,0.649,0851+202
53913.489,43000.0,2.824,0.642,0851+202
53928.446,43000.0,1.585,0.476,0851+202
53931.448,43000.0,1.471,0.508,0851+202
53951.364,43000.0,2.061,0.539,0851+202
53952.364,43000.0,1.656,0.487,0851+202
53971.322,43000.0,1.893,0.55,0851+202
53973.323,43000.0,2.275,0.635,0851+202
53998.237,43000.0,2.489,0.536,0851+202
53999.237,43000.0,2.703,0.573,0851+202
54025.154,43000.0,1.28,0.47,0851+202
54026.154,43000.0,0.928,0.453,0851+202
54277.489,43000.0,1.321,0.197,0851+202
54321.364,43000.0,1.587,0.193,0851+202
54322.364,43000.0,1.533,0.194,0851+202
54365.239,43000.0,2.19,0.264,0851+202
54367.192,43000.0,1.909,0.255,0851+202
54367.239,43000.0,1.828,0.227,0851+202
54390.192,43000.0,2.223,0.327,0851+202
54391.196,43000.0,2.495,0.376,0851+202
54423.083,43000.0,3.165,0.399,0851+202
54424.086,43000.0,3.096,0.429,0851+202
54436.083,43000.0,3.706,0.575,0851+202
54453.041,43000.0,3.089,0.548,0851+202
54479.88,43000.0,3.666,0.514,0851+202
54479.963,43000.0,3.765,0.573,0851+202
54480.879,43000.0,3.423,0.479,0851+202
54505.796,43000.0,3.273,0.418,0851+202
54505.87,43000.0,3.834,0.523,0851+202
54506.869,43000.0,3.969,0.532,0851+202
54507.797,43000.0,3.62,0.454,0851+202
54507.87,43000.0,3.916,0.518,0851+202
54521.755,43000.0,2.602,0.289,0851+202
54521.828,43000.0,2.911,0.349,0851+202
54522.755,43000.0,2.596,0.288,0851+202
54522.828,43000.0,2.915,0.351,0851+202
54523.755,43000.0,2.699,0.313,0851+202
54523.827,43000.0,2.935,0.361,0851+202
54556.703,43000.0,3.898,0.427,0851+202
54557.703,43000.0,3.892,0.447,0851+202
54579.573,43000.0,2.231,0.287,0851+202
54579.619,43000.0,2.498,0.279,0851+202
54580.619,43000.0,2.587,0.263,0851+202
54611.463,43000.0,3.846,0.405,0851+202
54611.536,43000.0,3.922,0.412,0851+202
54611.544,43000.0,4.193,0.493,0851+202
54612.463,43000.0,3.687,0.376,0851+202
54612.536,43000.0,3.517,0.379,0851+202
54612.544,43000.0,3.316,0.378,0851+202
54642.38,43000.0,2.666,0.33,0851+202
54643.379,43000.0,3.345,0.419,0851+202
54659.338,43000.0,2.881,0.427,0851+202
54659.414,43000.0,2.501,0.44,0851+202
54660.338,43000.0,3.152,0.48,0851+202
54660.413,43000.0,2.91,0.491,0851+202
54680.296,43000.0,3.045,0.325,0851+202
54680.372,43000.0,2.905,0.341,0851+202
54681.296,43000.0,3.278,0.328,0851+202
54681.371,43000.0,2.97,0.326,0851+202
54682.297,43000.0,3.041,0.326,0851+202
54682.372,43000.0,2.836,0.362,0851+202
54708.213,43000.0,3.388,0.421,0851+202
54708.286,43000.0,2.862,0.425,0851+202
54708.294,43000.0,2.846,0.436,0851+202
54709.213,43000.0,3.231,0.402,0851+202
54709.286,43000.0,3.163,0.371,0851+202
54709.294,43000.0,3.01,0.434,0851+202
54710.213,43000.0,3.017,0.384,0851+202
54710.286,43000.0,2.959,0.362,0851+202
54710.294,43000.0,3.159,0.447,0851+202
54744.203,43000.0,3.226,0.535,0851+202
54745.201,43000.0,3.109,0.552,0851+202
54779.082,43000.0,3.269,0.494,0851+202
54780.083,43000.0,3.592,0.535,0851+202
54781.083,43000.0,3.703,0.55,0851+202
54808.083,43000.0,4.718,0.683,0851+202
54809.083,43000.0,4.113,0.607,0851+202
54840.877,43000.0,5.889,1.059,0851+202
54840.963,43000.0,5.266,0.99,0851+202
54841.879,43000.0,5.015,0.863,0851+202
54841.963,43000.0,4.351,0.778,0851+202
54842.879,43000.0,5.423,0.85,0851+202
54877.797,43000.0,6.502,1.096,0851+202
54878.796,43000.0,6.564,0.88,0851+202
54879.869,43000.0,7.323,1.022,0851+202
54929.629,43000.0,4.988,0.544,0851+202
54929.703,43000.0,5.442,0.581,0851+202
54931.629,43000.0,5.073,0.545,0851+202
54931.703,43000.0,5.833,0.628,0851+202
54959.578,43000.0,4.727,0.557,0851+202
54960.578,43000.0,4.847,0.57,0851+202
54961.504,43000.0,4.37,0.49,0851+202
54961.578,43000.0,4.785,0.557,0851+202
55009.453,43000.0,6.078,0.729,0851+202
55009.461,43000.0,6.247,0.83,0851+202
55011.46,43000.0,6.496,0.785,0851+202
55155.993,43000.0,7.903,0.933,0851+202
55158.004,43000.0,10.199,1.487,0851+202
55160.996,43000.0,11.835,1.75,0851+202
55163.994,43000.0,13.931,1.782,0851+202
55164.997,43000.0,13.124,1.709,0851+202
55165.997,43000.0,13.7,1.871,0851+202
55168.083,43000.0,14.231,2.275,0851+202
55174.949,43000.0,13.782,1.717,0851+202
55175.955,43000.0,14.235,1.77,0851+202
55176.946,43000.0,14.918,1.83,0851+202
55178.961,43000.0,13.631,1.737,0851+202
55184.912,43000.0,15.662,1.833,0851+202
55185.916,43000.0,13.686,1.627,0851+202
55186.921,43000.0,15.726,1.886,0851+202
55187.926,43000.0,17.978,2.583,0851+202
55188.91,43000.0,15.405,1.832,0851+202
55189.915,43000.0,16.348,1.968,0851+202
55209.884,43000.0,13.971,1.519,0851+202
55209.963,43000.0,14.631,1.641,0851+202
55210.883,43000.0,10.742,1.251,0851+202
55210.963,43000.0,10.546,1.253,0851+202
55213.819,43000.0,12.44,1.224,0851+202
55213.838,43000.0,13.43,1.407,0851+202
55214.836,43000.0,13.159,1.412,0851+202
55214.844,43000.0,13.398,1.41,0851+202
53355.125,5000.0,1.725,0.027,0851+202
53355.186,5000.0,1.735,0.038,0851+202
53355.246,5000.0,1.685,0.045,0851+202
53357.239,5000.0,1.6,0.04,0851+202
53358.111,5000.0,1.714,0.072,0851+202
53358.175,5000.0,1.694,0.099,0851+202
53358.239,5000.0,1.63,0.088,0851+202
53360.111,5000.0,1.678,0.057,0851+202
53360.175,5000.0,1.673,0.17,0851+202
53381.968,5000.0,1.609,0.029,0851+202
53383.926,5000.0,1.54,0.024,0851+202
53384.925,5000.0,1.548,0.027,0851+202
53444.716,5000.0,1.454,0.025,0851+202
53445.697,5000.0,1.505,0.026,0851+202
53454.859,5000.0,1.537,0.088,0851+202
53454.867,5000.0,1.6,0.102,0851+202
53456.78,5000.0,1.608,0.082,0851+202
53477.78,5000.0,1.616,0.072,0851+202
53477.788,5000.0,1.658,0.077,0851+202
53478.563,5000.0,1.55,0.097,0851+202
53478.571,5000.0,1.625,0.101,0851+202
53478.814,5000.0,1.675,0.08,0851+202
53478.972,5000.0,1.645,0.091,0851+202
53503.666,5000.0,1.536,0.105,0851+202
53503.768,5000.0,1.554,0.092,0851+202
53503.875,5000.0,1.68,0.085,0851+202
53504.538,5000.0,1.543,0.086,0851+202
53504.761,5000.0,1.7,0.081,0851+202
53504.87,5000.0,1.596,0.086,0851+202
53505.536,5000.0,1.542,0.088,0851+202
53505.656,5000.0,1.554,0.099,0851+202
53505.758,5000.0,1.673,0.09,0851+202
53505.867,5000.0,1.604,0.082,0851+202
53511.621,5000.0,1.549,0.087,0851+202
53543.525,5000.0,1.607,0.1,0851+202
53544.638,5000.0,1.545,0.091,0851+202
53607.441,5000.0,1.653,0.083,0851+202
53639.106,5000.0,1.859,0.106,0851+202
53639.304,5000.0,1.772,0.071,0851+202
53640.237,5000.0,1.683,0.082,0851+202
53723.932,5000.0,1.962,0.092,0851+202
53724.195,5000.0,1.953,0.084,0851+202
53763.962,5000.0,2.021,0.092,0851+202
53766.15,5000.0,2.157,0.095,0851+202
53770.949,5000.0,2.088,0.088,0851+202
53770.957,5000.0,2.096,0.086,0851+202
53770.966,5000.0,2.114,0.081,0851+202
53826.77,5000.0,2.292,0.138,0851+202
53826.779,5000.0,2.314,0.102,0851+202
53851.686,5000.0,2.469,0.115,0851+202
53851.695,5000.0,2.445,0.124,0851+202
53975.442,5000.0,2.336,0.092,0851+202
53975.451,5000.0,2.219,0.088,0851+202
54012.311,5000.0,2.22,0.074,0851+202
54012.32,5000.0,2.274,0.094,0851+202
54024.215,5000.0,2.32,0.072,0851+202
54024.225,5000.0,2.186,0.07,0851+202
54199.875,5000.0,1.757,0.066,0851+202
54199.885,5000.0,1.821,0.066,0851+202
54296.611,5000.0,1.294,0.141,0851+202
54296.62,5000.0,1.189,0.114,0851+202
54348.453,5000.0,1.781,0.064,0851+202
54348.462,5000.0,1.783,0.059,0851+202
54348.471,5000.0,1.593,0.054,0851+202
54348.481,5000.0,1.698,0.056,0851+202
54348.49,5000.0,1.649,0.057,0851+202
54374.322,5000.0,1.794,0.082,0851+202
54374.331,5000.0,1.793,0.098,0851+202
54397.263,5000.0,1.827,0.198,0851+202
54397.272,5000.0,1.883,0.228,0851+202
54668.45,5000.0,1.983,0.165,0851+202
54668.459,5000.0,1.738,0.138,0851+202
54689.411,5000.0,1.608,0.084,0851+202
54689.42,5000.0,1.059,0.122,0851+202
54724.192,5000.0,1.872,0.083,0851+202
54724.201,5000.0,1.967,0.088,0851+202
54912.886,5000.0,2.097,0.303,0851+202
54912.895,5000.0,1.877,0.21,0851+202
54953.861,5000.0,3.301,1.118,0851+202
54953.871,5000.0,1.435,0.72,0851+202
55002.706,5000.0,1.723,0.416,0851+202
55002.716,5000.0,2.268,0.429,0851+202
55034.581,5000.0,1.824,0.345,0851+202
55062.573,5000.0,2.153,0.277,0851+202
55062.582,5000.0,2.002,0.229,0851+202
55100.251,5000.0,2.184,0.068,0851+202
55100.261,5000.0,2.229,0.068,0851+202
55122.323,5000.0,2.34,0.079,0851+202
55122.333,5000.0,2.446,0.083,0851+202
55210.048,5000.0,3.452,0.106,0851+202
55210.058,5000.0,3.398,0.129,0851+202
53382.868,8000.0,1.875,0.06,0851+202
53382.927,8000.0,1.886,0.06,0851+202
53382.966,8000.0,1.845,0.059,0851+202
53387.965,8000.0,1.786,0.092,0851+202
53387.972,8000.0,1.944,0.094,0851+202
53412.801,8000.0,2.058,0.052,0851+202
53412.874,8000.0,1.818,0.045,0851+202
53418.101,8000.0,1.957,0.138,0851+202
53456.967,8000.0,1.844,0.134,0851+202
53456.975,8000.0,1.881,0.131,0851+202
53463.649,8000.0,1.869,0.036,0851+202
53463.661,8000.0,1.935,0.042,0851+202
53463.738,8000.0,1.888,0.031,0851+202
53464.654,8000.0,1.718,0.073,0851+202
53464.738,8000.0,1.905,0.036,0851+202
53477.979,8000.0,1.866,0.13,0851+202
53477.987,8000.0,2.023,0.15,0851+202
53478.689,8000.0,1.892,0.088,0851+202
53503.717,8000.0,1.92,0.074,0851+202
53503.827,8000.0,1.904,0.18,0851+202
53504.71,8000.0,2.164,0.152,0851+202
53505.6,8000.0,1.93,0.075,0851+202
53505.818,8000.0,2.178,0.099,0851+202
53505.906,8000.0,2.047,0.145,0851+202
53510.822,8000.0,2.096,0.101,0851+202
53511.477,8000.0,2.241,0.1,0851+202
53543.658,8000.0,2.165,0.13,0851+202
53544.499,8000.0,2.201,0.107,0851+202
53577.637,8000.0,2.262,0.124,0851+202
53605.421,8000.0,2.717,0.107,0851+202
53637.22,8000.0,2.298,0.1,0851+202
53638.371,8000.0,2.506,0.071,0851+202
53698.099,8000.0,2.708,0.118,0851+202
53721.142,8000.0,2.791,0.087,0851+202
53721.991,8000.0,2.719,0.095,0851+202
53741.935,8000.0,2.872,0.064,0851+202
53743.188,8000.0,2.752,0.108,0851+202
53743.828,8000.0,2.976,0.108,0851+202
53744.204,8000.0,2.668,0.122,0851+202
53765.099,8000.0,2.984,0.192,0851+202
53771.966,8000.0,2.635,0.099,0851+202
53771.975,8000.0,2.843,0.112,0851+202
53771.984,8000.0,2.773,0.125,0851+202
53778.893,8000.0,2.617,0.06,0851+202
53804.934,8000.0,2.914,0.142,0851+202
53804.942,8000.0,3.108,0.106,0851+202
53804.951,8000.0,3.122,0.119,0851+202
53830.797,8000.0,3.838,0.344,0851+202
53830.806,8000.0,4.048,0.417,0851+202
53850.712,8000.0,3.579,0.139,0851+202
53850.721,8000.0,3.726,0.168,0851+202
53850.73,8000.0,3.62,0.19,0851+202
53860.667,8000.0,3.636,0.085,0851+202
53907.583,8000.0,3.893,0.116,0851+202
53956.456,8000.0,3.047,0.236,0851+202
53974.409,8000.0,3.018,0.089,0851+202
54011.305,8000.0,2.602,0.119,0851+202
54023.248,8000.0,2.736,0.103,0851+202
54038.226,8000.0,2.407,0.099,0851+202
54080.11,8000.0,2.76,0.065,0851+202
54099.08,8000.0,2.666,0.09,0851+202
54149.932,8000.0,2.208,0.366,0851+202
54185.901,8000.0,2.365,0.493,0851+202
54198.868,8000.0,1.989,0.066,0851+202
54219.882,8000.0,1.861,0.12,0851+202
54275.634,8000.0,1.73,0.104,0851+202
54289.599,8000.0,1.741,0.082,0851+202
54295.662,8000.0,1.595,0.128,0851+202
54324.603,8000.0,1.629,0.14,0851+202
54373.426,8000.0,2.22,0.089,0851+202
54435.237,8000.0,2.261,0.072,0851+202
54477.15,8000.0,2.253,0.165,0851+202
54512.996,8000.0,1.73,0.366,0851+202
54576.844,8000.0,2.533,0.083,0851+202
54604.774,8000.0,2.895,0.27,0851+202
54640.641,8000.0,2.738,0.117,0851+202
54652.603,8000.0,2.924,0.159,0851+202
54667.572,8000.0,2.646,0.108,0851+202
54688.524,8000.0,2.636,0.084,0851+202
54723.432,8000.0,2.493,0.327,0851+202
54778.245,8000.0,2.335,0.102,0851+202
54951.869,8000.0,3.317,0.238,0851+202
55003.663,8000.0,2.94,0.17,0851+202
55035.634,8000.0,3.157,0.12,0851+202
55063.468,8000.0,3.383,0.09,0851+202
55100.343,8000.0,3.536,0.055,0851+202
55123.323,8000.0,4.012,0.125,0851+202
55208.034,8000.0,6.446,0.23,0851+202
53372.928,22000.0,1.716,0.114,0954+658
53372.986,22000.0,1.607,0.109,0954+658
53373.044,22000.0,1.572,0.112,0954+658
53373.928,22000.0,1.694,0.112,0954+658
53373.986,22000.0,1.735,0.113,0954+658
53374.044,22000.0,1.638,0.11,0954+658
53376.928,22000.0,1.625,0.106,0954+658
53376.986,22000.0,1.696,0.112,0954+658
53377.044,22000.0,1.637,0.109,0954+658
53377.928,22000.0,1.649,0.11,0954+658
53377.986,22000.0,1.628,0.113,0954+658
53378.044,22000.0,1.642,0.11,0954+658
53378.928,22000.0,1.658,0.108,0954+658
53378.985,22000.0,1.717,0.112,0954+658
53379.928,22000.0,1.656,0.108,0954+658
53379.985,22000.0,1.664,0.115,0954+658
53380.044,22000.0,1.593,0.105,0954+658
53380.928,22000.0,1.52,0.101,0954+658
53380.986,22000.0,1.64,0.106,0954+658
53381.044,22000.0,1.598,0.106,0954+658
53413.82,22000.0,1.463,0.057,0954+658
53413.882,22000.0,1.409,0.054,0954+658
53413.945,22000.0,1.415,0.057,0954+658
53415.82,22000.0,1.473,0.072,0954+658
53415.882,22000.0,1.401,0.063,0954+658
53441.715,22000.0,1.692,0.059,0954+658
53441.778,22000.0,1.663,0.053,0954+658
53441.84,22000.0,1.598,0.057,0954+658
53442.718,22000.0,1.628,0.072,0954+658
53442.778,22000.0,1.67,0.055,0954+658
53442.84,22000.0,1.644,0.061,0954+658
53443.778,22000.0,1.681,0.059,0954+658
53465.736,22000.0,1.238,0.239,0954+658
53466.674,22000.0,1.181,0.384,0954+658
53466.737,22000.0,1.296,0.247,0954+658
53606.782,22000.0,1.101,0.4,0954+658
53606.79,22000.0,0.878,0.424,0954+658
53637.558,22000.0,1.323,0.626,0954+658
53637.91,22000.0,1.082,0.47,0954+658
53638.301,22000.0,1.171,0.308,0954+658
53698.765,22000.0,1.042,0.365,0954+658
53720.691,22000.0,1.201,0.471,0954+658
53721.876,22000.0,1.325,0.312,0954+658
53744.162,22000.0,0.918,0.228,0954+658
53750.921,22000.0,1.134,0.073,0954+658
53750.952,22000.0,1.229,0.133,0954+658
53764.922,22000.0,1.182,0.15,0954+658
53764.949,22000.0,1.217,0.153,0954+658
53766.101,22000.0,1.144,0.347,0954+658
53772.989,22000.0,1.419,0.285,0954+658
53805.896,22000.0,1.716,0.418,0954+658
53805.908,22000.0,1.493,0.533,0954+658
53849.844,22000.0,1.956,0.269,0954+658
53849.857,22000.0,1.725,0.292,0954+658
53861.79,22000.0,2.144,0.275,0954+658
53861.803,22000.0,1.933,0.245,0954+658
53955.554,22000.0,1.121,0.537,0954+658
53972.531,22000.0,0.905,0.389,0954+658
54010.379,22000.0,0.751,0.34,0954+658
54010.393,22000.0,0.99,0.327,0954+658
54021.363,22000.0,0.944,0.332,0954+658
54021.376,22000.0,1.107,0.27,0954+658
54058.304,22000.0,1.402,0.368,0954+658
54058.317,22000.0,1.203,0.406,0954+658
54058.331,22000.0,1.046,0.387,0954+658
54058.344,22000.0,1.021,0.421,0954+658
54098.196,22000.0,1.345,0.312,0954+658
54098.21,22000.0,1.814,0.332,0954+658
54098.223,22000.0,1.66,0.32,0954+658
54098.236,22000.0,1.215,0.324,0954+658
54121.132,22000.0,1.638,0.416,0954+658
54121.145,22000.0,2.038,0.474,0954+658
54121.159,22000.0,1.626,0.369,0954+658
54149.082,22000.0,1.37,0.438,0954+658
54149.095,22000.0,1.599,0.449,0954+658
54149.108,22000.0,1.776,0.347,0954+658
54197.919,22000.0,1.454,0.425,0954+658
54197.932,22000.0,1.199,0.395,0954+658
54197.946,22000.0,1.246,0.388,0954+658
54218.934,22000.0,0.941,0.339,0954+658
54274.383,22000.0,0.745,0.446,0954+658
54288.651,22000.0,0.737,0.335,0954+658
54288.665,22000.0,1.422,0.338,0954+658
54295.318,22000.0,0.964,0.322,0954+658
54295.331,22000.0,1.245,0.316,0954+658
54322.433,22000.0,2.164,0.323,0954+658
54322.446,22000.0,1.887,0.337,0954+658
54323.552,22000.0,1.351,0.3,0954+658
54323.565,22000.0,1.29,0.334,0954+658
54345.508,22000.0,1.462,0.315,0954+658
54345.534,22000.0,1.257,0.402,0954+658
54345.547,22000.0,1.493,0.311,0954+658
54456.75,22000.0,1.088,0.311,0954+658
54456.79,22000.0,0.927,0.278,0954+658
54460.958,22000.0,1.121,0.238,0954+658
54478.729,22000.0,1.949,0.48,0954+658
54478.742,22000.0,0.813,0.355,0954+658
54478.755,22000.0,1.441,0.424,0954+658
54511.856,22000.0,1.49,0.374,0954+658
54511.865,22000.0,1.291,0.531,0954+658
54511.874,22000.0,1.482,0.284,0954+658
54561.342,22000.0,2.747,0.422,0954+658
54575.151,22000.0,2.957,0.474,0954+658
54640.251,22000.0,1.728,0.324,0954+658
54652.267,22000.0,2.609,0.463,0954+658
54652.276,22000.0,1.827,0.367,0954+658
54666.204,22000.0,2.553,0.332,0954+658
54666.213,22000.0,2.871,0.347,0954+658
54687.161,22000.0,2.968,0.404,0954+658
54687.17,22000.0,3.211,0.423,0954+658
54778.939,22000.0,1.413,0.323,0954+658
54778.948,22000.0,1.585,0.325,0954+658
54815.849,22000.0,0.994,0.437,0954+658
54911.598,22000.0,0.203,0.399,0954+658
54911.607,22000.0,0.576,0.396,0954+658
55032.211,22000.0,1.802,0.482,0954+658
55032.221,22000.0,1.009,0.373,0954+658
55098.5,22000.0,1.596,0.197,0954+658
55098.509,22000.0,1.374,0.27,0954+658
55120.994,22000.0,2.47,1.813,0954+658
55208.789,22000.0,1.747,0.276,0954+658
55208.798,22000.0,1.264,0.223,0954+658
53827.723,43000.0,1.883,0.752,0954+658
53827.754,43000.0,2.159,0.796,0954+658
53855.64,43000.0,2.595,0.879,0954+658
53878.598,43000.0,1.335,0.509,0954+658
53878.629,43000.0,1.084,0.468,0954+658
53879.598,43000.0,1.117,0.447,0954+658
53879.629,43000.0,1.206,0.514,0954+658
53911.515,43000.0,1.275,0.463,0954+658
53912.515,43000.0,1.111,0.464,0954+658
53912.546,43000.0,1.112,0.438,0954+658
53913.515,43000.0,1.446,0.473,0954+658
53951.39,43000.0,1.083,0.413,0954+658
53952.39,43000.0,0.856,0.405,0954+658
53952.421,43000.0,0.862,0.404,0954+658
53971.348,43000.0,0.685,0.381,0954+658
53971.379,43000.0,0.762,0.38,0954+658
53998.265,43000.0,1.099,0.361,0954+658
53999.296,43000.0,1.174,0.368,0954+658
54000.296,43000.0,1.028,0.352,0954+658
54025.182,43000.0,0.944,0.518,0954+658
54277.515,43000.0,1.103,0.205,0954+658
54277.546,43000.0,1.122,0.222,0954+658
54321.39,43000.0,1.497,0.2,0954+658
54321.421,43000.0,1.824,0.251,0954+658
54322.39,43000.0,1.555,0.2,0954+658
54322.421,43000.0,1.652,0.218,0954+658
54365.266,43000.0,1.553,0.195,0954+658
54365.296,43000.0,1.731,0.236,0954+658
54366.267,43000.0,1.673,0.263,0954+658
54366.297,43000.0,1.464,0.199,0954+658
54367.265,43000.0,1.484,0.181,0954+658
54389.295,43000.0,1.308,0.188,0954+658
54390.221,43000.0,2.113,0.314,0954+658
54391.224,43000.0,1.528,0.229,0954+658
54391.255,43000.0,1.732,0.238,0954+658
54422.109,43000.0,1.323,0.203,0954+658
54422.139,43000.0,1.433,0.216,0954+658
54423.109,43000.0,1.397,0.205,0954+658
54423.14,43000.0,1.6,0.218,0954+658
54435.098,43000.0,1.359,0.27,0954+658
54436.109,43000.0,1.599,0.275,0954+658
54436.14,43000.0,1.554,0.279,0954+658
54453.067,43000.0,1.418,0.286,0954+658
54453.098,43000.0,1.389,0.288,0954+658
54478.015,43000.0,1.512,0.289,0954+658
54479.984,43000.0,1.129,0.184,0954+658
54505.891,43000.0,1.116,0.219,0954+658
54505.922,43000.0,1.031,0.164,0954+658
54506.89,43000.0,1.096,0.168,0954+658
54506.921,43000.0,0.904,0.138,0954+658
54507.889,43000.0,1.133,0.192,0954+658
54507.921,43000.0,0.964,0.139,0954+658
54521.849,43000.0,1.102,0.147,0954+658
54521.88,43000.0,1.055,0.154,0954+658
54522.848,43000.0,1.296,0.181,0954+658
54522.88,43000.0,1.129,0.145,0954+658
54523.848,43000.0,1.074,0.141,0954+658
54523.88,43000.0,1.142,0.147,0954+658
54556.723,43000.0,2.304,0.26,0954+658
54556.755,43000.0,2.027,0.237,0954+658
54557.723,43000.0,2.076,0.241,0954+658
54557.755,43000.0,2.131,0.253,0954+658
54579.64,43000.0,1.619,0.244,0954+658
54579.671,43000.0,1.793,0.252,0954+658
54580.64,43000.0,1.974,0.225,0954+658
54580.671,43000.0,1.796,0.22,0954+658
54596.598,43000.0,1.293,0.228,0954+658
54596.63,43000.0,1.468,0.323,0954+658
54611.557,43000.0,1.965,0.222,0954+658
54611.588,43000.0,1.969,0.221,0954+658
54612.557,43000.0,1.865,0.202,0954+658
54612.588,43000.0,1.692,0.196,0954+658
54642.473,43000.0,2.468,0.34,0954+658
54642.504,43000.0,2.534,0.354,0954+658
54643.474,43000.0,2.263,0.318,0954+658
54643.505,43000.0,2.287,0.316,0954+658
54659.432,43000.0,2.631,0.451,0954+658
54659.463,43000.0,2.752,0.519,0954+658
54660.432,43000.0,2.861,0.493,0954+658
54660.463,43000.0,2.526,0.436,0954+658
54680.39,43000.0,2.666,0.305,0954+658
54680.421,43000.0,2.782,0.32,0954+658
54681.39,43000.0,2.954,0.309,0954+658
54681.422,43000.0,2.945,0.357,0954+658
54682.39,43000.0,2.63,0.315,0954+658
54682.421,43000.0,2.971,0.385,0954+658
54708.307,43000.0,1.837,0.271,0954+658
54708.338,43000.0,1.812,0.215,0954+658
54709.321,43000.0,1.772,0.231,0954+658
54710.307,43000.0,1.772,0.223,0954+658
54710.338,43000.0,1.66,0.222,0954+658
54744.223,43000.0,1.26,0.308,0954+658
54745.223,43000.0,1.408,0.271,0954+658
54745.254,43000.0,1.505,0.266,0954+658
54779.109,43000.0,1.349,0.209,0954+658
54779.14,43000.0,1.264,0.216,0954+658
54780.109,43000.0,1.181,0.188,0954+658
54780.14,43000.0,1.117,0.179,0954+658
54781.109,43000.0,1.385,0.237,0954+658
54781.14,43000.0,1.097,0.213,0954+658
54808.109,43000.0,1.484,0.252,0954+658
54808.141,43000.0,1.258,0.216,0954+658
54809.109,43000.0,1.209,0.194,0954+658
54809.14,43000.0,1.232,0.255,0954+658
54841.014,43000.0,1.073,0.278,0954+658
54842.015,43000.0,0.829,0.281,0954+658
54877.9,43000.0,1.464,0.303,0954+658
54878.905,43000.0,1.454,0.333,0954+658
54879.89,43000.0,1.154,0.255,0954+658
54929.723,43000.0,1.487,0.193,0954+658
54929.754,43000.0,1.262,0.169,0954+658
54930.724,43000.0,1.413,0.17,0954+658
54930.755,43000.0,1.352,0.164,0954+658
54931.723,43000.0,1.716,0.197,0954+658
54959.599,43000.0,1.239,0.188,0954+658
54960.631,43000.0,1.546,0.244,0954+658
54961.598,43000.0,1.263,0.169,0954+658
54961.63,43000.0,1.407,0.19,0954+658
55009.506,43000.0,1.71,0.289,0954+658
55010.473,43000.0,1.843,0.323,0954+658
55011.474,43000.0,1.736,0.329,0954+658
55156.056,43000.0,1.294,0.201,0954+658
55158.068,43000.0,1.457,0.274,0954+658
55159.072,43000.0,1.427,0.275,0954+658
55161.058,43000.0,1.523,0.251,0954+658
55164.058,43000.0,1.653,0.246,0954+658
55165.059,43000.0,1.56,0.256,0954+658
55168.11,43000.0,1.871,0.312,0954+658
55168.14,43000.0,1.977,0.325,0954+658
55175.012,43000.0,1.956,0.379,0954+658
55176.019,43000.0,1.85,0.268,0954+658
55177.008,43000.0,1.863,0.253,0954+658
55179.024,43000.0,1.791,0.254,0954+658
55186.983,43000.0,1.819,0.271,0954+658
55187.99,43000.0,1.779,0.355,0954+658
55188.972,43000.0,2.006,0.266,0954+658
55209.984,43000.0,1.914,0.25,0954+658
55210.016,43000.0,1.764,0.242,0954+658
55210.985,43000.0,1.444,0.25,0954+658
55211.016,43000.0,1.587,0.228,0954+658
55213.91,43000.0,1.655,0.221,0954+658
55214.891,43000.0,1.739,0.203,0954+658
55214.911,43000.0,1.568,0.204,0954+658
53355.144,5000.0,0.859,0.032,0954+658
53355.206,5000.0,0.863,0.026,0954+658
53355.266,5000.0,0.935,0.089,0954+658
53357.195,5000.0,0.877,0.044,0954+658
53357.258,5000.0,0.92,0.037,0954+658
53358.131,5000.0,0.913,0.32,0954+658
53358.195,5000.0,0.916,0.042,0954+658
53358.258,5000.0,0.757,0.134,0954+658
53360.131,5000.0,0.853,0.086,0954+658
53360.195,5000.0,0.867,0.087,0954+658
53383.922,5000.0,0.981,0.015,0954+658
53384.973,5000.0,0.978,0.016,0954+658
53444.824,5000.0,0.947,0.017,0954+658
53445.825,5000.0,0.933,0.016,0954+658
53454.773,5000.0,0.904,0.087,0954+658
53454.917,5000.0,0.905,0.074,0954+658
53456.832,5000.0,0.959,0.098,0954+658
53457.216,5000.0,0.931,0.102,0954+658
53457.583,5000.0,0.921,0.086,0954+658
53478.24,5000.0,0.887,0.107,0954+658
53478.93,5000.0,0.9,0.068,0954+658
53510.782,5000.0,1.116,0.119,0954+658
53511.115,5000.0,1.056,0.083,0954+658
53511.37,5000.0,1.034,0.083,0954+658
53511.672,5000.0,1.074,0.082,0954+658
53543.584,5000.0,1.016,0.078,0954+658
53544.04,5000.0,1.054,0.093,0954+658
53544.362,5000.0,0.974,0.1,0954+658
53544.769,5000.0,0.975,0.079,0954+658
53545.167,5000.0,1.054,0.077,0954+658
53576.541,5000.0,0.81,0.077,0954+658
53577.051,5000.0,0.85,0.092,0954+658
53587.82,5000.0,0.801,0.112,0954+658
53605.757,5000.0,0.855,0.088,0954+658
53606.077,5000.0,0.87,0.092,0954+658
53638.981,5000.0,0.98,0.093,0954+658
53639.16,5000.0,0.987,0.085,0954+658
53639.372,5000.0,0.859,0.065,0954+658
53639.592,5000.0,1.088,0.076,0954+658
53639.799,5000.0,0.924,0.09,0954+658
53639.927,5000.0,0.918,0.089,0954+658
53640.09,5000.0,1.011,0.082,0954+658
53640.287,5000.0,0.961,0.078,0954+658
53723.957,5000.0,1.172,0.079,0954+658
53724.317,5000.0,1.125,0.072,0954+658
53764.045,5000.0,1.013,0.092,0954+658
53766.335,5000.0,0.92,0.079,0954+658
53770.919,5000.0,0.892,0.081,0954+658
53770.928,5000.0,0.928,0.083,0954+658
53770.937,5000.0,0.82,0.076,0954+658
53826.845,5000.0,0.993,0.092,0954+658
53826.854,5000.0,0.882,0.11,0954+658
53851.756,5000.0,1.171,0.083,0954+658
53851.765,5000.0,1.089,0.083,0954+658
53974.505,5000.0,1.107,0.095,0954+658
53974.514,5000.0,1.179,0.089,0954+658
54012.386,5000.0,1.225,0.093,0954+658
54012.396,5000.0,1.292,0.103,0954+658
54023.413,5000.0,1.156,0.061,0954+658
54023.422,5000.0,1.195,0.061,0954+658
54200.072,5000.0,1.34,0.063,0954+658
54200.082,5000.0,1.358,0.06,0954+658
54289.907,5000.0,0.912,0.075,0954+658
54289.916,5000.0,0.959,0.086,0954+658
54296.692,5000.0,0.905,0.116,0954+658
54296.701,5000.0,0.94,0.085,0954+658
54348.501,5000.0,0.88,0.04,0954+658
54348.511,5000.0,0.871,0.039,0954+658
54348.52,5000.0,0.883,0.038,0954+658
54374.402,5000.0,0.897,0.059,0954+658
54374.411,5000.0,0.937,0.055,0954+658
54563.787,5000.0,0.851,0.116,0954+658
54563.796,5000.0,0.857,0.155,0954+658
54912.764,5000.0,0.723,0.233,0954+658
54912.773,5000.0,1.007,0.274,0954+658
54953.738,5000.0,0.881,0.363,0954+658
54953.748,5000.0,0.859,0.299,0954+658
55002.581,5000.0,1.007,0.295,0954+658
55002.59,5000.0,1.025,0.357,0954+658
55034.433,5000.0,0.99,0.204,0954+658
55062.453,5000.0,1.157,0.231,0954+658
55062.463,5000.0,1.069,0.209,0954+658
55099.465,5000.0,1.225,0.077,0954+658
55099.475,5000.0,1.171,0.077,0954+658
55122.047,5000.0,1.2,0.081,0954+658
55122.056,5000.0,1.309,0.192,0954+658
55209.92,5000.0,1.221,0.131,0954+658
53349.147,8000.0,1.093,0.058,0954+658
53349.18,8000.0,1.098,0.059,0954+658
53349.256,8000.0,1.017,0.058,0954+658
53349.301,8000.0,0.949,0.07,0954+658
53349.333,8000.0,1.063,0.072,0954+658
53349.395,8000.0,1.147,0.065,0954+658
53349.427,8000.0,1.15,0.07,0954+658
53349.469,8000.0,1.129,0.079,0954+658
53349.72,8000.0,1.188,0.117,0954+658
53349.835,8000.0,0.924,0.082,0954+658
53349.945,8000.0,1.196,0.074,0954+658
53350.023,8000.0,1.216,0.081,0954+658
53350.108,8000.0,1.131,0.057,0954+658
53350.202,8000.0,1.065,0.079,0954+658
53350.676,8000.0,1.14,0.08,0954+658
53350.808,8000.0,1.113,0.075,0954+658
53350.897,8000.0,1.111,0.063,0954+658
53350.99,8000.0,1.171,0.058,0954+658
53351.066,8000.0,1.09,0.063,0954+658
53351.172,8000.0,1.113,0.058,0954+658
53351.286,8000.0,1.051,0.062,0954+658
53351.415,8000.0,1.106,0.086,0954+658
53351.534,8000.0,1.12,0.095,0954+658
53351.663,8000.0,1.188,0.092,0954+658
53351.795,8000.0,1.153,0.069,0954+658
53351.884,8000.0,1.076,0.058,0954+658
53351.985,8000.0,1.13,0.064,0954+658
53352.062,8000.0,1.114,0.053,0954+658
53352.152,8000.0,1.098,0.058,0954+658
53352.268,8000.0,1.011,0.057,0954+658
53352.396,8000.0,1.045,0.058,0954+658
53352.531,8000.0,1.111,0.089,0954+658
53387.918,8000.0,1.218,0.071,0954+658
53412.822,8000.0,1.112,0.029,0954+658
53412.894,8000.0,1.156,0.03,0954+658
53412.925,8000.0,1.071,0.028,0954+658
53451.814,8000.0,1.075,0.017,0954+658
53457.022,8000.0,1.218,0.105,0954+658
53457.405,8000.0,1.144,0.11,0954+658
53463.76,8000.0,1.072,0.019,0954+658
53463.8,8000.0,1.112,0.021,0954+658
53464.759,8000.0,1.117,0.028,0954+658
53464.802,8000.0,1.152,0.021,0954+658
53478.02,8000.0,1.078,0.076,0954+658
53510.936,8000.0,1.039,0.118,0954+658
53511.248,8000.0,1.084,0.108,0954+658
53511.513,8000.0,1.089,0.071,0954+658
53543.794,8000.0,1.109,0.335,0954+658
53545.319,8000.0,1.195,0.133,0954+658
53577.181,8000.0,0.911,0.122,0954+658
53578.007,8000.0,0.957,0.108,0954+658
53587.912,8000.0,0.91,0.128,0954+658
53605.523,8000.0,0.982,0.068,0954+658
53606.24,8000.0,1.067,0.079,0954+658
53637.75,8000.0,1.049,0.084,0954+658
53638.07,8000.0,1.137,0.079,0954+658
53638.482,8000.0,1.018,0.067,0954+658
53698.157,8000.0,1.117,0.084,0954+658
53698.923,8000.0,1.043,0.077,0954+658
53721.245,8000.0,1.342,0.067,0954+658
53722.736,8000.0,1.31,0.096,0954+658
53741.963,8000.0,1.11,0.026,0954+658
53741.994,8000.0,1.066,0.024,0954+658
53743.351,8000.0,1.183,0.074,0954+658
53743.864,8000.0,1.327,0.09,0954+658
53765.799,8000.0,0.698,0.121,0954+658
53771.954,8000.0,0.872,0.066,0954+658
53778.92,8000.0,0.902,0.033,0954+658
53778.952,8000.0,0.9,0.03,0954+658
53804.908,8000.0,0.992,0.091,0954+658
53804.921,8000.0,0.988,0.09,0954+658
53830.89,8000.0,1.107,0.225,0954+658
53850.802,8000.0,1.26,0.156,0954+658
53860.754,8000.0,1.478,0.047,0954+658
53907.669,8000.0,1.123,0.047,0954+658
53956.53,8000.0,1.142,0.078,0954+658
53973.518,8000.0,1.241,0.076,0954+658
54011.406,8000.0,1.308,0.084,0954+658
54022.398,8000.0,1.392,0.063,0954+658
54037.392,8000.0,1.241,0.119,0954+658
54080.274,8000.0,1.034,0.059,0954+658
54099.235,8000.0,1.202,0.064,0954+658
54150.087,8000.0,1.125,0.061,0954+658
54186.22,8000.0,1.365,0.177,0954+658
54199.678,8000.0,1.434,0.087,0954+658
54275.376,8000.0,0.891,0.105,0954+658
54289.361,8000.0,1.025,0.107,0954+658
54295.427,8000.0,0.981,0.07,0954+658
54324.382,8000.0,1.105,0.171,0954+658
54344.323,8000.0,1.024,0.075,0954+658
54373.196,8000.0,1.18,0.069,0954+658
54421.076,8000.0,1.214,0.066,0954+658
54435.025,8000.0,1.204,0.063,0954+658
54512.776,8000.0,0.959,0.079,0954+658
54562.809,8000.0,1.028,0.131,0954+658
54576.271,8000.0,1.623,0.143,0954+658
54605.226,8000.0,1.38,0.18,0954+658
54641.168,8000.0,1.345,0.068,0954+658
54653.299,8000.0,1.383,0.2,0954+658
54667.27,8000.0,1.841,0.113,0954+658
54723.283,8000.0,1.975,0.217,0954+658
54778.094,8000.0,1.622,0.101,0954+658
54951.72,8000.0,1.115,0.109,0954+658
55003.514,8000.0,1.277,0.097,0954+658
55035.479,8000.0,1.097,0.071,0954+658
55064.326,8000.0,1.379,0.109,0954+658
55077.343,8000.0,1.385,0.179,0954+658
55100.416,8000.0,1.326,0.094,0954+658
55123.396,8000.0,1.351,0.076,0954+658
55208.107,8000.0,1.527,0.086,0954+658
53606.604,22000.0,1.97,0.372,1156+295
53637.411,22000.0,1.746,0.327,1156+295
53638.26,22000.0,1.79,0.421,1156+295
53722.183,22000.0,1.776,0.305,1156+295
53722.434,22000.0,1.978,0.399,1156+295
53744.053,22000.0,1.714,0.281,1156+295
53749.326,22000.0,1.667,0.699,1156+295
53766.0,22000.0,2.811,0.385,1156+295
53773.048,22000.0,2.657,0.297,1156+295
53773.056,22000.0,2.402,0.318,1156+295
53773.065,22000.0,2.448,0.286,1156+295
53805.959,22000.0,2.648,0.467,1156+295
53805.967,22000.0,2.695,0.419,1156+295
53805.976,22000.0,2.732,0.534,1156+295
53849.957,22000.0,3.467,0.4,1156+295
53849.966,22000.0,3.595,0.362,1156+295
53861.903,22000.0,3.719,0.377,1156+295
53861.912,22000.0,3.626,0.336,1156+295
53926.775,22000.0,4.633,0.589,1156+295
53955.656,22000.0,5.913,0.553,1156+295
53955.665,22000.0,5.33,0.502,1156+295
53972.614,22000.0,4.506,0.847,1156+295
53972.624,22000.0,4.092,0.48,1156+295
54010.463,22000.0,4.979,1.249,1156+295
54010.472,22000.0,2.454,0.604,1156+295
54022.277,22000.0,2.925,0.425,1156+295
54022.286,22000.0,3.187,0.424,1156+295
54057.23,22000.0,3.281,0.573,1156+295
54057.246,22000.0,3.015,0.509,1156+295
54057.256,22000.0,1.95,0.607,1156+295
54081.184,22000.0,2.16,0.41,1156+295
54081.194,22000.0,1.856,0.398,1156+295
54081.203,22000.0,2.639,0.428,1156+295
54120.1,22000.0,1.639,0.405,1156+295
54120.109,22000.0,1.359,0.632,1156+295
54120.118,22000.0,1.263,0.651,1156+295
54120.127,22000.0,1.25,0.894,1156+295
54148.01,22000.0,1.622,0.485,1156+295
54148.019,22000.0,0.918,0.787,1156+295
54148.029,22000.0,1.359,0.485,1156+295
54217.947,22000.0,1.278,0.422,1156+295
54217.965,22000.0,1.358,0.414,1156+295
54217.975,22000.0,1.832,0.425,1156+295
54273.761,22000.0,1.641,0.459,1156+295
54273.77,22000.0,0.741,0.619,1156+295
54273.779,22000.0,0.949,0.6,1156+295
54273.788,22000.0,0.868,0.531,1156+295
54287.84,22000.0,1.085,0.391,1156+295
54287.85,22000.0,1.343,0.382,1156+295
54294.865,22000.0,1.665,0.421,1156+295
54322.691,22000.0,1.002,0.313,1156+295
54322.7,22000.0,1.173,0.316,1156+295
54322.709,22000.0,0.966,0.377,1156+295
54322.719,22000.0,0.804,0.309,1156+295
54344.652,22000.0,0.499,0.298,1156+295
54344.671,22000.0,0.786,0.325,1156+295
54456.237,22000.0,1.389,0.293,1156+295
54456.246,22000.0,1.278,0.251,1156+295
54456.255,22000.0,1.453,0.342,1156+295
54456.265,22000.0,1.225,0.251,1156+295
54461.333,22000.0,1.129,0.215,1156+295
54478.243,22000.0,0.999,0.231,1156+295
54478.252,22000.0,1.052,0.252,1156+295
54478.261,22000.0,0.885,0.191,1156+295
54478.27,22000.0,1.112,0.195,1156+295
54511.148,22000.0,1.09,0.253,1156+295
54511.157,22000.0,2.009,0.285,1156+295
54511.166,22000.0,1.172,0.235,1156+295
54511.175,22000.0,1.511,0.196,1156+295
54561.104,22000.0,1.086,0.517,1156+295
54639.854,22000.0,2.646,0.305,1156+295
54639.863,22000.0,2.991,0.354,1156+295
54666.781,22000.0,3.421,0.352,1156+295
54666.792,22000.0,2.291,0.262,1156+295
54687.715,22000.0,3.129,0.41,1156+295
54687.724,22000.0,1.811,0.262,1156+295
54722.584,22000.0,4.585,0.944,1156+295
54722.594,22000.0,5.136,1.143,1156+295
54778.445,22000.0,3.375,0.543,1156+295
54778.454,22000.0,3.448,0.548,1156+295
54816.348,22000.0,2.438,0.526,1156+295
54816.357,22000.0,3.916,0.667,1156+295
54912.071,22000.0,3.373,0.789,1156+295
54912.08,22000.0,3.419,0.513,1156+295
54953.042,22000.0,1.655,0.781,1156+295
55001.819,22000.0,1.209,0.527,1156+295
55001.828,22000.0,1.548,0.446,1156+295
55033.725,22000.0,1.402,0.265,1156+295
55033.734,22000.0,1.913,0.333,1156+295
55098.543,22000.0,0.8,0.225,1156+295
55098.553,22000.0,2.003,0.337,1156+295
55121.47,22000.0,1.092,0.186,1156+295
55121.479,22000.0,2.11,0.251,1156+295
55209.261,22000.0,1.382,0.146,1156+295
55209.27,22000.0,1.046,0.159,1156+295
53827.744,43000.0,3.069,1.201,1156+295
53998.286,43000.0,3.985,0.836,1156+295
53999.286,43000.0,3.678,0.784,1156+295
54026.202,43000.0,2.057,0.713,1156+295
54277.536,43000.0,0.667,0.142,1156+295
54321.41,43000.0,0.971,0.155,1156+295
54322.411,43000.0,1.131,0.163,1156+295
54365.286,43000.0,1.142,0.15,1156+295
54366.286,43000.0,1.121,0.158,1156+295
54391.245,43000.0,1.068,0.137,1156+295
54422.131,43000.0,0.87,0.156,1156+295
54423.129,43000.0,1.163,0.187,1156+295
54436.129,43000.0,1.093,0.219,1156+295
54453.088,43000.0,0.854,0.198,1156+295
54479.004,43000.0,1.17,0.259,1156+295
54480.005,43000.0,1.241,0.194,1156+295
54505.911,43000.0,1.322,0.311,1156+295
54506.911,43000.0,1.383,0.181,1156+295
54507.911,43000.0,1.554,0.211,1156+295
54521.869,43000.0,1.314,0.182,1156+295
54522.869,43000.0,1.631,0.197,1156+295
54523.869,43000.0,1.521,0.175,1156+295
54556.744,43000.0,2.493,0.266,1156+295
54557.744,43000.0,2.499,0.272,1156+295
54579.661,43000.0,1.735,0.201,1156+295
54580.661,43000.0,1.738,0.197,1156+295
54598.619,43000.0,1.637,0.252,1156+295
54611.572,43000.0,2.047,0.217,1156+295
54612.569,43000.0,2.026,0.219,1156+295
54642.491,43000.0,2.59,0.319,1156+295
54643.489,43000.0,2.859,0.335,1156+295
54658.505,43000.0,3.38,0.554,1156+295
54659.448,43000.0,2.208,0.347,1156+295
54660.448,43000.0,2.37,0.373,1156+295
54680.405,43000.0,2.677,0.298,1156+295
54681.406,43000.0,2.747,0.302,1156+295
54682.401,43000.0,2.563,0.309,1156+295
54682.411,43000.0,2.531,0.293,1156+295
54708.325,43000.0,2.688,0.319,1156+295
54709.322,43000.0,3.246,0.36,1156+295
54710.322,43000.0,3.275,0.361,1156+295
54745.244,43000.0,3.322,0.492,1156+295
54779.125,43000.0,2.899,0.409,1156+295
54780.124,43000.0,3.192,0.445,1156+295
54781.125,43000.0,3.052,0.449,1156+295
54808.125,43000.0,3.178,0.431,1156+295
54809.126,43000.0,2.778,0.389,1156+295
54841.005,43000.0,3.367,0.575,1156+295
54842.005,43000.0,3.458,0.733,1156+295
54877.911,43000.0,2.229,0.425,1156+295
54878.911,43000.0,2.283,0.445,1156+295
54929.744,43000.0,2.171,0.247,1156+295
54930.744,43000.0,2.135,0.234,1156+295
54931.745,43000.0,2.44,0.276,1156+295
54960.619,43000.0,1.525,0.202,1156+295
54961.619,43000.0,1.653,0.208,1156+295
55009.489,43000.0,1.563,0.212,1156+295
55011.491,43000.0,2.044,0.276,1156+295
55168.125,43000.0,1.396,0.212,1156+295
55209.995,43000.0,1.953,0.236,1156+295
55210.005,43000.0,1.779,0.213,1156+295
55210.994,43000.0,1.846,0.273,1156+295
53477.654,5000.0,0.855,0.096,1156+295
53478.056,5000.0,0.799,0.084,1156+295
53478.064,5000.0,0.869,0.076,1156+295
53478.833,5000.0,0.855,0.11,1156+295
53510.704,5000.0,0.868,0.081,1156+295
53510.981,5000.0,0.8,0.091,1156+295
53511.63,5000.0,0.871,0.086,1156+295
53543.534,5000.0,1.043,0.085,1156+295
53543.872,5000.0,1.039,0.08,1156+295
53544.648,5000.0,0.908,0.086,1156+295
53576.479,5000.0,1.006,0.085,1156+295
53577.674,5000.0,1.102,0.115,1156+295
53587.747,5000.0,1.32,0.087,1156+295
53607.451,5000.0,1.328,0.085,1156+295
53639.313,5000.0,1.042,0.08,1156+295
53639.452,5000.0,0.887,0.074,1156+295
53639.658,5000.0,0.92,0.073,1156+295
53724.205,5000.0,1.253,0.079,1156+295
53763.972,5000.0,1.525,0.09,1156+295
53766.159,5000.0,1.371,0.082,1156+295
53770.988,5000.0,1.421,0.097,1156+295
53770.997,5000.0,1.428,0.091,1156+295
53771.005,5000.0,1.44,0.087,1156+295
53825.971,5000.0,1.696,0.086,1156+295
53851.992,5000.0,1.867,0.101,1156+295
53852.001,5000.0,1.909,0.101,1156+295
53974.617,5000.0,2.122,0.102,1156+295
53974.626,5000.0,2.15,0.094,1156+295
54012.484,5000.0,1.999,0.076,1156+295
54012.493,5000.0,1.884,0.087,1156+295
54024.259,5000.0,1.786,0.082,1156+295
54199.908,5000.0,1.289,0.057,1156+295
54199.917,5000.0,1.274,0.057,1156+295
54296.803,5000.0,1.259,0.079,1156+295
54296.812,5000.0,1.25,0.07,1156+295
54347.643,5000.0,1.039,0.071,1156+295
54347.662,5000.0,1.077,0.058,1156+295
54374.513,5000.0,0.943,0.071,1156+295
54374.522,5000.0,1.081,0.075,1156+295
54668.65,5000.0,1.595,0.135,1156+295
54668.659,5000.0,2.216,0.329,1156+295
54689.611,5000.0,1.546,0.087,1156+295
54689.62,5000.0,1.474,0.082,1156+295
54779.557,5000.0,2.145,0.1,1156+295
54779.566,5000.0,2.163,0.087,1156+295
54913.085,5000.0,2.719,0.363,1156+295
54913.095,5000.0,2.691,0.302,1156+295
54954.081,5000.0,2.679,0.314,1156+295
55002.885,5000.0,2.374,0.098,1156+295
55034.797,5000.0,2.258,0.226,1156+295
55062.764,5000.0,2.139,0.235,1156+295
55099.574,5000.0,1.866,0.09,1156+295
55099.583,5000.0,1.843,0.147,1156+295
55122.377,5000.0,1.692,0.118,1156+295
55122.387,5000.0,1.803,0.171,1156+295
55210.244,5000.0,1.5,0.088,1156+295
55210.253,5000.0,1.548,0.077,1156+295
53477.863,8000.0,1.034,0.078,1156+295
53477.87,8000.0,0.979,0.073,1156+295
53478.698,8000.0,0.974,0.109,1156+295
53510.831,8000.0,1.672,0.074,1156+295
53544.508,8000.0,1.188,0.108,1156+295
53544.839,8000.0,1.214,0.153,1156+295
53576.727,8000.0,1.186,0.177,1156+295
53605.43,8000.0,1.331,0.081,1156+295
53606.648,8000.0,1.133,0.077,1156+295
53637.577,8000.0,1.376,0.065,1156+295
53638.38,8000.0,1.321,0.074,1156+295
53698.108,8000.0,1.922,0.094,1156+295
53721.152,8000.0,1.535,0.075,1156+295
53722.0,8000.0,1.49,0.091,1156+295
53722.349,8000.0,1.515,0.074,1156+295
53743.197,8000.0,1.81,0.083,1156+295
53772.005,8000.0,2.029,0.101,1156+295
53772.014,8000.0,2.054,0.099,1156+295
53772.023,8000.0,2.102,0.094,1156+295
53778.941,8000.0,1.841,0.044,1156+295
53804.971,8000.0,2.026,0.093,1156+295
53804.98,8000.0,2.038,0.09,1156+295
53830.935,8000.0,2.006,0.221,1156+295
53850.85,8000.0,2.501,0.224,1156+295
53850.859,8000.0,2.463,0.193,1156+295
53859.808,8000.0,2.586,0.121,1156+295
53860.798,8000.0,2.8,0.096,1156+295
53907.788,8000.0,2.706,0.148,1156+295
53956.605,8000.0,2.41,0.134,1156+295
53973.593,8000.0,3.239,0.104,1156+295
54023.282,8000.0,2.689,0.127,1156+295
54038.266,8000.0,2.029,0.096,1156+295
54080.15,8000.0,2.247,0.084,1156+295
54099.105,8000.0,1.816,0.081,1156+295
54198.892,8000.0,1.186,0.067,1156+295
54219.906,8000.0,1.505,0.081,1156+295
54275.647,8000.0,1.244,0.142,1156+295
54289.642,8000.0,1.1,0.053,1156+295
54295.706,8000.0,1.166,0.075,1156+295
54324.641,8000.0,1.077,0.072,1156+295
54373.475,8000.0,1.078,0.097,1156+295
54421.331,8000.0,0.753,0.074,1156+295
54435.281,8000.0,0.877,0.06,1156+295
54477.188,8000.0,0.749,0.073,1156+295
54513.034,8000.0,0.759,0.065,1156+295
54575.995,8000.0,1.533,0.073,1156+295
54604.983,8000.0,1.564,0.064,1156+295
54640.844,8000.0,1.715,0.073,1156+295
54652.812,8000.0,1.922,0.148,1156+295
54667.781,8000.0,2.043,0.112,1156+295
54688.727,8000.0,2.055,0.111,1156+295
54777.456,8000.0,2.932,0.13,1156+295
54952.077,8000.0,2.833,0.308,1156+295
55003.865,8000.0,2.466,0.175,1156+295
55035.841,8000.0,2.107,0.082,1156+295
55063.664,8000.0,1.806,0.06,1156+295
55100.602,8000.0,1.416,0.172,1156+295
55122.617,8000.0,1.462,0.081,1156+295
55208.306,8000.0,1.499,0.109,1156+295
53764.972,22000.0,0.44,0.128,1219+285
53772.167,22000.0,0.403,0.278,1219+285
53849.978,22000.0,0.372,0.391,1219+285
53861.924,22000.0,0.372,0.327,1219+285
53861.936,22000.0,0.413,0.326,1219+285
54666.762,22000.0,0.477,0.157,1219+285
54666.771,22000.0,0.377,0.173,1219+285
53855.693,43000.0,0.563,0.871,1219+285
53952.442,43000.0,0.467,0.377,1219+285
53971.4,43000.0,0.358,0.393,1219+285
53998.317,43000.0,0.348,0.33,1219+285
53999.317,43000.0,0.359,0.304,1219+285
54000.317,43000.0,0.418,0.301,1219+285
54025.234,43000.0,0.312,0.44,1219+285
54026.234,43000.0,0.349,0.364,1219+285
54277.567,43000.0,0.295,0.142,1219+285
54321.437,43000.0,0.583,0.089,1219+285
54322.437,43000.0,0.488,0.1,1219+285
54365.312,43000.0,0.689,0.11,1219+285
54366.312,43000.0,0.519,0.077,1219+285
54389.306,43000.0,0.491,0.078,1219+285
54422.155,43000.0,0.702,0.147,1219+285
54423.153,43000.0,0.677,0.099,1219+285
54435.114,43000.0,0.635,0.185,1219+285
54436.156,43000.0,0.513,0.12,1219+285
54453.113,43000.0,0.601,0.149,1219+285
54480.03,43000.0,0.602,0.103,1219+285
54505.936,43000.0,0.512,0.089,1219+285
54506.937,43000.0,0.594,0.088,1219+285
54507.936,43000.0,0.582,0.083,1219+285
54521.895,43000.0,0.5,0.092,1219+285
54522.895,43000.0,0.5,0.066,1219+285
54523.895,43000.0,0.498,0.062,1219+285
54556.77,43000.0,0.574,0.069,1219+285
54557.767,43000.0,0.644,0.108,1219+285
54579.686,43000.0,0.623,0.101,1219+285
54580.688,43000.0,0.654,0.097,1219+285
54596.645,43000.0,0.571,0.105,1219+285
54611.603,43000.0,0.438,0.07,1219+285
54612.604,43000.0,0.333,0.08,1219+285
54643.519,43000.0,0.715,0.113,1219+285
54655.648,43000.0,0.384,0.087,1219+285
54659.475,43000.0,0.271,0.085,1219+285
54660.478,43000.0,0.381,0.092,1219+285
54680.437,43000.0,0.439,0.102,1219+285
54681.437,43000.0,0.439,0.071,1219+285
54708.352,43000.0,0.455,0.105,1219+285
54709.354,43000.0,0.447,0.08,1219+285
54710.354,43000.0,0.362,0.075,1219+285
54779.156,43000.0,0.29,0.062,1219+285
54780.156,43000.0,0.434,0.084,1219+285
54781.157,43000.0,0.275,0.071,1219+285
54808.156,43000.0,0.476,0.1,1219+285
54809.156,43000.0,0.398,0.094,1219+285
54841.03,43000.0,0.475,0.162,1219+285
54877.939,43000.0,0.56,0.221,1219+285
54878.937,43000.0,0.607,0.165,1219+285
54929.77,43000.0,0.375,0.057,1219+285
54961.644,43000.0,0.309,0.067,1219+285
55009.52,43000.0,0.503,0.099,1219+285
55010.519,43000.0,0.533,0.093,1219+285
55168.155,43000.0,0.47,0.092,1219+285
55210.029,43000.0,0.314,0.096,1219+285
53724.02,5000.0,0.479,0.079,1219+285
53724.339,5000.0,0.482,0.074,1219+285
53763.98,5000.0,0.418,0.091,1219+285
53770.13,5000.0,0.517,0.078,1219+285
53770.138,5000.0,0.469,0.066,1219+285
53770.147,5000.0,0.487,0.062,1219+285
53825.99,5000.0,0.525,0.072,1219+285
53852.013,5000.0,0.524,0.092,1219+285
53852.026,5000.0,0.485,0.083,1219+285
53974.691,5000.0,0.412,0.078,1219+285
53974.704,5000.0,0.435,0.081,1219+285
54011.592,5000.0,0.468,0.119,1219+285
54011.605,5000.0,0.505,0.104,1219+285
54011.618,5000.0,0.437,0.093,1219+285
54024.271,5000.0,0.507,0.058,1219+285
54024.284,5000.0,0.48,0.051,1219+285
54296.824,5000.0,0.547,0.061,1219+285
54296.838,5000.0,0.523,0.062,1219+285
54374.533,5000.0,0.461,0.056,1219+285
54374.542,5000.0,0.539,0.053,1219+285
54689.591,5000.0,0.377,0.198,1219+285
54689.601,5000.0,0.462,0.075,1219+285
54779.489,5000.0,0.526,0.073,1219+285
54779.498,5000.0,0.633,0.072,1219+285
54779.507,5000.0,0.566,0.078,1219+285
54779.517,5000.0,0.541,0.086,1219+285
54913.026,5000.0,0.5,0.242,1219+285
54913.044,5000.0,0.399,0.316,1219+285
54954.003,5000.0,0.416,0.337,1219+285
54954.012,5000.0,0.444,0.278,1219+285
55034.716,5000.0,0.411,0.374,1219+285
55034.726,5000.0,0.469,0.317,1219+285
55034.745,5000.0,0.478,0.369,1219+285
55062.69,5000.0,0.386,0.226,1219+285
55062.7,5000.0,0.454,0.29,1219+285
55062.719,5000.0,0.423,0.252,1219+285
55099.5,5000.0,0.576,0.158,1219+285
55099.51,5000.0,0.442,0.085,1219+285
55122.398,5000.0,0.536,0.153,1219+285
55122.408,5000.0,0.453,0.138,1219+285
55122.417,5000.0,0.494,0.089,1219+285
55210.101,5000.0,0.449,0.07,1219+285
55210.111,5000.0,0.465,0.065,1219+285
55210.12,5000.0,0.483,0.063,1219+285
55210.13,5000.0,0.434,0.069,1219+285
53742.015,8000.0,0.458,0.014,1219+285
53771.152,8000.0,0.525,0.25,1219+285
53778.973,8000.0,0.518,0.018,1219+285
53805.0,8000.0,0.447,0.083,1219+285
53805.012,8000.0,0.483,0.08,1219+285
53830.96,8000.0,0.53,0.2,1219+285
53850.871,8000.0,0.332,0.17,1219+285
53850.884,8000.0,0.403,0.163,1219+285
53859.819,8000.0,0.503,0.071,1219+285
53860.828,8000.0,0.456,0.044,1219+285
53956.656,8000.0,0.469,0.104,1219+285
54023.313,8000.0,0.566,0.118,1219+285
54080.187,8000.0,0.454,0.044,1219+285
54099.141,8000.0,0.443,0.069,1219+285
54149.988,8000.0,0.392,0.117,1219+285
54186.025,8000.0,0.469,0.199,1219+285
54198.997,8000.0,0.505,0.088,1219+285
54220.023,8000.0,0.501,0.062,1219+285
54275.775,8000.0,0.455,0.051,1219+285
54289.723,8000.0,0.682,0.165,1219+285
54295.81,8000.0,0.45,0.123,1219+285
54324.744,8000.0,0.622,0.119,1219+285
54373.562,8000.0,0.538,0.073,1219+285
54513.137,8000.0,0.494,0.091,1219+285
54575.92,8000.0,0.526,0.058,1219+285
54604.897,8000.0,0.453,0.07,1219+285
54640.758,8000.0,0.462,0.043,1219+285
54652.726,8000.0,0.504,0.059,1219+285
54667.689,8000.0,0.478,0.052,1219+285
54688.647,8000.0,0.468,0.069,1219+285
54723.556,8000.0,0.336,0.096,1219+285
54778.307,8000.0,0.354,0.077,1219+285
54951.926,8000.0,0.507,0.059,1219+285
55003.726,8000.0,0.435,0.07,1219+285
55063.519,8000.0,0.508,0.059,1219+285
55076.669,8000.0,0.57,0.159,1219+285
55208.208,8000.0,0.502,0.109,1219+285
53373.083,22000.0,20.359,1.224,1226+023
53373.161,22000.0,20.275,1.219,1226+023
53374.083,22000.0,19.938,1.199,1226+023
53374.161,22000.0,20.791,1.25,1226+023
53377.083,22000.0,20.491,1.232,1226+023
53377.161,22000.0,20.86,1.254,1226+023
53378.083,22000.0,20.534,1.234,1226+023
53378.161,22000.0,20.582,1.237,1226+023
53380.083,22000.0,20.396,1.227,1226+023
53380.161,22000.0,20.233,1.217,1226+023
53381.083,22000.0,20.234,1.216,1226+023
53381.161,22000.0,20.683,1.243,1226+023
53413.986,22000.0,17.858,0.539,1226+023
53414.07,22000.0,18.432,0.558,1226+023
53416.07,22000.0,18.284,0.554,1226+023
53441.882,22000.0,18.562,0.531,1226+023
53441.968,22000.0,19.567,0.572,1226+023
53442.882,22000.0,19.282,0.551,1226+023
53442.965,22000.0,19.571,0.558,1226+023
53443.964,22000.0,19.015,0.547,1226+023
53465.923,22000.0,19.581,1.392,1226+023
53466.84,22000.0,18.813,1.335,1226+023
53466.924,22000.0,18.759,1.327,1226+023
53509.736,22000.0,17.579,1.491,1226+023
53510.778,22000.0,15.293,1.349,1226+023
53511.736,22000.0,16.331,1.42,1226+023
53606.549,22000.0,17.05,0.834,1226+023
53629.665,22000.0,20.925,1.035,1226+023
53637.322,22000.0,22.42,0.949,1226+023
53637.422,22000.0,19.699,0.816,1226+023
53638.578,22000.0,20.191,0.84,1226+023
53721.305,22000.0,26.961,1.484,1226+023
53721.341,22000.0,26.029,1.581,1226+023
53722.094,22000.0,26.946,1.482,1226+023
53722.195,22000.0,27.054,1.478,1226+023
53722.402,22000.0,26.02,1.437,1226+023
53744.064,22000.0,28.408,1.216,1226+023
53749.301,22000.0,28.854,1.447,1226+023
53749.337,22000.0,26.291,1.343,1226+023
53750.983,22000.0,26.831,1.351,1226+023
53751.025,22000.0,26.583,1.334,1226+023
53764.981,22000.0,25.962,1.247,1226+023
53765.023,22000.0,26.349,1.271,1226+023
53765.991,22000.0,26.931,1.211,1226+023
53772.149,22000.0,29.027,1.396,1226+023
53772.158,22000.0,29.386,1.397,1226+023
53806.007,22000.0,28.585,1.591,1226+023
53806.016,22000.0,28.336,1.573,1226+023
53849.907,22000.0,27.74,1.597,1226+023
53849.916,22000.0,27.737,1.59,1226+023
53861.853,22000.0,29.277,1.638,1226+023
53861.863,22000.0,29.199,1.633,1226+023
53926.61,22000.0,26.201,3.132,1226+023
53926.694,22000.0,24.929,2.994,1226+023
53955.606,22000.0,24.613,1.789,1226+023
53955.615,22000.0,26.352,1.896,1226+023
53972.575,22000.0,23.218,1.454,1226+023
54010.424,22000.0,27.689,1.988,1226+023
54010.433,22000.0,26.05,1.865,1226+023
54021.405,22000.0,30.366,1.465,1226+023
54021.414,22000.0,26.922,1.314,1226+023
54057.285,22000.0,26.829,1.503,1226+023
54057.294,22000.0,25.211,1.453,1226+023
54057.303,22000.0,25.834,1.415,1226+023
54057.313,22000.0,24.492,1.489,1226+023
54081.218,22000.0,27.247,0.988,1226+023
54081.227,22000.0,27.049,0.995,1226+023
54081.236,22000.0,26.852,0.989,1226+023
54097.264,22000.0,27.476,1.688,1226+023
54097.273,22000.0,27.04,1.661,1226+023
54097.282,22000.0,27.197,1.671,1226+023
54120.147,22000.0,22.642,1.361,1226+023
54120.156,22000.0,24.168,0.994,1226+023
54120.166,22000.0,24.07,0.989,1226+023
54148.049,22000.0,30.176,1.57,1226+023
54148.058,22000.0,25.841,0.934,1226+023
54148.067,22000.0,26.53,0.945,1226+023
54183.933,22000.0,26.678,2.81,1226+023
54183.942,22000.0,24.473,2.778,1226+023
54196.816,22000.0,27.254,1.491,1226+023
54196.825,22000.0,27.134,1.427,1226+023
54196.834,22000.0,27.384,1.407,1226+023
54217.825,22000.0,26.07,1.321,1226+023
54217.834,22000.0,25.843,1.312,1226+023
54217.878,22000.0,26.345,1.348,1226+023
54217.887,22000.0,26.281,1.37,1226+023
54273.674,22000.0,26.272,1.472,1226+023
54273.683,22000.0,25.841,1.471,1226+023
54273.692,22000.0,27.154,1.525,1226+023
54287.801,22000.0,29.78,1.552,1226+023
54287.81,22000.0,30.756,1.599,1226+023
54294.772,22000.0,29.312,1.506,1226+023
54294.782,22000.0,28.213,1.449,1226+023
54322.613,22000.0,28.986,1.343,1226+023
54322.622,22000.0,29.56,1.363,1226+023
54322.632,22000.0,25.82,1.232,1226+023
54344.479,22000.0,31.187,1.305,1226+023
54344.488,22000.0,30.519,1.279,1226+023
54344.498,22000.0,30.338,1.305,1226+023
54372.535,22000.0,31.668,0.463,1226+023
54372.545,22000.0,29.955,0.578,1226+023
54456.159,22000.0,32.597,1.659,1226+023
54456.168,22000.0,32.981,1.678,1226+023
54456.177,22000.0,32.792,1.667,1226+023
54461.224,22000.0,31.038,0.956,1226+023
54461.233,22000.0,30.565,0.941,1226+023
54478.165,22000.0,31.053,1.26,1226+023
54478.174,22000.0,30.771,1.246,1226+023
54478.183,22000.0,30.153,1.222,1226+023
54511.07,22000.0,30.936,1.57,1226+023
54511.079,22000.0,31.018,1.573,1226+023
54511.088,22000.0,30.779,1.567,1226+023
54560.83,22000.0,34.111,1.388,1226+023
54560.839,22000.0,34.235,1.384,1226+023
54576.909,22000.0,34.745,3.48,1226+023
54576.918,22000.0,33.565,3.363,1226+023
54603.752,22000.0,35.482,3.562,1226+023
54603.761,22000.0,32.834,3.298,1226+023
54639.75,22000.0,29.004,2.906,1226+023
54639.759,22000.0,28.905,2.896,1226+023
54651.728,22000.0,28.561,4.354,1226+023
54666.662,22000.0,29.693,2.679,1226+023
54666.672,22000.0,31.714,2.863,1226+023
54687.615,22000.0,27.589,3.315,1226+023
54687.624,22000.0,27.446,3.298,1226+023
54722.485,22000.0,26.8,5.363,1226+023
54722.494,22000.0,26.02,5.213,1226+023
54778.365,22000.0,27.962,2.853,1226+023
54778.374,22000.0,28.475,2.906,1226+023
54816.278,22000.0,22.194,2.715,1226+023
54911.991,22000.0,28.718,2.894,1226+023
54912.0,22000.0,27.052,2.729,1226+023
54952.969,22000.0,30.972,2.012,1226+023
55001.737,22000.0,29.43,3.856,1226+023
55001.746,22000.0,29.053,3.811,1226+023
55033.634,22000.0,26.616,2.148,1226+023
55033.643,22000.0,26.164,2.166,1226+023
55098.397,22000.0,25.657,1.631,1226+023
55098.406,22000.0,27.897,1.692,1226+023
55121.408,22000.0,27.63,2.219,1226+023
55121.417,22000.0,27.973,2.247,1226+023
55209.199,22000.0,27.603,1.395,1226+023
55209.209,22000.0,27.657,1.401,1226+023
53468.737,43000.0,14.654,1.286,1226+023
53468.773,43000.0,13.328,1.028,1226+023
53468.898,43000.0,13.947,0.995,1226+023
53468.981,43000.0,13.265,0.941,1226+023
53469.023,43000.0,13.571,0.962,1226+023
53469.737,43000.0,14.786,1.502,1226+023
53469.835,43000.0,14.688,1.044,1226+023
53469.898,43000.0,14.622,1.045,1226+023
53469.981,43000.0,13.72,0.979,1226+023
53470.023,43000.0,14.434,1.028,1226+023
53825.879,43000.0,25.258,7.805,1226+023
53826.879,43000.0,24.863,7.666,1226+023
53878.754,43000.0,16.177,2.563,1226+023
53913.547,43000.0,18.465,3.393,1226+023
53913.671,43000.0,19.348,3.081,1226+023
53928.577,43000.0,13.958,2.051,1226+023
53951.452,43000.0,18.263,4.051,1226+023
53951.494,43000.0,16.176,3.393,1226+023
53951.546,43000.0,16.144,3.225,1226+023
53971.411,43000.0,15.18,3.902,1226+023
53971.452,43000.0,13.351,3.12,1226+023
53971.504,43000.0,17.665,3.625,1226+023
53972.505,43000.0,16.734,3.768,1226+023
53998.327,43000.0,11.145,2.242,1226+023
53998.369,43000.0,13.193,2.438,1226+023
53999.327,43000.0,11.219,2.224,1226+023
53999.369,43000.0,13.196,2.328,1226+023
54000.327,43000.0,9.832,1.972,1226+023
54000.421,43000.0,13.974,2.402,1226+023
54025.338,43000.0,14.506,3.428,1226+023
54026.338,43000.0,14.66,3.336,1226+023
54277.578,43000.0,20.283,2.413,1226+023
54277.619,43000.0,21.665,2.443,1226+023
54277.671,43000.0,20.975,2.364,1226+023
54320.407,43000.0,20.505,3.103,1226+023
54320.427,43000.0,27.233,3.388,1226+023
54321.452,43000.0,24.135,2.702,1226+023
54321.494,43000.0,23.132,2.63,1226+023
54321.546,43000.0,24.198,2.656,1226+023
54322.452,43000.0,26.82,3.035,1226+023
54322.494,43000.0,23.277,2.605,1226+023
54322.546,43000.0,21.801,2.449,1226+023
54365.328,43000.0,28.104,3.072,1226+023
54365.369,43000.0,26.874,2.788,1226+023
54365.421,43000.0,21.389,2.309,1226+023
54366.327,43000.0,27.092,2.954,1226+023
54366.369,43000.0,22.167,2.405,1226+023
54389.327,43000.0,22.711,2.305,1226+023
54389.38,43000.0,24.043,2.466,1226+023
54390.379,43000.0,24.597,2.392,1226+023
54423.171,43000.0,25.722,3.31,1226+023
54423.213,43000.0,20.296,2.457,1226+023
54423.265,43000.0,26.142,3.218,1226+023
54436.171,43000.0,23.448,5.236,1226+023
54436.213,43000.0,22.231,3.762,1226+023
54436.265,43000.0,20.633,3.195,1226+023
54437.265,43000.0,18.855,2.943,1226+023
54453.13,43000.0,18.942,2.921,1226+023
54453.171,43000.0,21.738,3.3,1226+023
54453.223,43000.0,18.844,2.943,1226+023
54479.046,43000.0,24.158,3.499,1226+023
54479.088,43000.0,24.703,3.549,1226+023
54479.14,43000.0,22.111,3.23,1226+023
54480.046,43000.0,26.561,3.548,1226+023
54480.088,43000.0,25.952,3.523,1226+023
54480.14,43000.0,25.667,3.717,1226+023
54504.962,43000.0,21.945,2.526,1226+023
54505.056,43000.0,23.756,3.023,1226+023
54505.962,43000.0,25.311,2.963,1226+023
54506.046,43000.0,22.138,2.729,1226+023
54506.963,43000.0,22.159,2.595,1226+023
54507.057,43000.0,24.36,3.015,1226+023
54521.911,43000.0,18.805,1.992,1226+023
54521.963,43000.0,17.601,1.897,1226+023
54522.015,43000.0,17.553,1.932,1226+023
54522.911,43000.0,21.42,2.237,1226+023
54522.963,43000.0,22.69,2.402,1226+023
54523.015,43000.0,22.861,2.476,1226+023
54523.911,43000.0,20.026,2.046,1226+023
54556.786,43000.0,26.646,2.477,1226+023
54556.838,43000.0,28.233,2.827,1226+023
54557.786,43000.0,25.7,2.805,1226+023
54557.837,43000.0,28.804,3.011,1226+023
54557.89,43000.0,29.107,3.054,1226+023
54579.755,43000.0,23.48,2.241,1226+023
54579.807,43000.0,22.354,2.261,1226+023
54580.755,43000.0,22.661,2.128,1226+023
54580.807,43000.0,22.445,2.185,1226+023
54596.713,43000.0,23.487,2.769,1226+023
54596.766,43000.0,25.83,2.874,1226+023
54598.712,43000.0,24.47,2.625,1226+023
54598.766,43000.0,24.764,2.855,1226+023
54611.619,43000.0,23.855,2.093,1226+023
54611.671,43000.0,20.171,1.877,1226+023
54643.536,43000.0,18.785,1.919,1226+023
54643.588,43000.0,18.591,2.119,1226+023
54655.62,43000.0,19.776,3.126,1226+023
54658.494,43000.0,19.583,2.488,1226+023
54659.494,43000.0,23.228,2.937,1226+023
54659.546,43000.0,26.886,3.849,1226+023
54659.598,43000.0,27.825,4.275,1226+023
54660.494,43000.0,17.08,2.256,1226+023
54660.546,43000.0,24.688,3.609,1226+023
54660.598,43000.0,23.132,3.569,1226+023
54679.557,43000.0,18.753,1.972,1226+023
54680.452,43000.0,18.844,1.787,1226+023
54680.505,43000.0,19.009,1.904,1226+023
54680.557,43000.0,18.046,1.857,1226+023
54681.453,43000.0,18.694,1.768,1226+023
54681.504,43000.0,19.368,1.931,1226+023
54682.453,43000.0,16.814,1.642,1226+023
54682.505,43000.0,18.628,1.838,1226+023
54708.369,43000.0,16.528,1.657,1226+023
54708.421,43000.0,17.499,1.762,1226+023
54708.473,43000.0,17.095,1.748,1226+023
54709.369,43000.0,21.514,2.162,1226+023
54709.421,43000.0,18.064,1.823,1226+023
54709.473,43000.0,18.461,1.88,1226+023
54710.369,43000.0,20.895,2.09,1226+023
54710.422,43000.0,17.499,1.832,1226+023
54710.474,43000.0,19.088,1.924,1226+023
54743.38,43000.0,20.48,2.902,1226+023
54744.288,43000.0,15.052,1.99,1226+023
54744.327,43000.0,15.436,2.148,1226+023
54744.38,43000.0,18.25,2.613,1226+023
54745.287,43000.0,14.092,1.902,1226+023
54745.38,43000.0,16.491,2.404,1226+023
54779.223,43000.0,14.537,2.032,1226+023
54779.265,43000.0,14.866,2.143,1226+023
54780.171,43000.0,17.314,2.308,1226+023
54780.223,43000.0,18.298,2.595,1226+023
54780.265,43000.0,19.07,2.742,1226+023
54781.171,43000.0,17.043,2.277,1226+023
54781.223,43000.0,17.204,2.387,1226+023
54781.265,43000.0,16.85,2.426,1226+023
54808.172,43000.0,21.174,2.617,1226+023
54808.224,43000.0,23.326,2.917,1226+023
54808.265,43000.0,23.666,2.945,1226+023
54809.172,43000.0,18.047,2.319,1226+023
54809.224,43000.0,20.138,2.579,1226+023
54809.265,43000.0,20.584,2.598,1226+023
54841.087,43000.0,23.74,3.58,1226+023
54841.14,43000.0,23.59,3.5,1226+023
54877.057,43000.0,22.726,2.759,1226+023
54879.004,43000.0,24.383,3.09,1226+023
54879.057,43000.0,24.92,3.019,1226+023
54929.786,43000.0,23.769,2.316,1226+023
54929.838,43000.0,22.712,2.332,1226+023
54929.89,43000.0,25.372,2.605,1226+023
54930.786,43000.0,25.612,2.443,1226+023
54930.838,43000.0,24.046,2.411,1226+023
54930.89,43000.0,26.358,2.657,1226+023
54960.713,43000.0,22.38,2.42,1226+023
54960.765,43000.0,22.648,2.558,1226+023
54961.713,43000.0,21.802,2.392,1226+023
54961.765,43000.0,23.907,2.722,1226+023
55009.536,43000.0,20.165,2.01,1226+023
55009.588,43000.0,17.719,1.948,1226+023
55009.64,43000.0,15.491,1.786,1226+023
55010.536,43000.0,17.429,1.806,1226+023
55010.638,43000.0,15.76,1.788,1226+023
55011.587,43000.0,17.709,2.077,1226+023
55011.639,43000.0,16.949,1.844,1226+023
55167.266,43000.0,23.674,3.887,1226+023
55168.224,43000.0,27.172,4.01,1226+023
55168.266,43000.0,25.916,3.88,1226+023
55175.211,43000.0,27.486,3.514,1226+023
55176.219,43000.0,27.133,3.481,1226+023
55177.207,43000.0,27.42,3.534,1226+023
55179.223,43000.0,26.87,3.474,1226+023
55187.184,43000.0,28.162,3.593,1226+023
55188.188,43000.0,30.258,3.755,1226+023
55189.172,43000.0,28.936,3.611,1226+023
55210.046,43000.0,27.08,2.881,1226+023
55210.099,43000.0,30.646,3.378,1226+023
55210.14,43000.0,29.571,3.267,1226+023
55211.099,43000.0,27.203,3.028,1226+023
55211.141,43000.0,27.364,2.966,1226+023
55212.086,43000.0,32.268,3.485,1226+023
55214.082,43000.0,29.616,3.248,1226+023
53355.286,5000.0,34.208,0.363,1226+023
53355.359,5000.0,33.999,0.363,1226+023
53357.282,5000.0,33.327,0.366,1226+023
53357.364,5000.0,34.352,0.447,1226+023
53358.282,5000.0,33.905,0.361,1226+023
53358.364,5000.0,34.397,0.379,1226+023
53359.282,5000.0,34.095,0.38,1226+023
53359.364,5000.0,34.135,0.366,1226+023
53382.13,5000.0,33.748,0.483,1226+023
53384.085,5000.0,34.042,0.49,1226+023
53385.127,5000.0,34.264,0.491,1226+023
53386.127,5000.0,34.345,0.489,1226+023
53387.127,5000.0,34.095,0.485,1226+023
53388.127,5000.0,34.128,0.486,1226+023
53389.127,5000.0,34.242,0.487,1226+023
53390.127,5000.0,34.203,0.491,1226+023
53444.967,5000.0,34.87,0.583,1226+023
53445.968,5000.0,34.889,0.583,1226+023
53448.967,5000.0,34.75,0.581,1226+023
53449.967,5000.0,34.756,0.581,1226+023
53450.967,5000.0,34.731,0.581,1226+023
53454.939,5000.0,34.938,0.707,1226+023
53454.947,5000.0,34.843,0.706,1226+023
53456.855,5000.0,35.1,0.727,1226+023
53456.863,5000.0,34.948,0.723,1226+023
53478.073,5000.0,34.76,0.612,1226+023
53478.081,5000.0,34.981,0.613,1226+023
53478.842,5000.0,34.954,0.617,1226+023
53510.711,5000.0,35.802,0.833,1226+023
53543.881,5000.0,34.785,0.686,1226+023
53544.657,5000.0,34.546,0.69,1226+023
53576.488,5000.0,35.23,0.849,1226+023
53577.683,5000.0,34.674,0.824,1226+023
53587.766,5000.0,34.815,0.882,1226+023
53605.605,5000.0,34.687,0.764,1226+023
53607.46,5000.0,35.769,0.775,1226+023
53639.322,5000.0,36.287,0.777,1226+023
53724.214,5000.0,34.942,0.777,1226+023
53763.987,5000.0,34.406,0.872,1226+023
53766.175,5000.0,34.901,0.884,1226+023
53770.156,5000.0,35.412,0.537,1226+023
53770.165,5000.0,35.447,0.539,1226+023
53826.024,5000.0,34.732,0.929,1226+023
53851.923,5000.0,34.073,1.305,1226+023
53851.932,5000.0,34.091,1.306,1226+023
53974.551,5000.0,32.752,0.703,1226+023
53974.56,5000.0,32.403,0.683,1226+023
54012.418,5000.0,36.166,0.515,1226+023
54012.427,5000.0,36.223,0.575,1226+023
54023.445,5000.0,35.249,0.75,1226+023
54023.454,5000.0,34.136,0.726,1226+023
54199.927,5000.0,35.614,0.661,1226+023
54199.937,5000.0,35.568,0.66,1226+023
54296.734,5000.0,36.809,0.983,1226+023
54296.743,5000.0,37.032,0.997,1226+023
54347.556,5000.0,36.767,1.05,1226+023
54347.566,5000.0,37.071,1.06,1226+023
54347.575,5000.0,37.17,1.06,1226+023
54374.443,5000.0,35.587,0.876,1226+023
54374.452,5000.0,37.727,0.902,1226+023
54668.552,5000.0,38.282,1.784,1226+023
54668.561,5000.0,37.973,1.776,1226+023
54689.513,5000.0,37.509,0.853,1226+023
54689.522,5000.0,37.383,0.868,1226+023
54779.41,5000.0,38.741,0.817,1226+023
54779.42,5000.0,38.825,0.825,1226+023
54912.947,5000.0,40.008,1.35,1226+023
54912.956,5000.0,40.32,1.32,1226+023
54953.923,5000.0,41.054,2.15,1226+023
54953.932,5000.0,40.968,2.121,1226+023
55002.769,5000.0,40.243,1.446,1226+023
55002.779,5000.0,40.091,1.342,1226+023
55034.634,5000.0,38.356,1.427,1226+023
55034.644,5000.0,38.849,1.423,1226+023
55062.617,5000.0,37.82,1.225,1226+023
55062.626,5000.0,37.709,1.206,1226+023
55099.399,5000.0,40.063,0.916,1226+023
55122.44,5000.0,40.437,0.928,1226+023
55122.449,5000.0,41.433,0.948,1226+023
55210.152,5000.0,39.529,0.829,1226+023
55210.161,5000.0,39.517,0.83,1226+023
53350.13,8000.0,27.843,0.659,1226+023
53350.22,8000.0,28.102,0.669,1226+023
53351.19,8000.0,28.208,0.664,1226+023
53352.172,8000.0,27.952,0.659,1226+023
53352.288,8000.0,27.772,0.655,1226+023
53352.417,8000.0,28.422,0.68,1226+023
53383.044,8000.0,28.313,0.899,1226+023
53383.124,8000.0,28.091,0.891,1226+023
53412.957,8000.0,29.325,0.716,1226+023
53413.019,8000.0,29.654,0.723,1226+023
53418.208,8000.0,29.475,0.476,1226+023
53451.969,8000.0,28.543,0.392,1226+023
53457.041,8000.0,29.003,0.876,1226+023
53457.049,8000.0,28.908,0.871,1226+023
53463.926,8000.0,28.64,0.428,1226+023
53464.925,8000.0,28.532,0.429,1226+023
53477.879,8000.0,28.806,0.781,1226+023
53477.887,8000.0,28.947,0.782,1226+023
53510.838,8000.0,28.886,0.696,1226+023
53543.676,8000.0,27.004,0.844,1226+023
53544.848,8000.0,29.178,0.894,1226+023
53576.736,8000.0,28.744,0.626,1226+023
53577.613,8000.0,28.815,0.617,1226+023
53605.439,8000.0,29.311,0.97,1226+023
53606.657,8000.0,28.019,0.933,1226+023
53637.585,8000.0,28.097,0.58,1226+023
53638.389,8000.0,29.028,0.61,1226+023
53721.16,8000.0,28.939,0.685,1226+023
53722.358,8000.0,29.133,0.696,1226+023
53742.025,8000.0,29.364,0.652,1226+023
53742.067,8000.0,29.209,0.649,1226+023
53742.119,8000.0,29.32,0.651,1226+023
53743.205,8000.0,28.692,0.592,1226+023
53744.222,8000.0,28.922,0.597,1226+023
53771.161,8000.0,30.167,0.992,1226+023
53771.17,8000.0,29.687,0.954,1226+023
53778.983,8000.0,28.473,0.644,1226+023
53779.025,8000.0,28.747,0.649,1226+023
53779.077,8000.0,28.285,0.639,1226+023
53805.033,8000.0,28.794,0.774,1226+023
53805.042,8000.0,29.036,0.786,1226+023
53830.982,8000.0,29.185,1.484,1226+023
53830.988,8000.0,29.078,1.474,1226+023
53850.908,8000.0,30.611,0.95,1226+023
53850.918,8000.0,28.905,0.914,1226+023
53859.881,8000.0,29.424,0.626,1226+023
53860.859,8000.0,29.489,0.633,1226+023
53907.702,8000.0,30.294,0.84,1226+023
53956.563,8000.0,30.216,1.255,1226+023
53973.551,8000.0,31.083,0.68,1226+023
54011.438,8000.0,31.463,1.198,1226+023
54022.431,8000.0,31.512,1.077,1226+023
54037.414,8000.0,31.549,0.815,1226+023
54059.346,8000.0,31.618,1.538,1226+023
54080.313,8000.0,31.897,0.508,1226+023
54099.269,8000.0,32.075,0.695,1226+023
54150.12,8000.0,32.389,0.854,1226+023
54185.962,8000.0,32.922,1.98,1226+023
54198.929,8000.0,32.837,0.708,1226+023
54219.943,8000.0,33.311,0.915,1226+023
54275.69,8000.0,33.96,1.108,1226+023
54289.66,8000.0,33.948,0.491,1226+023
54295.724,8000.0,33.634,1.051,1226+023
54324.66,8000.0,34.687,1.019,1226+023
54343.564,8000.0,32.789,1.054,1226+023
54373.494,8000.0,34.639,0.79,1226+023
54421.35,8000.0,34.198,0.934,1226+023
54435.3,8000.0,34.806,0.602,1226+023
54477.207,8000.0,33.954,1.719,1226+023
54513.052,8000.0,34.591,1.018,1226+023
54575.865,8000.0,34.657,0.912,1226+023
54604.836,8000.0,34.767,0.914,1226+023
54640.697,8000.0,35.051,0.795,1226+023
54652.665,8000.0,34.79,1.124,1226+023
54667.634,8000.0,34.534,1.291,1226+023
54688.586,8000.0,34.912,0.852,1226+023
54723.495,8000.0,35.015,1.776,1226+023
54777.371,8000.0,35.465,0.861,1226+023
54951.993,8000.0,35.224,1.179,1226+023
55003.786,8000.0,35.477,1.345,1226+023
55035.757,8000.0,35.247,0.796,1226+023
55063.579,8000.0,34.74,0.304,1226+023
55076.583,8000.0,35.678,1.112,1226+023
55100.456,8000.0,34.238,0.388,1226+023
55123.436,8000.0,34.531,1.321,1226+023
55208.147,8000.0,35.418,1.126,1226+023
53373.122,22000.0,20.033,1.206,1253-055
53373.2,22000.0,19.055,1.147,1253-055
53374.122,22000.0,19.179,1.156,1253-055
53374.2,22000.0,19.009,1.143,1253-055
53377.122,22000.0,19.362,1.163,1253-055
53377.2,22000.0,19.429,1.168,1253-055
53378.122,22000.0,19.98,1.2,1253-055
53378.2,22000.0,20.406,1.227,1253-055
53380.122,22000.0,19.376,1.164,1253-055
53380.2,22000.0,19.694,1.183,1253-055
53381.122,22000.0,19.341,1.163,1253-055
53381.2,22000.0,19.264,1.158,1253-055
53414.028,22000.0,16.933,0.511,1253-055
53414.111,22000.0,16.215,0.491,1253-055
53416.027,22000.0,16.538,0.508,1253-055
53416.111,22000.0,16.716,0.51,1253-055
53441.924,22000.0,17.114,0.49,1253-055
53442.007,22000.0,17.258,0.492,1253-055
53442.924,22000.0,17.641,0.503,1253-055
53443.007,22000.0,17.262,0.494,1253-055
53443.928,22000.0,16.424,0.487,1253-055
53466.882,22000.0,17.196,1.258,1253-055
53466.965,22000.0,16.328,1.165,1253-055
53509.799,22000.0,14.966,1.292,1253-055
53510.799,22000.0,14.943,1.308,1253-055
53511.799,22000.0,14.86,1.281,1253-055
53606.567,22000.0,14.619,0.985,1253-055
53637.439,22000.0,15.614,0.669,1253-055
53637.45,22000.0,15.559,0.692,1253-055
53638.595,22000.0,15.615,0.747,1253-055
53638.606,22000.0,16.107,0.769,1253-055
53722.212,22000.0,16.393,0.92,1253-055
53722.222,22000.0,16.737,0.946,1253-055
53744.089,22000.0,16.921,0.773,1253-055
53744.1,22000.0,16.781,0.792,1253-055
53751.014,22000.0,14.417,0.736,1253-055
53753.258,22000.0,15.836,0.865,1253-055
53753.264,22000.0,16.45,0.924,1253-055
53754.229,22000.0,16.554,0.936,1253-055
53754.234,22000.0,15.242,0.86,1253-055
53765.014,22000.0,14.909,0.73,1253-055
53766.028,22000.0,15.751,0.888,1253-055
53766.035,22000.0,15.339,0.788,1253-055
53772.193,22000.0,16.329,0.811,1253-055
53772.202,22000.0,15.454,0.846,1253-055
53806.025,22000.0,16.73,0.971,1253-055
53806.033,22000.0,16.39,0.956,1253-055
53849.926,22000.0,18.266,1.109,1253-055
53849.935,22000.0,18.349,1.118,1253-055
53861.873,22000.0,20.417,1.159,1253-055
53861.882,22000.0,20.523,1.18,1253-055
53926.705,22000.0,19.807,2.331,1253-055
53955.625,22000.0,18.294,1.366,1253-055
53955.634,22000.0,19.702,1.457,1253-055
53972.594,22000.0,16.781,1.17,1253-055
53972.604,22000.0,15.87,1.041,1253-055
54021.425,22000.0,23.079,1.17,1253-055
54021.434,22000.0,23.752,1.186,1253-055
54057.349,22000.0,22.645,1.377,1253-055
54057.358,22000.0,24.544,1.428,1253-055
54057.368,22000.0,24.995,1.402,1253-055
54081.273,22000.0,24.301,0.907,1253-055
54081.282,22000.0,24.323,0.92,1253-055
54081.291,22000.0,24.837,0.907,1253-055
54097.293,22000.0,23.358,1.454,1253-055
54097.302,22000.0,24.247,1.495,1253-055
54097.311,22000.0,23.543,1.468,1253-055
54120.176,22000.0,25.49,1.528,1253-055
54120.185,22000.0,20.947,2.647,1253-055
54120.194,22000.0,22.782,2.032,1253-055
54148.077,22000.0,20.969,0.79,1253-055
54148.086,22000.0,21.739,1.071,1253-055
54148.096,22000.0,21.859,1.267,1253-055
54183.952,22000.0,19.807,2.331,1253-055
54183.961,22000.0,18.846,2.671,1253-055
54196.874,22000.0,19.469,1.051,1253-055
54196.883,22000.0,19.17,1.022,1253-055
54196.893,22000.0,19.392,1.038,1253-055
54217.918,22000.0,18.018,0.972,1253-055
54217.927,22000.0,16.877,1.084,1253-055
54217.936,22000.0,17.77,1.175,1253-055
54273.703,22000.0,13.955,0.917,1253-055
54273.712,22000.0,14.073,0.909,1253-055
54273.721,22000.0,13.116,0.83,1253-055
54294.792,22000.0,15.594,0.87,1253-055
54294.801,22000.0,15.096,0.848,1253-055
54322.642,22000.0,13.524,0.795,1253-055
54322.651,22000.0,16.132,0.83,1253-055
54322.66,22000.0,12.831,0.751,1253-055
54344.595,22000.0,16.176,0.724,1253-055
54344.612,22000.0,15.904,0.718,1253-055
54372.555,22000.0,20.686,0.533,1253-055
54372.564,22000.0,20.177,0.448,1253-055
54456.187,22000.0,22.345,1.147,1253-055
54456.197,22000.0,21.885,1.146,1253-055
54456.206,22000.0,20.816,1.085,1253-055
54461.243,22000.0,20.277,0.644,1253-055
54461.252,22000.0,20.179,0.696,1253-055
54478.193,22000.0,19.291,0.797,1253-055
54478.202,22000.0,19.307,0.798,1253-055
54478.212,22000.0,18.325,0.768,1253-055
54511.098,22000.0,19.104,0.993,1253-055
54511.108,22000.0,19.526,1.054,1253-055
54511.117,22000.0,18.627,1.045,1253-055
54560.91,22000.0,20.511,0.947,1253-055
54560.919,22000.0,20.012,0.934,1253-055
54603.792,22000.0,20.476,2.248,1253-055
54639.77,22000.0,18.799,1.891,1253-055
54639.779,22000.0,18.703,1.882,1253-055
54651.738,22000.0,19.932,3.014,1253-055
54651.748,22000.0,20.832,3.138,1253-055
54666.682,22000.0,20.569,1.866,1253-055
54666.691,22000.0,20.364,1.849,1253-055
54722.504,22000.0,19.947,3.998,1253-055
54778.385,22000.0,23.211,2.378,1253-055
54778.394,22000.0,21.846,2.247,1253-055
54816.288,22000.0,21.999,3.221,1253-055
54912.011,22000.0,16.87,1.746,1253-055
54912.02,22000.0,16.278,1.679,1253-055
54952.98,22000.0,16.924,1.35,1253-055
54952.989,22000.0,16.267,1.273,1253-055
55001.757,22000.0,12.424,1.694,1253-055
55001.766,22000.0,12.575,1.702,1253-055
55033.653,22000.0,10.788,1.056,1253-055
55033.663,22000.0,9.724,0.878,1253-055
55098.417,22000.0,13.8,0.928,1253-055
55098.426,22000.0,12.297,0.869,1253-055
55121.428,22000.0,13.7,1.115,1253-055
55121.437,22000.0,13.217,1.083,1253-055
55209.219,22000.0,14.512,0.759,1253-055
55209.229,22000.0,14.802,0.756,1253-055
53468.752,43000.0,21.268,2.151,1253-055
53468.794,43000.0,21.442,1.742,1253-055
53468.919,43000.0,19.084,1.351,1253-055
53468.96,43000.0,19.235,1.359,1253-055
53469.856,43000.0,18.479,1.337,1253-055
53469.919,43000.0,20.5,1.447,1253-055
53469.96,43000.0,20.235,1.43,1253-055
53470.044,43000.0,18.348,1.327,1253-055
53825.904,43000.0,20.409,6.464,1253-055
53826.901,43000.0,19.03,5.955,1253-055
53827.905,43000.0,22.84,7.596,1253-055
53854.734,43000.0,21.288,5.277,1253-055
53854.821,43000.0,21.559,3.614,1253-055
53855.821,43000.0,25.244,4.24,1253-055
53878.779,43000.0,18.241,2.944,1253-055
53913.696,43000.0,14.548,2.381,1253-055
53951.484,43000.0,20.293,4.665,1253-055
53951.572,43000.0,17.456,3.431,1253-055
53971.442,43000.0,21.86,5.839,1253-055
53971.531,43000.0,22.768,4.872,1253-055
53998.359,43000.0,16.469,3.444,1253-055
53998.447,43000.0,18.974,3.295,1253-055
53999.447,43000.0,18.097,3.11,1253-055
54000.359,43000.0,17.975,3.571,1253-055
54000.447,43000.0,17.947,3.18,1253-055
54025.364,43000.0,17.295,4.156,1253-055
54026.364,43000.0,15.754,3.766,1253-055
54277.609,43000.0,12.285,1.488,1253-055
54277.694,43000.0,12.995,1.467,1253-055
54321.483,43000.0,16.383,1.881,1253-055
54321.57,43000.0,15.501,1.733,1253-055
54322.484,43000.0,14.532,1.697,1253-055
54322.57,43000.0,12.889,1.462,1253-055
54361.429,43000.0,14.506,1.661,1253-055
54365.445,43000.0,13.653,1.574,1253-055
54366.359,43000.0,17.473,2.183,1253-055
54389.288,43000.0,20.663,2.05,1253-055
54389.317,43000.0,19.233,1.925,1253-055
54389.403,43000.0,18.566,1.881,1253-055
54423.202,43000.0,21.788,2.757,1253-055
54423.288,43000.0,22.437,2.756,1253-055
54424.291,43000.0,21.759,3.475,1253-055
54436.202,43000.0,19.062,5.171,1253-055
54436.288,43000.0,19.173,3.261,1253-055
54437.288,43000.0,18.28,3.112,1253-055
54453.161,43000.0,20.073,3.415,1253-055
54453.244,43000.0,17.095,2.632,1253-055
54453.252,43000.0,16.099,2.495,1253-055
54479.163,43000.0,19.212,2.688,1253-055
54480.078,43000.0,21.826,2.889,1253-055
54480.164,43000.0,20.683,2.821,1253-055
54504.99,43000.0,17.564,2.009,1253-055
54505.088,43000.0,16.283,1.981,1253-055
54505.981,43000.0,18.207,2.104,1253-055
54505.99,43000.0,17.607,2.055,1253-055
54506.075,43000.0,18.003,2.167,1253-055
54506.99,43000.0,16.387,1.906,1253-055
54507.088,43000.0,17.698,2.137,1253-055
54521.929,43000.0,15.899,1.663,1253-055
54521.942,43000.0,14.941,1.552,1253-055
54522.929,43000.0,20.461,2.105,1253-055
54522.942,43000.0,17.438,1.789,1253-055
54523.046,43000.0,17.859,1.912,1253-055
54523.931,43000.0,19.538,1.92,1253-055
54523.942,43000.0,17.553,1.772,1253-055
54556.804,43000.0,22.16,2.022,1253-055
54556.817,43000.0,22.604,2.086,1253-055
54556.921,43000.0,23.402,2.403,1253-055
54557.804,43000.0,19.594,1.807,1253-055
54557.817,43000.0,22.955,2.1,1253-055
54557.92,43000.0,21.253,2.221,1253-055
54579.838,43000.0,17.451,1.753,1253-055
54580.721,43000.0,15.488,1.439,1253-055
54580.838,43000.0,17.282,1.681,1253-055
54596.797,43000.0,19.512,2.172,1253-055
54597.797,43000.0,16.744,1.853,1253-055
54598.692,43000.0,21.144,2.445,1253-055
54598.797,43000.0,23.193,2.91,1253-055
54611.639,43000.0,19.776,1.73,1253-055
54611.651,43000.0,20.394,1.775,1253-055
54611.755,43000.0,18.976,1.849,1253-055
54612.755,43000.0,19.694,1.913,1253-055
54641.671,43000.0,17.522,2.155,1253-055
54643.671,43000.0,18.844,2.271,1253-055
54655.63,43000.0,21.125,3.188,1253-055
54659.521,43000.0,21.327,2.53,1253-055
54659.63,43000.0,23.468,3.556,1253-055
54660.522,43000.0,21.472,2.625,1253-055
54679.588,43000.0,17.462,1.822,1253-055
54680.473,43000.0,21.676,1.979,1253-055
54680.484,43000.0,19.402,1.757,1253-055
54680.588,43000.0,15.555,1.665,1253-055
54681.472,43000.0,19.174,1.759,1253-055
54681.484,43000.0,18.936,1.741,1253-055
54681.589,43000.0,16.407,1.701,1253-055
54682.472,43000.0,18.378,1.746,1253-055
54682.484,43000.0,16.695,1.605,1253-055
54682.588,43000.0,16.37,1.706,1253-055
54707.413,43000.0,19.154,1.904,1253-055
54708.398,43000.0,22.454,2.282,1253-055
54709.505,43000.0,19.523,2.03,1253-055
54743.402,43000.0,16.966,2.323,1253-055
54744.317,43000.0,17.007,2.182,1253-055
54744.403,43000.0,17.333,2.393,1253-055
54745.317,43000.0,16.35,2.092,1253-055
54745.404,43000.0,14.291,2.027,1253-055
54779.193,43000.0,18.53,2.454,1253-055
54779.202,43000.0,17.693,2.336,1253-055
54779.286,43000.0,18.154,2.525,1253-055
54780.193,43000.0,22.14,2.872,1253-055
54780.203,43000.0,20.119,2.643,1253-055
54780.286,43000.0,20.912,2.88,1253-055
54781.192,43000.0,21.969,2.861,1253-055
54781.203,43000.0,20.166,2.657,1253-055
54781.286,43000.0,18.884,2.665,1253-055
54808.193,43000.0,21.791,2.66,1253-055
54808.203,43000.0,22.969,2.852,1253-055
54808.286,43000.0,22.926,2.812,1253-055
54808.294,43000.0,23.167,2.842,1253-055
54809.193,43000.0,18.897,2.365,1253-055
54809.203,43000.0,19.406,2.433,1253-055
54809.286,43000.0,19.241,2.387,1253-055
54809.294,43000.0,19.442,2.483,1253-055
54841.078,43000.0,23.925,3.68,1253-055
54841.165,43000.0,21.092,3.054,1253-055
54877.088,43000.0,13.716,1.708,1253-055
54878.99,43000.0,13.991,1.732,1253-055
54879.088,43000.0,14.993,1.981,1253-055
54929.806,43000.0,12.661,1.169,1253-055
54929.817,43000.0,11.869,1.146,1253-055
54929.921,43000.0,12.625,1.26,1253-055
54930.804,43000.0,12.712,1.181,1253-055
54930.817,43000.0,12.233,1.143,1253-055
54930.921,43000.0,12.834,1.278,1253-055
54960.797,43000.0,12.302,1.37,1253-055
54961.797,43000.0,12.079,1.36,1253-055
55009.557,43000.0,9.969,0.981,1253-055
55009.567,43000.0,10.477,1.065,1253-055
55010.672,43000.0,10.621,1.185,1253-055
55011.567,43000.0,10.101,1.053,1253-055
55152.309,43000.0,12.389,1.449,1253-055
55157.269,43000.0,14.074,1.664,1253-055
55157.301,43000.0,13.97,1.658,1253-055
55161.297,43000.0,14.452,2.136,1253-055
55164.266,43000.0,19.768,2.822,1253-055
55164.297,43000.0,18.825,2.632,1253-055
55165.298,43000.0,17.739,2.837,1253-055
55166.266,43000.0,20.572,2.494,1253-055
55167.287,43000.0,15.214,2.565,1253-055
55168.196,43000.0,14.508,2.108,1253-055
55168.198,43000.0,15.162,2.197,1253-055
55168.287,43000.0,14.777,2.167,1253-055
55175.219,43000.0,18.317,2.278,1253-055
55177.223,43000.0,18.316,2.282,1253-055
55179.231,43000.0,17.257,2.163,1253-055
55187.19,43000.0,16.708,2.092,1253-055
55188.196,43000.0,18.393,2.21,1253-055
55188.228,43000.0,19.063,2.292,1253-055
55189.179,43000.0,17.984,2.2,1253-055
55210.16,43000.0,15.572,1.752,1253-055
55211.164,43000.0,16.055,1.736,1253-055
55212.102,43000.0,17.038,1.787,1253-055
55212.12,43000.0,17.116,1.806,1253-055
55214.099,43000.0,17.299,1.827,1253-055
55214.117,43000.0,16.273,1.74,1253-055
53355.306,5000.0,11.322,0.128,1253-055
53355.331,5000.0,11.325,0.125,1253-055
53355.386,5000.0,11.347,0.124,1253-055
53357.302,5000.0,11.258,0.124,1253-055
53357.333,5000.0,11.013,0.139,1253-055
53357.384,5000.0,11.323,0.174,1253-055
53358.302,5000.0,11.322,0.121,1253-055
53358.333,5000.0,11.34,0.124,1253-055
53358.384,5000.0,11.381,0.125,1253-055
53359.302,5000.0,11.364,0.123,1253-055
53359.333,5000.0,11.399,0.123,1253-055
53359.384,5000.0,11.221,0.125,1253-055
53382.169,5000.0,11.179,0.161,1253-055
53384.127,5000.0,11.257,0.163,1253-055
53385.127,5000.0,11.392,0.165,1253-055
53386.127,5000.0,11.339,0.164,1253-055
53387.129,5000.0,11.268,0.163,1253-055
53388.128,5000.0,11.327,0.163,1253-055
53389.127,5000.0,11.424,0.165,1253-055
53444.967,5000.0,11.602,0.195,1253-055
53445.967,5000.0,11.726,0.197,1253-055
53448.967,5000.0,11.719,0.196,1253-055
53449.967,5000.0,11.709,0.196,1253-055
53450.967,5000.0,11.677,0.196,1253-055
53454.955,5000.0,11.996,0.256,1253-055
53454.963,5000.0,12.184,0.259,1253-055
53456.871,5000.0,12.42,0.284,1253-055
53456.879,5000.0,12.25,0.273,1253-055
53478.85,5000.0,12.322,0.231,1253-055
53478.941,5000.0,12.234,0.229,1253-055
53510.717,5000.0,12.779,0.311,1253-055
53510.791,5000.0,12.436,0.297,1253-055
53543.889,5000.0,12.273,0.258,1253-055
53544.666,5000.0,12.199,0.256,1253-055
53544.781,5000.0,12.17,0.253,1253-055
53576.561,5000.0,12.07,0.31,1253-055
53577.692,5000.0,12.15,0.303,1253-055
53587.774,5000.0,12.544,0.326,1253-055
53605.614,5000.0,13.104,0.301,1253-055
53607.468,5000.0,13.082,0.301,1253-055
53639.39,5000.0,12.721,0.261,1253-055
53639.469,5000.0,12.657,0.26,1253-055
53724.222,5000.0,13.054,0.301,1253-055
53724.347,5000.0,12.996,0.299,1253-055
53750.298,5000.0,13.276,0.545,1253-055
53750.303,5000.0,13.477,0.551,1253-055
53753.323,5000.0,12.991,0.537,1253-055
53754.287,5000.0,12.987,0.532,1253-055
53754.293,5000.0,13.011,0.53,1253-055
53764.062,5000.0,12.603,0.336,1253-055
53766.181,5000.0,12.737,0.363,1253-055
53770.173,5000.0,12.904,0.21,1253-055
53770.182,5000.0,13.014,0.213,1253-055
53826.042,5000.0,12.399,0.344,1253-055
53826.05,5000.0,12.414,0.341,1253-055
53851.942,5000.0,12.171,0.474,1253-055
53851.952,5000.0,12.184,0.473,1253-055
53974.571,5000.0,11.77,0.265,1253-055
53974.58,5000.0,11.874,0.294,1253-055
54012.438,5000.0,12.279,0.638,1253-055
54012.447,5000.0,12.549,0.775,1253-055
54023.464,5000.0,12.919,0.402,1253-055
54023.474,5000.0,13.937,0.416,1253-055
54199.947,5000.0,13.395,0.254,1253-055
54199.956,5000.0,13.411,0.255,1253-055
54296.753,5000.0,12.777,0.401,1253-055
54296.762,5000.0,13.27,0.4,1253-055
54347.585,5000.0,12.507,0.362,1253-055
54347.594,5000.0,12.562,0.361,1253-055
54347.603,5000.0,12.252,0.355,1253-055
54374.462,5000.0,12.727,0.352,1253-055
54374.472,5000.0,12.846,0.337,1253-055
54668.571,5000.0,12.491,0.642,1253-055
54668.581,5000.0,12.208,0.568,1253-055
54689.532,5000.0,11.861,0.282,1253-055
54689.541,5000.0,11.942,0.3,1253-055
54779.43,5000.0,11.564,0.267,1253-055
54779.439,5000.0,11.499,0.274,1253-055
54912.966,5000.0,11.691,0.471,1253-055
54912.975,5000.0,11.847,0.479,1253-055
54953.942,5000.0,11.083,0.78,1253-055
54953.952,5000.0,11.422,0.703,1253-055
55002.789,5000.0,11.072,0.536,1253-055
55034.654,5000.0,10.169,0.447,1253-055
55034.664,5000.0,10.242,0.452,1253-055
55062.637,5000.0,9.949,0.401,1253-055
55062.647,5000.0,9.761,0.368,1253-055
55099.41,5000.0,8.511,0.205,1253-055
55122.46,5000.0,9.381,0.241,1253-055
55122.47,5000.0,9.264,0.243,1253-055
55210.172,5000.0,9.152,0.205,1253-055
55210.181,5000.0,9.133,0.207,1253-055
53383.083,8000.0,13.775,0.437,1253-055
53383.16,8000.0,13.544,0.43,1253-055
53412.988,8000.0,14.308,0.349,1253-055
53413.05,8000.0,14.204,0.346,1253-055
53451.971,8000.0,13.66,0.187,1253-055
53457.057,8000.0,13.727,0.43,1253-055
53457.065,8000.0,13.837,0.429,1253-055
53463.884,8000.0,13.862,0.208,1253-055
53463.967,8000.0,13.776,0.206,1253-055
53464.88,8000.0,13.765,0.208,1253-055
53464.968,8000.0,13.734,0.206,1253-055
53477.895,8000.0,14.081,0.396,1253-055
53477.903,8000.0,13.914,0.384,1253-055
53510.844,8000.0,13.891,0.342,1253-055
53510.947,8000.0,13.721,0.337,1253-055
53543.685,8000.0,13.279,0.921,1253-055
53544.856,8000.0,14.06,0.486,1253-055
53576.744,8000.0,14.129,0.318,1253-055
53577.621,8000.0,14.313,0.317,1253-055
53605.447,8000.0,14.85,0.497,1253-055
53605.54,8000.0,14.242,0.48,1253-055
53637.594,8000.0,14.671,0.307,1253-055
53638.398,8000.0,14.983,0.313,1253-055
53638.5,8000.0,14.475,0.302,1253-055
53721.169,8000.0,13.801,0.339,1253-055
53721.263,8000.0,13.746,0.331,1253-055
53722.366,8000.0,14.195,0.346,1253-055
53742.056,8000.0,14.069,0.314,1253-055
53742.144,8000.0,13.942,0.31,1253-055
53743.213,8000.0,13.792,0.295,1253-055
53744.23,8000.0,14.031,0.323,1253-055
53750.27,8000.0,14.412,0.372,1253-055
53750.276,8000.0,13.361,0.272,1253-055
53753.29,8000.0,14.312,0.244,1253-055
53753.296,8000.0,13.702,0.242,1253-055
53754.26,8000.0,13.777,0.233,1253-055
53754.266,8000.0,13.74,0.231,1253-055
53771.187,8000.0,13.636,0.521,1253-055
53779.015,8000.0,13.001,0.295,1253-055
53779.102,8000.0,12.949,0.292,1253-055
53805.051,8000.0,12.93,0.351,1253-055
53805.06,8000.0,13.027,0.357,1253-055
53830.995,8000.0,12.676,0.672,1253-055
53831.002,8000.0,12.883,0.659,1253-055
53850.936,8000.0,13.798,0.461,1253-055
53859.899,8000.0,13.862,0.322,1253-055
53860.877,8000.0,13.753,0.303,1253-055
53907.72,8000.0,15.227,0.423,1253-055
53956.581,8000.0,14.933,0.625,1253-055
53973.569,8000.0,14.823,0.367,1253-055
54011.456,8000.0,15.879,0.617,1253-055
54022.449,8000.0,15.467,0.67,1253-055
54037.432,8000.0,17.203,0.494,1253-055
54059.364,8000.0,18.704,1.396,1253-055
54080.331,8000.0,16.848,0.286,1253-055
54099.287,8000.0,16.516,0.368,1253-055
54150.138,8000.0,16.832,0.45,1253-055
54185.98,8000.0,16.093,0.972,1253-055
54198.947,8000.0,15.681,0.338,1253-055
54219.961,8000.0,15.264,0.42,1253-055
54275.713,8000.0,14.223,0.494,1253-055
54289.678,8000.0,13.877,0.226,1253-055
54295.742,8000.0,13.497,0.429,1253-055
54324.678,8000.0,13.557,0.42,1253-055
54343.582,8000.0,13.49,0.893,1253-055
54373.512,8000.0,13.386,0.336,1253-055
54421.368,8000.0,12.976,0.626,1253-055
54435.318,8000.0,14.111,0.251,1253-055
54477.225,8000.0,13.48,0.692,1253-055
54513.07,8000.0,13.627,0.365,1253-055
54575.883,8000.0,14.401,0.381,1253-055
54604.86,8000.0,14.225,0.373,1253-055
54640.721,8000.0,13.94,0.322,1253-055
54652.689,8000.0,13.03,0.531,1253-055
54667.658,8000.0,14.254,0.475,1253-055
54688.61,8000.0,14.487,0.352,1253-055
54723.518,8000.0,13.128,0.762,1253-055
54777.395,8000.0,13.771,0.345,1253-055
54952.016,8000.0,13.031,0.512,1253-055
55003.81,8000.0,11.795,0.454,1253-055
55035.781,8000.0,10.794,0.279,1253-055
55063.603,8000.0,10.717,0.133,1253-055
55076.607,8000.0,10.588,0.379,1253-055
55100.474,8000.0,10.422,0.682,1253-055
55123.46,8000.0,9.967,1.051,1253-055
55208.171,8000.0,10.117,0.414,1253-055
53509.836,22000.0,7.08,0.733,1334-127
53510.836,22000.0,6.788,0.691,1334-127
53637.458,22000.0,6.111,0.573,1334-127
53637.466,22000.0,5.688,0.482,1334-127
53638.622,22000.0,6.176,0.651,1334-127
53722.23,22000.0,5.302,0.407,1334-127
53722.238,22000.0,4.989,0.395,1334-127
53751.035,22000.0,5.153,0.282,1334-127
53772.221,22000.0,4.671,0.448,1334-127
53772.23,22000.0,4.237,0.427,1334-127
53772.238,22000.0,4.388,0.397,1334-127
53806.079,22000.0,4.848,0.495,1334-127
53806.088,22000.0,4.339,0.487,1334-127
53806.096,22000.0,4.254,0.47,1334-127
53850.02,22000.0,3.775,0.569,1334-127
53850.029,22000.0,4.27,0.512,1334-127
53861.965,22000.0,4.499,0.446,1334-127
53861.974,22000.0,4.658,0.464,1334-127
53955.699,22000.0,4.424,0.5,1334-127
53955.708,22000.0,4.818,0.52,1334-127
54010.5,22000.0,3.786,0.663,1334-127
54021.461,22000.0,5.962,0.52,1334-127
54021.47,22000.0,6.005,0.522,1334-127
54058.379,22000.0,5.693,0.623,1334-127
54058.388,22000.0,5.348,0.499,1334-127
54058.398,22000.0,5.157,0.429,1334-127
54058.407,22000.0,5.109,0.382,1334-127
54098.272,22000.0,5.15,0.52,1334-127
54098.281,22000.0,5.438,0.515,1334-127
54098.29,22000.0,5.035,0.686,1334-127
54098.299,22000.0,6.403,0.681,1334-127
54121.207,22000.0,5.426,0.761,1334-127
54121.216,22000.0,5.751,0.518,1334-127
54121.226,22000.0,6.414,0.596,1334-127
54121.235,22000.0,5.231,0.506,1334-127
54149.144,22000.0,5.86,0.573,1334-127
54149.153,22000.0,5.282,0.547,1334-127
54149.162,22000.0,4.149,0.503,1334-127
54149.171,22000.0,4.998,0.423,1334-127
54197.995,22000.0,4.528,0.789,1334-127
54198.004,22000.0,4.48,0.935,1334-127
54198.014,22000.0,4.502,0.754,1334-127
54219.019,22000.0,5.169,1.2,1334-127
54219.028,22000.0,7.172,0.757,1334-127
54274.691,22000.0,7.58,0.655,1334-127
54274.7,22000.0,7.246,0.722,1334-127
54274.709,22000.0,7.563,0.699,1334-127
54274.719,22000.0,6.212,0.605,1334-127
54288.731,22000.0,9.177,0.607,1334-127
54288.741,22000.0,8.208,0.577,1334-127
54294.749,22000.0,7.189,0.529,1334-127
54294.758,22000.0,6.736,0.507,1334-127
54323.618,22000.0,6.33,0.496,1334-127
54323.637,22000.0,7.997,0.587,1334-127
54345.586,22000.0,5.683,0.454,1334-127
54345.595,22000.0,6.016,0.524,1334-127
54345.605,22000.0,6.967,0.461,1334-127
54345.614,22000.0,7.705,0.483,1334-127
54372.512,22000.0,5.891,0.469,1334-127
54372.521,22000.0,6.21,0.38,1334-127
54457.296,22000.0,8.349,0.545,1334-127
54457.306,22000.0,9.497,0.62,1334-127
54457.315,22000.0,7.668,0.502,1334-127
54457.324,22000.0,7.601,0.586,1334-127
54461.283,22000.0,8.537,0.362,1334-127
54461.292,22000.0,7.855,0.339,1334-127
54479.255,22000.0,7.816,0.54,1334-127
54512.116,22000.0,6.415,0.451,1334-127
54512.125,22000.0,6.201,0.406,1334-127
54512.134,22000.0,5.893,0.358,1334-127
54512.143,22000.0,6.474,0.388,1334-127
54561.036,22000.0,7.361,0.852,1334-127
54576.978,22000.0,6.542,1.161,1334-127
54603.871,22000.0,5.622,1.86,1334-127
54603.88,22000.0,5.547,1.764,1334-127
54639.874,22000.0,5.138,0.567,1334-127
54639.883,22000.0,4.93,0.558,1334-127
54651.843,22000.0,6.84,1.081,1334-127
54651.852,22000.0,4.183,0.722,1334-127
54666.722,22000.0,7.012,0.663,1334-127
54666.731,22000.0,5.079,0.496,1334-127
54687.675,22000.0,6.114,0.76,1334-127
54687.684,22000.0,6.002,0.753,1334-127
54722.554,22000.0,4.077,1.328,1334-127
54778.425,22000.0,6.954,0.903,1334-127
54778.434,22000.0,6.68,0.903,1334-127
54816.328,22000.0,6.162,0.738,1334-127
54816.337,22000.0,6.522,0.722,1334-127
54912.051,22000.0,5.567,0.712,1334-127
54912.06,22000.0,6.822,0.884,1334-127
54953.02,22000.0,7.927,0.956,1334-127
54953.03,22000.0,8.309,0.937,1334-127
55001.798,22000.0,6.66,1.018,1334-127
55033.713,22000.0,6.511,0.742,1334-127
55098.564,22000.0,6.55,0.528,1334-127
55098.574,22000.0,5.343,0.47,1334-127
55121.49,22000.0,5.785,0.643,1334-127
55121.5,22000.0,6.094,0.833,1334-127
55209.282,22000.0,5.184,0.331,1334-127
55209.291,22000.0,4.748,0.415,1334-127
53825.838,43000.0,3.91,1.657,1334-127
53825.869,43000.0,3.775,1.431,1334-127
53826.838,43000.0,4.386,1.845,1334-127
53827.869,43000.0,4.103,1.624,1334-127
53854.786,43000.0,4.463,1.349,1334-127
53855.754,43000.0,4.217,2.285,1334-127
53855.786,43000.0,5.125,1.819,1334-127
53878.744,43000.0,1.66,0.703,1334-127
53913.661,43000.0,2.436,0.722,1334-127
53928.619,43000.0,1.938,0.621,1334-127
53951.504,43000.0,2.647,0.918,1334-127
53951.536,43000.0,2.436,0.771,1334-127
53971.463,43000.0,4.711,1.546,1334-127
53971.494,43000.0,5.401,1.634,1334-127
53998.411,43000.0,4.341,1.046,1334-127
53999.379,43000.0,3.646,0.975,1334-127
53999.411,43000.0,3.752,0.886,1334-127
54000.411,43000.0,3.949,0.929,1334-127
54026.327,43000.0,3.08,1.25,1334-127
54277.63,43000.0,7.723,1.119,1334-127
54277.661,43000.0,7.891,0.999,1334-127
54321.504,43000.0,8.505,1.223,1334-127
54321.536,43000.0,7.281,0.862,1334-127
54322.505,43000.0,5.985,0.814,1334-127
54322.536,43000.0,5.932,0.721,1334-127
54365.38,43000.0,12.176,1.42,1334-127
54366.377,43000.0,8.582,1.248,1334-127
54366.409,43000.0,11.694,1.321,1334-127
54389.338,43000.0,10.369,1.111,1334-127
54389.37,43000.0,9.711,1.058,1334-127
54390.335,43000.0,11.455,1.221,1334-127
54390.371,43000.0,11.514,1.155,1334-127
54422.224,43000.0,7.361,1.118,1334-127
54422.255,43000.0,7.761,1.048,1334-127
54423.223,43000.0,9.832,1.302,1334-127
54423.255,43000.0,10.207,1.329,1334-127
54437.256,43000.0,10.711,3.272,1334-127
54453.182,43000.0,7.677,1.252,1334-127
54453.213,43000.0,7.467,1.204,1334-127
54480.098,43000.0,10.007,1.349,1334-127
54480.128,43000.0,9.531,1.33,1334-127
54505.015,43000.0,7.713,0.881,1334-127
54505.047,43000.0,8.036,0.933,1334-127
54506.008,43000.0,7.899,0.924,1334-127
54506.037,43000.0,7.514,0.887,1334-127
54507.015,43000.0,6.938,0.806,1334-127
54507.047,43000.0,7.673,0.893,1334-127
54523.005,43000.0,7.763,0.804,1334-127
54556.848,43000.0,7.705,0.699,1334-127
54556.88,43000.0,7.993,0.761,1334-127
54557.849,43000.0,6.848,0.685,1334-127
54557.88,43000.0,8.261,0.798,1334-127
54579.765,43000.0,7.437,0.668,1334-127
54579.796,43000.0,6.228,0.61,1334-127
54580.797,43000.0,7.529,0.713,1334-127
54598.723,43000.0,8.89,1.149,1334-127
54598.754,43000.0,8.237,0.993,1334-127
54611.713,43000.0,5.13,0.491,1334-127
54612.713,43000.0,5.114,0.487,1334-127
54659.588,43000.0,6.96,0.912,1334-127
54660.557,43000.0,6.756,0.878,1334-127
54680.515,43000.0,4.545,0.462,1334-127
54680.546,43000.0,4.802,0.512,1334-127
54681.515,43000.0,5.769,0.525,1334-127
54681.546,43000.0,4.492,0.462,1334-127
54708.432,43000.0,7.0,0.801,1334-127
54708.464,43000.0,6.318,0.652,1334-127
54709.463,43000.0,8.439,0.912,1334-127
54710.463,43000.0,7.613,0.793,1334-127
54744.338,43000.0,6.409,0.83,1334-127
54744.369,43000.0,5.381,0.724,1334-127
54745.337,43000.0,5.63,0.771,1334-127
54745.369,43000.0,4.359,0.588,1334-127
54779.234,43000.0,5.111,0.683,1334-127
54779.255,43000.0,4.335,0.6,1334-127
54780.233,43000.0,5.96,0.802,1334-127
54780.255,43000.0,5.961,0.795,1334-127
54781.234,43000.0,5.97,0.813,1334-127
54781.255,43000.0,5.657,0.786,1334-127
54808.234,43000.0,8.415,1.055,1334-127
54808.255,43000.0,7.559,0.958,1334-127
54809.234,43000.0,7.14,0.93,1334-127
54809.255,43000.0,7.176,0.919,1334-127
54841.122,43000.0,5.112,1.138,1334-127
54842.098,43000.0,5.5,1.022,1334-127
54877.016,43000.0,6.499,0.878,1334-127
54877.046,43000.0,6.364,0.853,1334-127
54879.015,43000.0,6.59,0.916,1334-127
54879.046,43000.0,6.53,0.93,1334-127
54929.848,43000.0,6.305,0.582,1334-127
54929.88,43000.0,6.912,0.663,1334-127
54930.848,43000.0,7.081,0.651,1334-127
54930.88,43000.0,6.946,0.649,1334-127
54960.723,43000.0,6.364,0.613,1334-127
54960.755,43000.0,6.583,0.661,1334-127
54961.723,43000.0,4.845,0.485,1334-127
54961.755,43000.0,6.538,0.678,1334-127
55009.63,43000.0,4.974,0.566,1334-127
55011.597,43000.0,4.511,0.705,1334-127
55011.63,43000.0,4.803,0.539,1334-127
55167.234,43000.0,4.613,0.872,1334-127
55168.234,43000.0,5.535,0.819,1334-127
55168.234,43000.0,5.643,0.84,1334-127
55168.255,43000.0,5.085,0.787,1334-127
55210.109,43000.0,4.586,0.491,1334-127
55210.13,43000.0,4.83,0.52,1334-127
55211.109,43000.0,4.014,0.425,1334-127
53503.776,5000.0,5.217,0.146,1334-127
53503.883,5000.0,5.189,0.14,1334-127
53503.975,5000.0,5.194,0.138,1334-127
53504.769,5000.0,5.489,0.178,1334-127
53504.878,5000.0,5.21,0.141,1334-127
53504.971,5000.0,5.107,0.136,1334-127
53505.766,5000.0,4.979,0.137,1334-127
53505.875,5000.0,4.91,0.132,1334-127
53505.967,5000.0,4.938,0.133,1334-127
53544.685,5000.0,5.207,0.143,1334-127
53544.789,5000.0,5.089,0.134,1334-127
53576.569,5000.0,4.853,0.16,1334-127
53577.711,5000.0,4.602,0.14,1334-127
53639.398,5000.0,4.916,0.125,1334-127
53639.488,5000.0,4.862,0.121,1334-127
53639.612,5000.0,4.632,0.125,1334-127
53724.241,5000.0,3.516,0.113,1334-127
53724.356,5000.0,3.63,0.115,1334-127
53764.07,5000.0,3.716,0.137,1334-127
53766.199,5000.0,3.502,0.132,1334-127
53770.201,5000.0,3.529,0.096,1334-127
53770.21,5000.0,3.58,0.096,1334-127
53770.218,5000.0,3.468,0.088,1334-127
53826.076,5000.0,3.044,0.131,1334-127
53826.085,5000.0,3.002,0.121,1334-127
53826.094,5000.0,2.967,0.12,1334-127
53851.962,5000.0,3.216,0.148,1334-127
53851.971,5000.0,3.307,0.149,1334-127
53974.59,5000.0,3.045,0.107,1334-127
53974.599,5000.0,2.836,0.12,1334-127
54012.457,5000.0,3.487,0.086,1334-127
54012.466,5000.0,3.338,0.088,1334-127
54023.484,5000.0,5.015,0.167,1334-127
54199.982,5000.0,3.726,0.087,1334-127
54199.992,5000.0,3.707,0.094,1334-127
54296.772,5000.0,5.747,0.173,1334-127
54296.782,5000.0,5.745,0.194,1334-127
54348.558,5000.0,4.292,0.172,1334-127
54348.567,5000.0,5.129,0.209,1334-127
54348.576,5000.0,5.119,0.166,1334-127
54348.586,5000.0,4.756,0.155,1334-127
54374.482,5000.0,4.974,0.137,1334-127
54374.491,5000.0,4.835,0.138,1334-127
54668.69,5000.0,4.606,0.397,1334-127
54668.7,5000.0,4.303,0.283,1334-127
54689.651,5000.0,4.751,0.176,1334-127
54689.661,5000.0,4.788,0.168,1334-127
54779.449,5000.0,4.026,0.164,1334-127
54779.459,5000.0,3.869,0.145,1334-127
54912.986,5000.0,4.76,0.27,1334-127
54912.995,5000.0,4.59,0.42,1334-127
54953.962,5000.0,5.282,0.589,1334-127
54953.971,5000.0,5.368,0.349,1334-127
55002.809,5000.0,5.121,0.174,1334-127
55002.818,5000.0,5.1,0.168,1334-127
55034.674,5000.0,5.101,0.293,1334-127
55034.684,5000.0,5.186,0.288,1334-127
55062.658,5000.0,5.16,0.382,1334-127
55062.667,5000.0,5.205,0.342,1334-127
55099.521,5000.0,5.106,0.133,1334-127
55099.53,5000.0,5.202,0.179,1334-127
55122.493,5000.0,3.757,0.204,1334-127
55210.192,5000.0,4.046,0.119,1334-127
53503.836,8000.0,6.801,0.169,1334-127
53504.829,8000.0,6.487,0.212,1334-127
53504.92,8000.0,6.782,0.171,1334-127
53505.827,8000.0,6.445,0.167,1334-127
53505.917,8000.0,6.485,0.172,1334-127
53544.874,8000.0,6.701,0.285,1334-127
53576.763,8000.0,6.411,0.27,1334-127
53605.549,8000.0,5.732,0.213,1334-127
53606.675,8000.0,5.646,0.208,1334-127
53637.612,8000.0,5.694,0.151,1334-127
53638.416,8000.0,5.475,0.135,1334-127
53638.508,8000.0,5.551,0.142,1334-127
53721.187,8000.0,4.624,0.14,1334-127
53721.271,8000.0,4.532,0.134,1334-127
53742.077,8000.0,3.828,0.086,1334-127
53742.108,8000.0,3.951,0.088,1334-127
53743.232,8000.0,3.776,0.121,1334-127
53744.249,8000.0,3.983,0.115,1334-127
53771.206,8000.0,4.306,0.171,1334-127
53771.215,8000.0,4.433,0.173,1334-127
53771.223,8000.0,4.429,0.177,1334-127
53779.035,8000.0,4.018,0.099,1334-127
53779.067,8000.0,4.186,0.096,1334-127
53805.083,8000.0,3.716,0.14,1334-127
53805.092,8000.0,3.705,0.133,1334-127
53805.101,8000.0,3.737,0.209,1334-127
53831.022,8000.0,3.86,0.233,1334-127
53831.031,8000.0,3.718,0.267,1334-127
53850.957,8000.0,4.106,0.308,1334-127
53850.966,8000.0,3.586,0.29,1334-127
53850.976,8000.0,3.767,0.331,1334-127
53860.932,8000.0,3.903,0.09,1334-127
53907.764,8000.0,3.584,0.121,1334-127
53956.643,8000.0,3.655,0.181,1334-127
53973.674,8000.0,3.705,0.158,1334-127
54022.492,8000.0,3.721,0.151,1334-127
54037.469,8000.0,3.788,0.268,1334-127
54080.374,8000.0,4.559,0.094,1334-127
54099.329,8000.0,3.949,0.131,1334-127
54150.181,8000.0,3.972,0.126,1334-127
54186.017,8000.0,4.593,0.31,1334-127
54198.984,8000.0,4.584,0.117,1334-127
54219.998,8000.0,4.672,0.171,1334-127
54275.751,8000.0,6.155,0.225,1334-127
54289.716,8000.0,6.144,0.119,1334-127
54295.78,8000.0,5.811,0.193,1334-127
54324.72,8000.0,5.576,0.18,1334-127
54343.625,8000.0,6.032,0.228,1334-127
54373.549,8000.0,5.285,0.198,1334-127
54421.41,8000.0,5.962,0.195,1334-127
54435.361,8000.0,5.557,0.119,1334-127
54477.268,8000.0,5.617,0.328,1334-127
54513.113,8000.0,6.278,0.241,1334-127
54575.963,8000.0,6.21,0.17,1334-127
54604.946,8000.0,6.318,0.184,1334-127
54640.807,8000.0,6.059,0.156,1334-127
54652.775,8000.0,5.819,0.222,1334-127
54667.738,8000.0,5.893,0.222,1334-127
54688.695,8000.0,5.4,0.149,1334-127
54723.604,8000.0,5.252,0.321,1334-127
54777.419,8000.0,4.674,0.17,1334-127
54952.034,8000.0,6.472,0.463,1334-127
55003.834,8000.0,5.868,0.298,1334-127
55035.804,8000.0,6.03,0.171,1334-127
55063.627,8000.0,5.575,0.107,1334-127
55076.644,8000.0,5.911,0.293,1334-127
55100.524,8000.0,4.505,0.766,1334-127
55208.27,8000.0,4.145,0.284,1334-127
53772.248,22000.0,2.257,0.436,1354+195
53772.256,22000.0,2.001,0.323,1354+195
53806.106,22000.0,2.032,0.464,1354+195
53806.115,22000.0,1.986,0.419,1354+195
53850.04,22000.0,2.137,0.417,1354+195
53850.049,22000.0,2.117,0.414,1354+195
53861.985,22000.0,2.096,0.284,1354+195
53861.994,22000.0,1.873,0.312,1354+195
54009.575,22000.0,2.117,0.408,1354+195
54009.584,22000.0,2.453,0.468,1354+195
54021.527,22000.0,1.291,0.294,1354+195
54021.536,22000.0,1.824,0.342,1354+195
54058.442,22000.0,1.984,0.238,1354+195
54058.451,22000.0,1.894,0.243,1354+195
54058.46,22000.0,1.958,0.251,1354+195
54058.469,22000.0,1.855,0.258,1354+195
54098.335,22000.0,2.67,0.406,1354+195
54098.344,22000.0,3.032,0.681,1354+195
54098.363,22000.0,1.252,0.661,1354+195
54121.255,22000.0,1.944,0.441,1354+195
54121.264,22000.0,2.438,0.46,1354+195
54121.273,22000.0,2.21,0.502,1354+195
54149.182,22000.0,2.308,0.431,1354+195
54149.201,22000.0,1.782,0.353,1354+195
54149.21,22000.0,2.628,0.4,1354+195
54198.024,22000.0,3.462,0.642,1354+195
54198.034,22000.0,2.515,0.556,1354+195
54219.058,22000.0,2.803,1.294,1354+195
54274.652,22000.0,2.909,0.422,1354+195
54274.662,22000.0,2.155,0.466,1354+195
54274.671,22000.0,1.889,0.458,1354+195
54274.68,22000.0,2.226,0.363,1354+195
54287.82,22000.0,2.626,0.319,1354+195
54287.83,22000.0,2.158,0.311,1354+195
54294.845,22000.0,2.329,0.301,1354+195
54294.855,22000.0,2.542,0.293,1354+195
54323.657,22000.0,3.136,0.391,1354+195
54323.666,22000.0,1.371,0.324,1354+195
54323.675,22000.0,1.785,0.295,1354+195
54323.684,22000.0,1.645,0.332,1354+195
54345.625,22000.0,1.437,0.29,1354+195
54345.634,22000.0,2.307,0.335,1354+195
54345.643,22000.0,2.682,0.333,1354+195
54345.652,22000.0,2.786,0.397,1354+195
54457.335,22000.0,2.858,0.393,1354+195
54457.344,22000.0,2.867,0.37,1354+195
54457.353,22000.0,2.673,0.397,1354+195
54461.303,22000.0,2.279,0.184,1354+195
54461.312,22000.0,2.473,0.201,1354+195
54479.266,22000.0,2.246,0.312,1354+195
54479.275,22000.0,1.863,0.361,1354+195
54479.284,22000.0,3.182,0.289,1354+195
54512.154,22000.0,1.986,0.243,1354+195
54512.163,22000.0,2.187,0.193,1354+195
54512.173,22000.0,2.268,0.239,1354+195
54512.182,22000.0,2.041,0.214,1354+195
54561.047,22000.0,2.06,0.355,1354+195
54561.056,22000.0,2.707,0.49,1354+195
54576.949,22000.0,2.658,0.332,1354+195
54576.958,22000.0,2.623,0.393,1354+195
54639.815,22000.0,2.522,0.297,1354+195
54639.824,22000.0,2.576,0.296,1354+195
54666.742,22000.0,2.035,0.242,1354+195
54666.751,22000.0,1.858,0.228,1354+195
54687.704,22000.0,1.867,0.276,1354+195
54722.564,22000.0,2.491,1.127,1354+195
54722.574,22000.0,1.535,0.435,1354+195
54779.348,22000.0,2.253,0.31,1354+195
54779.357,22000.0,2.233,0.335,1354+195
54911.947,22000.0,1.75,0.391,1354+195
54911.956,22000.0,1.621,0.381,1354+195
54952.915,22000.0,1.726,1.15,1354+195
55001.701,22000.0,1.447,0.474,1354+195
55033.588,22000.0,1.44,0.288,1354+195
55033.598,22000.0,1.282,0.256,1354+195
55098.585,22000.0,2.429,0.361,1354+195
55098.595,22000.0,2.191,0.353,1354+195
55121.511,22000.0,1.549,0.239,1354+195
55121.521,22000.0,1.948,0.27,1354+195
55209.302,22000.0,1.538,0.197,1354+195
55209.312,22000.0,1.718,0.168,1354+195
53825.89,43000.0,2.206,0.837,1354+195
53826.89,43000.0,1.436,0.687,1354+195
53854.807,43000.0,2.227,0.755,1354+195
53878.765,43000.0,1.417,0.478,1354+195
53913.682,43000.0,1.188,0.443,1354+195
53928.64,43000.0,1.486,0.507,1354+195
53951.557,43000.0,1.656,0.512,1354+195
53952.557,43000.0,1.425,0.476,1354+195
53971.515,43000.0,1.547,0.557,1354+195
53972.515,43000.0,1.339,0.553,1354+195
53999.432,43000.0,1.294,0.393,1354+195
54000.432,43000.0,1.185,0.425,1354+195
54025.348,43000.0,0.754,0.531,1354+195
54026.348,43000.0,1.111,0.495,1354+195
54277.682,43000.0,1.867,0.286,1354+195
54321.557,43000.0,2.368,0.304,1354+195
54322.557,43000.0,1.943,0.263,1354+195
54365.433,43000.0,1.996,0.284,1354+195
54389.391,43000.0,2.256,0.284,1354+195
54390.387,43000.0,2.715,0.38,1354+195
54422.275,43000.0,1.66,0.252,1354+195
54423.276,43000.0,2.258,0.291,1354+195
54436.275,43000.0,2.774,0.442,1354+195
54437.275,43000.0,2.443,0.407,1354+195
54453.233,43000.0,1.927,0.4,1354+195
54479.152,43000.0,2.834,0.604,1354+195
54480.153,43000.0,2.577,0.432,1354+195
54505.072,43000.0,2.403,0.338,1354+195
54506.058,43000.0,2.192,0.287,1354+195
54507.07,43000.0,2.463,0.339,1354+195
54523.028,43000.0,2.368,0.268,1354+195
54556.9,43000.0,2.711,0.314,1354+195
54556.932,43000.0,2.934,0.341,1354+195
54579.817,43000.0,2.06,0.233,1354+195
54579.848,43000.0,1.99,0.225,1354+195
54580.817,43000.0,1.952,0.213,1354+195
54580.848,43000.0,2.109,0.221,1354+195
54596.807,43000.0,1.842,0.258,1354+195
54598.775,43000.0,1.818,0.312,1354+195
54611.765,43000.0,2.174,0.233,1354+195
54612.734,43000.0,1.916,0.206,1354+195
54612.765,43000.0,2.109,0.236,1354+195
54641.65,43000.0,2.133,0.34,1354+195
54641.682,43000.0,2.159,0.324,1354+195
54642.682,43000.0,2.137,0.297,1354+195
54643.651,43000.0,2.058,0.299,1354+195
54643.682,43000.0,1.941,0.293,1354+195
54659.608,43000.0,2.936,0.497,1354+195
54659.639,43000.0,2.721,0.488,1354+195
54660.609,43000.0,2.523,0.468,1354+195
54660.64,43000.0,2.88,0.479,1354+195
54679.567,43000.0,2.05,0.254,1354+195
54679.598,43000.0,1.958,0.235,1354+195
54680.567,43000.0,2.02,0.28,1354+195
54680.598,43000.0,1.986,0.234,1354+195
54681.567,43000.0,2.088,0.264,1354+195
54681.598,43000.0,1.893,0.247,1354+195
54682.567,43000.0,1.915,0.249,1354+195
54682.598,43000.0,2.216,0.29,1354+195
54708.484,43000.0,2.031,0.248,1354+195
54709.484,43000.0,1.643,0.22,1354+195
54709.516,43000.0,2.132,0.279,1354+195
54710.484,43000.0,1.913,0.245,1354+195
54710.515,43000.0,2.088,0.279,1354+195
54743.389,43000.0,2.139,0.434,1354+195
54744.39,43000.0,1.727,0.333,1354+195
54745.389,43000.0,2.307,0.433,1354+195
54779.275,43000.0,1.444,0.245,1354+195
54779.317,43000.0,1.987,0.312,1354+195
54780.276,43000.0,1.882,0.32,1354+195
54780.318,43000.0,2.054,0.332,1354+195
54781.276,43000.0,1.585,0.321,1354+195
54781.317,43000.0,1.819,0.297,1354+195
54808.276,43000.0,1.985,0.339,1354+195
54809.275,43000.0,1.647,0.273,1354+195
54842.151,43000.0,1.707,0.532,1354+195
54877.07,43000.0,1.722,0.328,1354+195
54879.069,43000.0,1.489,0.351,1354+195
54928.931,43000.0,1.383,0.164,1354+195
54929.901,43000.0,1.501,0.185,1354+195
54929.932,43000.0,1.54,0.178,1354+195
54930.9,43000.0,1.519,0.167,1354+195
54930.932,43000.0,1.559,0.201,1354+195
54959.775,43000.0,1.277,0.178,1354+195
54959.807,43000.0,1.483,0.195,1354+195
54960.775,43000.0,1.502,0.213,1354+195
54960.807,43000.0,1.435,0.187,1354+195
54961.775,43000.0,1.381,0.186,1354+195
54961.807,43000.0,1.432,0.186,1354+195
55009.65,43000.0,1.31,0.242,1354+195
55009.681,43000.0,1.574,0.247,1354+195
55010.65,43000.0,1.489,0.193,1354+195
55010.681,43000.0,1.488,0.229,1354+195
55011.65,43000.0,1.77,0.289,1354+195
55168.276,43000.0,1.919,0.331,1354+195
55210.151,43000.0,1.839,0.22,1354+195
53724.364,5000.0,1.446,0.074,1354+195
53764.004,5000.0,1.525,0.089,1354+195
53766.208,5000.0,1.484,0.117,1354+195
53770.228,5000.0,1.539,0.08,1354+195
53770.236,5000.0,1.526,0.071,1354+195
53770.245,5000.0,1.559,0.072,1354+195
53826.103,5000.0,1.535,0.087,1354+195
53852.039,5000.0,1.514,0.104,1354+195
53852.048,5000.0,1.52,0.095,1354+195
53974.717,5000.0,1.532,0.079,1354+195
53974.726,5000.0,1.551,0.083,1354+195
54011.631,5000.0,1.51,0.114,1354+195
54011.64,5000.0,1.543,0.134,1354+195
54023.535,5000.0,1.531,0.058,1354+195
54023.544,5000.0,1.43,0.062,1354+195
54296.85,5000.0,1.57,0.104,1354+195
54296.859,5000.0,1.716,0.093,1354+195
54348.596,5000.0,1.644,0.054,1354+195
54348.606,5000.0,1.695,0.064,1354+195
54348.615,5000.0,1.674,0.06,1354+195
54348.624,5000.0,1.641,0.058,1354+195
54374.553,5000.0,1.651,0.068,1354+195
54689.581,5000.0,1.926,0.081,1354+195
54779.527,5000.0,1.801,0.072,1354+195
54779.536,5000.0,1.764,0.078,1354+195
54913.055,5000.0,1.756,0.264,1354+195
54954.043,5000.0,1.945,0.312,1354+195
55002.852,5000.0,1.847,0.084,1354+195
55002.861,5000.0,1.831,0.082,1354+195
55034.756,5000.0,1.958,0.374,1354+195
55034.766,5000.0,1.794,0.236,1354+195
55062.73,5000.0,1.835,0.276,1354+195
55062.74,5000.0,1.877,0.322,1354+195
55099.542,5000.0,1.857,0.132,1354+195
55099.552,5000.0,1.882,0.103,1354+195
55122.514,5000.0,1.937,0.077,1354+195
55122.524,5000.0,1.929,0.098,1354+195
55210.213,5000.0,1.889,0.08,1354+195
55210.222,5000.0,1.862,0.076,1354+195
53742.129,8000.0,1.505,0.034,1354+195
53766.403,8000.0,1.646,0.167,1354+195
53771.241,8000.0,1.533,0.088,1354+195
53771.25,8000.0,1.574,0.081,1354+195
53779.087,8000.0,1.543,0.039,1354+195
53805.11,8000.0,1.598,0.112,1354+195
53805.119,8000.0,1.602,0.1,1354+195
53805.127,8000.0,1.56,0.078,1354+195
53831.042,8000.0,1.572,0.147,1354+195
53831.051,8000.0,1.531,0.14,1354+195
53850.986,8000.0,1.65,0.171,1354+195
53859.953,8000.0,1.538,0.054,1354+195
53907.854,8000.0,1.592,0.07,1354+195
53955.787,8000.0,1.633,0.081,1354+195
53973.735,8000.0,1.654,0.059,1354+195
54010.631,8000.0,1.671,0.081,1354+195
54022.552,8000.0,1.726,0.114,1354+195
54037.536,8000.0,1.858,0.143,1354+195
54080.435,8000.0,1.717,0.061,1354+195
54099.39,8000.0,1.877,0.139,1354+195
54150.242,8000.0,1.723,0.065,1354+195
54186.103,8000.0,1.873,0.25,1354+195
54199.07,8000.0,1.761,0.09,1354+195
54220.084,8000.0,1.708,0.087,1354+195
54275.836,8000.0,1.88,0.084,1354+195
54288.814,8000.0,1.856,0.042,1354+195
54295.871,8000.0,1.859,0.074,1354+195
54324.806,8000.0,1.934,0.085,1354+195
54343.711,8000.0,1.845,0.055,1354+195
54373.64,8000.0,1.81,0.055,1354+195
54421.479,8000.0,2.172,0.236,1354+195
54435.447,8000.0,1.887,0.078,1354+195
54477.354,8000.0,1.911,0.111,1354+195
54513.199,8000.0,1.94,0.083,1354+195
54575.939,8000.0,2.018,0.064,1354+195
54604.922,8000.0,1.982,0.075,1354+195
54640.783,8000.0,2.015,0.073,1354+195
54652.751,8000.0,1.986,0.078,1354+195
54667.719,8000.0,1.944,0.082,1354+195
54688.671,8000.0,1.937,0.068,1354+195
54723.58,8000.0,1.944,0.137,1354+195
54778.319,8000.0,1.995,0.08,1354+195
54951.95,8000.0,2.133,0.099,1354+195
55003.75,8000.0,2.079,0.105,1354+195
55035.72,8000.0,1.943,0.136,1354+195
55063.543,8000.0,2.074,0.11,1354+195
55076.705,8000.0,2.159,0.099,1354+195
55123.521,8000.0,1.966,0.109,1354+195
55208.233,8000.0,2.126,0.138,1354+195
53444.028,22000.0,3.015,0.095,1510-089
53637.474,22000.0,1.584,0.537,1510-089
53638.637,22000.0,1.725,0.415,1510-089
53722.454,22000.0,1.435,0.432,1510-089
53722.462,22000.0,1.727,0.459,1510-089
53749.354,22000.0,1.661,0.565,1510-089
53749.362,22000.0,1.651,0.467,1510-089
53772.292,22000.0,0.929,0.295,1510-089
53772.308,22000.0,1.047,0.315,1510-089
53806.151,22000.0,0.833,0.434,1510-089
53806.164,22000.0,1.393,0.494,1510-089
53850.079,22000.0,1.927,0.467,1510-089
53850.092,22000.0,2.205,0.49,1510-089
53862.024,22000.0,2.176,0.361,1510-089
53862.038,22000.0,1.948,0.447,1510-089
53954.716,22000.0,1.846,0.384,1510-089
53954.73,22000.0,2.288,0.436,1510-089
54057.39,22000.0,2.111,0.713,1510-089
54057.429,22000.0,1.486,0.476,1510-089
54097.344,22000.0,1.222,0.328,1510-089
54097.357,22000.0,1.645,0.36,1510-089
54097.37,22000.0,1.387,0.39,1510-089
54097.384,22000.0,1.073,0.39,1510-089
54120.254,22000.0,1.259,0.462,1510-089
54120.267,22000.0,1.31,0.461,1510-089
54218.052,22000.0,2.224,0.519,1510-089
54218.065,22000.0,2.102,0.517,1510-089
54218.079,22000.0,2.279,0.521,1510-089
54218.092,22000.0,2.447,0.537,1510-089
54273.815,22000.0,1.498,1.003,1510-089
54273.841,22000.0,1.117,0.793,1510-089
54287.861,22000.0,2.478,0.45,1510-089
54287.87,22000.0,2.063,0.469,1510-089
54294.887,22000.0,2.459,0.543,1510-089
54294.901,22000.0,2.497,0.575,1510-089
54322.732,22000.0,2.131,0.391,1510-089
54322.745,22000.0,2.607,0.401,1510-089
54322.758,22000.0,3.564,0.485,1510-089
54322.772,22000.0,3.324,0.514,1510-089
54344.684,22000.0,2.405,0.339,1510-089
54344.697,22000.0,2.534,0.354,1510-089
54344.71,22000.0,2.528,0.368,1510-089
54344.724,22000.0,2.287,0.344,1510-089
54345.697,22000.0,2.491,0.379,1510-089
54345.736,22000.0,2.573,0.405,1510-089
54372.642,22000.0,2.519,1.333,1510-089
54372.652,22000.0,2.291,1.001,1510-089
54456.278,22000.0,1.571,0.422,1510-089
54456.291,22000.0,2.811,0.424,1510-089
54478.284,22000.0,1.87,0.257,1510-089
54478.297,22000.0,2.175,0.268,1510-089
54478.31,22000.0,2.751,0.319,1510-089
54478.323,22000.0,1.668,0.28,1510-089
54511.189,22000.0,2.58,0.3,1510-089
54511.202,22000.0,2.131,0.229,1510-089
54511.215,22000.0,2.162,0.287,1510-089
54511.228,22000.0,2.272,0.289,1510-089
54561.128,22000.0,2.922,0.435,1510-089
54577.009,22000.0,3.304,0.589,1510-089
54577.018,22000.0,4.018,0.528,1510-089
54603.926,22000.0,4.052,1.436,1510-089
54639.921,22000.0,2.917,0.364,1510-089
54639.93,22000.0,3.947,0.451,1510-089
54651.89,22000.0,3.378,0.564,1510-089
54651.899,22000.0,2.432,0.458,1510-089
54665.823,22000.0,2.921,0.362,1510-089
54665.833,22000.0,2.979,0.389,1510-089
54687.763,22000.0,2.942,0.392,1510-089
54687.773,22000.0,3.73,0.484,1510-089
54722.638,22000.0,3.791,0.801,1510-089
54778.499,22000.0,2.897,0.566,1510-089
54778.508,22000.0,2.538,0.576,1510-089
54912.125,22000.0,2.083,0.468,1510-089
54953.095,22000.0,3.068,0.855,1510-089
54953.104,22000.0,3.084,1.022,1510-089
55001.873,22000.0,4.832,0.882,1510-089
55001.883,22000.0,4.676,0.995,1510-089
55033.765,22000.0,3.607,0.474,1510-089
55033.775,22000.0,2.685,0.544,1510-089
55098.636,22000.0,2.568,0.4,1510-089
55121.532,22000.0,3.323,0.513,1510-089
55209.323,22000.0,3.334,0.301,1510-089
55209.332,22000.0,3.0,0.373,1510-089
53825.942,43000.0,1.638,0.769,1510-089
53826.942,43000.0,1.417,0.633,1510-089
53854.859,43000.0,2.6,0.936,1510-089
53878.817,43000.0,1.482,0.599,1510-089
53912.734,43000.0,0.96,0.471,1510-089
53951.609,43000.0,0.96,0.421,1510-089
53952.609,43000.0,0.635,0.423,1510-089
53972.567,43000.0,1.725,0.683,1510-089
53998.484,43000.0,1.259,0.472,1510-089
53999.484,43000.0,1.163,0.441,1510-089
54025.4,43000.0,1.051,0.659,1510-089
54277.734,43000.0,2.218,0.32,1510-089
54321.609,43000.0,2.411,0.289,1510-089
54322.609,43000.0,2.363,0.31,1510-089
54365.484,43000.0,1.84,0.259,1510-089
54389.442,43000.0,2.26,0.336,1510-089
54422.328,43000.0,1.615,0.258,1510-089
54423.328,43000.0,2.131,0.303,1510-089
54436.328,43000.0,1.804,0.443,1510-089
54437.327,43000.0,2.054,0.496,1510-089
54453.286,43000.0,1.463,0.284,1510-089
54479.202,43000.0,2.19,0.346,1510-089
54480.203,43000.0,2.271,0.333,1510-089
54506.104,43000.0,2.263,0.307,1510-089
54507.12,43000.0,2.586,0.317,1510-089
54523.078,43000.0,2.641,0.284,1510-089
54555.953,43000.0,3.126,0.334,1510-089
54556.953,43000.0,3.098,0.338,1510-089
54579.867,43000.0,3.191,0.377,1510-089
54579.912,43000.0,2.63,0.283,1510-089
54580.869,43000.0,2.947,0.304,1510-089
54611.786,43000.0,3.753,0.359,1510-089
54612.786,43000.0,3.65,0.353,1510-089
54641.703,43000.0,2.078,0.322,1510-089
54642.702,43000.0,2.369,0.294,1510-089
54643.703,43000.0,2.874,0.356,1510-089
54659.661,43000.0,2.942,0.456,1510-089
54660.662,43000.0,2.962,0.443,1510-089
54680.619,43000.0,1.183,0.166,1510-089
54681.619,43000.0,1.468,0.208,1510-089
54682.619,43000.0,1.343,0.199,1510-089
54708.536,43000.0,3.004,0.34,1510-089
54709.536,43000.0,2.858,0.352,1510-089
54710.537,43000.0,3.524,0.425,1510-089
54743.443,43000.0,2.298,0.404,1510-089
54744.443,43000.0,2.414,0.411,1510-089
54779.327,43000.0,2.265,0.327,1510-089
54780.328,43000.0,2.023,0.29,1510-089
54781.327,43000.0,2.537,0.378,1510-089
54808.327,43000.0,2.026,0.299,1510-089
54809.327,43000.0,1.871,0.262,1510-089
54877.12,43000.0,1.78,0.417,1510-089
54928.953,43000.0,2.027,0.231,1510-089
54929.953,43000.0,2.338,0.252,1510-089
54930.953,43000.0,2.487,0.248,1510-089
54960.827,43000.0,3.28,0.348,1510-089
54961.828,43000.0,3.45,0.372,1510-089
55010.703,43000.0,2.639,0.314,1510-089
55011.702,43000.0,2.689,0.332,1510-089
55168.324,43000.0,2.833,0.452,1510-089
55210.196,43000.0,3.083,0.342,1510-089
55211.196,43000.0,3.178,0.346,1510-089
53445.03,5000.0,2.767,0.048,1510-089
53446.03,5000.0,2.75,0.046,1510-089
53448.03,5000.0,2.801,0.048,1510-089
53449.03,5000.0,2.786,0.047,1510-089
53450.03,5000.0,2.829,0.048,1510-089
53451.03,5000.0,2.771,0.047,1510-089
53478.099,5000.0,2.889,0.096,1510-089
53478.107,5000.0,2.904,0.097,1510-089
53478.95,5000.0,2.83,0.098,1510-089
53503.891,5000.0,2.851,0.108,1510-089
53503.983,5000.0,2.834,0.097,1510-089
53504.068,5000.0,2.891,0.108,1510-089
53504.885,5000.0,2.879,0.11,1510-089
53504.978,5000.0,2.896,0.101,1510-089
53505.064,5000.0,2.939,0.101,1510-089
53505.882,5000.0,2.823,0.095,1510-089
53505.974,5000.0,2.828,0.1,1510-089
53506.085,5000.0,2.772,0.101,1510-089
53543.908,5000.0,2.19,0.09,1510-089
53544.798,5000.0,2.148,0.096,1510-089
53577.72,5000.0,1.695,0.147,1510-089
53577.83,5000.0,1.864,0.103,1510-089
53587.783,5000.0,1.742,0.136,1510-089
53605.769,5000.0,1.748,0.138,1510-089
53639.497,5000.0,1.595,0.091,1510-089
53639.62,5000.0,1.647,0.084,1510-089
53639.677,5000.0,1.72,0.085,1510-089
53724.25,5000.0,1.757,0.101,1510-089
53724.38,5000.0,1.861,0.09,1510-089
53766.217,5000.0,1.693,0.099,1510-089
53766.347,5000.0,1.653,0.098,1510-089
53770.263,5000.0,1.683,0.077,1510-089
53770.272,5000.0,1.599,0.094,1510-089
53770.281,5000.0,1.625,0.092,1510-089
53826.131,5000.0,1.523,0.156,1510-089
53826.148,5000.0,1.459,0.163,1510-089
53852.068,5000.0,1.44,0.101,1510-089
53852.078,5000.0,1.394,0.108,1510-089
53974.669,5000.0,2.09,0.112,1510-089
53974.678,5000.0,2.01,0.091,1510-089
54011.569,5000.0,1.646,0.064,1510-089
54011.579,5000.0,1.685,0.094,1510-089
54023.515,5000.0,1.717,0.083,1510-089
54200.002,5000.0,1.36,0.068,1510-089
54200.011,5000.0,1.345,0.098,1510-089
54296.881,5000.0,1.517,0.086,1510-089
54296.89,5000.0,1.66,0.094,1510-089
54347.673,5000.0,1.757,0.096,1510-089
54347.682,5000.0,1.637,0.102,1510-089
54347.691,5000.0,1.678,0.097,1510-089
54347.701,5000.0,1.618,0.067,1510-089
54348.733,5000.0,1.663,0.07,1510-089
54348.742,5000.0,1.683,0.075,1510-089
54348.752,5000.0,1.403,0.052,1510-089
54348.761,5000.0,1.788,0.061,1510-089
54668.71,5000.0,2.545,0.149,1510-089
54668.719,5000.0,2.357,0.15,1510-089
54689.671,5000.0,2.513,0.087,1510-089
54689.68,5000.0,2.367,0.117,1510-089
54779.577,5000.0,1.668,0.094,1510-089
54779.587,5000.0,1.442,0.085,1510-089
54913.106,5000.0,1.816,0.398,1510-089
54913.115,5000.0,2.031,0.248,1510-089
54954.094,5000.0,2.035,0.305,1510-089
55002.905,5000.0,2.512,0.107,1510-089
55034.809,5000.0,2.837,0.246,1510-089
55062.784,5000.0,2.951,0.26,1510-089
55099.595,5000.0,2.554,0.102,1510-089
55099.605,5000.0,2.665,0.1,1510-089
55121.596,5000.0,2.479,0.087,1510-089
55121.606,5000.0,2.436,0.091,1510-089
55210.265,5000.0,2.345,0.093,1510-089
55210.275,5000.0,2.363,0.091,1510-089
53452.023,8000.0,2.972,0.053,1510-089
53463.988,8000.0,3.077,0.047,1510-089
53464.987,8000.0,2.961,0.056,1510-089
53477.922,8000.0,3.102,0.262,1510-089
53477.929,8000.0,3.007,0.147,1510-089
53503.843,8000.0,2.803,0.15,1510-089
53504.026,8000.0,2.723,0.115,1510-089
53504.836,8000.0,2.938,0.228,1510-089
53504.928,8000.0,2.71,0.125,1510-089
53505.021,8000.0,2.806,0.107,1510-089
53505.834,8000.0,2.844,0.119,1510-089
53506.025,8000.0,2.766,0.133,1510-089
53543.823,8000.0,1.887,0.169,1510-089
53544.883,8000.0,1.77,0.233,1510-089
53576.771,8000.0,1.612,0.09,1510-089
53587.853,8000.0,1.553,0.129,1510-089
53606.684,8000.0,1.505,0.094,1510-089
53638.517,8000.0,1.613,0.082,1510-089
53698.498,8000.0,1.646,0.147,1510-089
53721.279,8000.0,1.662,0.095,1510-089
53743.361,8000.0,1.641,0.093,1510-089
53744.257,8000.0,1.529,0.111,1510-089
53771.269,8000.0,1.413,0.108,1510-089
53771.277,8000.0,1.655,0.103,1510-089
53771.286,8000.0,1.553,0.112,1510-089
53805.153,8000.0,1.314,0.13,1510-089
53805.162,8000.0,1.428,0.132,1510-089
53805.17,8000.0,1.286,0.168,1510-089
53831.076,8000.0,1.29,0.228,1510-089
53851.039,8000.0,1.528,0.208,1510-089
53860.98,8000.0,1.475,0.06,1510-089
53907.878,8000.0,1.82,0.081,1510-089
53955.75,8000.0,1.923,0.163,1510-089
53973.698,8000.0,1.986,0.066,1510-089
54010.594,8000.0,1.641,0.121,1510-089
54022.515,8000.0,1.575,0.112,1510-089
54080.398,8000.0,1.251,0.093,1510-089
54099.353,8000.0,1.106,0.078,1510-089
54150.205,8000.0,1.46,0.085,1510-089
54199.046,8000.0,1.351,0.069,1510-089
54220.06,8000.0,1.559,0.055,1510-089
54275.812,8000.0,1.646,0.09,1510-089
54288.79,8000.0,1.74,0.079,1510-089
54295.847,8000.0,1.78,0.098,1510-089
54324.769,8000.0,1.918,0.096,1510-089
54343.674,8000.0,1.883,0.075,1510-089
54373.611,8000.0,1.713,0.064,1510-089
54421.454,8000.0,1.886,0.208,1510-089
54435.41,8000.0,1.69,0.074,1510-089
54477.317,8000.0,1.957,0.135,1510-089
54513.162,8000.0,2.089,0.097,1510-089
54576.019,8000.0,1.857,0.064,1510-089
54605.008,8000.0,2.145,0.076,1510-089
54640.869,8000.0,2.571,0.073,1510-089
54652.837,8000.0,2.668,0.206,1510-089
54667.805,8000.0,2.882,0.11,1510-089
54688.757,8000.0,2.811,0.115,1510-089
54777.481,8000.0,2.745,0.092,1510-089
54952.101,8000.0,1.836,0.152,1510-089
55003.878,8000.0,3.68,0.292,1510-089
55035.866,8000.0,3.283,0.183,1510-089
55063.689,8000.0,3.153,0.08,1510-089
55076.729,8000.0,3.066,0.146,1510-089
55100.621,8000.0,2.639,0.263,1510-089
55122.642,8000.0,2.038,0.106,1510-089
55208.331,8000.0,2.719,0.259,1510-089
53638.655,22000.0,0.826,0.319,1606+105
53722.272,22000.0,0.899,0.307,1606+105
53722.479,22000.0,0.772,0.338,1606+105
53772.317,22000.0,0.564,0.297,1606+105
53772.326,22000.0,0.534,0.275,1606+105
53850.107,22000.0,1.642,0.363,1606+105
53850.12,22000.0,1.414,0.374,1606+105
53862.052,22000.0,1.534,0.308,1606+105
53862.065,22000.0,1.612,0.276,1606+105
53926.89,22000.0,2.033,0.478,1606+105
53972.734,22000.0,0.695,0.402,1606+105
54009.597,22000.0,1.74,0.39,1606+105
54009.61,22000.0,1.12,0.337,1606+105
54021.562,22000.0,1.131,0.3,1606+105
54057.466,22000.0,2.55,0.713,1606+105
54057.505,22000.0,1.786,1.495,1606+105
54097.421,22000.0,2.038,0.351,1606+105
54097.434,22000.0,1.857,0.363,1606+105
54097.448,22000.0,1.962,0.33,1606+105
54097.461,22000.0,1.089,0.344,1606+105
54119.338,22000.0,1.996,0.399,1606+105
54119.365,22000.0,2.396,0.42,1606+105
54119.378,22000.0,2.293,0.435,1606+105
54148.214,22000.0,2.543,0.445,1606+105
54148.227,22000.0,2.264,0.361,1606+105
54148.241,22000.0,2.554,0.354,1606+105
54575.121,22000.0,1.32,0.359,1606+105
54604.05,22000.0,1.848,0.513,1606+105
54639.95,22000.0,1.992,0.251,1606+105
54651.919,22000.0,1.666,0.308,1606+105
54665.843,22000.0,1.794,0.266,1606+105
54665.852,22000.0,0.939,0.243,1606+105
54687.783,22000.0,0.96,0.182,1606+105
54687.792,22000.0,1.667,0.258,1606+105
54778.528,22000.0,0.679,0.331,1606+105
54912.144,22000.0,0.467,0.335,1606+105
54912.154,22000.0,1.464,0.363,1606+105
54953.115,22000.0,1.315,0.673,1606+105
55001.893,22000.0,0.522,0.306,1606+105
55001.903,22000.0,0.977,0.358,1606+105
55033.785,22000.0,0.913,0.317,1606+105
55033.795,22000.0,0.459,0.297,1606+105
55098.656,22000.0,0.442,0.236,1606+105
55120.625,22000.0,1.209,0.181,1606+105
55120.634,22000.0,0.75,0.2,1606+105
55209.343,22000.0,1.114,0.256,1606+105
55209.353,22000.0,1.034,0.311,1606+105
53825.953,43000.0,1.178,0.549,1606+105
53826.953,43000.0,1.169,0.608,1606+105
53827.952,43000.0,1.118,0.581,1606+105
53854.869,43000.0,1.629,0.769,1606+105
53878.827,43000.0,1.897,0.562,1606+105
53911.744,43000.0,0.757,0.402,1606+105
53912.744,43000.0,1.023,0.419,1606+105
53972.577,43000.0,0.842,0.464,1606+105
53998.494,43000.0,0.549,0.347,1606+105
53999.494,43000.0,0.602,0.351,1606+105
54026.411,43000.0,0.366,0.394,1606+105
54277.744,43000.0,1.221,0.196,1606+105
54321.619,43000.0,1.296,0.172,1606+105
54322.619,43000.0,1.057,0.148,1606+105
54365.493,43000.0,1.233,0.193,1606+105
54422.338,43000.0,1.694,0.31,1606+105
54423.339,43000.0,1.21,0.179,1606+105
54435.296,43000.0,1.627,0.488,1606+105
54436.338,43000.0,1.126,0.211,1606+105
54437.338,43000.0,1.163,0.233,1606+105
54480.213,43000.0,1.443,0.228,1606+105
54505.13,43000.0,1.085,0.145,1606+105
54506.112,43000.0,1.126,0.179,1606+105
54507.13,43000.0,1.281,0.175,1606+105
54523.088,43000.0,1.328,0.161,1606+105
54555.965,43000.0,1.747,0.217,1606+105
54556.965,43000.0,1.586,0.185,1606+105
54557.964,43000.0,1.721,0.236,1606+105
54579.919,43000.0,1.551,0.215,1606+105
54580.882,43000.0,1.31,0.142,1606+105
54611.799,43000.0,1.399,0.146,1606+105
54612.799,43000.0,1.353,0.162,1606+105
54641.718,43000.0,1.345,0.196,1606+105
54642.715,43000.0,0.856,0.138,1606+105
54643.715,43000.0,1.389,0.192,1606+105
54659.672,43000.0,1.883,0.313,1606+105
54660.673,43000.0,1.331,0.233,1606+105
54679.632,43000.0,0.785,0.11,1606+105
54680.633,43000.0,0.645,0.112,1606+105
54681.632,43000.0,0.898,0.125,1606+105
54682.629,43000.0,0.742,0.147,1606+105
54709.549,43000.0,1.523,0.218,1606+105
54743.453,43000.0,0.999,0.215,1606+105
54745.453,43000.0,1.501,0.358,1606+105
54779.339,43000.0,1.026,0.157,1606+105
54780.337,43000.0,0.905,0.172,1606+105
54781.338,43000.0,0.863,0.165,1606+105
54808.338,43000.0,0.883,0.203,1606+105
54809.337,43000.0,0.925,0.174,1606+105
54877.129,43000.0,1.067,0.299,1606+105
54929.965,43000.0,0.91,0.12,1606+105
54930.965,43000.0,0.901,0.121,1606+105
54960.839,43000.0,0.91,0.121,1606+105
54961.84,43000.0,0.803,0.112,1606+105
55009.715,43000.0,1.043,0.175,1606+105
55010.715,43000.0,0.844,0.13,1606+105
55011.715,43000.0,0.9,0.137,1606+105
55168.339,43000.0,0.792,0.165,1606+105
53511.01,5000.0,1.592,0.084,1606+105
53543.917,5000.0,1.549,0.086,1606+105
53544.694,5000.0,1.588,0.097,1606+105
53545.072,5000.0,1.639,0.09,1606+105
53576.956,5000.0,1.661,0.09,1606+105
53639.506,5000.0,1.397,0.072,1606+105
53639.686,5000.0,1.481,0.072,1606+105
53724.258,5000.0,1.464,0.096,1606+105
53724.55,5000.0,1.477,0.085,1606+105
53766.226,5000.0,1.452,0.08,1606+105
53770.29,5000.0,1.369,0.081,1606+105
53770.298,5000.0,1.391,0.078,1606+105
53770.307,5000.0,1.418,0.076,1606+105
53826.16,5000.0,1.478,0.087,1606+105
53852.146,5000.0,1.446,0.096,1606+105
53852.159,5000.0,1.45,0.119,1606+105
53974.8,5000.0,1.689,0.102,1606+105
53974.813,5000.0,1.679,0.108,1606+105
54011.703,5000.0,1.642,0.07,1606+105
54011.716,5000.0,1.684,0.09,1606+105
54011.73,5000.0,1.643,0.197,1606+105
54023.568,5000.0,1.643,0.074,1606+105
54023.581,5000.0,1.649,0.081,1606+105
54200.106,5000.0,2.168,0.065,1606+105
54200.119,5000.0,2.18,0.064,1606+105
54296.964,5000.0,1.887,0.073,1606+105
54296.978,5000.0,1.936,0.079,1606+105
54396.7,5000.0,1.589,0.101,1606+105
54396.709,5000.0,1.737,0.092,1606+105
54668.73,5000.0,1.782,0.122,1606+105
54668.739,5000.0,1.644,0.114,1606+105
54689.691,5000.0,1.718,0.075,1606+105
54689.7,5000.0,1.551,0.075,1606+105
54779.686,5000.0,1.743,0.08,1606+105
54779.696,5000.0,1.687,0.091,1606+105
54913.21,5000.0,1.458,0.211,1606+105
54913.219,5000.0,1.462,0.286,1606+105
54954.2,5000.0,1.422,0.205,1606+105
55003.012,5000.0,1.462,0.082,1606+105
55003.021,5000.0,1.464,0.079,1606+105
55034.926,5000.0,1.531,0.183,1606+105
55034.935,5000.0,1.673,0.256,1606+105
55062.895,5000.0,1.625,0.218,1606+105
55099.705,5000.0,1.535,0.114,1606+105
55099.715,5000.0,1.559,0.102,1606+105
55121.638,5000.0,1.521,0.182,1606+105
55121.648,5000.0,1.509,0.093,1606+105
55210.372,5000.0,1.355,0.088,1606+105
55210.381,5000.0,1.381,0.084,1606+105
53510.861,8000.0,1.454,0.089,1606+105
53511.153,8000.0,1.473,0.166,1606+105
53544.891,8000.0,1.311,0.094,1606+105
53576.78,8000.0,1.283,0.084,1606+105
53577.893,8000.0,1.295,0.113,1606+105
53605.82,8000.0,1.337,0.113,1606+105
53606.692,8000.0,1.244,0.08,1606+105
53637.629,8000.0,1.204,0.071,1606+105
53638.803,8000.0,1.266,0.091,1606+105
53698.507,8000.0,1.322,0.091,1606+105
53742.191,8000.0,1.34,0.033,1606+105
53743.249,8000.0,1.189,0.075,1606+105
53744.266,8000.0,1.207,0.065,1606+105
53766.411,8000.0,1.431,0.115,1606+105
53771.295,8000.0,1.193,0.088,1606+105
53771.303,8000.0,1.216,0.08,1606+105
53771.312,8000.0,1.197,0.089,1606+105
53805.182,8000.0,1.311,0.071,1606+105
53805.194,8000.0,1.218,0.079,1606+105
53831.097,8000.0,1.277,0.217,1606+105
53851.071,8000.0,1.235,0.204,1606+105
53851.084,8000.0,1.134,0.213,1606+105
53860.026,8000.0,1.432,0.044,1606+105
53861.016,8000.0,1.41,0.052,1606+105
53907.921,8000.0,1.759,0.063,1606+105
53955.817,8000.0,1.558,0.075,1606+105
53973.76,8000.0,1.333,0.213,1606+105
54010.661,8000.0,1.418,0.083,1606+105
54022.577,8000.0,1.521,0.121,1606+105
54037.554,8000.0,1.347,0.145,1606+105
54059.487,8000.0,1.785,0.121,1606+105
54080.459,8000.0,1.873,0.052,1606+105
54099.414,8000.0,2.059,0.073,1606+105
54121.324,8000.0,2.335,0.137,1606+105
54150.286,8000.0,2.524,0.1,1606+105
54199.112,8000.0,2.225,0.066,1606+105
54220.126,8000.0,2.062,0.101,1606+105
54275.882,8000.0,1.75,0.08,1606+105
54288.839,8000.0,1.594,0.062,1606+105
54295.895,8000.0,1.692,0.063,1606+105
54324.83,8000.0,1.59,0.071,1606+105
54343.735,8000.0,1.569,0.055,1606+105
54373.665,8000.0,1.48,0.067,1606+105
54421.521,8000.0,1.375,0.121,1606+105
54435.471,8000.0,1.361,0.057,1606+105
54513.224,8000.0,1.508,0.077,1606+105
54576.147,8000.0,1.567,0.07,1606+105
54605.138,8000.0,1.585,0.095,1606+105
54640.995,8000.0,1.63,0.059,1606+105
54652.963,8000.0,1.529,0.076,1606+105
54666.935,8000.0,1.507,0.07,1606+105
54687.887,8000.0,1.538,0.051,1606+105
54723.799,8000.0,1.47,0.221,1606+105
54777.606,8000.0,1.48,0.06,1606+105
54952.197,8000.0,1.235,0.21,1606+105
55004.021,8000.0,1.399,0.105,1606+105
55035.986,8000.0,1.468,0.101,1606+105
55063.814,8000.0,1.327,0.099,1606+105
55076.855,8000.0,1.587,0.13,1606+105
55100.747,8000.0,1.33,0.097,1606+105
55122.768,8000.0,1.366,0.092,1606+105
55208.457,8000.0,1.119,0.154,1606+105
53444.049,22000.0,4.152,0.128,1611+343
53510.872,22000.0,4.324,0.502,1611+343
53511.872,22000.0,3.885,0.453,1611+343
53638.663,22000.0,4.744,0.35,1611+343
53698.672,22000.0,5.115,0.487,1611+343
53722.28,22000.0,4.387,0.338,1611+343
53722.488,22000.0,4.48,0.446,1611+343
53743.457,22000.0,4.133,0.362,1611+343
53744.121,22000.0,4.869,0.384,1611+343
53772.344,22000.0,3.77,0.294,1611+343
53772.352,22000.0,4.109,0.292,1611+343
53806.201,22000.0,4.16,0.692,1611+343
53806.21,22000.0,4.226,0.524,1611+343
53850.133,22000.0,4.331,0.415,1611+343
53850.142,22000.0,4.619,0.443,1611+343
53862.078,22000.0,4.83,0.37,1611+343
53862.087,22000.0,4.535,0.376,1611+343
53926.914,22000.0,5.161,0.729,1611+343
53954.882,22000.0,4.04,0.45,1611+343
53954.891,22000.0,4.424,0.461,1611+343
53972.836,22000.0,3.757,0.341,1611+343
53972.845,22000.0,3.516,0.316,1611+343
54009.698,22000.0,3.732,0.43,1611+343
54009.708,22000.0,3.824,0.442,1611+343
54021.65,22000.0,3.674,0.315,1611+343
54021.659,22000.0,4.273,0.326,1611+343
54056.582,22000.0,3.26,0.62,1611+343
54056.591,22000.0,3.353,0.925,1611+343
54119.459,22000.0,3.225,0.38,1611+343
54119.468,22000.0,3.674,0.46,1611+343
54119.477,22000.0,3.593,0.346,1611+343
54119.486,22000.0,3.163,0.445,1611+343
54147.379,22000.0,3.82,0.402,1611+343
54147.388,22000.0,3.819,0.458,1611+343
54147.397,22000.0,3.689,0.565,1611+343
54147.406,22000.0,3.147,0.451,1611+343
54184.081,22000.0,3.566,0.743,1611+343
54184.09,22000.0,3.743,0.955,1611+343
54197.134,22000.0,3.96,1.613,1611+343
54197.144,22000.0,3.743,0.488,1611+343
54197.153,22000.0,4.168,0.825,1611+343
54218.188,22000.0,3.721,0.572,1611+343
54218.197,22000.0,4.003,0.709,1611+343
54273.925,22000.0,2.836,0.357,1611+343
54273.934,22000.0,3.058,0.353,1611+343
54273.943,22000.0,3.341,0.418,1611+343
54273.952,22000.0,3.864,0.37,1611+343
54287.951,22000.0,3.497,0.324,1611+343
54287.96,22000.0,3.576,0.322,1611+343
54295.011,22000.0,3.688,0.597,1611+343
54295.021,22000.0,4.417,0.988,1611+343
54344.866,22000.0,2.943,0.389,1611+343
54344.875,22000.0,3.717,0.431,1611+343
54344.884,22000.0,2.714,0.996,1611+343
54344.893,22000.0,2.592,0.961,1611+343
54372.756,22000.0,2.909,1.01,1611+343
54455.575,22000.0,2.743,0.189,1611+343
54455.584,22000.0,2.294,0.259,1611+343
54455.594,22000.0,3.453,0.244,1611+343
54455.603,22000.0,3.253,0.232,1611+343
54479.397,22000.0,2.95,0.211,1611+343
54479.406,22000.0,2.706,0.195,1611+343
54479.415,22000.0,2.57,0.229,1611+343
54479.424,22000.0,2.637,0.268,1611+343
54512.276,22000.0,2.197,0.235,1611+343
54512.285,22000.0,2.572,0.23,1611+343
54512.294,22000.0,2.823,0.27,1611+343
54512.304,22000.0,2.152,0.23,1611+343
54561.204,22000.0,2.289,0.475,1611+343
54561.214,22000.0,3.171,0.404,1611+343
54575.007,22000.0,2.008,0.339,1611+343
54640.028,22000.0,2.187,0.274,1611+343
54640.037,22000.0,2.724,0.32,1611+343
54651.998,22000.0,3.466,0.554,1611+343
54652.007,22000.0,2.75,0.449,1611+343
54665.925,22000.0,2.991,0.323,1611+343
54665.934,22000.0,2.277,0.267,1611+343
54686.878,22000.0,2.832,0.38,1611+343
54722.734,22000.0,1.801,0.408,1611+343
54778.614,22000.0,2.771,0.361,1611+343
54778.623,22000.0,2.647,0.349,1611+343
54816.507,22000.0,3.154,0.861,1611+343
54912.239,22000.0,2.228,0.394,1611+343
54912.249,22000.0,1.831,0.383,1611+343
54953.213,22000.0,1.954,0.821,1611+343
55001.981,22000.0,2.84,0.539,1611+343
55001.99,22000.0,1.407,0.395,1611+343
55033.868,22000.0,2.256,0.349,1611+343
55033.878,22000.0,1.715,0.268,1611+343
55061.811,22000.0,2.216,0.536,1611+343
55061.821,22000.0,3.37,0.51,1611+343
55098.759,22000.0,1.922,0.334,1611+343
55120.71,22000.0,1.777,0.217,1611+343
55120.719,22000.0,2.576,0.291,1611+343
55209.45,22000.0,1.349,0.205,1611+343
55209.46,22000.0,1.454,0.23,1611+343
53825.979,43000.0,3.998,1.31,1611+343
53826.978,43000.0,3.749,1.262,1611+343
53827.984,43000.0,3.954,1.324,1611+343
53854.895,43000.0,3.406,0.846,1611+343
53878.853,43000.0,2.971,0.644,1611+343
53911.77,43000.0,2.735,0.619,1611+343
53912.771,43000.0,2.442,0.57,1611+343
53913.771,43000.0,3.154,0.668,1611+343
53928.734,43000.0,2.052,0.647,1611+343
53971.603,43000.0,2.479,0.667,1611+343
53972.603,43000.0,2.4,0.63,1611+343
53999.52,43000.0,2.106,0.484,1611+343
54000.515,43000.0,2.294,0.525,1611+343
54025.438,43000.0,1.796,0.601,1611+343
54026.442,43000.0,1.894,0.634,1611+343
54277.765,43000.0,2.417,0.3,1611+343
54277.775,43000.0,2.229,0.416,1611+343
54321.645,43000.0,2.07,0.241,1611+343
54322.645,43000.0,2.121,0.257,1611+343
54365.525,43000.0,1.899,0.241,1611+343
54389.479,43000.0,1.766,0.236,1611+343
54423.364,43000.0,2.355,0.297,1611+343
54424.364,43000.0,2.204,0.288,1611+343
54435.322,43000.0,1.781,0.294,1611+343
54436.365,43000.0,1.514,0.244,1611+343
54437.365,43000.0,1.555,0.255,1611+343
54453.323,43000.0,1.544,0.334,1611+343
54479.239,43000.0,1.811,0.291,1611+343
54480.241,43000.0,1.876,0.297,1611+343
54505.162,43000.0,2.322,0.329,1611+343
54506.137,43000.0,2.182,0.298,1611+343
54507.157,43000.0,2.066,0.293,1611+343
54523.096,43000.0,2.236,0.265,1611+343
54523.109,43000.0,2.016,0.245,1611+343
54523.119,43000.0,1.801,0.223,1611+343
54555.989,43000.0,2.524,0.29,1611+343
54556.989,43000.0,2.473,0.288,1611+343
54579.859,43000.0,1.863,0.21,1611+343
54580.859,43000.0,1.87,0.203,1611+343
54580.9,43000.0,1.974,0.217,1611+343
54611.775,43000.0,1.959,0.205,1611+343
54611.817,43000.0,1.921,0.206,1611+343
54612.775,43000.0,1.71,0.204,1611+343
54612.817,43000.0,1.914,0.233,1611+343
54641.692,43000.0,1.762,0.266,1611+343
54641.734,43000.0,2.001,0.312,1611+343
54642.692,43000.0,1.66,0.239,1611+343
54642.734,43000.0,1.655,0.242,1611+343
54643.691,43000.0,1.591,0.242,1611+343
54643.734,43000.0,2.192,0.313,1611+343
54659.65,43000.0,2.017,0.345,1611+343
54659.693,43000.0,2.141,0.438,1611+343
54660.65,43000.0,2.274,0.375,1611+343
54660.692,43000.0,2.157,0.389,1611+343
54679.608,43000.0,1.778,0.23,1611+343
54679.65,43000.0,1.79,0.234,1611+343
54680.609,43000.0,1.743,0.21,1611+343
54680.65,43000.0,1.605,0.228,1611+343
54681.609,43000.0,1.718,0.201,1611+343
54681.651,43000.0,1.933,0.285,1611+343
54682.609,43000.0,1.896,0.237,1611+343
54682.647,43000.0,2.146,0.397,1611+343
54709.525,43000.0,1.92,0.255,1611+343
54709.568,43000.0,1.685,0.25,1611+343
54710.526,43000.0,2.007,0.246,1611+343
54743.478,43000.0,1.366,0.255,1611+343
54744.478,43000.0,1.997,0.357,1611+343
54745.479,43000.0,1.677,0.311,1611+343
54779.364,43000.0,1.978,0.303,1611+343
54780.364,43000.0,2.088,0.308,1611+343
54781.364,43000.0,2.238,0.34,1611+343
54808.361,43000.0,1.544,0.284,1611+343
54808.37,43000.0,1.688,0.309,1611+343
54809.361,43000.0,1.607,0.281,1611+343
54809.369,43000.0,1.711,0.391,1611+343
54840.245,43000.0,1.362,0.394,1611+343
54879.159,43000.0,1.143,0.304,1611+343
54929.989,43000.0,1.596,0.18,1611+343
54930.989,43000.0,1.464,0.176,1611+343
54959.859,43000.0,1.791,0.227,1611+343
54960.817,43000.0,1.521,0.207,1611+343
54960.859,43000.0,1.594,0.2,1611+343
54961.817,43000.0,1.562,0.198,1611+343
54961.859,43000.0,1.6,0.203,1611+343
55009.691,43000.0,1.333,0.182,1611+343
55009.733,43000.0,1.385,0.183,1611+343
55010.692,43000.0,1.723,0.269,1611+343
55010.734,43000.0,1.725,0.251,1611+343
55011.692,43000.0,1.925,0.262,1611+343
55011.734,43000.0,1.583,0.25,1611+343
55168.364,43000.0,0.972,0.186,1611+343
55211.238,43000.0,1.208,0.183,1611+343
53445.049,5000.0,5.072,0.085,1611+343
53446.049,5000.0,5.065,0.085,1611+343
53448.046,5000.0,5.088,0.086,1611+343
53478.116,5000.0,5.091,0.11,1611+343
53478.865,5000.0,5.158,0.133,1611+343
53511.019,5000.0,5.384,0.147,1611+343
53544.702,5000.0,5.355,0.137,1611+343
53545.08,5000.0,5.294,0.131,1611+343
53576.964,5000.0,5.279,0.153,1611+343
53577.737,5000.0,5.176,0.143,1611+343
53578.034,5000.0,5.184,0.147,1611+343
53605.983,5000.0,5.235,0.148,1611+343
53638.887,5000.0,5.092,0.12,1611+343
53639.514,5000.0,4.972,0.122,1611+343
53639.695,5000.0,4.893,0.105,1611+343
53639.836,5000.0,5.105,0.115,1611+343
53724.267,5000.0,4.851,0.129,1611+343
53766.235,5000.0,4.859,0.154,1611+343
53770.316,5000.0,4.941,0.1,1611+343
53770.325,5000.0,4.915,0.102,1611+343
53826.184,5000.0,5.008,0.151,1611+343
53852.172,5000.0,4.89,0.204,1611+343
53852.181,5000.0,4.996,0.211,1611+343
53974.837,5000.0,4.842,0.133,1611+343
53974.846,5000.0,4.841,0.142,1611+343
54011.753,5000.0,4.586,0.099,1611+343
54011.762,5000.0,4.627,0.103,1611+343
54023.651,5000.0,4.528,0.106,1611+343
54023.66,5000.0,4.523,0.109,1611+343
54200.131,5000.0,4.436,0.103,1611+343
54200.141,5000.0,4.369,0.096,1611+343
54289.998,5000.0,4.138,0.07,1611+343
54290.008,5000.0,4.119,0.072,1611+343
54296.99,5000.0,4.086,0.118,1611+343
54296.999,5000.0,4.126,0.121,1611+343
54347.846,5000.0,4.301,0.131,1611+343
54347.855,5000.0,4.267,0.124,1611+343
54347.865,5000.0,4.269,0.124,1611+343
54396.72,5000.0,4.092,0.101,1611+343
54396.729,5000.0,4.155,0.105,1611+343
54779.662,5000.0,3.77,0.096,1611+343
54779.671,5000.0,3.787,0.099,1611+343
54913.19,5000.0,3.886,0.344,1611+343
54954.178,5000.0,3.682,0.428,1611+343
54954.188,5000.0,4.117,0.405,1611+343
55002.991,5000.0,3.654,0.125,1611+343
55003.001,5000.0,3.724,0.125,1611+343
55034.905,5000.0,3.984,0.291,1611+343
55034.915,5000.0,3.734,0.22,1611+343
55062.873,5000.0,3.816,0.286,1611+343
55062.882,5000.0,3.652,0.202,1611+343
55099.684,5000.0,3.753,0.105,1611+343
55099.694,5000.0,3.513,0.094,1611+343
55121.617,5000.0,3.698,0.101,1611+343
55121.627,5000.0,3.696,0.145,1611+343
55210.351,5000.0,3.652,0.104,1611+343
55210.361,5000.0,3.631,0.108,1611+343
53464.007,8000.0,5.166,0.078,1611+343
53465.007,8000.0,4.928,0.106,1611+343
53477.938,8000.0,5.325,0.166,1611+343
53478.271,8000.0,5.305,0.204,1611+343
53510.87,8000.0,5.356,0.151,1611+343
53511.162,8000.0,5.203,0.144,1611+343
53576.788,8000.0,5.46,0.206,1611+343
53577.902,8000.0,5.519,0.157,1611+343
53605.466,8000.0,5.562,0.206,1611+343
53605.829,8000.0,5.364,0.191,1611+343
53637.638,8000.0,5.048,0.148,1611+343
53638.425,8000.0,5.125,0.128,1611+343
53638.812,8000.0,4.992,0.147,1611+343
53698.515,8000.0,4.718,0.162,1611+343
53721.196,8000.0,5.067,0.141,1611+343
53721.575,8000.0,4.642,0.203,1611+343
53742.227,8000.0,4.86,0.108,1611+343
53743.258,8000.0,4.472,0.12,1611+343
53744.274,8000.0,4.791,0.119,1611+343
53766.42,8000.0,5.112,0.189,1611+343
53771.321,8000.0,4.864,0.166,1611+343
53771.33,8000.0,4.978,0.177,1611+343
53779.183,8000.0,5.071,0.116,1611+343
53779.204,8000.0,5.024,0.124,1611+343
53805.206,8000.0,5.173,0.187,1611+343
53805.214,8000.0,5.232,0.189,1611+343
53851.05,8000.0,5.659,0.274,1611+343
53851.059,8000.0,5.32,0.246,1611+343
53859.991,8000.0,5.324,0.138,1611+343
53907.934,8000.0,5.014,0.364,1611+343
53955.927,8000.0,5.121,0.213,1611+343
53973.868,8000.0,4.946,0.115,1611+343
54010.764,8000.0,4.905,0.194,1611+343
54022.685,8000.0,4.967,0.202,1611+343
54037.657,8000.0,4.605,0.159,1611+343
54058.572,8000.0,4.979,0.193,1611+343
54080.563,8000.0,4.718,0.092,1611+343
54098.473,8000.0,4.736,0.122,1611+343
54121.417,8000.0,4.82,0.135,1611+343
54149.32,8000.0,4.476,0.151,1611+343
54199.221,8000.0,4.291,0.104,1611+343
54220.236,8000.0,4.508,0.182,1611+343
54275.986,8000.0,4.156,0.134,1611+343
54288.877,8000.0,4.12,0.079,1611+343
54295.933,8000.0,4.061,0.131,1611+343
54324.938,8000.0,3.962,0.123,1611+343
54343.843,8000.0,4.045,0.127,1611+343
54373.702,8000.0,3.984,0.101,1611+343
54421.629,8000.0,4.117,0.171,1611+343
54435.568,8000.0,3.798,0.101,1611+343
54477.48,8000.0,3.589,0.213,1611+343
54513.326,8000.0,3.768,0.114,1611+343
54576.059,8000.0,3.731,0.117,1611+343
54605.05,8000.0,3.616,0.11,1611+343
54640.907,8000.0,3.611,0.154,1611+343
54652.875,8000.0,3.587,0.177,1611+343
54666.863,8000.0,3.669,0.2,1611+343
54687.863,8000.0,3.682,0.117,1611+343
54723.769,8000.0,3.432,0.301,1611+343
54777.582,8000.0,3.716,0.154,1611+343
54952.227,8000.0,3.492,0.128,1611+343
55003.997,8000.0,3.428,0.207,1611+343
55035.968,8000.0,3.306,0.149,1611+343
55063.79,8000.0,3.203,0.072,1611+343
55076.831,8000.0,3.417,0.163,1611+343
55100.729,8000.0,3.156,0.042,1611+343
55122.744,8000.0,3.084,0.116,1611+343
55208.433,8000.0,3.207,0.113,1611+343
53373.258,22000.0,4.613,0.282,1633+382
53373.336,22000.0,4.717,0.286,1633+382
53374.258,22000.0,4.72,0.288,1633+382
53374.336,22000.0,4.797,0.291,1633+382
53377.258,22000.0,4.83,0.293,1633+382
53377.336,22000.0,4.938,0.3,1633+382
53378.258,22000.0,4.905,0.298,1633+382
53378.336,22000.0,5.028,0.307,1633+382
53380.258,22000.0,5.044,0.307,1633+382
53380.336,22000.0,5.015,0.308,1633+382
53381.258,22000.0,5.126,0.312,1633+382
53381.335,22000.0,4.918,0.3,1633+382
53414.133,22000.0,3.707,0.118,1633+382
53414.174,22000.0,3.911,0.121,1633+382
53416.133,22000.0,3.89,0.124,1633+382
53416.174,22000.0,3.877,0.121,1633+382
53442.028,22000.0,3.277,0.098,1633+382
53442.07,22000.0,3.383,0.106,1633+382
53443.028,22000.0,3.527,0.115,1633+382
53443.07,22000.0,3.306,0.105,1633+382
53444.069,22000.0,3.308,0.099,1633+382
53465.986,22000.0,3.098,0.252,1633+382
53466.028,22000.0,2.707,0.297,1633+382
53466.986,22000.0,2.952,0.315,1633+382
53467.028,22000.0,2.683,0.232,1633+382
53509.903,22000.0,3.289,0.512,1633+382
53510.903,22000.0,3.091,0.512,1633+382
53511.903,22000.0,3.515,0.477,1633+382
53637.516,22000.0,2.737,0.334,1633+382
53638.671,22000.0,2.68,0.319,1633+382
53722.288,22000.0,2.701,0.267,1633+382
53722.495,22000.0,2.302,0.291,1633+382
53743.465,22000.0,2.188,0.333,1633+382
53744.129,22000.0,2.477,0.321,1633+382
53772.435,22000.0,2.657,0.329,1633+382
53806.326,22000.0,2.815,0.339,1633+382
53806.334,22000.0,2.64,0.345,1633+382
53862.194,22000.0,2.748,0.372,1633+382
53954.92,22000.0,2.281,0.409,1633+382
53954.929,22000.0,2.657,0.376,1633+382
53972.874,22000.0,2.684,0.322,1633+382
53972.884,22000.0,1.992,0.326,1633+382
54009.737,22000.0,2.102,0.366,1633+382
54009.746,22000.0,2.488,0.382,1633+382
54021.689,22000.0,2.427,0.265,1633+382
54021.698,22000.0,2.303,0.285,1633+382
54056.629,22000.0,2.365,0.504,1633+382
54056.638,22000.0,2.818,0.697,1633+382
54056.648,22000.0,2.668,0.762,1633+382
54119.496,22000.0,2.081,0.45,1633+382
54119.506,22000.0,2.202,0.385,1633+382
54119.515,22000.0,1.795,0.406,1633+382
54119.524,22000.0,1.715,0.362,1633+382
54147.417,22000.0,1.663,0.453,1633+382
54147.426,22000.0,2.243,0.472,1633+382
54147.435,22000.0,1.789,0.617,1633+382
54147.444,22000.0,1.734,0.447,1633+382
54196.996,22000.0,2.861,0.739,1633+382
54218.039,22000.0,2.559,0.443,1633+382
54273.887,22000.0,2.126,0.349,1633+382
54273.896,22000.0,2.775,0.319,1633+382
54273.905,22000.0,2.837,0.33,1633+382
54273.914,22000.0,2.181,0.401,1633+382
54287.995,22000.0,2.727,0.306,1633+382
54288.004,22000.0,2.835,0.359,1633+382
54295.056,22000.0,2.902,0.397,1633+382
54344.828,22000.0,2.854,0.302,1633+382
54344.846,22000.0,2.567,0.416,1633+382
54344.856,22000.0,2.65,0.346,1633+382
54371.826,22000.0,2.961,0.671,1633+382
54456.37,22000.0,3.244,0.394,1633+382
54456.388,22000.0,3.201,0.397,1633+382
54479.359,22000.0,2.427,0.268,1633+382
54479.368,22000.0,3.166,0.254,1633+382
54479.377,22000.0,3.197,0.238,1633+382
54479.387,22000.0,3.242,0.257,1633+382
54512.238,22000.0,3.153,0.284,1633+382
54512.247,22000.0,2.988,0.269,1633+382
54512.257,22000.0,2.938,0.264,1633+382
54512.266,22000.0,3.035,0.286,1633+382
54561.253,22000.0,3.43,0.464,1633+382
54575.017,22000.0,2.923,0.394,1633+382
54575.026,22000.0,2.493,0.568,1633+382
54577.029,22000.0,3.778,0.437,1633+382
54577.038,22000.0,3.546,0.422,1633+382
54603.956,22000.0,2.97,0.967,1633+382
54640.047,22000.0,2.875,0.328,1633+382
54640.057,22000.0,2.914,0.33,1633+382
54652.017,22000.0,3.548,0.561,1633+382
54652.026,22000.0,2.586,0.432,1633+382
54665.969,22000.0,3.407,0.356,1633+382
54665.978,22000.0,3.533,0.373,1633+382
54686.922,22000.0,3.169,0.457,1633+382
54778.667,22000.0,1.755,0.316,1633+382
54912.283,22000.0,2.648,0.453,1633+382
54912.293,22000.0,2.806,0.436,1633+382
54953.256,22000.0,2.905,0.99,1633+382
55002.025,22000.0,3.586,0.597,1633+382
55002.035,22000.0,2.401,0.473,1633+382
55033.913,22000.0,3.071,0.391,1633+382
55033.922,22000.0,2.904,0.305,1633+382
55061.831,22000.0,4.231,0.681,1633+382
55061.841,22000.0,2.406,0.375,1633+382
55098.779,22000.0,4.126,0.445,1633+382
55098.788,22000.0,3.346,0.321,1633+382
55120.73,22000.0,3.378,0.335,1633+382
55120.739,22000.0,2.919,0.427,1633+382
55209.47,22000.0,4.431,0.398,1633+382
55209.48,22000.0,4.252,0.281,1633+382
53854.911,43000.0,2.295,0.708,1633+382
53878.869,43000.0,2.679,0.662,1633+382
53911.786,43000.0,2.437,0.591,1633+382
53912.786,43000.0,2.225,0.584,1633+382
53971.619,43000.0,1.944,0.58,1633+382
53972.619,43000.0,1.697,0.521,1633+382
53998.536,43000.0,2.11,0.548,1633+382
54000.536,43000.0,1.967,0.535,1633+382
54026.453,43000.0,1.995,0.897,1633+382
54277.788,43000.0,2.109,0.287,1633+382
54321.661,43000.0,2.67,0.317,1633+382
54322.661,43000.0,2.62,0.361,1633+382
54365.535,43000.0,2.517,0.307,1633+382
54389.492,43000.0,2.214,0.293,1633+382
54390.496,43000.0,2.751,0.333,1633+382
54422.379,43000.0,2.244,0.386,1633+382
54423.38,43000.0,2.929,0.373,1633+382
54424.38,43000.0,2.584,0.339,1633+382
54435.338,43000.0,2.012,0.37,1633+382
54436.38,43000.0,2.716,0.435,1633+382
54437.38,43000.0,2.809,0.444,1633+382
54452.336,43000.0,2.766,0.512,1633+382
54453.338,43000.0,2.513,0.477,1633+382
54479.255,43000.0,3.063,0.501,1633+382
54505.17,43000.0,4.096,0.582,1633+382
54506.15,43000.0,3.358,0.472,1633+382
54507.171,43000.0,3.727,0.524,1633+382
54556.005,43000.0,3.238,0.376,1633+382
54557.005,43000.0,3.279,0.392,1633+382
54580.922,43000.0,2.807,0.301,1633+382
54596.871,43000.0,2.685,0.332,1633+382
54611.828,43000.0,3.023,0.338,1633+382
54611.869,43000.0,3.056,0.354,1633+382
54612.828,43000.0,3.048,0.324,1633+382
54612.869,43000.0,2.914,0.34,1633+382
54641.745,43000.0,3.33,0.484,1633+382
54641.786,43000.0,3.179,0.444,1633+382
54642.744,43000.0,3.424,0.488,1633+382
54642.786,43000.0,2.865,0.428,1633+382
54643.745,43000.0,3.439,0.459,1633+382
54643.786,43000.0,3.168,0.434,1633+382
54659.703,43000.0,3.444,0.579,1633+382
54659.744,43000.0,2.833,0.492,1633+382
54660.703,43000.0,3.053,0.532,1633+382
54660.745,43000.0,2.983,0.53,1633+382
54679.661,43000.0,2.96,0.361,1633+382
54679.702,43000.0,2.773,0.345,1633+382
54680.661,43000.0,2.841,0.326,1633+382
54680.702,43000.0,3.047,0.409,1633+382
54681.661,43000.0,3.238,0.37,1633+382
54682.704,43000.0,3.45,0.415,1633+382
54708.578,43000.0,3.099,0.393,1633+382
54708.619,43000.0,3.64,0.447,1633+382
54709.578,43000.0,3.196,0.394,1633+382
54709.619,43000.0,3.226,0.419,1633+382
54710.578,43000.0,3.226,0.386,1633+382
54710.619,43000.0,3.259,0.407,1633+382
54743.494,43000.0,3.429,0.587,1633+382
54745.494,43000.0,3.687,0.628,1633+382
54779.38,43000.0,2.816,0.422,1633+382
54780.38,43000.0,2.761,0.424,1633+382
54781.38,43000.0,3.089,0.485,1633+382
54807.38,43000.0,3.556,0.559,1633+382
54808.38,43000.0,3.286,0.523,1633+382
54809.38,43000.0,3.477,0.571,1633+382
54842.255,43000.0,2.805,0.637,1633+382
54877.171,43000.0,2.915,0.574,1633+382
54879.171,43000.0,3.355,0.53,1633+382
54930.005,43000.0,2.792,0.318,1633+382
54931.005,43000.0,2.883,0.34,1633+382
54959.869,43000.0,2.547,0.312,1633+382
54960.869,43000.0,2.495,0.309,1633+382
54961.869,43000.0,2.467,0.291,1633+382
55009.745,43000.0,2.504,0.335,1633+382
55009.786,43000.0,2.919,0.385,1633+382
55010.744,43000.0,3.018,0.383,1633+382
55010.786,43000.0,2.664,0.368,1633+382
55011.745,43000.0,2.888,0.381,1633+382
55011.786,43000.0,2.465,0.313,1633+382
55168.38,43000.0,4.147,0.72,1633+382
55210.258,43000.0,5.94,0.787,1633+382
55211.254,43000.0,5.732,0.764,1633+382
53355.465,5000.0,2.685,0.041,1633+382
53355.49,5000.0,2.696,0.034,1633+382
53357.45,5000.0,2.678,0.148,1633+382
53357.492,5000.0,2.646,0.042,1633+382
53358.45,5000.0,2.647,0.105,1633+382
53358.492,5000.0,2.714,0.033,1633+382
53359.45,5000.0,2.673,0.035,1633+382
53382.266,5000.0,2.897,0.049,1633+382
53384.263,5000.0,2.822,0.042,1633+382
53385.265,5000.0,2.862,0.042,1633+382
53386.224,5000.0,2.782,0.055,1633+382
53387.256,5000.0,2.817,0.041,1633+382
53388.302,5000.0,2.773,0.042,1633+382
53388.492,5000.0,2.95,0.173,1633+382
53389.302,5000.0,2.741,0.04,1633+382
53445.097,5000.0,2.782,0.047,1633+382
53446.12,5000.0,2.832,0.049,1633+382
53448.116,5000.0,2.79,0.048,1633+382
53449.115,5000.0,2.774,0.047,1633+382
53450.113,5000.0,2.786,0.048,1633+382
53451.113,5000.0,2.776,0.048,1633+382
53454.979,5000.0,2.971,0.107,1633+382
53456.895,5000.0,2.88,0.122,1633+382
53457.244,5000.0,2.842,0.088,1633+382
53457.253,5000.0,2.824,0.093,1633+382
53478.125,5000.0,2.773,0.087,1633+382
53478.873,5000.0,2.687,0.104,1633+382
53511.027,5000.0,2.72,0.099,1633+382
53543.934,5000.0,2.752,0.103,1633+382
53544.71,5000.0,2.834,0.098,1633+382
53545.089,5000.0,2.813,0.102,1633+382
53576.973,5000.0,2.828,0.102,1633+382
53577.746,5000.0,2.802,0.104,1633+382
53578.042,5000.0,2.866,0.106,1633+382
53605.668,5000.0,2.829,0.095,1633+382
53605.991,5000.0,2.887,0.107,1633+382
53638.895,5000.0,2.861,0.1,1633+382
53639.523,5000.0,2.756,0.099,1633+382
53639.703,5000.0,2.864,0.087,1633+382
53639.844,5000.0,2.928,0.094,1633+382
53724.275,5000.0,2.824,0.092,1633+382
53766.243,5000.0,2.787,0.115,1633+382
53770.407,5000.0,2.933,0.085,1633+382
53826.268,5000.0,2.825,0.105,1633+382
53852.211,5000.0,2.883,0.13,1633+382
53852.22,5000.0,2.674,0.129,1633+382
53974.856,5000.0,2.655,0.107,1633+382
53974.865,5000.0,2.635,0.097,1633+382
54011.772,5000.0,2.506,0.079,1633+382
54011.782,5000.0,2.615,0.118,1633+382
54023.67,5000.0,2.551,0.076,1633+382
54023.679,5000.0,2.562,0.072,1633+382
54290.018,5000.0,2.486,0.067,1633+382
54290.027,5000.0,2.476,0.067,1633+382
54297.009,5000.0,2.463,0.081,1633+382
54297.019,5000.0,2.42,0.082,1633+382
54347.799,5000.0,2.186,0.079,1633+382
54347.808,5000.0,2.156,0.073,1633+382
54347.818,5000.0,2.355,0.192,1633+382
54396.739,5000.0,2.462,0.08,1633+382
54396.748,5000.0,2.418,0.079,1633+382
54779.749,5000.0,2.732,0.087,1633+382
54779.758,5000.0,2.763,0.104,1633+382
54913.244,5000.0,2.828,0.315,1633+382
54954.233,5000.0,3.226,0.287,1633+382
54954.242,5000.0,3.232,0.273,1633+382
55003.047,5000.0,3.01,0.112,1633+382
55003.057,5000.0,2.969,0.109,1633+382
55034.971,5000.0,2.939,0.222,1633+382
55034.98,5000.0,3.069,0.272,1633+382
55062.929,5000.0,2.995,0.176,1633+382
55062.939,5000.0,2.951,0.184,1633+382
55099.741,5000.0,3.021,0.085,1633+382
55099.751,5000.0,3.023,0.084,1633+382
55121.729,5000.0,3.056,0.089,1633+382
55210.428,5000.0,3.391,0.099,1633+382
55210.438,5000.0,3.245,0.098,1633+382
53350.245,8000.0,3.541,0.107,1633+382
53350.479,8000.0,3.523,0.106,1633+382
53350.58,8000.0,3.341,0.119,1633+382
53350.684,8000.0,3.399,0.112,1633+382
53351.214,8000.0,3.493,0.105,1633+382
53351.559,8000.0,3.513,0.104,1633+382
53351.672,8000.0,3.416,0.102,1633+382
53352.197,8000.0,3.519,0.105,1633+382
53352.314,8000.0,3.384,0.095,1633+382
53352.442,8000.0,3.542,0.12,1633+382
53352.556,8000.0,3.409,0.099,1633+382
53383.219,8000.0,3.554,0.113,1633+382
53383.296,8000.0,3.889,0.124,1633+382
53413.068,8000.0,3.52,0.086,1633+382
53413.113,8000.0,3.338,0.082,1633+382
53413.148,8000.0,3.359,0.085,1633+382
53418.253,8000.0,3.641,0.082,1633+382
53457.083,8000.0,3.345,0.155,1633+382
53457.091,8000.0,3.216,0.132,1633+382
53457.414,8000.0,3.353,0.145,1633+382
53464.03,8000.0,3.221,0.049,1633+382
53464.072,8000.0,3.245,0.049,1633+382
53465.073,8000.0,3.194,0.051,1633+382
53477.946,8000.0,3.309,0.12,1633+382
53478.279,8000.0,3.249,0.139,1633+382
53510.878,8000.0,3.135,0.127,1633+382
53511.17,8000.0,3.114,0.101,1633+382
53544.909,8000.0,3.156,0.207,1633+382
53576.797,8000.0,3.174,0.158,1633+382
53577.91,8000.0,3.114,0.104,1633+382
53605.474,8000.0,3.252,0.141,1633+382
53605.837,8000.0,3.073,0.132,1633+382
53637.646,8000.0,3.075,0.109,1633+382
53638.433,8000.0,3.027,0.093,1633+382
53638.82,8000.0,3.03,0.11,1633+382
53698.524,8000.0,2.715,0.11,1633+382
53721.204,8000.0,2.972,0.103,1633+382
53721.583,8000.0,3.121,0.121,1633+382
53742.244,8000.0,2.795,0.064,1633+382
53743.266,8000.0,2.59,0.088,1633+382
53744.283,8000.0,2.447,0.128,1633+382
53766.428,8000.0,2.741,0.136,1633+382
53771.412,8000.0,2.832,0.14,1633+382
53851.2,8000.0,3.143,0.249,1633+382
53851.209,8000.0,3.045,0.217,1633+382
53860.155,8000.0,2.825,0.119,1633+382
53861.15,8000.0,2.821,0.073,1633+382
53908.038,8000.0,2.687,0.087,1633+382
53955.95,8000.0,2.622,0.123,1633+382
53973.891,8000.0,2.628,0.068,1633+382
54010.788,8000.0,2.617,0.109,1633+382
54022.708,8000.0,2.646,0.098,1633+382
54037.681,8000.0,2.663,0.098,1633+382
54058.595,8000.0,2.811,0.114,1633+382
54080.586,8000.0,2.761,0.061,1633+382
54098.497,8000.0,2.835,0.075,1633+382
54121.441,8000.0,2.744,0.077,1633+382
54149.343,8000.0,2.751,0.1,1633+382
54199.245,8000.0,2.5,0.068,1633+382
54220.259,8000.0,2.418,0.086,1633+382
54276.009,8000.0,2.43,0.086,1633+382
54288.964,8000.0,2.475,0.061,1633+382
54296.025,8000.0,2.389,0.083,1633+382
54324.962,8000.0,2.441,0.081,1633+382
54343.867,8000.0,2.496,0.083,1633+382
54373.795,8000.0,2.57,0.075,1633+382
54421.652,8000.0,2.6,0.087,1633+382
54435.603,8000.0,2.732,0.067,1633+382
54477.504,8000.0,2.571,0.157,1633+382
54513.349,8000.0,2.839,0.101,1633+382
54576.171,8000.0,2.793,0.097,1633+382
54605.162,8000.0,2.907,0.11,1633+382
54641.019,8000.0,2.854,0.075,1633+382
54652.987,8000.0,2.848,0.1,1633+382
54666.976,8000.0,2.886,0.133,1633+382
54687.928,8000.0,2.753,0.075,1633+382
54722.847,8000.0,2.312,0.483,1633+382
54777.666,8000.0,3.087,0.259,1633+382
54952.239,8000.0,2.792,0.247,1633+382
55004.045,8000.0,2.77,0.413,1633+382
55036.016,8000.0,2.95,0.087,1633+382
55063.838,8000.0,2.879,0.074,1633+382
55076.879,8000.0,2.945,0.118,1633+382
55100.777,8000.0,2.95,0.045,1633+382
55122.792,8000.0,3.08,0.138,1633+382
55208.481,8000.0,3.663,0.128,1633+382
53373.239,22000.0,6.247,0.378,1641+399
53373.278,22000.0,6.34,0.384,1641+399
53374.239,22000.0,6.074,0.366,1641+399
53374.278,22000.0,6.452,0.39,1641+399
53377.239,22000.0,6.388,0.386,1641+399
53377.278,22000.0,6.647,0.402,1641+399
53378.24,22000.0,6.526,0.396,1641+399
53378.278,22000.0,6.626,0.401,1641+399
53380.239,22000.0,6.609,0.407,1641+399
53380.278,22000.0,6.766,0.409,1641+399
53381.239,22000.0,6.538,0.397,1641+399
53381.278,22000.0,6.956,0.424,1641+399
53414.153,22000.0,5.799,0.177,1641+399
53414.195,22000.0,6.086,0.186,1641+399
53416.153,22000.0,6.002,0.184,1641+399
53416.195,22000.0,6.012,0.182,1641+399
53442.07,22000.0,5.708,0.165,1641+399
53443.07,22000.0,5.646,0.164,1641+399
53444.085,22000.0,5.678,0.197,1641+399
53466.007,22000.0,4.698,0.363,1641+399
53467.007,22000.0,4.553,0.395,1641+399
53509.934,22000.0,5.69,0.724,1641+399
53510.934,22000.0,5.386,0.896,1641+399
53511.934,22000.0,5.296,0.609,1641+399
53637.524,22000.0,5.242,0.375,1641+399
53638.679,22000.0,5.073,0.369,1641+399
53698.688,22000.0,5.495,0.384,1641+399
53722.296,22000.0,5.415,0.371,1641+399
53722.503,22000.0,5.354,0.406,1641+399
53743.473,22000.0,4.96,0.38,1641+399
53772.444,22000.0,5.024,0.501,1641+399
53772.452,22000.0,5.609,0.41,1641+399
53806.308,22000.0,5.533,0.495,1641+399
53806.317,22000.0,5.529,0.471,1641+399
53862.175,22000.0,5.354,0.466,1641+399
53862.184,22000.0,5.648,0.424,1641+399
53927.011,22000.0,5.998,0.854,1641+399
53954.901,22000.0,6.071,0.522,1641+399
53954.91,22000.0,5.877,0.517,1641+399
53972.855,22000.0,6.109,0.453,1641+399
53972.864,22000.0,5.649,0.396,1641+399
54009.718,22000.0,6.298,0.558,1641+399
54009.727,22000.0,6.383,0.578,1641+399
54021.67,22000.0,6.385,0.409,1641+399
54021.679,22000.0,6.337,0.373,1641+399
54097.545,22000.0,7.982,0.649,1641+399
54097.564,22000.0,6.713,0.551,1641+399
54097.573,22000.0,7.52,0.575,1641+399
54120.399,22000.0,7.887,0.517,1641+399
54120.418,22000.0,7.714,0.473,1641+399
54120.427,22000.0,7.581,0.429,1641+399
54148.356,22000.0,7.036,0.497,1641+399
54148.365,22000.0,7.315,0.482,1641+399
54148.374,22000.0,7.131,0.485,1641+399
54148.384,22000.0,7.529,0.483,1641+399
54198.091,22000.0,6.215,0.841,1641+399
54198.1,22000.0,6.746,0.659,1641+399
54198.118,22000.0,6.98,0.704,1641+399
54219.106,22000.0,6.275,0.7,1641+399
54219.115,22000.0,6.554,0.542,1641+399
54219.124,22000.0,6.883,0.579,1641+399
54219.133,22000.0,5.686,0.523,1641+399
54274.73,22000.0,5.218,0.423,1641+399
54274.739,22000.0,4.518,0.446,1641+399
54274.749,22000.0,6.363,0.477,1641+399
54274.758,22000.0,5.522,0.414,1641+399
54288.014,22000.0,8.589,0.601,1641+399
54288.024,22000.0,7.076,0.497,1641+399
54295.076,22000.0,6.606,0.569,1641+399
54295.085,22000.0,6.225,0.554,1641+399
54323.852,22000.0,6.513,0.557,1641+399
54323.861,22000.0,5.26,0.766,1641+399
54323.87,22000.0,6.565,0.552,1641+399
54323.879,22000.0,5.661,0.496,1641+399
54345.861,22000.0,6.03,0.434,1641+399
54345.878,22000.0,5.658,0.536,1641+399
54345.887,22000.0,5.67,0.468,1641+399
54371.846,22000.0,6.516,0.505,1641+399
54371.855,22000.0,7.381,0.516,1641+399
54385.821,22000.0,7.955,1.336,1641+399
54456.47,22000.0,3.832,0.278,1641+399
54456.479,22000.0,4.069,0.282,1641+399
54456.488,22000.0,4.143,0.303,1641+399
54456.498,22000.0,4.364,0.31,1641+399
54460.531,22000.0,4.024,0.256,1641+399
54460.541,22000.0,4.849,0.258,1641+399
54478.448,22000.0,5.031,0.349,1641+399
54478.457,22000.0,4.658,0.352,1641+399
54478.466,22000.0,4.077,0.317,1641+399
54478.476,22000.0,4.223,0.326,1641+399
54511.353,22000.0,4.732,0.38,1641+399
54511.362,22000.0,4.659,0.292,1641+399
54511.372,22000.0,4.165,0.297,1641+399
54511.381,22000.0,4.206,0.277,1641+399
54575.036,22000.0,7.226,0.788,1641+399
54575.046,22000.0,5.9,0.791,1641+399
54577.049,22000.0,5.978,0.756,1641+399
54577.058,22000.0,6.098,0.659,1641+399
54652.036,22000.0,4.43,0.701,1641+399
54652.045,22000.0,5.976,0.914,1641+399
54665.988,22000.0,3.855,0.391,1641+399
54665.998,22000.0,5.755,0.551,1641+399
54778.677,22000.0,6.344,0.68,1641+399
54778.686,22000.0,6.582,0.797,1641+399
54912.303,22000.0,6.971,0.773,1641+399
54912.312,22000.0,6.292,0.719,1641+399
54953.275,22000.0,6.848,1.264,1641+399
54953.285,22000.0,9.303,0.971,1641+399
55002.045,22000.0,8.518,1.192,1641+399
55002.055,22000.0,8.799,1.251,1641+399
55033.935,22000.0,8.344,0.706,1641+399
55061.877,22000.0,10.065,1.17,1641+399
55061.886,22000.0,8.962,1.081,1641+399
55098.824,22000.0,8.663,0.551,1641+399
55098.834,22000.0,9.246,0.58,1641+399
55120.75,22000.0,8.293,0.704,1641+399
55120.759,22000.0,8.761,0.729,1641+399
55209.49,22000.0,7.98,0.441,1641+399
55209.499,22000.0,7.864,0.427,1641+399
53826.025,43000.0,5.767,1.854,1641+399
53827.025,43000.0,5.55,1.798,1641+399
53854.942,43000.0,4.94,1.099,1641+399
53878.9,43000.0,5.148,1.069,1641+399
53911.817,43000.0,5.355,1.045,1641+399
53912.817,43000.0,4.64,0.936,1641+399
53913.817,43000.0,5.295,1.045,1641+399
53951.735,43000.0,3.691,0.956,1641+399
53952.692,43000.0,3.576,0.845,1641+399
53998.567,43000.0,3.632,0.762,1641+399
54025.484,43000.0,2.952,0.954,1641+399
54276.817,43000.0,4.309,0.473,1641+399
54277.817,43000.0,4.435,0.491,1641+399
54321.692,43000.0,5.277,0.679,1641+399
54322.692,43000.0,5.141,0.647,1641+399
54389.525,43000.0,4.472,0.537,1641+399
54423.411,43000.0,4.034,0.53,1641+399
54424.411,43000.0,3.583,0.482,1641+399
54435.37,43000.0,3.426,0.551,1641+399
54436.411,43000.0,4.326,0.714,1641+399
54437.411,43000.0,4.404,0.713,1641+399
54452.369,43000.0,3.446,0.799,1641+399
54453.369,43000.0,3.316,0.715,1641+399
54479.275,43000.0,4.054,0.661,1641+399
54480.287,43000.0,4.65,0.952,1641+399
54505.203,43000.0,4.369,0.662,1641+399
54506.18,43000.0,4.153,0.604,1641+399
54507.203,43000.0,4.208,0.649,1641+399
54523.161,43000.0,4.178,0.572,1641+399
54556.036,43000.0,4.888,0.569,1641+399
54557.036,43000.0,4.58,0.594,1641+399
54579.952,43000.0,3.9,0.425,1641+399
54580.952,43000.0,3.951,0.437,1641+399
54596.9,43000.0,3.765,0.509,1641+399
54611.859,43000.0,3.706,0.41,1641+399
54612.859,43000.0,3.841,0.446,1641+399
54641.776,43000.0,4.213,0.592,1641+399
54642.775,43000.0,4.08,0.584,1641+399
54643.775,43000.0,4.315,0.589,1641+399
54659.734,43000.0,4.37,0.731,1641+399
54660.734,43000.0,4.187,0.762,1641+399
54679.692,43000.0,4.179,0.524,1641+399
54680.692,43000.0,4.365,0.555,1641+399
54681.692,43000.0,4.308,0.566,1641+399
54708.609,43000.0,4.869,0.577,1641+399
54709.609,43000.0,4.647,0.55,1641+399
54710.609,43000.0,4.829,0.568,1641+399
54743.526,43000.0,4.889,0.853,1641+399
54744.525,43000.0,5.373,0.935,1641+399
54745.525,43000.0,4.984,0.843,1641+399
54779.411,43000.0,4.618,0.741,1641+399
54780.411,43000.0,5.295,0.846,1641+399
54807.411,43000.0,8.099,1.314,1641+399
54808.411,43000.0,7.927,1.324,1641+399
54877.203,43000.0,7.345,1.117,1641+399
54879.203,43000.0,7.208,1.28,1641+399
54930.036,43000.0,7.205,0.869,1641+399
54931.036,43000.0,7.332,0.879,1641+399
54959.9,43000.0,8.017,0.953,1641+399
54960.9,43000.0,7.56,0.925,1641+399
54961.9,43000.0,7.458,0.932,1641+399
55009.775,43000.0,7.919,1.0,1641+399
55010.775,43000.0,7.704,0.979,1641+399
55011.775,43000.0,7.817,0.984,1641+399
55167.412,43000.0,9.485,1.834,1641+399
55167.412,43000.0,9.953,1.958,1641+399
55168.412,43000.0,8.295,1.577,1641+399
55211.287,43000.0,8.635,1.069,1641+399
53355.472,5000.0,7.798,0.105,1641+399
53357.469,5000.0,7.793,0.107,1641+399
53358.469,5000.0,7.778,0.105,1641+399
53359.416,5000.0,7.648,0.206,1641+399
53359.469,5000.0,7.744,0.104,1641+399
53382.285,5000.0,7.701,0.112,1641+399
53384.205,5000.0,7.708,0.112,1641+399
53385.205,5000.0,7.744,0.112,1641+399
53386.205,5000.0,7.703,0.114,1641+399
53387.224,5000.0,7.682,0.11,1641+399
53388.224,5000.0,7.664,0.109,1641+399
53388.499,5000.0,7.824,0.411,1641+399
53389.204,5000.0,7.756,0.11,1641+399
53445.092,5000.0,7.617,0.128,1641+399
53446.092,5000.0,7.551,0.127,1641+399
53448.092,5000.0,7.604,0.128,1641+399
53449.092,5000.0,7.607,0.128,1641+399
53450.092,5000.0,7.686,0.129,1641+399
53451.092,5000.0,7.631,0.128,1641+399
53454.995,5000.0,7.99,0.183,1641+399
53455.003,5000.0,7.364,0.169,1641+399
53456.911,5000.0,8.029,0.188,1641+399
53456.918,5000.0,7.93,0.178,1641+399
53457.261,5000.0,7.895,0.177,1641+399
53457.269,5000.0,7.767,0.175,1641+399
53478.14,5000.0,7.804,0.152,1641+399
53478.888,5000.0,7.702,0.163,1641+399
53510.756,5000.0,7.643,0.221,1641+399
53511.042,5000.0,7.521,0.19,1641+399
53543.95,5000.0,7.693,0.166,1641+399
53544.725,5000.0,7.342,0.169,1641+399
53545.103,5000.0,7.354,0.163,1641+399
53576.987,5000.0,7.009,0.187,1641+399
53577.764,5000.0,7.168,0.183,1641+399
53578.05,5000.0,7.191,0.185,1641+399
53605.999,5000.0,7.248,0.181,1641+399
53607.503,5000.0,7.145,0.177,1641+399
53638.903,5000.0,7.215,0.151,1641+399
53639.539,5000.0,7.061,0.138,1641+399
53639.718,5000.0,7.005,0.143,1641+399
53639.859,5000.0,7.097,0.146,1641+399
53724.291,5000.0,6.928,0.172,1641+399
53766.262,5000.0,6.715,0.2,1641+399
53770.416,5000.0,6.733,0.129,1641+399
53770.424,5000.0,7.001,0.127,1641+399
53826.285,5000.0,6.714,0.194,1641+399
53852.23,5000.0,6.433,0.256,1641+399
53852.239,5000.0,6.376,0.261,1641+399
53974.875,5000.0,6.404,0.155,1641+399
53974.884,5000.0,6.427,0.157,1641+399
54011.792,5000.0,6.176,0.135,1641+399
54011.801,5000.0,6.195,0.113,1641+399
54023.689,5000.0,6.146,0.141,1641+399
54023.699,5000.0,6.149,0.137,1641+399
54200.151,5000.0,6.471,0.133,1641+399
54200.16,5000.0,6.425,0.132,1641+399
54290.037,5000.0,6.344,0.085,1641+399
54290.046,5000.0,6.31,0.094,1641+399
54297.054,5000.0,6.561,0.176,1641+399
54297.063,5000.0,6.418,0.173,1641+399
54348.818,5000.0,6.4,0.183,1641+399
54348.827,5000.0,6.378,0.183,1641+399
54348.836,5000.0,6.475,0.186,1641+399
54348.846,5000.0,6.401,0.184,1641+399
54396.782,5000.0,6.46,0.155,1641+399
54396.792,5000.0,6.415,0.155,1641+399
54779.768,5000.0,5.755,0.142,1641+399
54779.777,5000.0,5.742,0.142,1641+399
54913.264,5000.0,5.616,0.37,1641+399
54913.273,5000.0,5.786,0.282,1641+399
54954.253,5000.0,6.342,0.382,1641+399
54954.262,5000.0,6.106,0.53,1641+399
55003.067,5000.0,6.087,0.196,1641+399
55003.077,5000.0,6.142,0.197,1641+399
55034.991,5000.0,6.462,0.305,1641+399
55035.0,5000.0,6.481,0.337,1641+399
55062.95,5000.0,6.5,0.248,1641+399
55062.959,5000.0,6.422,0.338,1641+399
55099.761,5000.0,6.523,0.145,1641+399
55099.771,5000.0,6.498,0.143,1641+399
55121.759,5000.0,6.631,0.158,1641+399
55210.448,5000.0,6.796,0.161,1641+399
55210.458,5000.0,6.872,0.17,1641+399
53350.253,8000.0,7.314,0.182,1641+399
53350.487,8000.0,7.186,0.185,1641+399
53350.587,8000.0,7.247,0.182,1641+399
53350.692,8000.0,7.257,0.185,1641+399
53351.222,8000.0,7.408,0.184,1641+399
53351.566,8000.0,7.319,0.181,1641+399
53351.679,8000.0,7.192,0.19,1641+399
53352.204,8000.0,7.461,0.187,1641+399
53352.322,8000.0,7.318,0.178,1641+399
53352.45,8000.0,7.164,0.188,1641+399
53352.563,8000.0,7.124,0.179,1641+399
53383.199,8000.0,6.998,0.222,1641+399
53383.238,8000.0,6.88,0.218,1641+399
53413.091,8000.0,7.115,0.174,1641+399
53413.134,8000.0,6.996,0.171,1641+399
53418.264,8000.0,6.869,0.117,1641+399
53457.099,8000.0,7.239,0.238,1641+399
53457.107,8000.0,7.183,0.235,1641+399
53457.422,8000.0,7.071,0.234,1641+399
53464.052,8000.0,7.055,0.106,1641+399
53465.051,8000.0,6.9,0.127,1641+399
53477.961,8000.0,6.839,0.2,1641+399
53478.294,8000.0,7.016,0.205,1641+399
53510.892,8000.0,6.828,0.177,1641+399
53511.183,8000.0,6.817,0.183,1641+399
53544.125,8000.0,6.754,0.232,1641+399
53576.815,8000.0,6.596,0.167,1641+399
53577.925,8000.0,6.576,0.195,1641+399
53605.489,8000.0,6.577,0.238,1641+399
53605.852,8000.0,6.403,0.223,1641+399
53637.663,8000.0,6.15,0.146,1641+399
53638.448,8000.0,6.57,0.152,1641+399
53698.539,8000.0,6.094,0.2,1641+399
53721.219,8000.0,6.421,0.167,1641+399
53721.598,8000.0,6.354,0.169,1641+399
53744.303,8000.0,6.519,0.164,1641+399
53766.442,8000.0,6.3,0.237,1641+399
53771.421,8000.0,6.045,0.216,1641+399
53771.429,8000.0,6.206,0.217,1641+399
53779.233,8000.0,6.173,0.143,1641+399
53805.351,8000.0,6.055,0.381,1641+399
53805.36,8000.0,6.203,0.205,1641+399
53851.219,8000.0,6.58,0.285,1641+399
53851.228,8000.0,6.298,0.261,1641+399
53860.173,8000.0,5.739,0.225,1641+399
53861.174,8000.0,6.04,0.135,1641+399
53908.079,8000.0,6.204,0.207,1641+399
53955.986,8000.0,5.872,0.248,1641+399
53973.921,8000.0,5.973,0.142,1641+399
54010.818,8000.0,5.998,0.245,1641+399
54022.738,8000.0,6.118,0.211,1641+399
54037.716,8000.0,6.106,0.2,1641+399
54058.625,8000.0,6.178,0.224,1641+399
54080.616,8000.0,6.417,0.119,1641+399
54098.538,8000.0,6.636,0.149,1641+399
54121.482,8000.0,6.897,0.143,1641+399
54149.384,8000.0,6.749,0.212,1641+399
54199.285,8000.0,6.656,0.162,1641+399
54220.3,8000.0,6.686,0.203,1641+399
54276.033,8000.0,6.431,0.228,1641+399
54288.982,8000.0,6.428,0.1,1641+399
54296.049,8000.0,6.467,0.205,1641+399
54324.985,8000.0,6.359,0.195,1641+399
54343.89,8000.0,6.396,0.158,1641+399
54373.818,8000.0,6.363,0.142,1641+399
54421.676,8000.0,5.972,0.166,1641+399
54435.627,8000.0,6.0,0.106,1641+399
54513.399,8000.0,5.637,0.162,1641+399
54576.209,8000.0,5.513,0.157,1641+399
54605.186,8000.0,5.35,0.153,1641+399
54641.042,8000.0,5.388,0.127,1641+399
54653.01,8000.0,5.439,0.176,1641+399
54666.999,8000.0,5.335,0.179,1641+399
54687.951,8000.0,5.324,0.13,1641+399
54722.881,8000.0,5.397,0.403,1641+399
54777.689,8000.0,5.506,0.216,1641+399
54952.268,8000.0,7.042,0.477,1641+399
55004.069,8000.0,7.599,0.571,1641+399
55036.034,8000.0,7.447,0.174,1641+399
55063.862,8000.0,7.743,0.089,1641+399
55076.903,8000.0,7.927,0.254,1641+399
55100.8,8000.0,7.915,0.105,1641+399
55122.809,8000.0,7.816,0.204,1641+399
55208.505,8000.0,7.756,0.279,1641+399
53509.962,22000.0,2.421,0.644,1730-130
53511.962,22000.0,3.313,0.701,1730-130
53638.688,22000.0,3.052,0.409,1730-130
53722.512,22000.0,3.533,0.433,1730-130
53743.481,22000.0,3.016,0.46,1730-130
53772.375,22000.0,3.078,0.345,1730-130
53806.247,22000.0,3.195,0.367,1730-130
53806.256,22000.0,3.337,0.406,1730-130
53850.173,22000.0,3.238,0.425,1730-130
53850.182,22000.0,3.139,0.446,1730-130
53862.118,22000.0,3.444,0.387,1730-130
53862.127,22000.0,3.242,0.406,1730-130
53954.838,22000.0,1.86,0.489,1730-130
53972.783,22000.0,2.575,0.498,1730-130
53972.792,22000.0,2.327,0.383,1730-130
54009.645,22000.0,2.308,0.467,1730-130
54009.655,22000.0,2.824,0.523,1730-130
54021.593,22000.0,2.529,0.446,1730-130
54021.602,22000.0,2.941,0.599,1730-130
54057.532,22000.0,2.313,0.823,1730-130
54097.473,22000.0,3.635,0.468,1730-130
54097.483,22000.0,3.344,0.466,1730-130
54097.492,22000.0,3.22,0.475,1730-130
54097.501,22000.0,2.868,0.484,1730-130
54119.391,22000.0,3.386,0.637,1730-130
54119.4,22000.0,3.694,0.629,1730-130
54119.409,22000.0,3.118,0.591,1730-130
54119.418,22000.0,2.63,0.6,1730-130
54148.266,22000.0,2.706,0.378,1730-130
54148.276,22000.0,2.91,0.452,1730-130
54148.285,22000.0,2.569,0.459,1730-130
54148.294,22000.0,3.008,0.477,1730-130
54287.911,22000.0,2.666,0.4,1730-130
54287.921,22000.0,3.196,0.401,1730-130
54294.963,22000.0,2.549,0.617,1730-130
54294.972,22000.0,2.845,0.475,1730-130
54372.698,22000.0,2.889,1.466,1730-130
54561.165,22000.0,5.528,0.544,1730-130
54575.163,22000.0,5.765,0.691,1730-130
54575.173,22000.0,5.95,0.682,1730-130
54604.092,22000.0,4.839,0.563,1730-130
54639.961,22000.0,3.552,0.489,1730-130
54639.97,22000.0,3.493,0.401,1730-130
54651.929,22000.0,5.427,0.849,1730-130
54651.939,22000.0,4.12,0.656,1730-130
54665.863,22000.0,4.948,0.518,1730-130
54665.872,22000.0,3.551,0.443,1730-130
54686.838,22000.0,2.88,0.431,1730-130
54686.847,22000.0,5.495,0.723,1730-130
54912.2,22000.0,4.672,0.622,1730-130
54912.209,22000.0,4.764,0.622,1730-130
54953.171,22000.0,4.66,1.162,1730-130
54953.181,22000.0,3.418,1.06,1730-130
55001.94,22000.0,3.871,0.648,1730-130
55001.95,22000.0,3.883,0.651,1730-130
55033.806,22000.0,2.509,0.4,1730-130
55098.69,22000.0,3.095,0.968,1730-130
55120.645,22000.0,3.995,0.391,1730-130
55120.655,22000.0,4.348,0.408,1730-130
55209.396,22000.0,5.293,1.387,1730-130
53854.963,43000.0,2.572,1.012,1730-130
53878.921,43000.0,2.497,0.714,1730-130
53911.838,43000.0,2.968,0.735,1730-130
53912.838,43000.0,2.155,0.624,1730-130
53913.838,43000.0,2.685,0.681,1730-130
53951.753,43000.0,2.335,0.619,1730-130
53971.671,43000.0,2.505,0.912,1730-130
53972.671,43000.0,2.9,0.899,1730-130
53998.588,43000.0,2.868,0.721,1730-130
53999.588,43000.0,2.403,0.635,1730-130
54025.504,43000.0,2.657,1.167,1730-130
54276.838,43000.0,2.446,0.291,1730-130
54277.838,43000.0,2.116,0.286,1730-130
54321.713,43000.0,3.406,0.425,1730-130
54322.713,43000.0,3.098,0.402,1730-130
54389.64,43000.0,4.243,0.542,1730-130
54390.547,43000.0,4.539,0.555,1730-130
54390.64,43000.0,4.686,0.513,1730-130
54422.431,43000.0,4.746,0.745,1730-130
54422.525,43000.0,4.208,0.536,1730-130
54424.432,43000.0,4.435,0.607,1730-130
54424.526,43000.0,3.686,0.47,1730-130
54435.483,43000.0,5.243,1.216,1730-130
54437.433,43000.0,3.689,0.987,1730-130
54437.525,43000.0,5.375,1.249,1730-130
54479.306,43000.0,5.476,0.762,1730-130
54479.4,43000.0,4.474,0.623,1730-130
54505.309,43000.0,3.666,0.541,1730-130
54506.199,43000.0,3.968,0.494,1730-130
54506.286,43000.0,4.335,0.534,1730-130
54507.225,43000.0,4.39,0.545,1730-130
54523.182,43000.0,4.822,0.527,1730-130
54523.276,43000.0,4.573,0.493,1730-130
54556.057,43000.0,4.802,0.49,1730-130
54556.184,43000.0,4.676,0.501,1730-130
54557.057,43000.0,4.618,0.465,1730-130
54557.151,43000.0,4.425,0.474,1730-130
54579.973,43000.0,4.712,0.457,1730-130
54580.067,43000.0,4.518,0.464,1730-130
54580.973,43000.0,4.637,0.456,1730-130
54581.067,43000.0,4.705,0.471,1730-130
54596.932,43000.0,4.451,0.615,1730-130
54610.984,43000.0,3.643,0.378,1730-130
54612.984,43000.0,3.273,0.345,1730-130
54641.796,43000.0,4.357,0.488,1730-130
54642.797,43000.0,3.339,0.399,1730-130
54643.796,43000.0,4.632,0.503,1730-130
54643.9,43000.0,3.244,0.416,1730-130
54659.754,43000.0,4.114,0.581,1730-130
54660.754,43000.0,4.87,0.665,1730-130
54679.713,43000.0,3.665,0.381,1730-130
54680.712,43000.0,2.867,0.321,1730-130
54681.713,43000.0,2.633,0.334,1730-130
54710.629,43000.0,5.202,0.556,1730-130
54743.547,43000.0,5.316,0.747,1730-130
54743.641,43000.0,5.41,0.819,1730-130
54744.545,43000.0,5.97,0.855,1730-130
54744.64,43000.0,4.381,0.781,1730-130
54745.547,43000.0,4.715,0.645,1730-130
54745.64,43000.0,5.485,0.782,1730-130
54779.526,43000.0,4.279,0.626,1730-130
54780.432,43000.0,4.175,0.587,1730-130
54780.523,43000.0,4.164,0.671,1730-130
54781.432,43000.0,5.558,0.78,1730-130
54781.525,43000.0,4.152,0.826,1730-130
54807.433,43000.0,5.214,0.673,1730-130
54808.433,43000.0,4.688,0.64,1730-130
54842.307,43000.0,3.328,0.717,1730-130
54842.4,43000.0,3.235,0.699,1730-130
54877.224,43000.0,3.964,0.761,1730-130
54877.317,43000.0,3.928,0.614,1730-130
54879.224,43000.0,4.526,0.767,1730-130
54879.317,43000.0,3.637,0.524,1730-130
54930.057,43000.0,4.079,0.405,1730-130
54930.13,43000.0,3.817,0.387,1730-130
54931.057,43000.0,4.212,0.428,1730-130
54931.13,43000.0,3.945,0.408,1730-130
54958.932,43000.0,4.05,0.428,1730-130
54959.005,43000.0,3.865,0.464,1730-130
54961.005,43000.0,3.74,0.423,1730-130
55009.797,43000.0,3.974,0.484,1730-130
55009.881,43000.0,3.34,0.428,1730-130
55010.796,43000.0,3.782,0.412,1730-130
55010.881,43000.0,3.265,0.38,1730-130
55011.796,43000.0,3.493,0.371,1730-130
55011.881,43000.0,3.273,0.396,1730-130
55167.526,43000.0,3.609,0.575,1730-130
55168.526,43000.0,3.207,0.511,1730-130
55210.307,43000.0,4.446,0.528,1730-130
55211.307,43000.0,4.361,0.462,1730-130
55211.402,43000.0,3.901,0.436,1730-130
53503.99,5000.0,4.866,0.135,1730-130
53504.075,5000.0,4.911,0.141,1730-130
53504.173,5000.0,5.029,0.151,1730-130
53504.985,5000.0,4.768,0.13,1730-130
53505.071,5000.0,4.804,0.138,1730-130
53505.169,5000.0,4.831,0.135,1730-130
53505.981,5000.0,4.85,0.155,1730-130
53506.093,5000.0,4.814,0.135,1730-130
53543.959,5000.0,4.714,0.122,1730-130
53544.052,5000.0,4.67,0.13,1730-130
53577.773,5000.0,4.49,0.136,1730-130
53577.839,5000.0,4.581,0.184,1730-130
53605.778,5000.0,4.348,0.131,1730-130
53639.629,5000.0,4.26,0.108,1730-130
53639.728,5000.0,4.164,0.106,1730-130
53724.388,5000.0,3.845,0.119,1730-130
53766.271,5000.0,4.165,0.151,1730-130
53766.356,5000.0,4.411,0.167,1730-130
53770.352,5000.0,4.435,0.105,1730-130
53826.219,5000.0,4.351,0.142,1730-130
53826.227,5000.0,4.351,0.15,1730-130
53852.088,5000.0,4.208,0.186,1730-130
53852.097,5000.0,4.304,0.189,1730-130
53974.758,5000.0,4.088,0.11,1730-130
53974.768,5000.0,4.162,0.127,1730-130
54011.662,5000.0,4.151,0.082,1730-130
54011.671,5000.0,4.016,0.104,1730-130
54023.613,5000.0,4.022,0.139,1730-130
54023.622,5000.0,3.965,0.135,1730-130
54289.939,5000.0,4.387,0.081,1730-130
54289.948,5000.0,4.306,0.074,1730-130
54296.901,5000.0,4.272,0.126,1730-130
54296.91,5000.0,4.263,0.122,1730-130
54689.732,5000.0,4.131,0.122,1730-130
54689.741,5000.0,4.006,0.128,1730-130
54779.609,5000.0,4.182,0.13,1730-130
54779.618,5000.0,4.191,0.116,1730-130
54913.138,5000.0,4.319,0.244,1730-130
54913.147,5000.0,4.389,0.337,1730-130
54954.134,5000.0,4.579,0.405,1730-130
55002.936,5000.0,4.135,0.148,1730-130
55002.946,5000.0,4.199,0.145,1730-130
55034.851,5000.0,4.333,0.259,1730-130
55034.861,5000.0,4.349,0.318,1730-130
55062.826,5000.0,4.108,0.297,1730-130
55099.629,5000.0,4.562,0.186,1730-130
55099.638,5000.0,4.487,0.158,1730-130
55121.673,5000.0,4.423,0.119,1730-130
55121.683,5000.0,4.346,0.119,1730-130
55210.298,5000.0,4.472,0.127,1730-130
55210.308,5000.0,4.49,0.13,1730-130
53504.033,8000.0,4.554,0.16,1730-130
53504.935,8000.0,4.635,0.139,1730-130
53505.126,8000.0,4.638,0.262,1730-130
53505.931,8000.0,4.714,0.128,1730-130
53506.033,8000.0,4.805,0.177,1730-130
53506.148,8000.0,4.625,0.139,1730-130
53543.831,8000.0,4.573,0.453,1730-130
53544.934,8000.0,4.732,0.174,1730-130
53576.823,8000.0,4.418,0.146,1730-130
53576.913,8000.0,4.201,0.133,1730-130
53577.934,8000.0,4.253,0.173,1730-130
53605.861,8000.0,3.998,0.164,1730-130
53606.71,8000.0,4.145,0.162,1730-130
53637.672,8000.0,3.87,0.121,1730-130
53698.548,8000.0,3.789,0.175,1730-130
53698.629,8000.0,3.804,0.172,1730-130
53742.293,8000.0,4.02,0.093,1730-130
53743.369,8000.0,3.907,0.128,1730-130
53766.451,8000.0,4.085,0.246,1730-130
53771.357,8000.0,3.729,0.162,1730-130
53779.254,8000.0,3.75,0.102,1730-130
53805.236,8000.0,3.667,0.168,1730-130
53805.245,8000.0,3.801,0.175,1730-130
53805.253,8000.0,4.027,0.177,1730-130
53831.169,8000.0,3.503,0.471,1730-130
53851.127,8000.0,3.711,0.216,1730-130
53860.071,8000.0,3.723,0.154,1730-130
53861.06,8000.0,3.322,0.253,1730-130
53907.99,8000.0,3.86,0.133,1730-130
53955.857,8000.0,3.535,0.155,1730-130
53973.804,8000.0,3.458,0.092,1730-130
54010.7,8000.0,3.372,0.146,1730-130
54022.622,8000.0,3.575,0.152,1730-130
54037.593,8000.0,3.559,0.133,1730-130
54059.532,8000.0,4.358,0.222,1730-130
54080.498,8000.0,3.61,0.08,1730-130
54099.454,8000.0,3.516,0.226,1730-130
54121.348,8000.0,3.662,0.098,1730-130
54150.31,8000.0,3.57,0.114,1730-130
54185.195,8000.0,4.173,0.431,1730-130
54199.151,8000.0,3.491,0.088,1730-130
54220.166,8000.0,3.615,0.148,1730-130
54275.921,8000.0,3.716,0.133,1730-130
54288.902,8000.0,3.764,0.082,1730-130
54295.957,8000.0,3.651,0.129,1730-130
54324.868,8000.0,3.59,0.118,1730-130
54343.773,8000.0,3.575,0.198,1730-130
54373.727,8000.0,3.569,0.098,1730-130
54421.559,8000.0,3.477,0.177,1730-130
54435.51,8000.0,3.598,0.146,1730-130
54477.416,8000.0,3.564,0.345,1730-130
54513.262,8000.0,3.797,0.124,1730-130
54576.084,8000.0,3.958,0.118,1730-130
54605.075,8000.0,4.132,0.15,1730-130
54640.931,8000.0,3.893,0.11,1730-130
54652.9,8000.0,4.079,0.154,1730-130
54666.887,8000.0,4.285,0.151,1730-130
54688.796,8000.0,4.088,0.116,1730-130
54777.519,8000.0,4.502,0.124,1730-130
55035.904,8000.0,4.358,0.22,1730-130
55063.727,8000.0,4.336,0.18,1730-130
55076.767,8000.0,4.893,0.211,1730-130
55100.659,8000.0,4.704,0.151,1730-130
55122.68,8000.0,4.407,0.163,1730-130
55208.364,8000.0,4.287,0.211,1730-130
53509.972,22000.0,3.901,0.603,1741-038
53510.972,22000.0,4.243,0.688,1741-038
53638.696,22000.0,5.588,0.43,1741-038
53722.52,22000.0,5.791,0.47,1741-038
53743.489,22000.0,5.742,0.441,1741-038
53772.392,22000.0,4.908,0.418,1741-038
53772.4,22000.0,4.849,0.404,1741-038
53806.265,22000.0,5.08,0.471,1741-038
53806.273,22000.0,4.633,0.447,1741-038
53806.282,22000.0,4.694,0.433,1741-038
53850.192,22000.0,4.852,0.564,1741-038
53850.201,22000.0,4.848,0.523,1741-038
53862.137,22000.0,4.775,0.429,1741-038
53862.146,22000.0,4.484,0.54,1741-038
53954.848,22000.0,4.297,0.431,1741-038
53954.857,22000.0,4.262,0.486,1741-038
53972.802,22000.0,3.832,0.423,1741-038
53972.811,22000.0,4.7,0.42,1741-038
54009.665,22000.0,4.724,0.511,1741-038
54009.674,22000.0,4.41,0.491,1741-038
54021.613,22000.0,4.077,0.434,1741-038
54021.622,22000.0,3.588,0.406,1741-038
54058.512,22000.0,4.615,0.338,1741-038
54058.521,22000.0,4.192,0.334,1741-038
54098.374,22000.0,4.301,0.597,1741-038
54098.383,22000.0,4.269,0.629,1741-038
54098.392,22000.0,5.948,0.641,1741-038
54098.402,22000.0,5.483,0.661,1741-038
54120.32,22000.0,5.093,0.6,1741-038
54120.329,22000.0,5.477,0.673,1741-038
54120.338,22000.0,5.03,0.579,1741-038
54149.221,22000.0,4.147,0.612,1741-038
54149.23,22000.0,4.565,0.522,1741-038
54149.24,22000.0,3.909,0.476,1741-038
54149.249,22000.0,5.282,0.469,1741-038
54198.129,22000.0,3.717,0.729,1741-038
54198.139,22000.0,4.551,0.504,1741-038
54198.148,22000.0,3.719,0.46,1741-038
54198.157,22000.0,4.59,0.608,1741-038
54219.144,22000.0,4.526,0.897,1741-038
54219.154,22000.0,4.649,0.518,1741-038
54219.163,22000.0,4.092,0.573,1741-038
54219.172,22000.0,4.301,0.53,1741-038
54274.815,22000.0,4.985,0.447,1741-038
54274.825,22000.0,4.559,0.47,1741-038
54274.834,22000.0,5.388,0.451,1741-038
54274.843,22000.0,5.204,0.404,1741-038
54287.931,22000.0,4.929,0.41,1741-038
54287.94,22000.0,5.224,0.411,1741-038
54294.982,22000.0,4.816,0.644,1741-038
54294.991,22000.0,5.405,0.672,1741-038
54295.001,22000.0,5.676,0.691,1741-038
54323.727,22000.0,3.452,0.423,1741-038
54323.744,22000.0,3.421,0.388,1741-038
54323.754,22000.0,3.436,0.389,1741-038
54345.776,22000.0,5.054,0.382,1741-038
54345.785,22000.0,4.949,0.44,1741-038
54345.794,22000.0,4.486,0.471,1741-038
54345.803,22000.0,4.605,0.419,1741-038
54372.727,22000.0,3.761,1.31,1741-038
54372.736,22000.0,4.187,1.015,1741-038
54456.409,22000.0,3.903,0.427,1741-038
54456.418,22000.0,4.312,0.37,1741-038
54456.427,22000.0,4.68,0.379,1741-038
54460.498,22000.0,3.536,0.245,1741-038
54478.377,22000.0,4.035,0.309,1741-038
54478.386,22000.0,4.238,0.286,1741-038
54478.396,22000.0,3.058,0.281,1741-038
54478.405,22000.0,4.505,0.317,1741-038
54511.283,22000.0,3.585,0.409,1741-038
54511.292,22000.0,3.321,0.333,1741-038
54511.301,22000.0,4.012,0.298,1741-038
54511.31,22000.0,3.303,0.325,1741-038
54561.184,22000.0,3.109,0.389,1741-038
54561.193,22000.0,3.019,0.608,1741-038
54575.212,22000.0,4.199,0.505,1741-038
54575.221,22000.0,4.976,0.666,1741-038
54577.158,22000.0,4.778,1.399,1741-038
54577.167,22000.0,3.468,0.512,1741-038
54640.008,22000.0,3.491,0.396,1741-038
54640.017,22000.0,2.071,0.382,1741-038
54651.977,22000.0,2.955,0.493,1741-038
54651.987,22000.0,3.434,0.561,1741-038
54665.905,22000.0,2.622,0.307,1741-038
54665.914,22000.0,2.881,0.316,1741-038
54686.858,22000.0,3.064,0.434,1741-038
54686.867,22000.0,2.063,0.367,1741-038
54778.603,22000.0,2.774,0.378,1741-038
54816.478,22000.0,2.836,1.516,1741-038
54912.219,22000.0,3.396,0.493,1741-038
54912.228,22000.0,2.878,0.49,1741-038
54953.191,22000.0,2.338,1.054,1741-038
54953.2,22000.0,4.253,0.82,1741-038
55001.96,22000.0,2.8,0.548,1741-038
55001.969,22000.0,1.951,0.426,1741-038
55033.857,22000.0,2.141,0.28,1741-038
55098.72,22000.0,2.873,0.413,1741-038
55120.665,22000.0,3.127,0.329,1741-038
55120.675,22000.0,3.235,0.353,1741-038
55209.406,22000.0,3.698,1.079,1741-038
55209.416,22000.0,4.265,1.365,1741-038
53827.057,43000.0,3.286,1.23,1741-038
53854.973,43000.0,3.575,0.978,1741-038
53878.932,43000.0,3.819,0.802,1741-038
53911.848,43000.0,3.866,0.788,1741-038
53912.848,43000.0,3.629,0.798,1741-038
53913.848,43000.0,3.653,0.777,1741-038
53951.763,43000.0,3.139,0.764,1741-038
53952.723,43000.0,2.302,0.746,1741-038
53971.682,43000.0,3.172,0.929,1741-038
53972.682,43000.0,4.097,1.109,1741-038
53998.598,43000.0,3.336,0.767,1741-038
53999.598,43000.0,3.4,0.783,1741-038
54000.598,43000.0,3.732,0.794,1741-038
54026.515,43000.0,3.726,1.416,1741-038
54276.848,43000.0,3.557,0.449,1741-038
54277.848,43000.0,3.657,0.413,1741-038
54321.723,43000.0,3.546,0.424,1741-038
54322.723,43000.0,3.578,0.433,1741-038
54366.597,43000.0,2.669,0.481,1741-038
54390.559,43000.0,3.421,0.456,1741-038
54424.442,43000.0,2.68,0.353,1741-038
54437.442,43000.0,2.082,0.404,1741-038
54479.317,43000.0,3.104,0.447,1741-038
54505.234,43000.0,3.071,0.401,1741-038
54506.21,43000.0,2.038,0.295,1741-038
54507.234,43000.0,2.486,0.311,1741-038
54523.192,43000.0,2.595,0.291,1741-038
54556.067,43000.0,2.351,0.262,1741-038
54557.067,43000.0,2.342,0.277,1741-038
54579.984,43000.0,2.189,0.237,1741-038
54580.984,43000.0,2.113,0.221,1741-038
54596.943,43000.0,2.141,0.279,1741-038
54611.89,43000.0,2.187,0.228,1741-038
54612.89,43000.0,2.194,0.244,1741-038
54641.807,43000.0,2.566,0.35,1741-038
54641.827,43000.0,2.065,0.309,1741-038
54642.806,43000.0,2.0,0.249,1741-038
54642.828,43000.0,1.838,0.26,1741-038
54643.806,43000.0,2.189,0.277,1741-038
54643.828,43000.0,2.136,0.273,1741-038
54659.765,43000.0,2.233,0.356,1741-038
54659.786,43000.0,2.005,0.335,1741-038
54660.767,43000.0,2.375,0.398,1741-038
54660.786,43000.0,2.389,0.4,1741-038
54679.723,43000.0,2.051,0.24,1741-038
54679.744,43000.0,2.163,0.257,1741-038
54680.723,43000.0,2.232,0.251,1741-038
54680.744,43000.0,2.08,0.357,1741-038
54681.724,43000.0,1.919,0.238,1741-038
54681.745,43000.0,2.06,0.236,1741-038
54682.723,43000.0,2.392,0.265,1741-038
54682.744,43000.0,2.343,0.258,1741-038
54708.64,43000.0,1.823,0.256,1741-038
54708.662,43000.0,1.736,0.22,1741-038
54709.641,43000.0,1.464,0.197,1741-038
54709.66,43000.0,1.713,0.281,1741-038
54710.64,43000.0,2.453,0.282,1741-038
54710.661,43000.0,2.054,0.252,1741-038
54743.556,43000.0,2.962,0.502,1741-038
54744.558,43000.0,1.885,0.356,1741-038
54745.556,43000.0,2.64,0.448,1741-038
54780.442,43000.0,1.633,0.275,1741-038
54807.442,43000.0,2.286,0.339,1741-038
54808.442,43000.0,1.844,0.285,1741-038
54842.32,43000.0,2.076,0.578,1741-038
54877.234,43000.0,2.087,0.492,1741-038
54879.234,43000.0,2.723,0.566,1741-038
54930.067,43000.0,2.58,0.276,1741-038
54931.067,43000.0,2.625,0.275,1741-038
54958.942,43000.0,2.973,0.343,1741-038
54960.942,43000.0,2.402,0.275,1741-038
55009.806,43000.0,2.846,0.33,1741-038
55009.828,43000.0,2.858,0.371,1741-038
55010.804,43000.0,2.484,0.328,1741-038
55010.827,43000.0,2.547,0.309,1741-038
55011.807,43000.0,2.928,0.333,1741-038
55011.828,43000.0,2.779,0.344,1741-038
55167.443,43000.0,2.761,0.464,1741-038
55168.443,43000.0,2.414,0.383,1741-038
55211.316,43000.0,3.283,0.402,1741-038
53511.05,5000.0,7.359,0.188,1741-038
53511.127,5000.0,7.483,0.194,1741-038
53543.968,5000.0,6.594,0.153,1741-038
53544.06,5000.0,6.669,0.154,1741-038
53544.806,5000.0,6.641,0.159,1741-038
53576.996,5000.0,6.759,0.181,1741-038
53577.782,5000.0,6.493,0.173,1741-038
53577.847,5000.0,6.669,0.176,1741-038
53605.786,5000.0,6.782,0.164,1741-038
53639.548,5000.0,6.672,0.147,1741-038
53639.637,5000.0,6.847,0.145,1741-038
53639.736,5000.0,6.831,0.139,1741-038
53639.811,5000.0,6.865,0.169,1741-038
53724.397,5000.0,6.604,0.167,1741-038
53766.279,5000.0,6.252,0.192,1741-038
53766.364,5000.0,6.351,0.187,1741-038
53770.368,5000.0,6.311,0.121,1741-038
53770.377,5000.0,6.321,0.127,1741-038
53826.236,5000.0,6.289,0.184,1741-038
53826.245,5000.0,6.283,0.19,1741-038
53852.107,5000.0,6.122,0.25,1741-038
53852.116,5000.0,6.125,0.251,1741-038
53974.778,5000.0,6.336,0.166,1741-038
53974.787,5000.0,6.277,0.158,1741-038
54011.681,5000.0,6.046,0.091,1741-038
54011.69,5000.0,6.005,0.097,1741-038
54023.594,5000.0,6.26,0.163,1741-038
54023.603,5000.0,6.188,0.153,1741-038
54289.958,5000.0,5.792,0.082,1741-038
54289.967,5000.0,5.753,0.083,1741-038
54296.92,5000.0,5.529,0.154,1741-038
54296.929,5000.0,5.497,0.159,1741-038
54348.655,5000.0,5.763,0.166,1741-038
54348.664,5000.0,5.769,0.17,1741-038
54348.674,5000.0,5.753,0.167,1741-038
54348.683,5000.0,5.643,0.162,1741-038
54396.667,5000.0,5.912,0.252,1741-038
54689.751,5000.0,4.992,0.135,1741-038
54689.761,5000.0,5.02,0.135,1741-038
54779.628,5000.0,4.581,0.122,1741-038
54779.637,5000.0,4.576,0.12,1741-038
54913.157,5000.0,4.468,0.248,1741-038
54913.166,5000.0,4.514,0.336,1741-038
54954.144,5000.0,4.686,0.363,1741-038
54954.154,5000.0,4.684,0.406,1741-038
55002.957,5000.0,3.783,0.136,1741-038
55002.966,5000.0,3.653,0.15,1741-038
55034.871,5000.0,4.186,0.305,1741-038
55034.881,5000.0,4.192,0.312,1741-038
55062.837,5000.0,3.997,0.218,1741-038
55062.847,5000.0,4.079,0.213,1741-038
55099.649,5000.0,4.042,0.243,1741-038
55099.659,5000.0,3.797,0.15,1741-038
55121.694,5000.0,3.901,0.109,1741-038
55121.703,5000.0,3.903,0.108,1741-038
55210.318,5000.0,3.661,0.113,1741-038
55210.328,5000.0,3.708,0.114,1741-038
53510.9,8000.0,7.381,0.195,1741-038
53510.957,8000.0,7.403,0.194,1741-038
53511.191,8000.0,7.316,0.207,1741-038
53543.84,8000.0,7.164,0.344,1741-038
53544.943,8000.0,7.094,0.246,1741-038
53545.032,8000.0,7.271,0.358,1741-038
53576.832,8000.0,7.093,0.18,1741-038
53576.921,8000.0,7.12,0.177,1741-038
53577.942,8000.0,7.163,0.18,1741-038
53605.869,8000.0,7.121,0.249,1741-038
53606.718,8000.0,7.039,0.245,1741-038
53637.68,8000.0,6.937,0.159,1741-038
53637.769,8000.0,6.844,0.158,1741-038
53698.556,8000.0,6.762,0.244,1741-038
53698.638,8000.0,6.465,0.249,1741-038
53721.607,8000.0,6.863,0.185,1741-038
53742.302,8000.0,6.733,0.152,1741-038
53743.377,8000.0,6.24,0.157,1741-038
53744.306,8000.0,6.47,0.163,1741-038
53766.46,8000.0,6.608,0.245,1741-038
53771.373,8000.0,6.346,0.231,1741-038
53771.382,8000.0,6.203,0.231,1741-038
53779.264,8000.0,6.276,0.149,1741-038
53805.262,8000.0,6.39,0.203,1741-038
53805.271,8000.0,6.132,0.187,1741-038
53805.279,8000.0,5.964,0.183,1741-038
53831.188,8000.0,5.854,0.519,1741-038
53831.197,8000.0,5.943,0.523,1741-038
53851.137,8000.0,5.942,0.251,1741-038
53851.146,8000.0,5.648,0.359,1741-038
53860.095,8000.0,6.095,0.315,1741-038
53861.084,8000.0,6.083,0.191,1741-038
53908.013,8000.0,5.828,0.168,1741-038
53955.88,8000.0,5.746,0.239,1741-038
53973.822,8000.0,5.694,0.133,1741-038
54010.718,8000.0,5.515,0.23,1741-038
54022.64,8000.0,5.824,0.192,1741-038
54037.617,8000.0,5.052,0.423,1741-038
54059.544,8000.0,5.989,0.284,1741-038
54080.516,8000.0,5.582,0.134,1741-038
54099.477,8000.0,5.814,0.165,1741-038
54121.372,8000.0,5.807,0.138,1741-038
54150.334,8000.0,5.781,0.168,1741-038
54185.207,8000.0,5.797,0.408,1741-038
54199.175,8000.0,5.855,0.134,1741-038
54220.19,8000.0,5.896,0.172,1741-038
54275.945,8000.0,5.817,0.183,1741-038
54288.92,8000.0,5.701,0.095,1741-038
54295.981,8000.0,5.649,0.186,1741-038
54324.892,8000.0,5.612,0.168,1741-038
54343.797,8000.0,5.68,0.15,1741-038
54373.75,8000.0,5.498,0.147,1741-038
54421.582,8000.0,5.127,0.43,1741-038
54435.533,8000.0,5.491,0.112,1741-038
54477.44,8000.0,5.155,0.283,1741-038
54513.286,8000.0,5.043,0.146,1741-038
54576.108,8000.0,4.942,0.143,1741-038
54605.098,8000.0,4.775,0.139,1741-038
54640.955,8000.0,4.757,0.117,1741-038
54652.923,8000.0,4.631,0.155,1741-038
54666.911,8000.0,4.598,0.178,1741-038
54688.814,8000.0,4.391,0.121,1741-038
54723.735,8000.0,4.497,0.324,1741-038
54777.542,8000.0,4.148,0.17,1741-038
54952.163,8000.0,3.766,1.139,1741-038
55003.957,8000.0,3.594,0.159,1741-038
55035.928,8000.0,3.449,0.15,1741-038
55063.745,8000.0,3.201,0.115,1741-038
55076.791,8000.0,3.669,0.253,1741-038
55100.689,8000.0,3.52,0.077,1741-038
55122.704,8000.0,3.334,0.138,1741-038
55208.393,8000.0,3.422,0.133,1741-038
53772.624,22000.0,1.291,0.344,1807+698
53772.633,22000.0,1.031,0.347,1807+698
53862.213,22000.0,1.509,0.289,1807+698
53862.223,22000.0,1.356,0.277,1807+698
53954.962,22000.0,1.26,0.339,1807+698
53954.971,22000.0,1.373,0.301,1807+698
53972.918,22000.0,1.237,0.335,1807+698
53972.927,22000.0,1.433,0.285,1807+698
54009.78,22000.0,1.493,0.385,1807+698
54009.789,22000.0,1.237,0.353,1807+698
54021.732,22000.0,1.054,0.277,1807+698
54021.741,22000.0,1.353,0.257,1807+698
54056.682,22000.0,1.005,0.613,1807+698
54056.691,22000.0,0.931,0.541,1807+698
54119.563,22000.0,1.343,0.268,1807+698
54119.572,22000.0,0.936,0.271,1807+698
54119.582,22000.0,0.886,0.272,1807+698
54119.591,22000.0,1.275,0.255,1807+698
54147.483,22000.0,1.182,0.279,1807+698
54147.493,22000.0,1.032,0.357,1807+698
54147.502,22000.0,1.436,0.509,1807+698
54197.102,22000.0,1.312,0.59,1807+698
54218.137,22000.0,1.345,0.369,1807+698
54218.146,22000.0,1.402,0.357,1807+698
54218.155,22000.0,1.543,0.415,1807+698
54218.164,22000.0,1.442,0.461,1807+698
54273.963,22000.0,1.586,0.396,1807+698
54273.972,22000.0,1.718,0.397,1807+698
54273.982,22000.0,1.419,0.318,1807+698
54273.991,22000.0,1.849,0.325,1807+698
54288.034,22000.0,1.451,0.315,1807+698
54288.044,22000.0,1.878,0.321,1807+698
54295.096,22000.0,1.759,0.351,1807+698
54295.105,22000.0,1.399,0.332,1807+698
54295.114,22000.0,1.586,0.326,1807+698
54344.767,22000.0,1.87,0.268,1807+698
54344.776,22000.0,1.755,0.251,1807+698
54344.785,22000.0,1.686,0.282,1807+698
54344.795,22000.0,1.977,0.26,1807+698
54372.813,22000.0,1.918,0.479,1807+698
54456.728,22000.0,1.593,0.247,1807+698
54456.737,22000.0,1.406,0.25,1807+698
54478.698,22000.0,1.351,0.326,1807+698
54511.592,22000.0,1.6,0.118,1807+698
54511.602,22000.0,1.462,0.129,1807+698
54511.611,22000.0,1.363,0.136,1807+698
54511.62,22000.0,1.729,0.132,1807+698
54561.313,22000.0,2.157,0.342,1807+698
54561.322,22000.0,1.56,0.367,1807+698
54575.233,22000.0,1.909,0.31,1807+698
54640.13,22000.0,1.45,0.232,1807+698
54640.139,22000.0,1.853,0.268,1807+698
54652.056,22000.0,1.552,0.303,1807+698
54652.065,22000.0,2.004,0.359,1807+698
54666.008,22000.0,1.791,0.237,1807+698
54666.017,22000.0,2.205,0.263,1807+698
54686.97,22000.0,1.375,0.565,1807+698
54912.323,22000.0,0.738,0.319,1807+698
54912.332,22000.0,1.244,0.343,1807+698
54953.295,22000.0,0.713,0.802,1807+698
54953.305,22000.0,1.192,0.751,1807+698
55002.066,22000.0,1.68,0.415,1807+698
55002.075,22000.0,1.07,0.466,1807+698
55032.231,22000.0,1.419,0.429,1807+698
55032.241,22000.0,1.865,0.371,1807+698
55099.356,22000.0,2.435,0.475,1807+698
55121.367,22000.0,1.279,0.628,1807+698
55209.159,22000.0,2.235,0.428,1807+698
53827.074,43000.0,1.132,0.524,1807+698
53854.991,43000.0,0.955,0.537,1807+698
53855.005,43000.0,1.134,0.609,1807+698
53878.949,43000.0,1.054,0.433,1807+698
53878.963,43000.0,0.992,0.417,1807+698
53911.866,43000.0,1.297,0.44,1807+698
53911.879,43000.0,1.251,0.473,1807+698
53912.866,43000.0,1.298,0.426,1807+698
53912.879,43000.0,1.364,0.464,1807+698
53913.879,43000.0,1.255,0.436,1807+698
53930.832,43000.0,1.188,0.454,1807+698
53951.786,43000.0,1.234,0.418,1807+698
53952.749,43000.0,1.033,0.468,1807+698
53971.708,43000.0,0.733,0.391,1807+698
53972.707,43000.0,0.883,0.392,1807+698
53998.624,43000.0,1.087,0.364,1807+698
53999.619,43000.0,0.911,0.346,1807+698
54000.624,43000.0,1.122,0.354,1807+698
54025.541,43000.0,1.211,0.502,1807+698
54026.536,43000.0,1.396,0.56,1807+698
54276.868,43000.0,1.179,0.148,1807+698
54276.88,43000.0,1.111,0.268,1807+698
54277.867,43000.0,0.84,0.115,1807+698
54277.882,43000.0,0.987,0.228,1807+698
54320.747,43000.0,1.62,0.199,1807+698
54321.747,43000.0,1.537,0.201,1807+698
54322.747,43000.0,1.573,0.202,1807+698
54389.581,43000.0,1.511,0.2,1807+698
54390.579,43000.0,1.615,0.19,1807+698
54422.465,43000.0,1.368,0.222,1807+698
54424.465,43000.0,1.346,0.194,1807+698
54435.424,43000.0,0.982,0.237,1807+698
54437.466,43000.0,0.919,0.16,1807+698
54479.349,43000.0,1.316,0.211,1807+698
54506.228,43000.0,1.422,0.196,1807+698
54507.256,43000.0,1.922,0.296,1807+698
54523.215,43000.0,1.497,0.193,1807+698
54556.078,43000.0,1.56,0.179,1807+698
54557.091,43000.0,1.55,0.19,1807+698
54580.008,43000.0,1.41,0.16,1807+698
54581.007,43000.0,1.439,0.162,1807+698
54596.965,43000.0,1.042,0.176,1807+698
54610.929,43000.0,1.321,0.176,1807+698
54611.921,43000.0,1.356,0.151,1807+698
54641.84,43000.0,1.964,0.293,1807+698
54642.838,43000.0,1.729,0.258,1807+698
54643.838,43000.0,1.653,0.242,1807+698
54659.797,43000.0,1.788,0.304,1807+698
54660.798,43000.0,1.86,0.345,1807+698
54679.755,43000.0,1.999,0.22,1807+698
54680.756,43000.0,1.919,0.252,1807+698
54681.755,43000.0,1.838,0.221,1807+698
54682.755,43000.0,1.717,0.224,1807+698
54708.691,43000.0,1.732,0.228,1807+698
54709.692,43000.0,1.503,0.242,1807+698
54710.672,43000.0,1.396,0.184,1807+698
54710.692,43000.0,1.389,0.169,1807+698
54743.586,43000.0,2.579,0.466,1807+698
54744.58,43000.0,2.097,0.375,1807+698
54745.579,43000.0,1.733,0.387,1807+698
54779.466,43000.0,1.541,0.24,1807+698
54780.465,43000.0,1.141,0.187,1807+698
54781.465,43000.0,2.128,0.359,1807+698
54807.466,43000.0,1.079,0.178,1807+698
54808.466,43000.0,1.504,0.242,1807+698
54809.463,43000.0,1.754,0.266,1807+698
54877.257,43000.0,1.601,0.316,1807+698
54879.257,43000.0,1.57,0.299,1807+698
54930.091,43000.0,1.319,0.161,1807+698
54931.091,43000.0,1.288,0.154,1807+698
54958.966,43000.0,1.452,0.181,1807+698
54959.966,43000.0,1.329,0.179,1807+698
54960.966,43000.0,1.377,0.177,1807+698
55009.841,43000.0,1.733,0.245,1807+698
55010.841,43000.0,1.293,0.192,1807+698
55011.841,43000.0,1.349,0.184,1807+698
55151.376,43000.0,1.463,0.229,1807+698
55152.382,43000.0,1.452,0.261,1807+698
55167.465,43000.0,1.656,0.302,1807+698
55168.465,43000.0,1.249,0.222,1807+698
55211.34,43000.0,1.626,0.238,1807+698
53724.035,5000.0,1.839,0.097,1807+698
53724.407,5000.0,1.763,0.078,1807+698
53763.695,5000.0,1.847,0.096,1807+698
53764.019,5000.0,1.728,0.089,1807+698
53770.583,5000.0,1.783,0.077,1807+698
53770.592,5000.0,1.767,0.079,1807+698
53826.305,5000.0,1.691,0.087,1807+698
53852.252,5000.0,1.683,0.113,1807+698
53852.265,5000.0,1.559,0.106,1807+698
53974.911,5000.0,1.611,0.082,1807+698
53974.924,5000.0,1.623,0.092,1807+698
54011.828,5000.0,1.692,0.144,1807+698
54011.841,5000.0,1.675,0.101,1807+698
54011.854,5000.0,1.694,0.126,1807+698
54023.725,5000.0,1.647,0.061,1807+698
54023.738,5000.0,1.732,0.066,1807+698
54297.076,5000.0,1.891,0.077,1807+698
54297.089,5000.0,1.779,0.077,1807+698
54347.733,5000.0,1.713,0.057,1807+698
54347.742,5000.0,1.674,0.058,1807+698
54347.751,5000.0,1.717,0.069,1807+698
54347.76,5000.0,1.719,0.069,1807+698
54396.802,5000.0,1.766,0.074,1807+698
54396.812,5000.0,1.746,0.059,1807+698
54779.707,5000.0,1.914,0.067,1807+698
54779.716,5000.0,1.831,0.065,1807+698
54913.297,5000.0,1.866,0.226,1807+698
54913.307,5000.0,1.626,0.218,1807+698
54954.297,5000.0,1.772,0.284,1807+698
55003.088,5000.0,1.786,0.087,1807+698
55003.097,5000.0,1.818,0.093,1807+698
55034.03,5000.0,1.889,0.221,1807+698
55062.994,5000.0,1.909,0.28,1807+698
55099.807,5000.0,1.919,0.069,1807+698
55099.816,5000.0,1.899,0.071,1807+698
55121.795,5000.0,1.919,0.072,1807+698
55121.805,5000.0,1.882,0.07,1807+698
55210.404,5000.0,1.776,0.083,1807+698
53742.324,8000.0,1.59,0.036,1807+698
53743.333,8000.0,1.564,0.036,1807+698
53765.808,8000.0,1.539,0.118,1807+698
53779.287,8000.0,1.486,0.035,1807+698
53805.293,8000.0,1.652,0.105,1807+698
53805.305,8000.0,1.79,0.188,1807+698
53831.141,8000.0,1.787,0.221,1807+698
53831.154,8000.0,2.042,0.21,1807+698
53851.161,8000.0,1.632,0.22,1807+698
53851.174,8000.0,1.963,0.183,1807+698
53860.121,8000.0,1.59,0.081,1807+698
53861.11,8000.0,1.679,0.128,1807+698
53908.092,8000.0,1.461,0.103,1807+698
53956.01,8000.0,1.482,0.098,1807+698
53973.945,8000.0,1.594,0.065,1807+698
54010.842,8000.0,1.609,0.075,1807+698
54022.762,8000.0,1.613,0.08,1807+698
54037.752,8000.0,1.542,0.076,1807+698
54058.649,8000.0,1.531,0.086,1807+698
54080.64,8000.0,1.648,0.072,1807+698
54098.562,8000.0,1.623,0.073,1807+698
54121.506,8000.0,1.474,0.068,1807+698
54149.409,8000.0,1.534,0.112,1807+698
54199.309,8000.0,1.612,0.074,1807+698
54220.324,8000.0,1.686,0.117,1807+698
54276.128,8000.0,1.743,0.138,1807+698
54289.069,8000.0,1.659,0.057,1807+698
54296.139,8000.0,1.651,0.08,1807+698
54373.902,8000.0,1.802,0.075,1807+698
54576.364,8000.0,1.752,0.092,1807+698
54605.312,8000.0,1.961,0.122,1807+698
54641.144,8000.0,1.766,0.058,1807+698
54653.216,8000.0,1.969,0.197,1807+698
54667.198,8000.0,1.992,0.119,1807+698
54688.156,8000.0,1.754,0.104,1807+698
54723.824,8000.0,1.714,0.128,1807+698
54777.631,8000.0,1.833,0.083,1807+698
54952.332,8000.0,1.646,0.088,1807+698
55035.061,8000.0,1.88,0.079,1807+698
55063.902,8000.0,1.998,0.212,1807+698
55076.941,8000.0,1.867,0.084,1807+698
55100.841,8000.0,1.896,0.053,1807+698
55122.824,8000.0,1.537,0.196,1807+698
55208.545,8000.0,1.754,0.093,1807+698
53373.414,22000.0,4.855,0.298,2200+420
53373.453,22000.0,4.361,0.266,2200+420
53373.578,22000.0,4.674,0.285,2200+420
53374.413,22000.0,4.553,0.283,2200+420
53376.578,22000.0,4.653,0.285,2200+420
53377.414,22000.0,4.631,0.283,2200+420
53377.453,22000.0,4.275,0.26,2200+420
53377.578,22000.0,4.883,0.297,2200+420
53378.414,22000.0,4.74,0.29,2200+420
53378.453,22000.0,4.508,0.279,2200+420
53379.578,22000.0,4.745,0.289,2200+420
53380.414,22000.0,3.922,0.241,2200+420
53380.452,22000.0,4.073,0.251,2200+420
53380.581,22000.0,4.605,0.279,2200+420
53414.299,22000.0,4.64,0.144,2200+420
53415.382,22000.0,4.711,0.173,2200+420
53442.195,22000.0,5.303,0.161,2200+420
53442.237,22000.0,5.369,0.161,2200+420
53442.278,22000.0,5.511,0.163,2200+420
53443.195,22000.0,5.598,0.165,2200+420
53443.237,22000.0,5.49,0.161,2200+420
53443.278,22000.0,5.463,0.158,2200+420
53444.236,22000.0,5.517,0.162,2200+420
53444.276,22000.0,5.428,0.16,2200+420
53466.153,22000.0,5.598,0.444,2200+420
53466.195,22000.0,5.385,0.522,2200+420
53466.237,22000.0,5.125,0.442,2200+420
53467.153,22000.0,5.745,0.413,2200+420
53467.195,22000.0,5.45,0.4,2200+420
53467.236,22000.0,5.75,0.415,2200+420
53511.04,22000.0,5.664,0.669,2200+420
53512.04,22000.0,5.597,0.684,2200+420
53512.111,22000.0,5.074,0.568,2200+420
53512.163,22000.0,4.991,0.754,2200+420
53545.403,22000.0,4.144,0.791,2200+420
53545.408,22000.0,4.384,0.723,2200+420
53606.867,22000.0,4.013,0.367,2200+420
53606.875,22000.0,4.676,0.367,2200+420
53629.715,22000.0,4.488,0.564,2200+420
53629.943,22000.0,4.841,0.43,2200+420
53637.059,22000.0,5.561,0.458,2200+420
53638.73,22000.0,5.417,0.374,2200+420
53698.722,22000.0,3.463,0.362,2200+420
53722.554,22000.0,4.918,0.383,2200+420
53743.52,22000.0,5.848,0.513,2200+420
53743.679,22000.0,5.68,0.412,2200+420
53751.389,22000.0,4.943,0.251,2200+420
53772.473,22000.0,3.629,0.374,2200+420
53772.481,22000.0,3.566,0.351,2200+420
53806.355,22000.0,3.705,0.357,2200+420
53806.364,22000.0,3.782,0.417,2200+420
53806.372,22000.0,3.595,0.316,2200+420
53849.411,22000.0,3.802,0.359,2200+420
53849.42,22000.0,3.594,0.332,2200+420
53861.359,22000.0,3.704,0.385,2200+420
53861.368,22000.0,3.501,0.407,2200+420
53927.194,22000.0,3.832,0.773,2200+420
53955.112,22000.0,3.222,0.383,2200+420
53955.121,22000.0,3.027,0.376,2200+420
53955.13,22000.0,2.9,0.357,2200+420
53973.069,22000.0,2.685,0.424,2200+420
54009.929,22000.0,2.637,0.412,2200+420
54009.938,22000.0,2.249,0.388,2200+420
54009.947,22000.0,2.553,0.365,2200+420
54021.912,22000.0,2.189,0.272,2200+420
54021.922,22000.0,2.112,0.294,2200+420
54021.931,22000.0,2.099,0.274,2200+420
54057.788,22000.0,2.141,0.581,2200+420
54057.806,22000.0,2.076,0.484,2200+420
54057.815,22000.0,1.979,0.504,2200+420
54080.867,22000.0,3.233,0.398,2200+420
54080.876,22000.0,3.538,0.389,2200+420
54080.885,22000.0,3.621,0.48,2200+420
54097.747,22000.0,3.746,0.454,2200+420
54097.757,22000.0,3.037,0.365,2200+420
54097.766,22000.0,3.468,0.382,2200+420
54097.775,22000.0,3.041,0.416,2200+420
54120.668,22000.0,2.683,0.339,2200+420
54120.677,22000.0,2.863,0.449,2200+420
54120.686,22000.0,2.929,0.574,2200+420
54148.605,22000.0,4.261,0.357,2200+420
54148.624,22000.0,3.712,0.259,2200+420
54198.369,22000.0,3.418,0.291,2200+420
54198.378,22000.0,2.949,0.316,2200+420
54198.387,22000.0,3.062,0.314,2200+420
54198.397,22000.0,3.458,0.306,2200+420
54198.406,22000.0,3.227,0.322,2200+420
54219.384,22000.0,2.812,0.304,2200+420
54219.393,22000.0,3.133,0.311,2200+420
54219.412,22000.0,2.671,0.307,2200+420
54274.883,22000.0,4.007,0.444,2200+420
54274.892,22000.0,3.837,0.441,2200+420
54274.901,22000.0,4.346,0.468,2200+420
54274.913,22000.0,4.392,0.403,2200+420
54274.926,22000.0,3.849,0.37,2200+420
54288.175,22000.0,3.932,0.491,2200+420
54288.184,22000.0,3.626,0.384,2200+420
54294.256,22000.0,4.167,0.445,2200+420
54294.265,22000.0,4.277,0.478,2200+420
54294.275,22000.0,4.66,0.474,2200+420
54323.892,22000.0,4.947,0.449,2200+420
54323.91,22000.0,4.48,0.513,2200+420
54323.929,22000.0,4.021,0.592,2200+420
54345.9,22000.0,4.007,0.358,2200+420
54345.91,22000.0,3.824,0.438,2200+420
54345.919,22000.0,3.902,0.557,2200+420
54345.928,22000.0,3.806,0.55,2200+420
54345.937,22000.0,4.317,0.454,2200+420
54372.006,22000.0,4.088,0.387,2200+420
54372.015,22000.0,4.965,0.407,2200+420
54372.024,22000.0,3.98,0.538,2200+420
54385.953,22000.0,4.34,0.366,2200+420
54385.962,22000.0,4.652,0.544,2200+420
54385.971,22000.0,5.386,0.5,2200+420
54455.708,22000.0,4.316,0.301,2200+420
54455.717,22000.0,4.332,0.295,2200+420
54455.726,22000.0,4.575,0.316,2200+420
54455.736,22000.0,4.197,0.315,2200+420
54460.726,22000.0,3.773,0.262,2200+420
54460.735,22000.0,3.711,0.221,2200+420
54478.507,22000.0,4.856,0.378,2200+420
54511.393,22000.0,2.367,0.241,2200+420
54511.403,22000.0,3.465,0.361,2200+420
54511.412,22000.0,3.075,0.39,2200+420
54561.466,22000.0,2.014,0.181,2200+420
54561.476,22000.0,2.524,0.169,2200+420
54561.485,22000.0,3.722,0.257,2200+420
54577.2,22000.0,3.43,0.732,2200+420
54640.292,22000.0,2.258,0.297,2200+420
54640.301,22000.0,1.914,0.279,2200+420
54666.134,22000.0,2.662,0.302,2200+420
54687.079,22000.0,3.342,0.446,2200+420
54721.941,22000.0,3.06,0.775,2200+420
54778.846,22000.0,1.881,0.336,2200+420
54778.855,22000.0,2.526,0.354,2200+420
54815.752,22000.0,2.221,0.369,2200+420
54911.519,22000.0,2.505,0.565,2200+420
54911.528,22000.0,2.783,0.724,2200+420
54952.485,22000.0,4.037,0.929,2200+420
55032.1,22000.0,4.267,0.45,2200+420
55032.109,22000.0,4.371,0.441,2200+420
55062.003,22000.0,3.84,0.455,2200+420
55062.013,22000.0,3.606,0.443,2200+420
55098.952,22000.0,4.462,0.433,2200+420
55098.961,22000.0,4.667,0.32,2200+420
55120.895,22000.0,4.329,0.585,2200+420
55208.685,22000.0,4.4,0.278,2200+420
55208.694,22000.0,4.212,0.255,2200+420
53469.106,43000.0,5.347,0.409,2200+420
53469.148,43000.0,5.154,0.371,2200+420
53469.314,43000.0,5.653,0.676,2200+420
53470.106,43000.0,5.097,0.406,2200+420
53470.148,43000.0,5.582,0.417,2200+420
53470.189,43000.0,5.315,0.386,2200+420
53470.231,43000.0,5.526,0.416,2200+420
53470.273,43000.0,5.248,0.495,2200+420
53826.119,43000.0,4.648,1.696,2200+420
53827.182,43000.0,4.502,1.47,2200+420
53855.036,43000.0,3.047,1.046,2200+420
53855.098,43000.0,3.537,0.921,2200+420
53856.098,43000.0,3.209,1.049,2200+420
53878.994,43000.0,3.799,0.866,2200+420
53879.057,43000.0,3.305,0.695,2200+420
53879.088,43000.0,3.452,0.727,2200+420
53911.911,43000.0,2.953,0.698,2200+420
53912.911,43000.0,3.241,0.753,2200+420
53913.911,43000.0,3.19,0.726,2200+420
53930.962,43000.0,3.333,0.739,2200+420
53950.786,43000.0,2.979,0.799,2200+420
53950.848,43000.0,3.06,0.715,2200+420
53950.879,43000.0,3.17,0.743,2200+420
53951.819,43000.0,2.857,0.718,2200+420
53951.876,43000.0,3.298,0.781,2200+420
53951.904,43000.0,3.094,0.755,2200+420
53971.744,43000.0,2.589,0.846,2200+420
53971.807,43000.0,3.178,0.813,2200+420
53971.838,43000.0,2.956,0.734,2200+420
53972.807,43000.0,2.748,0.742,2200+420
53972.838,43000.0,2.989,0.733,2200+420
53998.754,43000.0,2.299,0.537,2200+420
53999.661,43000.0,2.416,0.634,2200+420
53999.723,43000.0,2.377,0.556,2200+420
53999.755,43000.0,2.558,0.555,2200+420
54000.723,43000.0,2.264,0.541,2200+420
54000.754,43000.0,2.554,0.559,2200+420
54025.577,43000.0,1.576,0.875,2200+420
54025.64,43000.0,1.905,0.706,2200+420
54026.64,43000.0,1.534,0.642,2200+420
54026.671,43000.0,1.899,0.637,2200+420
54276.911,43000.0,5.1,0.639,2200+420
54276.973,43000.0,4.554,0.497,2200+420
54277.005,43000.0,4.496,0.623,2200+420
54277.911,43000.0,4.723,0.591,2200+420
54277.973,43000.0,4.65,0.598,2200+420
54320.786,43000.0,4.453,0.523,2200+420
54320.838,43000.0,4.213,0.481,2200+420
54320.869,43000.0,4.231,0.512,2200+420
54321.786,43000.0,4.773,0.505,2200+420
54321.838,43000.0,4.677,0.553,2200+420
54321.869,43000.0,4.502,0.54,2200+420
54322.786,43000.0,4.86,0.567,2200+420
54322.838,43000.0,4.431,0.51,2200+420
54322.869,43000.0,4.14,0.49,2200+420
54366.714,43000.0,4.569,0.51,2200+420
54366.744,43000.0,4.196,0.526,2200+420
54389.62,43000.0,5.111,0.557,2200+420
54389.671,43000.0,5.539,0.602,2200+420
54389.699,43000.0,5.232,0.635,2200+420
54390.619,43000.0,5.733,0.575,2200+420
54390.674,43000.0,4.794,1.022,2200+420
54422.504,43000.0,4.331,0.59,2200+420
54422.557,43000.0,5.025,0.643,2200+420
54422.588,43000.0,4.656,0.58,2200+420
54424.505,43000.0,4.322,0.562,2200+420
54424.557,43000.0,4.942,0.635,2200+420
54424.588,43000.0,5.127,0.642,2200+420
54435.515,43000.0,3.726,0.773,2200+420
54435.546,43000.0,3.735,0.664,2200+420
54437.505,43000.0,3.867,0.801,2200+420
54437.557,43000.0,3.771,0.627,2200+420
54437.588,43000.0,4.482,0.705,2200+420
54474.713,43000.0,4.313,0.641,2200+420
54474.734,43000.0,4.32,0.591,2200+420
54477.651,43000.0,4.215,0.666,2200+420
54479.38,43000.0,3.644,0.528,2200+420
54479.432,43000.0,3.089,0.455,2200+420
54479.463,43000.0,3.529,0.552,2200+420
54480.432,43000.0,3.213,0.47,2200+420
54480.462,43000.0,2.965,0.465,2200+420
54505.297,43000.0,2.14,0.313,2200+420
54505.349,43000.0,2.42,0.344,2200+420
54506.266,43000.0,2.155,0.268,2200+420
54506.314,43000.0,2.305,0.294,2200+420
54506.349,43000.0,2.229,0.302,2200+420
54507.296,43000.0,2.385,0.307,2200+420
54507.349,43000.0,2.375,0.315,2200+420
54507.379,43000.0,2.164,0.312,2200+420
54523.254,43000.0,2.324,0.276,2200+420
54523.307,43000.0,2.44,0.279,2200+420
54523.338,43000.0,2.235,0.278,2200+420
54556.164,43000.0,1.761,0.216,2200+420
54556.212,43000.0,1.839,0.226,2200+420
54556.241,43000.0,1.827,0.28,2200+420
54557.13,43000.0,1.709,0.201,2200+420
54557.182,43000.0,1.633,0.226,2200+420
54557.213,43000.0,1.876,0.242,2200+420
54580.046,43000.0,1.962,0.206,2200+420
54580.098,43000.0,2.077,0.225,2200+420
54580.13,43000.0,2.225,0.246,2200+420
54581.046,43000.0,2.172,0.251,2200+420
54581.098,43000.0,2.208,0.252,2200+420
54581.13,43000.0,2.277,0.244,2200+420
54597.005,43000.0,3.102,0.387,2200+420
54597.057,43000.0,2.74,0.347,2200+420
54597.088,43000.0,2.526,0.298,2200+420
54598.088,43000.0,2.755,0.515,2200+420
54599.001,43000.0,3.068,0.416,2200+420
54611.046,43000.0,2.798,0.297,2200+420
54611.963,43000.0,3.172,0.312,2200+420
54612.046,43000.0,2.862,0.322,2200+420
54612.963,43000.0,2.78,0.285,2200+420
54613.016,43000.0,2.924,0.304,2200+420
54613.046,43000.0,2.827,0.321,2200+420
54641.963,43000.0,2.93,0.435,2200+420
54642.963,43000.0,2.837,0.39,2200+420
54643.963,43000.0,2.785,0.388,2200+420
54658.921,43000.0,3.008,0.514,2200+420
54679.88,43000.0,3.083,0.36,2200+420
54680.88,43000.0,2.999,0.358,2200+420
54681.88,43000.0,2.966,0.368,2200+420
54682.881,43000.0,3.124,0.387,2200+420
54708.828,43000.0,2.738,0.339,2200+420
54709.762,43000.0,2.872,0.315,2200+420
54709.802,43000.0,2.73,0.354,2200+420
54710.758,43000.0,2.484,0.29,2200+420
54710.798,43000.0,2.716,0.334,2200+420
54710.827,43000.0,2.562,0.32,2200+420
54743.62,43000.0,2.995,0.429,2200+420
54743.671,43000.0,3.289,0.578,2200+420
54743.702,43000.0,3.426,0.602,2200+420
54744.619,43000.0,2.792,0.441,2200+420
54744.671,43000.0,2.736,0.488,2200+420
54744.702,43000.0,3.452,0.585,2200+420
54745.62,43000.0,2.686,0.448,2200+420
54745.671,43000.0,2.427,0.399,2200+420
54745.702,43000.0,2.766,0.486,2200+420
54779.504,43000.0,3.275,0.478,2200+420
54779.558,43000.0,3.219,0.513,2200+420
54779.588,43000.0,2.804,0.46,2200+420
54780.505,43000.0,2.873,0.489,2200+420
54780.557,43000.0,3.111,0.47,2200+420
54780.588,43000.0,3.159,0.502,2200+420
54781.557,43000.0,3.38,0.499,2200+420
54781.589,43000.0,3.027,0.503,2200+420
54807.505,43000.0,2.684,0.387,2200+420
54807.588,43000.0,2.398,0.376,2200+420
54808.505,43000.0,2.588,0.381,2200+420
54808.556,43000.0,2.588,0.404,2200+420
54808.588,43000.0,3.01,0.468,2200+420
54809.557,43000.0,2.567,0.43,2200+420
54809.588,43000.0,2.813,0.418,2200+420
54841.379,43000.0,4.029,0.694,2200+420
54841.431,43000.0,3.396,0.641,2200+420
54842.379,43000.0,2.61,0.62,2200+420
54842.432,43000.0,3.042,0.565,2200+420
54877.348,43000.0,2.809,0.5,2200+420
54877.38,43000.0,3.493,0.555,2200+420
54879.348,43000.0,2.887,0.542,2200+420
54879.38,43000.0,3.608,0.654,2200+420
54930.182,43000.0,3.031,0.341,2200+420
54930.213,43000.0,3.245,0.374,2200+420
54931.182,43000.0,3.029,0.365,2200+420
54959.056,43000.0,4.394,0.504,2200+420
54959.088,43000.0,4.572,0.545,2200+420
54960.088,43000.0,4.222,0.509,2200+420
54961.057,43000.0,4.207,0.514,2200+420
54961.088,43000.0,4.414,0.542,2200+420
55008.932,43000.0,4.698,0.576,2200+420
55008.963,43000.0,4.891,0.598,2200+420
55009.932,43000.0,4.47,0.565,2200+420
55009.963,43000.0,4.611,0.571,2200+420
55010.932,43000.0,4.61,0.529,2200+420
55010.963,43000.0,4.709,0.56,2200+420
55167.504,43000.0,4.091,0.613,2200+420
55167.556,43000.0,3.775,0.581,2200+420
55167.588,43000.0,4.117,0.68,2200+420
55168.505,43000.0,4.021,0.588,2200+420
55168.557,43000.0,4.088,0.619,2200+420
55168.589,43000.0,4.545,0.762,2200+420
55209.463,43000.0,4.506,0.574,2200+420
55211.379,43000.0,3.835,0.435,2200+420
55211.431,43000.0,4.59,0.557,2200+420
53354.52,5000.0,2.561,0.035,2200+420
53354.562,5000.0,2.559,0.046,2200+420
53356.52,5000.0,2.462,0.122,2200+420
53356.568,5000.0,2.449,0.051,2200+420
53356.575,5000.0,2.446,0.071,2200+420
53357.52,5000.0,2.417,0.032,2200+420
53357.568,5000.0,2.363,0.036,2200+420
53357.575,5000.0,2.348,0.044,2200+420
53358.52,5000.0,2.4,0.035,2200+420
53358.568,5000.0,2.363,0.046,2200+420
53358.575,5000.0,2.357,0.033,2200+420
53359.52,5000.0,2.48,0.033,2200+420
53359.568,5000.0,2.407,0.03,2200+420
53359.575,5000.0,2.401,0.031,2200+420
53382.436,5000.0,2.778,0.043,2200+420
53384.399,5000.0,2.85,0.042,2200+420
53385.399,5000.0,2.87,0.042,2200+420
53386.434,5000.0,2.747,0.04,2200+420
53387.434,5000.0,2.738,0.042,2200+420
53445.258,5000.0,3.611,0.061,2200+420
53446.259,5000.0,3.578,0.06,2200+420
53448.254,5000.0,3.589,0.06,2200+420
53449.254,5000.0,3.508,0.06,2200+420
53450.238,5000.0,3.449,0.06,2200+420
53451.258,5000.0,3.471,0.06,2200+420
53457.168,5000.0,3.961,0.111,2200+420
53457.176,5000.0,3.929,0.113,2200+420
53457.468,5000.0,3.861,0.103,2200+420
53457.476,5000.0,3.914,0.112,2200+420
53478.169,5000.0,3.4,0.098,2200+420
53478.472,5000.0,3.359,0.1,2200+420
53483.077,5000.0,3.222,0.057,2200+420
53484.172,5000.0,3.273,0.056,2200+420
53485.077,5000.0,3.323,0.059,2200+420
53486.172,5000.0,3.368,0.06,2200+420
53487.08,5000.0,3.212,0.057,2200+420
53503.415,5000.0,3.853,0.107,2200+420
53511.069,5000.0,3.978,0.12,2200+420
53511.319,5000.0,4.019,0.115,2200+420
53543.996,5000.0,4.452,0.114,2200+420
53544.305,5000.0,4.284,0.112,2200+420
53577.007,5000.0,4.404,0.128,2200+420
53577.323,5000.0,4.305,0.137,2200+420
53577.801,5000.0,4.295,0.133,2200+420
53578.073,5000.0,4.368,0.132,2200+420
53587.802,5000.0,4.426,0.14,2200+420
53587.937,5000.0,4.433,0.135,2200+420
53605.722,5000.0,4.02,0.117,2200+420
53606.023,5000.0,4.098,0.109,2200+420
53629.825,5000.0,4.444,0.115,2200+420
53630.165,5000.0,4.608,0.136,2200+420
53638.927,5000.0,4.401,0.105,2200+420
53639.125,5000.0,4.391,0.105,2200+420
53639.756,5000.0,4.39,0.11,2200+420
53639.882,5000.0,4.397,0.112,2200+420
53640.034,5000.0,4.297,0.111,2200+420
53766.308,5000.0,3.617,0.121,2200+420
53770.462,5000.0,3.673,0.11,2200+420
53826.4,5000.0,3.493,0.115,2200+420
53975.102,5000.0,2.994,0.116,2200+420
53975.111,5000.0,2.824,0.092,2200+420
54012.001,5000.0,2.798,0.089,2200+420
54012.01,5000.0,2.663,0.08,2200+420
54023.752,5000.0,2.363,0.07,2200+420
54023.761,5000.0,2.353,0.068,2200+420
54200.183,5000.0,2.881,0.085,2200+420
54200.192,5000.0,2.808,0.075,2200+420
54276.204,5000.0,3.058,0.111,2200+420
54290.18,5000.0,3.322,0.064,2200+420
54290.189,5000.0,3.348,0.069,2200+420
54297.167,5000.0,3.823,0.108,2200+420
54297.176,5000.0,3.802,0.11,2200+420
54348.895,5000.0,3.683,0.108,2200+420
54373.957,5000.0,3.35,0.089,2200+420
54373.966,5000.0,3.337,0.087,2200+420
54396.898,5000.0,3.787,0.097,2200+420
54396.907,5000.0,3.806,0.093,2200+420
54563.399,5000.0,2.404,0.199,2200+420
54563.408,5000.0,2.552,0.226,2200+420
54723.885,5000.0,2.272,0.147,2200+420
54723.894,5000.0,2.564,0.111,2200+420
54912.541,5000.0,2.89,0.251,2200+420
54912.55,5000.0,2.931,0.272,2200+420
54953.513,5000.0,3.083,0.383,2200+420
54953.523,5000.0,3.289,0.35,2200+420
55003.269,5000.0,3.453,0.183,2200+420
55034.202,5000.0,3.885,0.241,2200+420
55034.212,5000.0,3.824,0.23,2200+420
55063.157,5000.0,3.924,0.19,2200+420
55063.167,5000.0,4.064,0.285,2200+420
55099.973,5000.0,4.28,0.103,2200+420
55099.982,5000.0,4.273,0.104,2200+420
55121.961,5000.0,4.201,0.118,2200+420
55121.971,5000.0,4.041,0.114,2200+420
55209.653,5000.0,4.0,0.109,2200+420
55209.663,5000.0,3.972,0.109,2200+420
53349.751,8000.0,3.157,0.09,2200+420
53349.858,8000.0,3.228,0.1,2200+420
53350.42,8000.0,3.198,0.114,2200+420
53350.529,8000.0,3.24,0.104,2200+420
53350.615,8000.0,3.181,0.104,2200+420
53350.729,8000.0,3.167,0.088,2200+420
53350.831,8000.0,3.188,0.093,2200+420
53350.911,8000.0,3.083,0.12,2200+420
53351.385,8000.0,3.36,0.105,2200+420
53351.496,8000.0,3.193,0.1,2200+420
53351.603,8000.0,3.036,0.106,2200+420
53351.716,8000.0,3.247,0.095,2200+420
53351.818,8000.0,3.26,0.099,2200+420
53351.907,8000.0,3.164,0.105,2200+420
53352.367,8000.0,3.229,0.109,2200+420
53352.493,8000.0,3.075,0.093,2200+420
53382.538,8000.0,4.066,0.129,2200+420
53383.375,8000.0,3.843,0.122,2200+420
53383.413,8000.0,3.856,0.123,2200+420
53383.617,8000.0,3.918,0.125,2200+420
53387.782,8000.0,3.322,0.126,2200+420
53413.264,8000.0,3.842,0.094,2200+420
53417.604,8000.0,3.474,0.156,2200+420
53457.316,8000.0,4.852,0.168,2200+420
53457.324,8000.0,4.771,0.158,2200+420
53457.61,8000.0,4.812,0.165,2200+420
53457.618,8000.0,4.67,0.16,2200+420
53464.196,8000.0,4.953,0.075,2200+420
53464.238,8000.0,4.987,0.078,2200+420
53465.19,8000.0,4.891,0.084,2200+420
53465.24,8000.0,4.841,0.078,2200+420
53511.487,8000.0,5.019,0.15,2200+420
53544.969,8000.0,5.319,0.342,2200+420
53545.262,8000.0,4.995,0.201,2200+420
53576.85,8000.0,5.268,0.143,2200+420
53577.126,8000.0,4.909,0.15,2200+420
53577.961,8000.0,4.975,0.16,2200+420
53578.169,8000.0,4.977,0.162,2200+420
53587.873,8000.0,5.324,0.136,2200+420
53605.888,8000.0,4.362,0.158,2200+420
53606.197,8000.0,4.604,0.173,2200+420
53629.864,8000.0,4.571,0.154,2200+420
53630.065,8000.0,4.591,0.165,2200+420
53630.182,8000.0,4.681,0.164,2200+420
53637.699,8000.0,4.771,0.127,2200+420
53638.015,8000.0,4.685,0.131,2200+420
53698.575,8000.0,4.038,0.148,2200+420
53698.868,8000.0,4.149,0.147,2200+420
53720.795,8000.0,4.845,0.134,2200+420
53721.617,8000.0,4.659,0.143,2200+420
53722.692,8000.0,4.876,0.133,2200+420
53740.463,8000.0,5.181,0.115,2200+420
53741.43,8000.0,5.246,0.12,2200+420
53741.462,8000.0,5.199,0.116,2200+420
53742.352,8000.0,5.436,0.122,2200+420
53742.402,8000.0,5.357,0.12,2200+420
53742.427,8000.0,5.33,0.119,2200+420
53742.811,8000.0,5.13,0.152,2200+420
53743.325,8000.0,5.39,0.164,2200+420
53743.838,8000.0,5.22,0.168,2200+420
53744.341,8000.0,5.335,0.14,2200+420
53765.751,8000.0,4.443,0.24,2200+420
53766.479,8000.0,3.981,0.185,2200+420
53771.463,8000.0,3.141,0.143,2200+420
53771.471,8000.0,3.317,0.137,2200+420
53805.371,8000.0,3.439,0.128,2200+420
53805.38,8000.0,3.872,0.124,2200+420
53851.241,8000.0,3.988,0.206,2200+420
53851.25,8000.0,3.245,0.262,2200+420
53851.259,8000.0,3.628,0.223,2200+420
53860.193,8000.0,3.353,0.129,2200+420
53861.194,8000.0,3.317,0.108,2200+420
53908.213,8000.0,3.253,0.119,2200+420
53956.133,8000.0,3.107,0.137,2200+420
53974.066,8000.0,2.884,0.085,2200+420
54010.959,8000.0,2.424,0.102,2200+420
54022.866,8000.0,2.52,0.105,2200+420
54037.856,8000.0,2.185,0.085,2200+420
54037.888,8000.0,2.292,0.096,2200+420
54058.825,8000.0,2.67,0.112,2200+420
54079.785,8000.0,3.177,0.144,2200+420
54098.759,8000.0,2.851,0.089,2200+420
54121.702,8000.0,2.997,0.091,2200+420
54149.612,8000.0,3.191,0.102,2200+420
54199.483,8000.0,3.293,0.086,2200+420
54220.497,8000.0,3.264,0.105,2200+420
54275.168,8000.0,3.752,0.139,2200+420
54289.154,8000.0,3.873,0.062,2200+420
54296.226,8000.0,4.217,0.137,2200+420
54325.135,8000.0,3.937,0.124,2200+420
54344.043,8000.0,4.006,0.248,2200+420
54372.975,8000.0,3.631,0.102,2200+420
54420.846,8000.0,4.198,0.129,2200+420
54435.797,8000.0,3.85,0.179,2200+420
54476.69,8000.0,3.56,0.228,2200+420
54512.534,8000.0,2.373,0.09,2200+420
54576.415,8000.0,2.224,0.106,2200+420
54605.336,8000.0,2.415,0.233,2200+420
54641.255,8000.0,2.671,0.091,2200+420
54653.187,8000.0,2.587,0.102,2200+420
54667.164,8000.0,2.438,0.095,2200+420
54688.116,8000.0,2.8,0.08,2200+420
54723.046,8000.0,2.582,0.242,2200+420
54777.858,8000.0,2.781,0.163,2200+420
54951.458,8000.0,3.33,0.248,2200+420
55004.236,8000.0,4.254,0.189,2200+420
55035.187,8000.0,3.969,0.171,2200+420
55064.023,8000.0,3.955,0.112,2200+420
55077.054,8000.0,4.19,0.142,2200+420
55100.955,8000.0,4.355,0.071,2200+420
55122.926,8000.0,4.315,0.109,2200+420
55207.634,8000.0,4.412,0.284,2200+420
53751.494,22000.0,6.128,0.51,2223-052
53772.5,22000.0,5.156,0.422,2223-052
53772.508,22000.0,5.809,0.427,2223-052
53772.517,22000.0,4.996,0.427,2223-052
53806.405,22000.0,5.926,1.798,2223-052
53862.269,22000.0,5.918,0.424,2223-052
53862.283,22000.0,6.051,0.467,2223-052
53927.096,22000.0,7.802,1.084,2223-052
53955.005,22000.0,7.095,0.595,2223-052
53955.018,22000.0,6.263,0.546,2223-052
53972.961,22000.0,5.971,0.45,2223-052
53972.974,22000.0,6.215,0.473,2223-052
54009.823,22000.0,6.626,0.601,2223-052
54009.836,22000.0,6.418,0.609,2223-052
54021.775,22000.0,7.429,0.517,2223-052
54021.788,22000.0,7.156,0.468,2223-052
54097.613,22000.0,6.203,0.58,2223-052
54097.626,22000.0,5.974,0.537,2223-052
54097.639,22000.0,6.133,0.547,2223-052
54097.653,22000.0,5.572,0.543,2223-052
54120.505,22000.0,6.276,0.435,2223-052
54120.518,22000.0,6.277,0.507,2223-052
54120.531,22000.0,6.287,0.6,2223-052
54120.545,22000.0,6.263,0.764,2223-052
54148.463,22000.0,6.534,0.511,2223-052
54148.476,22000.0,5.975,0.361,2223-052
54148.489,22000.0,6.291,0.376,2223-052
54148.502,22000.0,6.286,0.424,2223-052
54198.2,22000.0,7.374,0.747,2223-052
54198.213,22000.0,6.306,0.889,2223-052
54198.239,22000.0,6.957,0.818,2223-052
54219.215,22000.0,5.566,0.631,2223-052
54219.228,22000.0,6.243,0.481,2223-052
54274.97,22000.0,6.796,0.766,2223-052
54274.983,22000.0,7.388,0.747,2223-052
54274.996,22000.0,6.806,0.628,2223-052
54275.01,22000.0,6.224,0.584,2223-052
54288.122,22000.0,4.763,0.532,2223-052
54295.18,22000.0,6.413,0.597,2223-052
54295.193,22000.0,7.402,0.725,2223-052
54295.207,22000.0,5.548,0.621,2223-052
54323.966,22000.0,6.329,0.467,2223-052
54323.979,22000.0,7.285,0.549,2223-052
54323.993,22000.0,7.255,0.633,2223-052
54324.006,22000.0,7.113,0.538,2223-052
54345.972,22000.0,7.545,0.534,2223-052
54345.997,22000.0,8.604,1.001,2223-052
54346.011,22000.0,7.726,0.662,2223-052
54371.919,22000.0,8.786,0.565,2223-052
54371.929,22000.0,8.509,0.431,2223-052
54371.938,22000.0,9.067,0.576,2223-052
54456.577,22000.0,7.769,0.526,2223-052
54456.591,22000.0,9.196,0.536,2223-052
54456.604,22000.0,7.696,0.471,2223-052
54456.617,22000.0,7.95,0.487,2223-052
54460.596,22000.0,8.442,0.288,2223-052
54460.609,22000.0,8.594,0.287,2223-052
54478.557,22000.0,8.829,0.512,2223-052
54511.461,22000.0,8.506,0.45,2223-052
54511.474,22000.0,7.883,0.417,2223-052
54511.487,22000.0,8.358,0.435,2223-052
54511.5,22000.0,8.246,0.433,2223-052
54561.374,22000.0,7.873,0.359,2223-052
54561.383,22000.0,7.75,0.341,2223-052
54575.374,22000.0,6.021,0.691,2223-052
54604.284,22000.0,6.215,1.103,2223-052
54604.293,22000.0,8.572,0.902,2223-052
54640.152,22000.0,10.302,1.056,2223-052
54640.161,22000.0,9.468,0.988,2223-052
54652.078,22000.0,9.394,1.425,2223-052
54652.087,22000.0,10.377,1.571,2223-052
54666.03,22000.0,9.274,0.859,2223-052
54666.04,22000.0,8.715,0.813,2223-052
54686.983,22000.0,7.378,1.093,2223-052
54721.844,22000.0,7.982,1.606,2223-052
54721.854,22000.0,7.752,1.563,2223-052
54778.756,22000.0,7.804,2.121,2223-052
54911.459,22000.0,6.559,1.098,2223-052
54911.468,22000.0,6.978,1.108,2223-052
54952.424,22000.0,9.075,1.292,2223-052
55032.037,22000.0,9.115,0.801,2223-052
55032.046,22000.0,9.345,0.826,2223-052
55061.951,22000.0,9.9,1.138,2223-052
55098.89,22000.0,9.049,0.566,2223-052
55098.899,22000.0,8.865,0.576,2223-052
55120.804,22000.0,7.286,1.859,2223-052
55209.544,22000.0,8.013,0.739,2223-052
55209.554,22000.0,9.158,0.718,2223-052
53826.286,43000.0,4.712,1.564,2223-052
53827.286,43000.0,4.613,1.621,2223-052
53855.202,43000.0,4.915,1.098,2223-052
53879.161,43000.0,5.292,0.989,2223-052
53928.036,43000.0,5.152,0.848,2223-052
53950.952,43000.0,5.887,1.251,2223-052
53951.958,43000.0,5.832,1.224,2223-052
53952.952,43000.0,5.711,1.218,2223-052
53972.921,43000.0,5.222,1.221,2223-052
53998.827,43000.0,5.499,1.044,2223-052
53999.827,43000.0,5.554,1.047,2223-052
54000.827,43000.0,5.869,1.093,2223-052
54025.744,43000.0,4.436,1.205,2223-052
54277.077,43000.0,7.905,0.893,2223-052
54365.775,43000.0,8.546,0.898,2223-052
54365.827,43000.0,7.97,0.914,2223-052
54366.775,43000.0,7.913,0.866,2223-052
54366.827,43000.0,8.519,0.925,2223-052
54389.787,43000.0,9.365,0.935,2223-052
54390.734,43000.0,8.62,0.871,2223-052
54390.786,43000.0,8.864,0.923,2223-052
54421.741,43000.0,8.456,1.034,2223-052
54422.671,43000.0,8.032,1.01,2223-052
54424.619,43000.0,9.424,1.173,2223-052
54424.671,43000.0,8.222,1.024,2223-052
54434.627,43000.0,7.114,1.453,2223-052
54435.629,43000.0,7.593,1.525,2223-052
54437.619,43000.0,7.748,1.604,2223-052
54437.671,43000.0,7.353,1.261,2223-052
54479.534,43000.0,7.397,1.015,2223-052
54480.496,43000.0,7.318,1.03,2223-052
54480.546,43000.0,7.422,1.014,2223-052
54505.41,43000.0,6.585,0.981,2223-052
54506.411,43000.0,7.794,0.985,2223-052
54506.463,43000.0,7.937,0.949,2223-052
54507.411,43000.0,8.472,1.075,2223-052
54507.462,43000.0,7.284,0.864,2223-052
54523.369,43000.0,6.625,0.71,2223-052
54556.269,43000.0,6.926,0.742,2223-052
54556.296,43000.0,8.809,0.921,2223-052
54557.244,43000.0,5.9,0.639,2223-052
54557.297,43000.0,7.819,0.824,2223-052
54580.161,43000.0,7.891,0.76,2223-052
54580.213,43000.0,6.73,0.668,2223-052
54581.161,43000.0,7.503,0.715,2223-052
54581.213,43000.0,7.69,0.765,2223-052
54597.12,43000.0,9.296,1.05,2223-052
54597.169,43000.0,9.985,1.289,2223-052
54599.171,43000.0,7.056,0.789,2223-052
54611.077,43000.0,8.196,0.766,2223-052
54611.13,43000.0,8.335,0.818,2223-052
54612.077,43000.0,7.91,0.754,2223-052
54612.13,43000.0,8.05,0.773,2223-052
54613.077,43000.0,8.375,0.788,2223-052
54613.13,43000.0,7.806,0.766,2223-052
54641.994,43000.0,7.407,0.824,2223-052
54642.046,43000.0,7.632,0.929,2223-052
54643.046,43000.0,7.483,0.894,2223-052
54644.046,43000.0,7.666,0.904,2223-052
54658.952,43000.0,7.636,1.078,2223-052
54659.005,43000.0,6.525,1.029,2223-052
54659.953,43000.0,6.949,0.965,2223-052
54660.005,43000.0,7.737,1.181,2223-052
54679.965,43000.0,9.13,0.912,2223-052
54680.965,43000.0,8.825,0.887,2223-052
54681.965,43000.0,8.94,0.891,2223-052
54708.88,43000.0,8.932,0.962,2223-052
54709.88,43000.0,9.035,0.936,2223-052
54710.88,43000.0,8.627,0.941,2223-052
54743.734,43000.0,6.048,0.848,2223-052
54743.785,43000.0,7.862,1.133,2223-052
54744.734,43000.0,5.186,0.769,2223-052
54744.786,43000.0,6.998,1.034,2223-052
54745.734,43000.0,6.958,0.985,2223-052
54745.786,43000.0,8.103,1.158,2223-052
54779.619,43000.0,6.876,0.937,2223-052
54779.671,43000.0,7.7,1.082,2223-052
54780.618,43000.0,7.299,0.996,2223-052
54780.671,43000.0,7.5,1.053,2223-052
54781.619,43000.0,7.778,1.059,2223-052
54781.671,43000.0,8.101,1.138,2223-052
54807.619,43000.0,8.095,1.019,2223-052
54807.671,43000.0,7.69,0.971,2223-052
54808.671,43000.0,8.089,1.019,2223-052
54809.62,43000.0,8.338,1.05,2223-052
54841.496,43000.0,6.886,1.456,2223-052
54841.546,43000.0,6.578,1.076,2223-052
54842.495,43000.0,6.655,1.117,2223-052
54842.547,43000.0,6.299,1.02,2223-052
54877.411,43000.0,5.822,0.792,2223-052
54879.411,43000.0,5.021,0.683,2223-052
54879.463,43000.0,6.095,0.794,2223-052
54930.245,43000.0,5.92,0.605,2223-052
54930.296,43000.0,5.56,0.601,2223-052
54959.119,43000.0,6.22,0.666,2223-052
54959.171,43000.0,5.894,0.683,2223-052
54961.119,43000.0,6.116,0.641,2223-052
54961.171,43000.0,6.295,0.692,2223-052
55008.994,43000.0,7.383,0.788,2223-052
55009.046,43000.0,7.294,0.793,2223-052
55009.994,43000.0,6.37,0.727,2223-052
55010.046,43000.0,6.883,0.786,2223-052
55011.046,43000.0,6.367,0.712,2223-052
55167.619,43000.0,6.811,1.001,2223-052
55168.62,43000.0,6.269,0.923,2223-052
55168.671,43000.0,5.962,0.893,2223-052
55209.494,43000.0,5.68,0.677,2223-052
55209.546,43000.0,5.806,0.949,2223-052
53770.471,5000.0,5.012,0.132,2223-052
53770.48,5000.0,4.71,0.132,2223-052
53770.489,5000.0,4.821,0.158,2223-052
53826.345,5000.0,5.369,0.17,2223-052
53852.293,5000.0,5.471,0.226,2223-052
53852.302,5000.0,5.42,0.225,2223-052
53974.982,5000.0,5.855,0.146,2223-052
53974.991,5000.0,5.758,0.135,2223-052
54011.869,5000.0,5.774,0.102,2223-052
54011.878,5000.0,5.782,0.096,2223-052
54023.787,5000.0,5.819,0.149,2223-052
54023.797,5000.0,5.761,0.148,2223-052
54290.099,5000.0,5.673,0.081,2223-052
54290.108,5000.0,5.573,0.079,2223-052
54297.116,5000.0,5.551,0.154,2223-052
54297.126,5000.0,5.637,0.158,2223-052
54348.926,5000.0,5.607,0.163,2223-052
54348.935,5000.0,5.505,0.166,2223-052
54348.944,5000.0,5.549,0.166,2223-052
54348.954,5000.0,5.578,0.166,2223-052
54396.834,5000.0,5.459,0.13,2223-052
54396.843,5000.0,5.657,0.136,2223-052
54723.925,5000.0,6.323,0.16,2223-052
54723.934,5000.0,6.375,0.163,2223-052
54779.789,5000.0,6.525,0.15,2223-052
54779.798,5000.0,6.68,0.157,2223-052
54912.418,5000.0,7.176,0.381,2223-052
54912.427,5000.0,7.078,0.407,2223-052
54953.391,5000.0,7.534,0.463,2223-052
55003.133,5000.0,6.987,0.247,2223-052
55003.142,5000.0,7.196,0.279,2223-052
55034.053,5000.0,7.833,0.352,2223-052
55034.062,5000.0,7.646,0.339,2223-052
55063.015,5000.0,7.177,0.286,2223-052
55063.025,5000.0,7.158,0.443,2223-052
55099.83,5000.0,7.426,0.164,2223-052
55099.84,5000.0,7.435,0.165,2223-052
55121.818,5000.0,7.611,0.188,2223-052
55121.828,5000.0,7.697,0.182,2223-052
55209.579,5000.0,6.962,0.211,2223-052
55209.589,5000.0,7.739,0.257,2223-052
53740.535,8000.0,6.185,0.138,2223-052
53741.536,8000.0,6.208,0.144,2223-052
53744.535,8000.0,6.277,0.152,2223-052
53805.426,8000.0,7.045,0.268,2223-052
53805.435,8000.0,6.592,0.226,2223-052
53831.345,8000.0,6.531,0.399,2223-052
53851.3,8000.0,5.61,0.272,2223-052
53851.309,8000.0,5.222,0.231,2223-052
53860.264,8000.0,5.994,0.136,2223-052
53861.26,8000.0,6.045,0.142,2223-052
53908.13,8000.0,6.13,0.334,2223-052
53956.036,8000.0,6.213,0.305,2223-052
53973.966,8000.0,6.204,0.142,2223-052
54010.863,8000.0,6.208,0.237,2223-052
54022.783,8000.0,6.011,0.202,2223-052
54037.767,8000.0,5.773,0.318,2223-052
54058.67,8000.0,6.034,0.209,2223-052
54080.661,8000.0,6.091,0.128,2223-052
54098.608,8000.0,6.012,0.149,2223-052
54121.55,8000.0,6.203,0.155,2223-052
54149.455,8000.0,6.007,0.233,2223-052
54199.355,8000.0,5.968,0.135,2223-052
54220.369,8000.0,5.947,0.245,2223-052
54276.079,8000.0,5.786,0.184,2223-052
54289.02,8000.0,5.663,0.101,2223-052
54296.09,8000.0,5.559,0.179,2223-052
54325.049,8000.0,5.651,0.363,2223-052
54343.956,8000.0,5.852,0.152,2223-052
54373.858,8000.0,5.832,0.132,2223-052
54421.736,8000.0,5.871,0.172,2223-052
54435.692,8000.0,6.054,0.122,2223-052
54513.442,8000.0,6.562,0.195,2223-052
54576.452,8000.0,6.665,0.206,2223-052
54605.373,8000.0,7.157,0.411,2223-052
54641.082,8000.0,7.325,0.175,2223-052
54653.05,8000.0,7.208,0.233,2223-052
54667.026,8000.0,7.369,0.248,2223-052
54687.978,8000.0,7.356,0.187,2223-052
54722.909,8000.0,6.981,0.523,2223-052
54777.721,8000.0,7.795,0.237,2223-052
54952.312,8000.0,8.044,0.285,2223-052
55004.124,8000.0,7.325,0.419,2223-052
55035.087,8000.0,8.117,0.213,2223-052
55063.928,8000.0,8.182,0.133,2223-052
55076.967,8000.0,8.481,0.269,2223-052
55100.867,8000.0,8.332,0.101,2223-052
55122.85,8000.0,8.451,0.501,2223-052
55208.572,8000.0,8.753,0.305,2223-052
53511.066,22000.0,3.398,0.724,2230+114
53751.473,22000.0,6.93,0.399,2230+114
53772.55,22000.0,6.916,0.47,2230+114
53772.558,22000.0,7.146,0.444,2230+114
53806.441,22000.0,6.758,1.782,2230+114
53862.248,22000.0,7.651,0.537,2230+114
53862.257,22000.0,7.676,0.516,2230+114
53927.061,22000.0,5.705,0.796,2230+114
53954.984,22000.0,4.268,0.435,2230+114
53954.993,22000.0,4.517,0.435,2230+114
53972.939,22000.0,4.005,0.362,2230+114
53972.948,22000.0,4.077,0.369,2230+114
54009.801,22000.0,3.694,0.428,2230+114
54009.811,22000.0,3.61,0.439,2230+114
54021.753,22000.0,3.219,0.318,2230+114
54021.762,22000.0,3.15,0.343,2230+114
54056.713,22000.0,2.535,0.611,2230+114
54056.722,22000.0,2.738,0.58,2230+114
54056.731,22000.0,3.179,0.476,2230+114
54119.603,22000.0,2.566,0.256,2230+114
54119.612,22000.0,2.61,0.255,2230+114
54119.622,22000.0,2.662,0.261,2230+114
54119.631,22000.0,3.061,0.306,2230+114
54147.523,22000.0,3.438,0.332,2230+114
54147.533,22000.0,3.131,0.273,2230+114
54147.542,22000.0,2.446,0.31,2230+114
54147.551,22000.0,2.989,0.303,2230+114
54183.386,22000.0,2.944,0.424,2230+114
54183.395,22000.0,3.026,0.414,2230+114
54183.405,22000.0,3.164,0.39,2230+114
54183.414,22000.0,2.886,0.372,2230+114
54197.213,22000.0,4.161,0.907,2230+114
54197.223,22000.0,3.94,1.022,2230+114
54218.248,22000.0,3.075,0.685,2230+114
54218.257,22000.0,3.011,0.44,2230+114
54218.267,22000.0,2.921,0.363,2230+114
54274.024,22000.0,3.696,0.47,2230+114
54274.041,22000.0,4.353,0.46,2230+114
54274.051,22000.0,3.248,0.51,2230+114
54288.087,22000.0,2.647,0.402,2230+114
54288.096,22000.0,3.052,0.402,2230+114
54295.159,22000.0,3.433,0.483,2230+114
54295.168,22000.0,3.88,0.613,2230+114
54322.984,22000.0,3.885,0.389,2230+114
54322.994,22000.0,3.975,1.007,2230+114
54323.003,22000.0,3.918,0.55,2230+114
54344.929,22000.0,4.34,0.521,2230+114
54344.938,22000.0,3.82,0.462,2230+114
54344.947,22000.0,4.558,0.459,2230+114
54344.956,22000.0,5.093,0.685,2230+114
54371.891,22000.0,4.798,0.496,2230+114
54371.9,22000.0,4.598,0.503,2230+114
54371.909,22000.0,5.29,0.632,2230+114
54385.865,22000.0,5.727,1.043,2230+114
54455.669,22000.0,3.848,0.354,2230+114
54455.679,22000.0,3.59,0.337,2230+114
54455.688,22000.0,4.179,0.311,2230+114
54455.697,22000.0,3.953,0.314,2230+114
54460.705,22000.0,4.04,0.247,2230+114
54460.715,22000.0,3.932,0.225,2230+114
54512.411,22000.0,3.901,0.283,2230+114
54512.42,22000.0,3.902,0.272,2230+114
54512.429,22000.0,4.11,0.322,2230+114
54512.439,22000.0,4.047,0.355,2230+114
54561.394,22000.0,4.932,0.236,2230+114
54561.403,22000.0,4.661,0.233,2230+114
54575.385,22000.0,3.269,0.423,2230+114
54604.312,22000.0,4.356,0.682,2230+114
54640.171,22000.0,5.385,0.594,2230+114
54640.181,22000.0,6.002,0.631,2230+114
54652.098,22000.0,6.417,0.986,2230+114
54652.107,22000.0,6.805,1.04,2230+114
54666.05,22000.0,5.653,0.546,2230+114
54666.059,22000.0,5.135,0.489,2230+114
54721.864,22000.0,5.321,1.076,2230+114
54721.873,22000.0,4.926,0.999,2230+114
54778.766,22000.0,5.407,0.642,2230+114
54778.776,22000.0,4.591,0.554,2230+114
54911.499,22000.0,4.037,0.686,2230+114
54911.508,22000.0,3.284,0.566,2230+114
54952.465,22000.0,4.014,1.135,2230+114
55032.079,22000.0,5.484,0.543,2230+114
55032.088,22000.0,5.474,0.531,2230+114
55098.91,22000.0,5.52,0.403,2230+114
55098.92,22000.0,5.959,0.403,2230+114
55120.824,22000.0,5.867,2.821,2230+114
55120.834,22000.0,4.668,0.958,2230+114
55208.664,22000.0,4.708,0.293,2230+114
55208.673,22000.0,5.408,0.319,2230+114
53826.14,43000.0,9.016,3.629,2230+114
53826.265,43000.0,10.47,3.293,2230+114
53827.265,43000.0,9.685,3.042,2230+114
53855.182,43000.0,10.924,1.999,2230+114
53879.14,43000.0,9.81,1.583,2230+114
53912.932,43000.0,4.077,1.049,2230+114
53913.057,43000.0,5.16,1.067,2230+114
53928.015,43000.0,4.393,0.752,2230+114
53950.932,43000.0,4.651,1.006,2230+114
53951.939,43000.0,5.077,1.086,2230+114
53952.932,43000.0,4.836,1.03,2230+114
53970.89,43000.0,4.62,1.086,2230+114
53971.89,43000.0,4.357,1.008,2230+114
53972.89,43000.0,4.102,0.962,2230+114
53998.807,43000.0,3.455,0.695,2230+114
53999.807,43000.0,3.956,0.779,2230+114
54000.806,43000.0,3.751,0.795,2230+114
54025.723,43000.0,2.894,0.841,2230+114
54277.055,43000.0,3.978,0.486,2230+114
54277.932,43000.0,6.035,0.913,2230+114
54320.807,43000.0,3.214,0.526,2230+114
54320.932,43000.0,2.837,0.337,2230+114
54321.807,43000.0,3.736,0.558,2230+114
54321.932,43000.0,2.902,0.364,2230+114
54322.807,43000.0,3.763,0.548,2230+114
54365.784,43000.0,4.068,0.476,2230+114
54365.807,43000.0,3.958,0.475,2230+114
54366.784,43000.0,3.799,0.461,2230+114
54366.807,43000.0,4.392,0.491,2230+114
54390.742,43000.0,4.254,0.444,2230+114
54390.765,43000.0,4.5,0.456,2230+114
54422.647,43000.0,3.531,0.468,2230+114
54424.643,43000.0,4.032,0.501,2230+114
54437.627,43000.0,3.816,0.638,2230+114
54437.651,43000.0,3.861,0.61,2230+114
54478.502,43000.0,4.715,0.743,2230+114
54478.527,43000.0,3.865,0.578,2230+114
54479.496,43000.0,4.863,0.777,2230+114
54479.515,43000.0,4.531,0.648,2230+114
54480.502,43000.0,3.504,0.543,2230+114
54480.526,43000.0,4.313,0.628,2230+114
54506.437,43000.0,5.175,0.66,2230+114
54507.442,43000.0,4.653,0.636,2230+114
54523.378,43000.0,3.445,0.447,2230+114
54523.401,43000.0,3.746,0.449,2230+114
54556.276,43000.0,4.327,0.604,2230+114
54557.252,43000.0,3.933,0.473,2230+114
54557.275,43000.0,4.434,0.493,2230+114
54580.169,43000.0,4.594,0.483,2230+114
54580.192,43000.0,4.903,0.511,2230+114
54581.169,43000.0,4.675,0.48,2230+114
54581.192,43000.0,4.804,0.489,2230+114
54597.127,43000.0,5.129,0.577,2230+114
54597.15,43000.0,5.532,0.62,2230+114
54599.128,43000.0,4.247,0.802,2230+114
54599.151,43000.0,4.581,0.561,2230+114
54611.102,43000.0,5.04,0.505,2230+114
54612.102,43000.0,5.295,0.535,2230+114
54613.102,43000.0,5.254,0.532,2230+114
54642.002,43000.0,3.629,0.545,2230+114
54642.023,43000.0,5.073,0.711,2230+114
54643.002,43000.0,3.972,0.538,2230+114
54643.026,43000.0,5.382,0.679,2230+114
54644.002,43000.0,4.443,0.556,2230+114
54644.025,43000.0,4.907,0.638,2230+114
54658.984,43000.0,5.104,0.836,2230+114
54659.984,43000.0,4.97,0.795,2230+114
54679.942,43000.0,5.588,0.592,2230+114
54680.942,43000.0,5.533,0.574,2230+114
54681.942,43000.0,5.45,0.563,2230+114
54708.859,43000.0,4.168,0.433,2230+114
54709.859,43000.0,4.79,0.58,2230+114
54710.73,43000.0,5.287,0.629,2230+114
54710.859,43000.0,4.535,0.512,2230+114
54743.742,43000.0,4.248,0.708,2230+114
54743.765,43000.0,4.85,0.742,2230+114
54744.742,43000.0,3.284,0.657,2230+114
54744.765,43000.0,3.62,0.665,2230+114
54745.743,43000.0,4.251,1.207,2230+114
54745.765,43000.0,4.452,0.737,2230+114
54779.627,43000.0,4.402,0.639,2230+114
54779.65,43000.0,3.865,0.562,2230+114
54780.628,43000.0,3.087,0.563,2230+114
54780.65,43000.0,3.829,0.569,2230+114
54781.651,43000.0,4.193,0.606,2230+114
54807.627,43000.0,4.457,0.622,2230+114
54807.651,43000.0,4.118,0.564,2230+114
54808.651,43000.0,3.971,0.552,2230+114
54841.526,43000.0,3.405,0.617,2230+114
54842.502,43000.0,3.171,0.661,2230+114
54842.526,43000.0,3.043,0.571,2230+114
54879.419,43000.0,2.571,0.455,2230+114
54879.443,43000.0,2.187,0.662,2230+114
54930.252,43000.0,5.647,0.598,2230+114
54930.275,43000.0,5.538,0.579,2230+114
54959.127,43000.0,5.289,0.62,2230+114
54959.15,43000.0,5.309,0.597,2230+114
54961.127,43000.0,4.998,0.581,2230+114
54961.15,43000.0,5.727,0.654,2230+114
55009.002,43000.0,5.882,0.723,2230+114
55009.025,43000.0,6.193,0.718,2230+114
55010.002,43000.0,5.162,0.656,2230+114
55010.025,43000.0,5.707,0.659,2230+114
55011.002,43000.0,5.269,0.653,2230+114
55011.025,43000.0,5.311,0.624,2230+114
55168.628,43000.0,4.046,0.645,2230+114
55168.651,43000.0,4.099,0.668,2230+114
55209.502,43000.0,3.799,0.478,2230+114
55209.527,43000.0,4.277,0.645,2230+114
53478.177,5000.0,4.311,0.111,2230+114
53478.185,5000.0,4.239,0.106,2230+114
53478.485,5000.0,4.227,0.11,2230+114
53511.078,5000.0,4.496,0.131,2230+114
53511.332,5000.0,4.376,0.126,2230+114
53544.005,5000.0,4.327,0.121,2230+114
53544.318,5000.0,4.405,0.123,2230+114
53545.132,5000.0,4.519,0.118,2230+114
53577.016,5000.0,4.562,0.135,2230+114
53578.083,5000.0,4.489,0.138,2230+114
53587.946,5000.0,4.574,0.136,2230+114
53606.032,5000.0,4.634,0.122,2230+114
53638.937,5000.0,4.55,0.105,2230+114
53639.764,5000.0,4.598,0.107,2230+114
53639.891,5000.0,4.59,0.106,2230+114
53640.047,5000.0,4.498,0.111,2230+114
53770.509,5000.0,4.762,0.114,2230+114
53770.517,5000.0,4.809,0.107,2230+114
53826.363,5000.0,4.989,0.153,2230+114
53852.312,5000.0,4.968,0.209,2230+114
53852.321,5000.0,5.14,0.216,2230+114
53975.001,5000.0,5.18,0.131,2230+114
53975.01,5000.0,5.05,0.124,2230+114
54011.888,5000.0,4.668,0.103,2230+114
54011.898,5000.0,4.74,0.092,2230+114
54023.807,5000.0,4.686,0.118,2230+114
54023.816,5000.0,4.712,0.113,2230+114
54200.207,5000.0,4.163,0.103,2230+114
54200.216,5000.0,4.185,0.1,2230+114
54290.079,5000.0,4.146,0.071,2230+114
54290.088,5000.0,4.116,0.071,2230+114
54297.136,5000.0,4.266,0.121,2230+114
54297.145,5000.0,4.342,0.123,2230+114
54347.897,5000.0,4.7,0.159,2230+114
54347.907,5000.0,3.939,0.218,2230+114
54347.916,5000.0,4.372,0.137,2230+114
54347.925,5000.0,4.409,0.134,2230+114
54396.854,5000.0,4.322,0.107,2230+114
54396.863,5000.0,4.425,0.105,2230+114
54723.966,5000.0,4.548,0.157,2230+114
54723.975,5000.0,4.515,0.166,2230+114
54779.809,5000.0,4.691,0.115,2230+114
54779.818,5000.0,4.62,0.125,2230+114
54912.438,5000.0,4.31,0.365,2230+114
54912.447,5000.0,4.141,0.297,2230+114
54953.409,5000.0,4.849,0.396,2230+114
54953.419,5000.0,4.882,0.398,2230+114
55003.153,5000.0,4.75,0.183,2230+114
55003.162,5000.0,4.68,0.174,2230+114
55034.096,5000.0,5.043,0.272,2230+114
55063.058,5000.0,5.328,0.29,2230+114
55099.863,5000.0,5.32,0.126,2230+114
55099.873,5000.0,5.344,0.122,2230+114
55121.852,5000.0,5.618,0.141,2230+114
55121.862,5000.0,5.466,0.136,2230+114
55209.599,5000.0,5.609,0.195,2230+114
55209.609,5000.0,5.498,0.23,2230+114
53478.325,8000.0,3.423,0.129,2230+114
53478.333,8000.0,3.826,0.127,2230+114
53511.21,8000.0,3.985,0.117,2230+114
53544.165,8000.0,4.036,0.16,2230+114
53544.978,8000.0,4.232,0.315,2230+114
53545.275,8000.0,4.037,0.179,2230+114
53576.859,8000.0,4.307,0.153,2230+114
53577.138,8000.0,4.212,0.134,2230+114
53577.97,8000.0,4.181,0.126,2230+114
53578.182,8000.0,4.163,0.127,2230+114
53587.881,8000.0,4.225,0.152,2230+114
53587.999,8000.0,4.106,0.133,2230+114
53605.897,8000.0,4.167,0.155,2230+114
53637.708,8000.0,4.11,0.122,2230+114
53638.028,8000.0,4.033,0.158,2230+114
53698.584,8000.0,4.314,0.187,2230+114
53698.881,8000.0,4.837,0.172,2230+114
53720.808,8000.0,4.42,0.13,2230+114
53721.625,8000.0,4.34,0.21,2230+114
53722.701,8000.0,4.489,0.123,2230+114
53740.515,8000.0,4.884,0.11,2230+114
53741.39,8000.0,4.808,0.108,2230+114
53741.515,8000.0,4.913,0.112,2230+114
53742.368,8000.0,4.845,0.112,2230+114
53744.514,8000.0,4.986,0.115,2230+114
53805.408,8000.0,5.585,0.336,2230+114
53805.417,8000.0,6.328,0.226,2230+114
53851.281,8000.0,5.037,0.201,2230+114
53851.29,8000.0,4.846,0.21,2230+114
53860.24,8000.0,5.309,0.136,2230+114
53861.237,8000.0,5.311,0.133,2230+114
53908.173,8000.0,5.429,0.159,2230+114
53956.081,8000.0,4.911,0.206,2230+114
53974.009,8000.0,4.631,0.105,2230+114
54010.907,8000.0,4.285,0.171,2230+114
54022.826,8000.0,4.281,0.145,2230+114
54037.799,8000.0,4.182,0.13,2230+114
54058.716,8000.0,4.07,0.274,2230+114
54080.706,8000.0,3.762,0.073,2230+114
54098.632,8000.0,3.734,0.138,2230+114
54121.574,8000.0,3.506,0.107,2230+114
54149.479,8000.0,3.451,0.183,2230+114
54199.379,8000.0,3.533,0.092,2230+114
54220.388,8000.0,3.444,0.11,2230+114
54276.103,8000.0,3.657,0.119,2230+114
54289.043,8000.0,3.634,0.076,2230+114
54296.114,8000.0,3.678,0.121,2230+114
54325.067,8000.0,3.723,0.117,2230+114
54343.98,8000.0,3.883,0.106,2230+114
54373.882,8000.0,3.962,0.102,2230+114
54420.789,8000.0,3.832,0.117,2230+114
54435.735,8000.0,3.887,0.119,2230+114
54513.466,8000.0,3.855,0.132,2230+114
54576.476,8000.0,3.969,0.14,2230+114
54605.397,8000.0,4.007,0.478,2230+114
54641.106,8000.0,4.29,0.157,2230+114
54653.074,8000.0,4.343,0.154,2230+114
54667.05,8000.0,4.473,0.192,2230+114
54688.002,8000.0,4.661,0.118,2230+114
54722.933,8000.0,4.381,0.24,2230+114
54777.739,8000.0,4.61,0.128,2230+114
54951.372,8000.0,4.667,0.399,2230+114
55004.154,8000.0,5.936,0.891,2230+114
55035.111,8000.0,5.62,0.132,2230+114
55063.952,8000.0,5.671,0.193,2230+114
55076.991,8000.0,5.909,0.195,2230+114
55100.891,8000.0,6.028,0.093,2230+114
55122.868,8000.0,5.536,0.248,2230+114
55208.596,8000.0,5.929,0.235,2230+114
53373.556,22000.0,7.553,0.457,2251+158
53377.558,22000.0,7.77,0.468,2251+158
53379.558,22000.0,7.766,0.47,2251+158
53380.558,22000.0,7.483,0.453,2251+158
53413.465,22000.0,7.214,0.222,2251+158
53414.425,22000.0,6.888,0.226,2251+158
53414.465,22000.0,7.139,0.231,2251+158
53415.427,22000.0,7.265,0.376,2251+158
53442.32,22000.0,7.274,0.211,2251+158
53443.32,22000.0,6.821,0.197,2251+158
53443.361,22000.0,7.095,0.204,2251+158
53444.32,22000.0,7.04,0.206,2251+158
53444.364,22000.0,7.205,0.213,2251+158
53466.28,22000.0,6.836,0.512,2251+158
53466.32,22000.0,5.455,0.522,2251+158
53506.424,22000.0,4.798,0.362,2251+158
53506.431,22000.0,4.174,0.323,2251+158
53506.448,22000.0,4.23,0.355,2251+158
53506.472,22000.0,5.001,0.431,2251+158
53511.091,22000.0,5.209,0.664,2251+158
53512.091,22000.0,5.784,0.657,2251+158
53512.143,22000.0,5.138,0.625,2251+158
53606.891,22000.0,7.109,0.461,2251+158
53606.899,22000.0,6.916,0.432,2251+158
53629.759,22000.0,10.19,0.691,2251+158
53629.968,22000.0,9.861,0.575,2251+158
53629.975,22000.0,10.299,0.541,2251+158
53637.071,22000.0,11.407,0.59,2251+158
53637.876,22000.0,10.602,0.472,2251+158
53698.731,22000.0,12.159,0.394,2251+158
53720.656,22000.0,12.23,0.712,2251+158
53721.843,22000.0,12.385,0.807,2251+158
53743.532,22000.0,12.116,0.66,2251+158
53743.688,22000.0,11.488,0.597,2251+158
53751.379,22000.0,10.544,0.529,2251+158
53751.483,22000.0,11.226,0.569,2251+158
53772.567,22000.0,14.664,0.747,2251+158
53772.576,22000.0,14.926,0.757,2251+158
53806.458,22000.0,14.935,1.792,2251+158
53862.336,22000.0,10.78,0.658,2251+158
53862.345,22000.0,10.882,0.65,2251+158
53927.139,22000.0,9.502,1.195,2251+158
53955.071,22000.0,6.028,0.684,2251+158
53955.08,22000.0,6.178,0.715,2251+158
53973.027,22000.0,5.265,0.622,2251+158
54009.889,22000.0,7.266,0.6,2251+158
54009.898,22000.0,6.51,0.541,2251+158
54021.841,22000.0,6.165,0.387,2251+158
54021.85,22000.0,6.131,0.371,2251+158
54056.763,22000.0,5.961,0.489,2251+158
54056.773,22000.0,5.725,0.495,2251+158
54056.782,22000.0,6.187,0.501,2251+158
54056.791,22000.0,6.292,0.573,2251+158
54080.838,22000.0,5.643,0.453,2251+158
54080.847,22000.0,5.823,0.446,2251+158
54080.856,22000.0,5.731,0.541,2251+158
54119.666,22000.0,5.304,0.354,2251+158
54119.676,22000.0,6.107,0.359,2251+158
54119.685,22000.0,5.41,0.398,2251+158
54119.694,22000.0,5.394,0.498,2251+158
54120.44,22000.0,5.864,0.501,2251+158
54120.449,22000.0,5.368,0.569,2251+158
54120.458,22000.0,6.084,0.461,2251+158
54120.467,22000.0,6.028,0.588,2251+158
54147.587,22000.0,5.854,0.341,2251+158
54147.596,22000.0,5.592,0.273,2251+158
54147.605,22000.0,6.077,0.29,2251+158
54147.614,22000.0,5.643,0.271,2251+158
54148.397,22000.0,5.379,0.493,2251+158
54148.406,22000.0,5.931,0.448,2251+158
54148.415,22000.0,5.949,0.443,2251+158
54148.424,22000.0,5.616,0.475,2251+158
54183.51,22000.0,5.349,0.603,2251+158
54183.519,22000.0,4.918,0.654,2251+158
54183.528,22000.0,3.949,0.574,2251+158
54197.251,22000.0,6.348,1.0,2251+158
54197.26,22000.0,4.784,1.329,2251+158
54218.277,22000.0,5.119,0.402,2251+158
54218.286,22000.0,5.108,0.449,2251+158
54218.295,22000.0,4.96,0.43,2251+158
54218.304,22000.0,5.14,0.41,2251+158
54274.061,22000.0,5.352,0.493,2251+158
54274.07,22000.0,5.761,0.462,2251+158
54274.079,22000.0,5.789,0.538,2251+158
54274.088,22000.0,6.043,0.615,2251+158
54288.135,22000.0,6.138,0.47,2251+158
54288.144,22000.0,5.745,0.461,2251+158
54295.219,22000.0,7.409,1.243,2251+158
54295.229,22000.0,6.492,1.168,2251+158
54323.013,22000.0,8.502,0.535,2251+158
54323.022,22000.0,7.483,0.632,2251+158
54323.032,22000.0,7.88,0.696,2251+158
54323.041,22000.0,7.747,0.686,2251+158
54344.966,22000.0,9.836,0.809,2251+158
54344.976,22000.0,8.993,0.67,2251+158
54344.985,22000.0,9.594,0.718,2251+158
54344.994,22000.0,7.566,0.455,2251+158
54371.949,22000.0,9.7,0.353,2251+158
54371.958,22000.0,10.524,0.364,2251+158
54371.967,22000.0,9.739,0.466,2251+158
54385.895,22000.0,10.126,0.819,2251+158
54385.914,22000.0,9.429,1.174,2251+158
54456.51,22000.0,9.11,0.511,2251+158
54456.519,22000.0,9.405,0.568,2251+158
54456.529,22000.0,9.488,0.557,2251+158
54456.538,22000.0,9.877,0.649,2251+158
54460.553,22000.0,9.677,0.348,2251+158
54460.563,22000.0,10.492,0.351,2251+158
54512.373,22000.0,9.067,0.503,2251+158
54512.382,22000.0,9.538,0.576,2251+158
54512.392,22000.0,9.398,0.541,2251+158
54512.401,22000.0,9.161,0.515,2251+158
54561.413,22000.0,10.495,0.473,2251+158
54561.422,22000.0,11.733,0.497,2251+158
54561.432,22000.0,11.935,0.498,2251+158
54575.429,22000.0,11.695,1.183,2251+158
54575.439,22000.0,11.074,1.132,2251+158
54652.158,22000.0,15.406,2.318,2251+158
54652.168,22000.0,15.963,2.402,2251+158
54652.177,22000.0,16.128,2.425,2251+158
54666.096,22000.0,15.902,1.442,2251+158
54666.114,22000.0,14.277,1.297,2251+158
54687.049,22000.0,20.448,2.607,2251+158
54687.067,22000.0,15.888,1.931,2251+158
54721.911,22000.0,20.77,4.157,2251+158
54721.92,22000.0,17.786,3.613,2251+158
54778.817,22000.0,16.207,1.639,2251+158
54778.826,22000.0,16.67,1.689,2251+158
54778.835,22000.0,16.719,1.686,2251+158
54815.732,22000.0,13.618,1.382,2251+158
54815.741,22000.0,13.71,1.39,2251+158
54911.409,22000.0,7.48,0.843,2251+158
54911.418,22000.0,8.277,0.898,2251+158
54911.427,22000.0,8.287,0.924,2251+158
54952.372,22000.0,6.59,0.834,2251+158
54952.382,22000.0,6.403,0.82,2251+158
54952.391,22000.0,6.512,0.871,2251+158
55002.139,22000.0,9.68,2.466,2251+158
55033.955,22000.0,6.472,0.571,2251+158
55033.964,22000.0,6.22,0.608,2251+158
55061.899,22000.0,6.025,0.688,2251+158
55061.909,22000.0,5.907,0.79,2251+158
55098.847,22000.0,6.952,0.434,2251+158
55098.857,22000.0,7.167,0.451,2251+158
55120.793,22000.0,8.5,0.763,2251+158
55209.524,22000.0,17.432,1.412,2251+158
55209.533,22000.0,18.76,1.12,2251+158
53826.171,43000.0,15.245,5.632,2251+158
53826.202,43000.0,15.198,5.086,2251+158
53826.275,43000.0,13.273,4.126,2251+158
53827.171,43000.0,14.447,5.259,2251+158
53855.192,43000.0,11.284,1.974,2251+158
53879.077,43000.0,8.134,1.494,2251+158
53879.15,43000.0,7.952,1.351,2251+158
53913.067,43000.0,7.286,1.415,2251+158
53928.025,43000.0,5.808,0.91,2251+158
53930.952,43000.0,5.248,0.957,2251+158
53950.869,43000.0,5.829,1.326,2251+158
53950.942,43000.0,5.55,1.199,2251+158
53951.895,43000.0,5.895,1.255,2251+158
53952.942,43000.0,6.054,1.263,2251+158
53971.827,43000.0,5.389,1.419,2251+158
53972.827,43000.0,5.439,1.389,2251+158
53972.897,43000.0,5.579,1.208,2251+158
53998.744,43000.0,5.628,1.131,2251+158
53998.817,43000.0,5.308,0.976,2251+158
53999.713,43000.0,4.998,1.187,2251+158
53999.744,43000.0,5.008,1.033,2251+158
53999.817,43000.0,5.57,1.017,2251+158
54000.713,43000.0,5.322,1.165,2251+158
54000.744,43000.0,5.663,1.14,2251+158
54000.817,43000.0,5.577,1.042,2251+158
54025.661,43000.0,6.207,1.852,2251+158
54026.661,43000.0,5.267,1.599,2251+158
54276.963,43000.0,8.34,1.064,2251+158
54276.988,43000.0,10.253,1.25,2251+158
54277.067,43000.0,8.097,0.983,2251+158
54277.988,43000.0,9.148,1.357,2251+158
54320.827,43000.0,7.79,0.999,2251+158
54320.859,43000.0,8.483,0.996,2251+158
54320.942,43000.0,7.267,0.85,2251+158
54321.827,43000.0,10.079,1.258,2251+158
54321.859,43000.0,10.277,1.161,2251+158
54321.942,43000.0,6.742,0.8,2251+158
54322.827,43000.0,7.262,0.95,2251+158
54322.859,43000.0,8.621,1.014,2251+158
54365.817,43000.0,12.255,1.373,2251+158
54366.706,43000.0,13.278,1.726,2251+158
54366.734,43000.0,11.148,1.185,2251+158
54366.817,43000.0,11.245,1.255,2251+158
54389.66,43000.0,13.526,1.459,2251+158
54390.662,43000.0,12.142,1.408,2251+158
54390.775,43000.0,12.643,1.267,2251+158
54421.706,43000.0,15.476,1.971,2251+158
54422.577,43000.0,11.107,1.437,2251+158
54422.661,43000.0,14.401,1.762,2251+158
54424.578,43000.0,14.004,1.764,2251+158
54424.661,43000.0,15.697,1.928,2251+158
54434.635,43000.0,14.546,2.304,2251+158
54435.619,43000.0,14.423,2.329,2251+158
54437.579,43000.0,14.433,2.79,2251+158
54437.661,43000.0,15.794,2.402,2251+158
54451.619,43000.0,18.745,3.017,2251+158
54478.453,43000.0,13.558,1.922,2251+158
54478.534,43000.0,12.324,2.04,2251+158
54479.422,43000.0,10.604,1.421,2251+158
54479.523,43000.0,11.725,1.692,2251+158
54480.421,43000.0,11.922,1.639,2251+158
54480.453,43000.0,11.085,1.528,2251+158
54480.536,43000.0,12.931,1.852,2251+158
54505.338,43000.0,8.074,1.013,2251+158
54505.452,43000.0,10.174,1.888,2251+158
54506.305,43000.0,14.438,1.637,2251+158
54506.338,43000.0,12.095,1.432,2251+158
54506.372,43000.0,10.408,1.552,2251+158
54506.453,43000.0,14.161,1.799,2251+158
54507.338,43000.0,11.016,1.279,2251+158
54507.453,43000.0,12.883,1.661,2251+158
54523.297,43000.0,12.62,1.29,2251+158
54523.331,43000.0,13.145,1.421,2251+158
54523.41,43000.0,8.377,0.984,2251+158
54556.203,43000.0,10.066,1.007,2251+158
54557.172,43000.0,9.532,0.913,2251+158
54557.203,43000.0,9.446,0.987,2251+158
54572.276,43000.0,10.64,1.191,2251+158
54580.088,43000.0,13.095,1.223,2251+158
54580.203,43000.0,13.576,1.376,2251+158
54581.088,43000.0,15.339,1.378,2251+158
54581.202,43000.0,13.63,1.385,2251+158
54597.077,43000.0,13.289,1.583,2251+158
54599.161,43000.0,11.938,1.356,2251+158
54611.119,43000.0,13.795,1.388,2251+158
54612.119,43000.0,13.77,1.388,2251+158
54613.035,43000.0,14.099,1.29,2251+158
54613.119,43000.0,14.128,1.417,2251+158
54641.953,43000.0,21.346,2.231,2251+158
54642.037,43000.0,18.274,2.339,2251+158
54642.952,43000.0,19.557,1.99,2251+158
54643.036,43000.0,18.23,2.289,2251+158
54643.953,43000.0,17.687,1.909,2251+158
54644.036,43000.0,18.683,2.334,2251+158
54658.961,43000.0,21.031,3.246,2251+158
54658.994,43000.0,18.507,2.977,2251+158
54659.961,43000.0,20.796,3.191,2251+158
54659.994,43000.0,19.346,3.098,2251+158
54679.919,43000.0,24.3,2.463,2251+158
54679.953,43000.0,27.175,2.825,2251+158
54680.919,43000.0,24.097,2.45,2251+158
54680.952,43000.0,27.066,2.825,2251+158
54681.919,43000.0,25.345,2.586,2251+158
54681.953,43000.0,27.02,2.779,2251+158
54709.838,43000.0,29.327,3.311,2251+158
54709.869,43000.0,30.133,3.183,2251+158
54710.835,43000.0,27.246,2.897,2251+158
54710.869,43000.0,28.456,3.043,2251+158
54743.692,43000.0,26.5,3.432,2251+158
54743.775,43000.0,26.895,3.967,2251+158
54744.692,43000.0,24.804,3.269,2251+158
54744.775,43000.0,25.429,3.824,2251+158
54745.692,43000.0,26.846,3.518,2251+158
54745.775,43000.0,27.648,4.054,2251+158
54779.661,43000.0,19.545,2.82,2251+158
54780.661,43000.0,17.626,2.513,2251+158
54781.661,43000.0,19.569,2.808,2251+158
54808.55,43000.0,21.749,2.815,2251+158
54808.577,43000.0,21.368,2.657,2251+158
54809.525,43000.0,22.383,2.808,2251+158
54809.546,43000.0,21.152,2.688,2251+158
54809.577,43000.0,21.451,2.722,2251+158
54841.421,43000.0,16.226,2.842,2251+158
54841.536,43000.0,12.338,1.915,2251+158
54842.422,43000.0,12.918,2.151,2251+158
54842.535,43000.0,12.557,1.986,2251+158
54877.338,43000.0,10.086,1.291,2251+158
54877.453,43000.0,10.211,1.58,2251+158
54879.337,43000.0,8.23,1.069,2251+158
54879.453,43000.0,8.667,1.127,2251+158
54930.202,43000.0,6.271,0.625,2251+158
54930.286,43000.0,6.288,0.675,2251+158
54959.161,43000.0,4.993,0.569,2251+158
54961.161,43000.0,5.414,0.608,2251+158
55009.036,43000.0,6.32,0.716,2251+158
55010.036,43000.0,5.66,0.652,2251+158
55011.036,43000.0,5.599,0.662,2251+158
55151.588,43000.0,21.622,2.538,2251+158
55157.567,43000.0,24.63,2.825,2251+158
55161.56,43000.0,22.578,3.253,2251+158
55165.561,43000.0,26.784,3.406,2251+158
55167.547,43000.0,24.676,3.573,2251+158
55167.58,43000.0,23.35,3.441,2251+158
55167.661,43000.0,25.234,3.93,2251+158
55168.546,43000.0,23.043,3.276,2251+158
55168.578,43000.0,26.022,3.928,2251+158
55168.661,43000.0,23.518,3.605,2251+158
55174.511,43000.0,21.8,2.544,2251+158
55175.516,43000.0,21.712,2.576,2251+158
55176.521,43000.0,27.061,3.233,2251+158
55184.469,43000.0,21.223,2.49,2251+158
55185.479,43000.0,21.501,2.467,2251+158
55187.487,43000.0,26.418,3.06,2251+158
55189.477,43000.0,23.671,2.681,2251+158
55209.452,43000.0,26.337,2.863,2251+158
55209.536,43000.0,28.18,3.401,2251+158
55211.421,43000.0,25.738,2.651,2251+158
53354.541,5000.0,11.147,0.12,2251+158
53356.542,5000.0,11.116,0.14,2251+158
53356.55,5000.0,11.179,0.123,2251+158
53356.593,5000.0,11.084,0.121,2251+158
53356.6,5000.0,11.041,0.118,2251+158
53357.542,5000.0,11.101,0.119,2251+158
53357.55,5000.0,11.092,0.119,2251+158
53357.593,5000.0,11.087,0.12,2251+158
53357.6,5000.0,11.075,0.119,2251+158
53358.542,5000.0,11.019,0.132,2251+158
53358.55,5000.0,10.905,0.182,2251+158
53358.593,5000.0,11.127,0.12,2251+158
53358.6,5000.0,11.108,0.119,2251+158
53359.542,5000.0,11.222,0.12,2251+158
53359.55,5000.0,11.189,0.12,2251+158
53359.593,5000.0,11.156,0.119,2251+158
53359.6,5000.0,11.153,0.118,2251+158
53384.524,5000.0,11.304,0.164,2251+158
53385.524,5000.0,11.367,0.164,2251+158
53386.524,5000.0,11.346,0.163,2251+158
53387.524,5000.0,11.399,0.165,2251+158
53388.562,5000.0,11.632,0.592,2251+158
53445.322,5000.0,11.458,0.192,2251+158
53448.363,5000.0,11.695,0.197,2251+158
53449.328,5000.0,11.637,0.196,2251+158
53450.319,5000.0,11.713,0.197,2251+158
53451.325,5000.0,11.781,0.198,2251+158
53457.489,5000.0,11.084,0.241,2251+158
53457.497,5000.0,11.152,0.236,2251+158
53478.193,5000.0,11.329,0.211,2251+158
53478.201,5000.0,11.34,0.209,2251+158
53478.493,5000.0,11.424,0.215,2251+158
53503.426,5000.0,11.608,0.256,2251+158
53503.432,5000.0,11.371,0.258,2251+158
53503.437,5000.0,11.682,0.262,2251+158
53504.09,5000.0,11.377,0.259,2251+158
53504.096,5000.0,11.426,0.258,2251+158
53504.101,5000.0,11.691,0.274,2251+158
53504.188,5000.0,11.691,0.26,2251+158
53504.194,5000.0,11.436,0.255,2251+158
53504.2,5000.0,11.389,0.257,2251+158
53504.279,5000.0,11.243,0.249,2251+158
53504.285,5000.0,11.462,0.254,2251+158
53504.29,5000.0,11.159,0.251,2251+158
53504.388,5000.0,11.242,0.257,2251+158
53504.393,5000.0,11.352,0.261,2251+158
53504.399,5000.0,11.463,0.254,2251+158
53505.086,5000.0,11.302,0.255,2251+158
53505.184,5000.0,11.695,0.257,2251+158
53505.189,5000.0,11.232,0.247,2251+158
53505.195,5000.0,11.189,0.247,2251+158
53505.275,5000.0,11.404,0.253,2251+158
53505.281,5000.0,11.232,0.25,2251+158
53505.287,5000.0,11.158,0.249,2251+158
53505.384,5000.0,11.384,0.251,2251+158
53505.39,5000.0,11.383,0.251,2251+158
53505.395,5000.0,11.4,0.253,2251+158
53506.107,5000.0,11.728,0.267,2251+158
53506.113,5000.0,11.229,0.257,2251+158
53506.118,5000.0,11.17,0.258,2251+158
53506.188,5000.0,11.349,0.251,2251+158
53506.194,5000.0,11.103,0.242,2251+158
53506.199,5000.0,11.39,0.251,2251+158
53506.288,5000.0,11.399,0.247,2251+158
53506.294,5000.0,11.412,0.249,2251+158
53506.299,5000.0,11.098,0.243,2251+158
53511.339,5000.0,11.51,0.28,2251+158
53511.345,5000.0,11.531,0.279,2251+158
53544.014,5000.0,11.515,0.238,2251+158
53544.327,5000.0,11.336,0.236,2251+158
53545.14,5000.0,11.492,0.236,2251+158
53577.024,5000.0,11.044,0.269,2251+158
53578.091,5000.0,11.403,0.281,2251+158
53587.954,5000.0,11.286,0.294,2251+158
53606.041,5000.0,11.186,0.254,2251+158
53629.838,5000.0,11.489,0.249,2251+158
53630.032,5000.0,11.606,0.256,2251+158
53638.945,5000.0,11.292,0.206,2251+158
53639.773,5000.0,11.274,0.207,2251+158
53639.899,5000.0,11.085,0.205,2251+158
53640.055,5000.0,11.265,0.209,2251+158
53770.526,5000.0,10.878,0.179,2251+158
53770.535,5000.0,10.998,0.183,2251+158
53826.41,5000.0,10.531,0.29,2251+158
53975.033,5000.0,10.621,0.241,2251+158
53975.042,5000.0,10.63,0.236,2251+158
54011.93,5000.0,9.928,0.12,2251+158
54023.839,5000.0,10.178,0.223,2251+158
54023.849,5000.0,10.173,0.229,2251+158
54200.245,5000.0,9.496,0.186,2251+158
54200.254,5000.0,9.601,0.188,2251+158
54276.219,5000.0,9.049,0.28,2251+158
54290.118,5000.0,9.22,0.116,2251+158
54290.128,5000.0,9.291,0.129,2251+158
54297.187,5000.0,9.292,0.245,2251+158
54297.196,5000.0,9.341,0.245,2251+158
54347.935,5000.0,9.532,0.272,2251+158
54347.945,5000.0,9.454,0.268,2251+158
54347.954,5000.0,9.428,0.268,2251+158
54347.963,5000.0,9.429,0.269,2251+158
54373.977,5000.0,9.106,0.195,2251+158
54373.986,5000.0,9.125,0.197,2251+158
54396.918,5000.0,8.886,0.192,2251+158
54396.927,5000.0,8.864,0.195,2251+158
54563.42,5000.0,9.097,0.206,2251+158
54723.905,5000.0,9.437,0.221,2251+158
54723.914,5000.0,9.521,0.224,2251+158
54912.457,5000.0,10.101,0.399,2251+158
54912.466,5000.0,10.263,0.462,2251+158
54953.429,5000.0,10.678,0.663,2251+158
54953.438,5000.0,10.553,0.62,2251+158
55003.173,5000.0,9.802,0.305,2251+158
55003.183,5000.0,9.832,0.307,2251+158
55034.116,5000.0,10.303,0.424,2251+158
55034.125,5000.0,10.267,0.435,2251+158
55063.069,5000.0,10.073,0.382,2251+158
55063.079,5000.0,10.258,0.347,2251+158
55099.884,5000.0,9.652,0.206,2251+158
55099.894,5000.0,9.704,0.204,2251+158
55121.873,5000.0,9.546,0.222,2251+158
55121.882,5000.0,9.571,0.222,2251+158
55209.632,5000.0,9.483,0.257,2251+158
55209.642,5000.0,9.462,0.239,2251+158
53349.763,8000.0,9.799,0.235,2251+158
53349.87,8000.0,9.87,0.243,2251+158
53350.538,8000.0,9.563,0.239,2251+158
53350.624,8000.0,9.665,0.237,2251+158
53350.737,8000.0,9.664,0.233,2251+158
53350.843,8000.0,9.6,0.237,2251+158
53351.504,8000.0,9.969,0.248,2251+158
53351.725,8000.0,9.849,0.237,2251+158
53351.83,8000.0,9.513,0.234,2251+158
53352.501,8000.0,9.716,0.247,2251+158
53382.515,8000.0,10.091,0.321,2251+158
53383.48,8000.0,9.834,0.312,2251+158
53383.6,8000.0,10.174,0.323,2251+158
53387.774,8000.0,10.306,0.327,2251+158
53413.311,8000.0,10.131,0.247,2251+158
53413.342,8000.0,10.3,0.252,2251+158
53417.628,8000.0,10.183,0.216,2251+158
53457.332,8000.0,10.198,0.316,2251+158
53457.34,8000.0,10.017,0.311,2251+158
53464.281,8000.0,9.864,0.149,2251+158
53464.322,8000.0,10.013,0.15,2251+158
53478.341,8000.0,9.993,0.292,2251+158
53478.349,8000.0,9.934,0.284,2251+158
53504.145,8000.0,10.127,0.274,2251+158
53504.151,8000.0,10.226,0.295,2251+158
53504.156,8000.0,9.717,0.298,2251+158
53504.231,8000.0,10.018,0.248,2251+158
53504.236,8000.0,9.97,0.232,2251+158
53504.241,8000.0,10.104,0.229,2251+158
53504.33,8000.0,9.985,0.229,2251+158
53504.335,8000.0,9.761,0.232,2251+158
53504.341,8000.0,9.97,0.23,2251+158
53504.463,8000.0,9.815,0.238,2251+158
53504.468,8000.0,9.65,0.23,2251+158
53504.474,8000.0,9.98,0.245,2251+158
53505.141,8000.0,10.198,0.244,2251+158
53505.146,8000.0,10.025,0.249,2251+158
53505.152,8000.0,10.135,0.239,2251+158
53505.226,8000.0,9.957,0.275,2251+158
53505.231,8000.0,10.081,0.227,2251+158
53505.237,8000.0,10.098,0.233,2251+158
53505.326,8000.0,9.876,0.228,2251+158
53505.332,8000.0,9.963,0.232,2251+158
53505.337,8000.0,10.012,0.23,2251+158
53505.461,8000.0,9.852,0.237,2251+158
53505.466,8000.0,9.958,0.235,2251+158
53506.047,8000.0,10.234,0.252,2251+158
53506.052,8000.0,10.013,0.251,2251+158
53506.058,8000.0,10.157,0.24,2251+158
53506.173,8000.0,10.243,0.234,2251+158
53506.237,8000.0,10.123,0.231,2251+158
53506.243,8000.0,9.788,0.228,2251+158
53506.248,8000.0,10.175,0.232,2251+158
53506.346,8000.0,10.061,0.233,2251+158
53511.217,8000.0,9.862,0.243,2251+158
53511.223,8000.0,9.792,0.238,2251+158
53544.173,8000.0,9.66,0.291,2251+158
53544.986,8000.0,9.724,0.458,2251+158
53545.283,8000.0,9.875,0.316,2251+158
53576.867,8000.0,9.968,0.249,2251+158
53577.146,8000.0,9.483,0.227,2251+158
53577.978,8000.0,9.593,0.225,2251+158
53578.19,8000.0,9.576,0.23,2251+158
53587.89,8000.0,9.831,0.284,2251+158
53588.007,8000.0,9.543,0.226,2251+158
53605.905,8000.0,9.518,0.32,2251+158
53606.206,8000.0,9.594,0.33,2251+158
53629.873,8000.0,9.105,0.287,2251+158
53630.074,8000.0,9.333,0.303,2251+158
53636.897,8000.0,9.402,0.198,2251+158
53637.716,8000.0,9.502,0.207,2251+158
53638.036,8000.0,9.491,0.23,2251+158
53698.592,8000.0,10.022,0.35,2251+158
53698.889,8000.0,10.045,0.328,2251+158
53720.816,8000.0,9.99,0.244,2251+158
53722.709,8000.0,9.685,0.236,2251+158
53740.523,8000.0,10.321,0.238,2251+158
53741.419,8000.0,9.907,0.256,2251+158
53741.452,8000.0,10.174,0.226,2251+158
53741.525,8000.0,10.307,0.229,2251+158
53742.394,8000.0,10.619,0.24,2251+158
53742.416,8000.0,9.843,0.228,2251+158
53742.82,8000.0,10.096,0.248,2251+158
53744.419,8000.0,9.758,0.324,2251+158
53744.525,8000.0,10.205,0.231,2251+158
53765.601,8000.0,9.471,0.394,2251+158
53765.764,8000.0,10.688,0.397,2251+158
53804.487,8000.0,10.251,0.283,2251+158
53804.496,8000.0,10.186,0.307,2251+158
53851.357,8000.0,9.991,0.338,2251+158
53851.366,8000.0,9.791,0.33,2251+158
53860.303,8000.0,10.469,0.247,2251+158
53861.299,8000.0,10.69,0.232,2251+158
53908.254,8000.0,10.094,0.295,2251+158
53956.162,8000.0,9.282,0.384,2251+158
53974.085,8000.0,9.125,0.207,2251+158
54010.982,8000.0,8.832,0.341,2251+158
54022.885,8000.0,8.697,0.342,2251+158
54037.864,8000.0,8.339,0.241,2251+158
54058.764,8000.0,8.414,0.265,2251+158
54079.729,8000.0,8.085,0.138,2251+158
54080.763,8000.0,8.182,0.141,2251+158
54098.694,8000.0,8.115,0.185,2251+158
54121.636,8000.0,8.166,0.183,2251+158
54149.546,8000.0,7.945,0.217,2251+158
54199.416,8000.0,7.579,0.17,2251+158
54220.431,8000.0,7.517,0.297,2251+158
54276.16,8000.0,7.473,0.237,2251+158
54289.105,8000.0,7.387,0.109,2251+158
54296.177,8000.0,7.319,0.232,2251+158
54325.11,8000.0,7.377,0.221,2251+158
54344.018,8000.0,7.425,0.188,2251+158
54372.927,8000.0,7.431,0.207,2251+158
54420.827,8000.0,7.509,0.205,2251+158
54435.773,8000.0,7.656,0.242,2251+158
54476.666,8000.0,7.595,0.465,2251+158
54512.509,8000.0,8.278,0.224,2251+158
54576.516,8000.0,8.914,0.288,2251+158
54605.437,8000.0,9.32,0.31,2251+158
54640.352,8000.0,9.383,0.29,2251+158
54653.113,8000.0,9.553,0.296,2251+158
54667.089,8000.0,9.679,0.321,2251+158
54688.041,8000.0,9.752,0.232,2251+158
54722.971,8000.0,10.507,0.764,2251+158
54777.783,8000.0,10.728,0.277,2251+158
54951.396,8000.0,9.29,0.371,2251+158
55004.181,8000.0,10.037,0.901,2251+158
55004.272,8000.0,9.024,0.356,2251+158
55035.133,8000.0,8.562,0.201,2251+158
55035.224,8000.0,8.562,0.208,2251+158
55063.98,8000.0,8.305,0.106,2251+158
55064.066,8000.0,8.352,0.086,2251+158
55077.091,8000.0,8.362,0.268,2251+158
55100.992,8000.0,8.071,0.109,2251+158
55122.962,8000.0,7.992,0.201,2251+158
55207.671,8000.0,9.266,0.29,2251+158
53772.596,22000.0,1.188,0.295,2344+092
53772.613,22000.0,1.327,0.296,2344+092
53862.31,22000.0,1.112,0.279,2344+092
53862.323,22000.0,1.228,0.256,2344+092
53955.046,22000.0,1.428,0.312,2344+092
53955.059,22000.0,0.766,0.439,2344+092
53973.001,22000.0,1.318,0.32,2344+092
53973.015,22000.0,1.639,0.393,2344+092
54009.863,22000.0,1.595,0.327,2344+092
54009.877,22000.0,1.075,0.372,2344+092
54021.815,22000.0,1.095,0.286,2344+092
54021.828,22000.0,1.269,0.282,2344+092
54097.684,22000.0,0.764,0.425,2344+092
54097.697,22000.0,0.984,0.338,2344+092
54097.71,22000.0,1.174,0.314,2344+092
54097.724,22000.0,1.143,0.304,2344+092
54120.59,22000.0,1.039,0.469,2344+092
54120.603,22000.0,1.044,0.414,2344+092
54120.616,22000.0,0.978,0.366,2344+092
54148.534,22000.0,0.824,0.239,2344+092
54148.56,22000.0,1.072,0.221,2344+092
54219.269,22000.0,1.234,0.372,2344+092
54219.296,22000.0,1.325,0.289,2344+092
54219.309,22000.0,0.938,0.242,2344+092
54275.037,22000.0,0.9,0.5,2344+092
54275.064,22000.0,0.57,0.492,2344+092
54294.291,22000.0,0.626,0.423,2344+092
54294.304,22000.0,1.008,0.476,2344+092
54324.02,22000.0,0.796,0.369,2344+092
54324.034,22000.0,1.116,0.46,2344+092
54324.047,22000.0,0.926,0.374,2344+092
54324.06,22000.0,1.287,0.66,2344+092
54346.025,22000.0,1.049,0.641,2344+092
54346.038,22000.0,0.973,0.367,2344+092
54346.052,22000.0,0.954,0.464,2344+092
54346.065,22000.0,0.889,0.371,2344+092
54372.037,22000.0,1.704,0.474,2344+092
54372.051,22000.0,1.435,0.561,2344+092
54385.984,22000.0,1.197,0.224,2344+092
54456.632,22000.0,1.074,0.285,2344+092
54456.645,22000.0,0.896,0.215,2344+092
54456.658,22000.0,1.218,0.257,2344+092
54456.671,22000.0,0.811,0.259,2344+092
54460.624,22000.0,0.652,0.154,2344+092
54460.637,22000.0,0.771,0.133,2344+092
54511.515,22000.0,0.469,0.106,2344+092
54511.528,22000.0,1.063,0.12,2344+092
54511.541,22000.0,0.821,0.115,2344+092
54511.555,22000.0,0.933,0.113,2344+092
54561.498,22000.0,1.38,0.167,2344+092
54561.511,22000.0,0.983,0.142,2344+092
54575.479,22000.0,1.718,0.271,2344+092
54666.272,22000.0,0.846,0.31,2344+092
54722.097,22000.0,0.506,0.234,2344+092
54722.106,22000.0,0.42,0.212,2344+092
54912.345,22000.0,0.653,0.357,2344+092
54912.354,22000.0,1.2,0.432,2344+092
54953.318,22000.0,0.844,0.641,2344+092
55002.097,22000.0,0.924,0.601,2344+092
55032.121,22000.0,0.458,0.326,2344+092
55032.13,22000.0,0.922,0.406,2344+092
55062.025,22000.0,0.825,0.212,2344+092
55098.983,22000.0,0.86,0.288,2344+092
55208.736,22000.0,1.372,0.22,2344+092
53826.234,43000.0,1.07,0.615,2344+092
53826.307,43000.0,0.762,0.434,2344+092
53827.307,43000.0,0.76,0.409,2344+092
53855.223,43000.0,0.949,0.58,2344+092
53879.109,43000.0,1.154,0.539,2344+092
53879.182,43000.0,1.006,0.421,2344+092
53931.057,43000.0,0.547,0.373,2344+092
53950.897,43000.0,0.882,0.453,2344+092
53950.973,43000.0,0.9,0.365,2344+092
53951.92,43000.0,1.017,0.469,2344+092
53951.977,43000.0,1.028,0.405,2344+092
53952.973,43000.0,0.953,0.43,2344+092
53970.942,43000.0,0.625,0.395,2344+092
53971.942,43000.0,0.636,0.37,2344+092
53972.859,43000.0,0.81,0.473,2344+092
53972.942,43000.0,0.603,0.383,2344+092
53998.848,43000.0,0.64,0.329,2344+092
53999.848,43000.0,0.725,0.344,2344+092
54025.692,43000.0,0.665,0.566,2344+092
54025.765,43000.0,0.652,0.458,2344+092
54026.765,43000.0,0.655,0.582,2344+092
54277.025,43000.0,0.754,0.113,2344+092
54277.098,43000.0,0.596,0.107,2344+092
54320.89,43000.0,0.643,0.149,2344+092
54320.974,43000.0,0.517,0.144,2344+092
54321.89,43000.0,0.571,0.161,2344+092
54321.974,43000.0,0.599,0.133,2344+092
54366.767,43000.0,0.979,0.164,2344+092
54366.848,43000.0,0.848,0.169,2344+092
54422.608,43000.0,0.62,0.128,2344+092
54422.692,43000.0,0.585,0.119,2344+092
54424.612,43000.0,0.586,0.125,2344+092
54424.691,43000.0,0.707,0.134,2344+092
54435.65,43000.0,0.708,0.166,2344+092
54437.609,43000.0,0.786,0.272,2344+092
54437.692,43000.0,0.615,0.134,2344+092
54480.484,43000.0,0.764,0.153,2344+092
54480.567,43000.0,0.6,0.115,2344+092
54506.484,43000.0,0.845,0.131,2344+092
54507.4,43000.0,0.735,0.112,2344+092
54521.443,43000.0,0.661,0.097,2344+092
54522.442,43000.0,0.628,0.105,2344+092
54523.359,43000.0,0.604,0.095,2344+092
54556.261,43000.0,0.579,0.154,2344+092
54556.317,43000.0,0.82,0.109,2344+092
54557.236,43000.0,0.739,0.164,2344+092
54557.317,43000.0,0.628,0.117,2344+092
54580.234,43000.0,0.786,0.108,2344+092
54581.234,43000.0,0.722,0.104,2344+092
54597.191,43000.0,0.78,0.15,2344+092
54611.15,43000.0,0.819,0.117,2344+092
54612.15,43000.0,0.81,0.124,2344+092
54613.15,43000.0,0.697,0.109,2344+092
54642.066,43000.0,0.693,0.132,2344+092
54643.067,43000.0,0.765,0.121,2344+092
54643.984,43000.0,0.648,0.102,2344+092
54644.067,43000.0,0.628,0.118,2344+092
54658.942,43000.0,0.917,0.166,2344+092
54659.026,43000.0,0.762,0.152,2344+092
54660.025,43000.0,0.788,0.152,2344+092
54679.9,43000.0,0.857,0.14,2344+092
54679.984,43000.0,0.647,0.104,2344+092
54680.901,43000.0,1.024,0.145,2344+092
54680.984,43000.0,0.83,0.132,2344+092
54681.901,43000.0,0.887,0.131,2344+092
54681.984,43000.0,0.755,0.101,2344+092
54709.901,43000.0,0.995,0.138,2344+092
54710.817,43000.0,1.077,0.155,2344+092
54743.724,43000.0,1.364,0.326,2344+092
54743.807,43000.0,1.258,0.225,2344+092
54744.805,43000.0,1.32,0.287,2344+092
54745.806,43000.0,1.229,0.259,2344+092
54779.609,43000.0,0.488,0.108,2344+092
54779.692,43000.0,0.512,0.141,2344+092
54780.609,43000.0,0.654,0.125,2344+092
54780.692,43000.0,0.603,0.107,2344+092
54781.692,43000.0,0.657,0.133,2344+092
54807.609,43000.0,0.688,0.147,2344+092
54807.692,43000.0,0.714,0.15,2344+092
54808.692,43000.0,0.663,0.162,2344+092
54841.567,43000.0,1.113,0.285,2344+092
54842.567,43000.0,0.796,0.321,2344+092
54930.317,43000.0,0.488,0.089,2344+092
54959.191,43000.0,0.76,0.128,2344+092
54961.193,43000.0,0.632,0.116,2344+092
55008.984,43000.0,0.852,0.167,2344+092
55009.067,43000.0,0.96,0.164,2344+092
55009.985,43000.0,0.719,0.137,2344+092
55010.068,43000.0,0.891,0.149,2344+092
55010.986,43000.0,1.103,0.221,2344+092
55011.067,43000.0,0.856,0.157,2344+092
55167.609,43000.0,0.603,0.123,2344+092
55168.692,43000.0,0.811,0.136,2344+092
55209.483,43000.0,0.417,0.119,2344+092
55209.567,43000.0,0.512,0.112,2344+092
53770.555,5000.0,1.228,0.076,2344+092
53770.564,5000.0,1.278,0.076,2344+092
53770.573,5000.0,1.185,0.075,2344+092
53975.054,5000.0,1.355,0.076,2344+092
53975.068,5000.0,1.339,0.07,2344+092
54011.942,5000.0,1.351,0.08,2344+092
54011.955,5000.0,1.359,0.071,2344+092
54023.861,5000.0,1.342,0.086,2344+092
54023.874,5000.0,1.391,0.083,2344+092
54023.887,5000.0,1.378,0.064,2344+092
54297.209,5000.0,1.42,0.065,2344+092
54297.222,5000.0,1.493,0.069,2344+092
54373.997,5000.0,1.513,0.07,2344+092
54374.006,5000.0,1.41,0.07,2344+092
54396.938,5000.0,1.428,0.061,2344+092
54396.947,5000.0,1.432,0.054,2344+092
55003.216,5000.0,1.373,0.081,2344+092
55034.159,5000.0,1.441,0.157,2344+092
55063.113,5000.0,1.446,0.205,2344+092
55099.928,5000.0,1.384,0.059,2344+092
55099.938,5000.0,1.376,0.064,2344+092
55121.916,5000.0,1.4,0.064,2344+092
55121.926,5000.0,1.367,0.057,2344+092
55209.709,5000.0,1.35,0.09,2344+092
55209.718,5000.0,1.376,0.074,2344+092
53741.483,8000.0,1.196,0.029,2344+092
53742.444,8000.0,1.139,0.033,2344+092
53742.558,8000.0,1.254,0.028,2344+092
53744.556,8000.0,1.219,0.036,2344+092
53765.773,8000.0,1.373,0.16,2344+092
53804.545,8000.0,1.242,0.086,2344+092
53804.558,8000.0,1.263,0.089,2344+092
53831.357,8000.0,1.305,0.147,2344+092
53860.315,8000.0,1.358,0.209,2344+092
53956.199,8000.0,1.331,0.26,2344+092
53974.123,8000.0,1.38,0.062,2344+092
54011.019,8000.0,1.452,0.102,2344+092
54022.942,8000.0,1.33,0.077,2344+092
54037.914,8000.0,1.288,0.159,2344+092
54058.788,8000.0,1.337,0.065,2344+092
54079.753,8000.0,1.327,0.047,2344+092
54098.718,8000.0,1.367,0.06,2344+092
54121.66,8000.0,1.249,0.093,2344+092
54149.57,8000.0,1.364,0.082,2344+092
54199.44,8000.0,1.379,0.068,2344+092
54220.455,8000.0,1.496,0.144,2344+092
54275.143,8000.0,1.419,0.066,2344+092
54289.129,8000.0,1.437,0.048,2344+092
54296.201,8000.0,1.448,0.061,2344+092
54325.159,8000.0,1.384,0.084,2344+092
54344.067,8000.0,1.33,0.062,2344+092
54372.951,8000.0,1.321,0.072,2344+092
54420.865,8000.0,1.375,0.086,2344+092
54434.829,8000.0,1.43,0.066,2344+092
54476.704,8000.0,1.315,0.114,2344+092
54512.559,8000.0,1.323,0.1,2344+092
54576.54,8000.0,1.274,0.066,2344+092
54640.376,8000.0,1.379,0.087,2344+092
54653.136,8000.0,1.309,0.059,2344+092
54667.113,8000.0,1.264,0.061,2344+092
54688.065,8000.0,1.209,0.068,2344+092
54722.983,8000.0,1.148,0.295,2344+092
54777.807,8000.0,1.162,0.246,2344+092
55035.162,8000.0,1.232,0.082,2344+092
55064.003,8000.0,1.306,0.09,2344+092
55077.029,8000.0,1.172,0.102,2344+092
55100.93,8000.0,1.11,0.099,2344+092
55122.895,8000.0,1.221,0.103,2344+092
55207.609,8000.0,1.015,0.123,2344+092
