Tutte le misure, in ordine cronologico, a tutte le frequenze. 


        Name    HHMMSS       #MJD    Freq     Elev      Flux    e_Flux
                                       MHz      deg        Jy        Jy
        1221+21 153805 55326.65625  5125.0  29.2125    1.3643    0.0286
          3C147 154903 55326.66016  5125.0  67.4371    7.2801    0.0760
          3C147 160001 55326.66797  5125.0  65.6642    7.2620    0.0717
         MRK421 162656 55326.69141  5125.0  61.7528    0.6235    0.0273
        1221+21 163755 55326.69922  5125.0  39.8730    1.3825    0.0287
          3C147 164923 55326.70312  5125.0  57.8073    7.2978    0.0762
          3C147 135625 55327.58203  5125.0  83.5630    4.3832    0.2040
         MRK421 142320 55327.60547  5125.0  40.7081    0.6514    0.0283
        1221+21 143418 55327.61328  5125.0  18.6107    1.3084    0.0340
          3C147 144517 55327.61719  5125.0  76.9755    7.2017    0.0802
         MRK421 094716 55539.41406  5125.0  36.8300    0.6354    0.0412
         MRK421 100613 55539.43359  5125.0  31.8787    0.6425    0.0389
         MRK421 085605 55551.37891  5125.0  36.8317    0.6516    0.0438
         MRK421 091902 55551.40234  8305.0  31.8803    0.6518    0.0444
         MRK421 101916 55558.43359  5125.0  20.2104    0.6099    0.0548
         MRK421 005621 55219.03906 20000.0  75.0168    0.5679    0.0680 
          NESCI 010120 55219.04688 20000.0  75.1531    0.2169    0.0601 
         MRK421 005225 55220.03906 20000.0  75.0172    0.4844    0.0668 
          NESCI 005724 55220.04297 20000.0  75.1514    0.1703    0.0372 
           3C84 155457 55220.66406 20000.0  63.9903   19.7712    0.4119 
         MRK421 004433 55222.03125 20000.0  75.0166    0.3730    0.0764 
          NESCI 004932 55222.03516 20000.0  75.1513    0.1439    0.0620 
         MRK421 151021 55312.63281 20000.0  37.4140    0.3434    0.1386 
         FLAGGED MRK421 162818 55315.68750 20000.0  52.9930    0.0512    0.0133 
         MRK421 103913 55558.44922  8305.0  17.3089    0.6073    0.2134  
         MRK421 104911 55558.45312  8305.0  15.8979    0.5260    0.2049  
         MRK421 093205 55570.40234  5125.0  20.2115    0.6297    0.0511
         MRK421 094203 55570.40625  5125.0  18.7482    0.6471    0.0529
         MRK421 084540 55578.36719  5125.0  23.2107    0.6161    0.1058
         MRK421 085039 55578.37109  5125.0  21.6996    0.6322    0.0511
         MRK421 081220 55588.34375  5125.0  21.6999    0.6442    0.0488
         MRK421 082119 55588.35156  5125.0  20.2124    0.7108    0.0458
         MRK421 064607 55615.28516  5125.0  18.7516    0.6832    0.0438
         MRK421 204422 55655.86719  5125.0  80.8573    0.6808    0.0347
         MRK421 205441 55655.87500  5125.0  82.1599    0.7122    0.0371
         MRK501 210504 55655.88281  5125.0  25.9997    1.5345    0.0403
         MRK501 211433 55655.88672  5125.0  27.4568    1.5180    0.0437
         MRK421 202001 55685.85156  5125.0  77.2968    0.6712    0.0438
         MRK421 203330 55685.85938  5125.0  75.1221    0.6630    0.0672
         MRK501 204536 55685.86719  5125.0  41.8435    1.4675    0.0451
         MRK501 205523 55685.87500  5125.0  43.5908    1.4675    0.0426
         MRK421 211018 55685.88672  5125.0  68.8393    0.7072    0.0357
         MRK421 212253 55685.89453  5125.0  66.6280    0.7637    0.0458
         MRK501 213427 55685.90234  5125.0  50.2423    1.6565    0.2618
         MRK501 214606 55685.91016  5125.0  52.2790    1.4029    0.2829
         MRK421 171954 55697.72656  5125.0  74.6049    0.7279    0.0492
         MRK421 173009 55697.73047  5125.0  76.2393    0.7607    0.0919
         MRK421 173756 55706.73828  5125.0  82.5642    0.6832    0.0442
         MRK501 175955 55706.75391  5125.0  28.3713    1.4525    0.0517
         MRK501 180918 55706.75781  5125.0  29.8438    1.4763    0.0553
         MRK421 134933 55754.57812  5125.0  76.9068    0.5987    0.0910
      0948+0022 140013 55754.58594  5125.0  45.4681    0.3320    0.0324
      S41849+67 141106 55754.59375  5125.0  29.0607    1.6540    0.0624
         MRK501 164045 55754.69922  5125.0  46.4481    1.4835    0.0392
       1510-089 165137 55754.70703  5125.0  29.0745    1.3778    0.0409
         MRK421 114353 55774.49219  5125.0  68.5810    0.5533    0.0464
      0948+0022 115233 55774.49609  5125.0  45.4284    0.3162    0.0453
      S41849+67 120138 55774.50391  5125.0  26.0347    1.4984    0.0766
      0948+0022 134239 55783.57422  5125.0  38.2984    0.3985    0.0437
     BS0846+513 135557 55783.58594  5125.0  56.5606    0.1790    0.0498
         MRK421 141509 55783.59766  5125.0  73.9265    0.6070    0.0458
         MRK501 142711 55783.60547  5125.0  43.0183    1.4721    0.0465
      S41849+67 143754 55783.61328  5125.0  40.1473    1.5199    0.0734
       1510-089 144845 55783.62109  5125.0  28.1072    1.3970    0.0451
      0948+0022 122035 55812.51562  5125.0  34.3134    0.2295    0.0580
     BS0846+513 123409 55812.53125  5125.0  51.6621    0.2179    0.0410
         MRK421 125206 55812.53906  5125.0  68.5571    0.5999    0.0653
         MRK501 130336 55812.54688  5125.0  48.3381    1.4804    0.0352
      S41849+67 131547 55812.55469  5125.0  43.1099    1.4484    0.0547
       1510-089 132739 55812.56250  5125.0  31.4103    1.5346    0.0469
      0948+0022 122140 55826.51953  5125.0  26.0781    0.3651    0.0366
     BS0846+513 123348 55826.53125  5125.0  43.3802    0.1941    0.0467
         MRK421 125045 55826.53906  5125.0  58.9925    0.6249    0.0317
         MRK501 130245 55826.54688  5125.0  57.7607    1.4602    0.0362
      S41849+67 131609 55826.55469  5125.0  48.4391    1.4618    0.0511
       1510-089 132811 55826.56250  5125.0  35.2560    1.4388    0.0403
      0948+0022 104011 55847.44922  5125.0  28.9980    0.4268    0.0505
         MRK421 111009 55847.46875  5125.0  62.2141    0.5866    0.0441
         MRK501 112144 55847.47656  5125.0  54.5882    1.4971    0.0394
       1510-089 114731 55847.49219  5125.0  34.2710    1.4936    0.0457
      0948+0022 085418 55881.37500  5125.0  24.7498    0.2878    0.0860
         MRK421 092235 55881.39453  5125.0  57.5504    0.5791    0.0851
         MRK501 093405 55881.40234  5125.0  59.1978    1.4149    0.0891
      S41849+67 094812 55881.41016  5125.0  49.2531    1.4149    0.1344
       1510-089 100016 55881.42188  5125.0  35.5976    2.4730    0.1044
     BS0846+513 102436 55881.43750  5125.0  31.7190    0.2934    0.1338
       1510-089 090751 55896.38281  5125.0  35.8229    2.8148    0.0828
    PKS1346-112 091338 55896.38672  5125.0  32.4405    0.1901    0.0797
       1510-089 092335 55896.39453  5125.0  36.1973    2.7761    0.0952
       1510-089 095403 55908.41406  5125.0  34.6071    3.2088    0.0700
       1510-089 100950 55908.42578  5125.0  33.6495    3.3072    0.0709
    PKS1346-112 101501 55908.42969  5125.0  22.5746    0.2051    0.0701
          3C273 091426 55916.38672  5125.0  26.2615   38.2125    0.6747
       1156+295 093434 55916.40234  5125.0  36.1063    2.2414    0.0745
       1510-089 094301 55916.40625  5125.0  33.2838    3.6557    0.1299
       1219+285 122106 55916.51562  5125.0  11.3545    0.4174    0.0908
       1354+195 122449 55916.51953  5125.0  20.4867    1.8978    0.1550
       1606+105 123656 55916.52734  5125.0  35.3485    0.9922    0.0596
       0716+714 124651 55916.53516  5125.0  25.8968    1.4763    0.0946
       1730-130 125541 55916.54297  5125.0  24.8361    4.5387    0.1480
       1741-038 130111 55916.54688  5125.0  33.7187    3.0708    0.0633
       1611+343 132134 55916.55859  5125.0  43.5270    2.9427    0.0646
       1633+382 132653 55916.56250  5125.0  48.2821    2.9634    0.0769
          3C345 133209 55916.56641  5125.0  49.4418    7.6200    0.4111
         MRK501 133722 55916.57031  5125.0  50.4047    1.4300    0.0587
       0954+658 134939 55916.57812  5125.0  20.9739    1.0877    0.0844
       0836+710 135526 55916.58203  5125.0  25.3820    2.1031    0.0923
       2223-052 161638 55916.67969  5125.0  39.6601    6.0556    0.0661
       2230+114 162223 55916.68750  5125.0  56.0421    4.2432    0.0645
        3C454.3 162806 55916.69141  5125.0  61.1396   13.5837    0.1116
       2344+092 163403 55916.69531  5125.0  54.7924    1.2065    0.0582
       0954+658 164634 55916.70312  5125.0  21.7957    1.3107    0.2262
       0836+710 165153 55916.70703  5125.0  30.1221    2.0853    0.0864
        NRAO150 171742 55916.72266  5125.0  52.0099    6.4749    0.0749
       0235+164 172413 55916.72656  5125.0  49.1955    1.1096    0.0737
       0336-019 173823 55916.73828  5125.0  27.5707    2.8392    0.0622
       0420-014 174346 55916.74219  5125.0  21.9780    4.7595    0.1003
       0528+134 174928 55916.74609  5125.0  22.0220    1.4643    0.0657
         MRK421 062511 55615.26953 20000.0  21.8531    0.5771    0.0419   
         MRK421 225952 55655.96094 20000.0  70.5650    0.5836    0.0874   
         MRK421 234259 55655.99219 20000.0  62.9019    0.5258    0.0721   
         MRK421 235322 55655.99609 20000.0  61.0476    0.5390    0.0741   
         MRK501 000350 55656.00391 20000.0  55.5367    1.2589    0.1433   
         MRK501 001519 55656.01172 20000.0  57.5714    1.1406    0.1105   
         MRK421 085511 55570.37891  8305.0  24.7422    0.5054    0.2312 
         MRK421 091208 55570.38672  8305.0  23.2102    0.5255    0.2340 
         MRK421 091036 55578.38672  8305.0  18.7484    0.5783    0.2656 
         MRK421 092034 55578.39453  8305.0  17.3102    0.5831    0.2605 
         MRK421 084115 55588.36719  8305.0  17.3125    0.5024    0.2391 
         MRK421 085114 55588.37109  8305.0  15.9014    0.4557    0.2203 
         MRK421 070504 55615.30078  8305.0  15.9020    0.5763    0.1472 
           DR21 072201 55615.30859  8305.0  65.5404   20.1251    1.2505 
           DR21 073200 55615.31641  8305.0  67.2235   20.1472    1.2561 
         MRK421 214453 55655.91016  8305.0  81.9532    0.6255    0.1034 
         MRK501 221016 55655.92578  8305.0  36.3693    1.2008    0.1828 
         MRK421 190815 55685.80078  8305.0  83.2183    0.6313    0.1068 
         MRK421 192005 55685.80859  8305.0  83.6270    0.6114    0.1388 
         MRK501 193213 55685.81641  8305.0  29.8176    1.3285    0.1506 
         MRK501 194114 55685.82422  8305.0  31.3296    1.3188    0.1195 
         MRK421 162525 55697.68750  8305.0  64.9858    0.7109    0.1271 
         MRK421 163450 55697.69531  8305.0  66.6637    0.6940    0.1310 
         MRK501 165338 55697.70703  8305.0  13.6401    1.1366    0.2445 
         MRK421 164110 55706.69922  8305.0  74.0350    0.6158    0.1192 
         MRK421 165054 55706.70703  8305.0  75.6816    0.6128    0.1242 
         MRK501 170024 55706.71094  8305.0  19.4703    1.3163    0.1592 
         MRK421 151321 55754.63672  8305.0  82.1928    0.6407    0.2431 
      0948+0022 152631 55754.64844  8305.0  39.4300    0.4571    0.1165 
      S41849+67 153757 55754.65625  8305.0  35.5323    2.1416    0.1649 
         MRK501 154844 55754.66016  8305.0  37.6475    1.3300    0.1276 
       1510-089 155858 55754.66797  8305.0  22.6530    1.4630    0.1436 
      0948+0022 133446 55770.56641  8305.0  43.7802    0.3490    0.1221 
      S41849+67 134421 55770.57422  8305.0  31.4844    1.5885    0.2194 
         MRK501 135306 55770.58203  8305.0  28.9686    1.2173    0.1522 
       1510-089 140130 55770.58594  8305.0  14.5066    0.9497    0.2986 
      0948+0022 123914 55774.53125  8305.0  45.5652    0.4392    0.1668 
         MRK501 125642 55774.54297  8305.0  22.7653    1.2524    0.1647 
      0948+0022 151258 55783.63672  8305.0  25.7242    0.4247    0.1281 
         MRK421 154159 55783.65625  8305.0  58.6032    0.5362    0.1187 
         MRK501 155329 55783.66406  8305.0  58.1432    1.2926    0.1183 
      S41849+67 160728 55783.67578  8305.0  48.6574    2.0398    0.1690 
       1510-089 161929 55783.68359  8305.0  35.3547    1.4917    0.1373 
     BS0846+513 135422 55812.58594  8305.0  39.6871    0.1849    0.1103 
         MRK421 141032 55812.59375  8305.0  54.5831    0.5343    0.1396 
         MRK501 142202 55812.60156  8305.0  62.1619    1.3402    0.1394 
      S41849+67 143606 55812.60938  8305.0  50.8651    1.9655    0.1810 
     BS0846+513 150922 55826.63672  8305.0  22.8289    0.1624    0.1468 
         MRK501 153436 55826.65234  8305.0  83.9521    1.3082    0.3127 
      S41849+67 154906 55826.66016  8305.0  62.3477    1.9263    0.2654 
       1510-089 155924 55826.66797  8305.0  31.4841    1.8441    0.1897 
         MRK501 160914 55826.67969  8305.0  84.4171    1.2195    0.1763 
      S41849+67 162236 55826.68359  8305.0  64.4287    1.8075    0.4199 
     BS0846+513 121821 55847.51953  8305.0  33.9054    0.3320    0.1030 
         MRK501 124458 55847.53516  8305.0  69.4095    1.3968    0.1125 
      S41849+67 125849 55847.54297  8305.0  54.7555    1.7691    0.1490 
       1510-089 130951 55847.55078  8305.0  36.2040    2.2876    0.1309 
         MRK421 112328 55881.47656  8305.0  36.5207    0.5498    0.1063 
         MRK501 113432 55881.48438  8305.0  80.4647    1.3231    0.1183 
      S41849+67 114821 55881.49609  8305.0  60.4482    1.7321    0.1127 
       1510-089 115850 55881.50391  8305.0  33.4146    3.9511    0.1679 
         MRK421 121055 55881.51172  8305.0  28.7508    0.6122    0.1022 
       1510-089 082603 55896.35547  8305.0  33.6988    4.3029    0.2017 
       1510-089 084139 55896.36719  8305.0  34.6936    4.3781    0.2065 
       1510-089 080728 55908.33984  8305.0  35.3311    4.8602    0.2111 
       1510-089 082314 55908.35156  8305.0  35.8984    4.9493    0.2093 
          3C273 101511 55916.42969  8305.0  16.0382   29.6253    0.8340 
          3C279 102034 55916.43359  8305.0  13.9358   15.5683    0.4498 
         MRK421 102941 55916.44141  8305.0  23.0705    0.5185    0.1177 
       1156+295 103512 55916.44531  8305.0  25.5256    1.9514    0.1223 
       1510-089 104148 55916.44922  8305.0  27.7094    5.2249    0.2116 
       1219+285 110822 55916.46875  8305.0  22.9658    0.4199    0.1141 
       1606+105 112003 55916.47656  8305.0  46.9167    0.8294    0.1095 
       0716+714 113017 55916.48438  8305.0  26.2769    1.6087    0.1538 
       1741-038 114455 55916.49219  8305.0  40.2427    3.9507    0.1746 
       1611+343 141726 55916.59766  8305.0  33.7975    2.8390    0.1488 
       1633+382 142247 55916.60156  8305.0  38.6471    2.9754    0.1466 
          3C345 142803 55916.60547  8305.0  39.8897    6.8964    0.3603 
         MRK501 143315 55916.60938  8305.0  40.8138    1.3203    0.1221 
       0954+658 144536 55916.61719  8305.0  20.0810    0.9776    0.1408 
       2223-052 151426 55916.63672  8305.0  40.4008    4.9833    0.1920 
       2230+114 152012 55916.64062  8305.0  56.9929    3.1968    0.1088 
       2344+092 153145 55916.64844  8305.0  50.7409    1.1080    0.1336 
       0954+658 154421 55916.66016  8305.0  20.2942    0.9814    0.1358 
       0836+710 154937 55916.66406  8305.0  27.5148    2.3715    0.1581 
          3C66A 182122 55916.76953  8305.0  77.5271    0.7830    0.1015 
        NRAO150 182640 55916.77344  8305.0  62.7703    8.1215    0.1957 
       0235+164 183337 55916.77734  8305.0  58.2665    1.1029    0.1249 
       0336-019 184734 55916.78516  8305.0  36.6386    3.2201    0.1442 
       0420-014 185259 55916.78906  8305.0  32.3013    5.1453    0.1982 
       0528+134 185914 55916.79297  8305.0  34.2228    1.2086    0.1177 
       1510-089 094954 55930.41406  5125.0  27.3387    3.7897    0.0819
         MRK501 100407 55930.42188  5125.0  78.2716    1.4715    0.0644
       1334-127 072652 55943.31250  5125.0  23.5720    2.5537    0.0681
          3C273 073239 55943.31641  5125.0  25.5541   37.4171    0.2394
          3C279 073804 55943.32031  5125.0  22.7555   11.3186    0.1358
         MRK421 074746 55943.32812  5125.0  31.9682    0.5487    0.0671
       1156+295 075248 55943.33203  5125.0  35.3295    2.2146    0.0588
       1510-089 075932 55943.33594  5125.0  33.0837    3.9887    0.0645
       1219+285 082446 55943.35547  5125.0  32.9556    0.4751    0.0679
       1354+195 083030 55943.35938  5125.0  43.1711    2.0256    0.0588
       1606+105 083640 55943.36328  5125.0  53.1181    1.0263    0.0527
       0716+714 084727 55943.37109  5125.0  27.5899    1.1491    0.0887
       1730-130 085648 55943.37500  5125.0  32.3905    4.4563    0.0644
       1741-038 090250 55943.37891  5125.0  41.6306    3.0173    0.0709
       1633+382 093313 55943.40234  5125.0  70.8755    2.9664    0.0962
          3C345 093851 55943.40625  5125.0  71.9388    7.3224    0.2215
       0954+658 095653 55943.41797  5125.0  26.7218    1.0610    0.0756
       0836+710 100241 55943.42188  5125.0  27.2830    2.1376    0.0842
       2223-052 102425 55943.43750  5125.0  22.8188    6.0439    0.0902
       2230+114 103005 55943.44141  5125.0  35.4832    4.3348    0.0626
        3C454.3 103526 55943.44531  5125.0  35.9043   13.4787    0.1031
       2344+092 104133 55943.44922  5125.0  23.0545    1.1740    0.0708
       1807+698 143334 55943.60938  5125.0  45.3825    1.8060    0.0824
          BLLAC 144531 55943.61719  5125.0  75.1025    5.0031    0.0856
        NRAO150 145926 55943.62891  5125.0  47.1325    6.9803    0.0762
       0235+164 151100 55943.63672  5125.0  44.9229    1.0928    0.0607
       0336-019 152520 55943.64453  5125.0  23.4580    2.9622    0.0732
       0420-014 153044 55943.64844  5125.0  17.5509    4.7099    0.0845
       0528+134 153625 55943.65234  5125.0  17.2177    1.5407    0.0677
       0440-003 154205 55943.65625  5125.0  16.9714    3.0657    0.0725
       1354+195 093613 55973.40234  5125.0  10.7879    2.0446    0.1107
       1606+105 094823 55973.41016  5125.0  25.8584    1.0869    0.0936
       1730-130 095416 55973.41406  5125.0  19.8003    4.3963    0.1142
       1741-038 095945 55973.41797  5125.0  28.3149    3.0763    0.1136
       1611+343 102404 55973.43750  5125.0  35.3874    3.1047    0.1079
       1633+382 102955 55973.44141  5125.0  40.2202    2.9751    0.0996
          3C345 103441 55973.44531  5125.0  41.4472    7.3780    0.2564
         MRK501 103953 55973.44922  5125.0  42.3800    1.4547    0.0863
       0716+714 104654 55973.45312  5125.0  27.9680    0.8400    0.1445
       1807+698 110530 55973.46484  5125.0  53.0716    1.8887    0.1359
          BLLAC 151600 55973.64062  5125.0  48.9356    4.9439    0.1038
       2223-052 152814 55973.64844  5125.0  20.5608    5.9765    0.1266
       2230+114 153322 55973.65234  5125.0  33.3551    4.2649    0.0903
        3C454.3 153845 55973.65625  5125.0  39.2100   13.1420    0.1679
       2344+092 154419 55973.66016  5125.0  41.7621    1.2517    0.0806
        NRAO150 155715 55973.66797  5125.0  74.4423    7.7993    0.1274
       0235+164 160503 55973.67188  5125.0  62.1382    1.0231    0.1070
       0336-019 161809 55973.68359  5125.0  42.6851    3.2179    0.0765
       0420-014 162406 55973.68750  5125.0  40.5891    4.4828    0.0953
       0528+134 162923 55973.69141  5125.0  46.3495    1.5640    0.0734
       0440-003 163508 55973.69531  5125.0  40.8867    3.1155    0.0963
       0736+017 170208 55973.71484  5125.0  22.0265    1.3701    0.0982
       0735+178 170747 55973.71875  5125.0  34.7041    0.8699    0.0840
       0827+243 171317 55973.72266  5125.0  30.5139    1.2402    0.0913
          OJ287 171840 55973.72266  5125.0  24.5967    5.3002    0.1230
       0829+046 172416 55973.72656  5125.0  18.9435    0.7917    0.1004
       1334-127 051646 55974.22266  5125.0  24.4842    2.6778    0.0934
          3C273 052234 55974.22656  5125.0  26.8822   36.6101    0.5339
          3C279 052906 55974.23047  5125.0  23.7860   11.4731    0.2054
         MRK421 053536 55974.23438  5125.0  33.5749    0.5974    0.0892
       1156+295 054109 55974.23828  5125.0  37.0640    2.1175    0.0905
       1219+285 054749 55974.24609  5125.0  39.1928    0.4713    0.0882
       1510-089 055536 55974.25000  5125.0  33.2365    4.0194    0.1016
       1334-127 061401 55974.26172  5125.0  17.3984    2.7741    0.1183
          3C273 062206 55974.26953  5125.0  16.9157   38.4134    1.2709
          3C279 062731 55974.27344  5125.0  14.7557   11.6030    0.3787
       1611+343 091710 56002.39062  5125.0  27.6757    3.1076    0.0947
       1633+382 092049 56002.39062  5125.0  32.8701    3.4481    0.1866
          3C345 092422 56002.39453  5125.0  34.4494    7.3814    0.2186
         MRK501 092753 56002.39453  5125.0  35.6245    1.5427    0.1418
       1807+698 093215 56002.39844  5125.0  51.4603    1.8146    0.1545
       0836+710 094515 56002.41016  5125.0  26.6691    2.2634    0.2899
       2223-052 130753 56002.55078  5125.0  24.6719    5.6980    0.1191
       2230+114 131148 56002.55078  5125.0  38.2044    4.2104    0.0955
        3C454.3 131529 56002.55469  5125.0  44.3478   12.4601    0.1520
          BLLAC 132412 56002.56250  5125.0  48.8139    5.0653    0.1144
        NRAO150 133628 56002.57031  5125.0  70.0840    7.5881    0.1257
       0235+164 134208 56002.57422  5125.0  61.5717    0.9941    0.0868
       0336-019 134632 56002.57422  5125.0  40.1140    3.1716    0.1058
       0420-014 135015 56002.57812  5125.0  36.5277    4.3135    0.1026
       0528+134 135418 56002.58203  5125.0  39.6556    1.5105    0.0948
       0440-003 135817 56002.58594  5125.0  36.1064    3.0615    0.0918
       0735+178 142043 56002.60156  5125.0  24.9925    0.8188    0.0998
       0736+017 143125 56002.60547  5125.0  15.5045    1.1191    0.1053
       0827+243 143526 56002.60938  5125.0  22.5117    1.3179    0.1269
          OJ287 143908 56002.61328  5125.0  16.2886    5.0943    0.1341
       0829+046 144259 56002.61719  5125.0  10.3327    0.7352    0.1352
         MRK421 211528 56002.89062  5125.0  74.3689    0.7378    0.1654
       1156+295 212112 56002.89062  5125.0  60.4906    1.9715    0.0920
       1219+285 212447 56002.89453  5125.0  56.7360    0.4772    0.0818
       1354+195 212858 56002.89844  5125.0  35.0377    2.1982    0.1577
          3C273 213311 56002.89844  5125.0  36.7284   36.7906    0.3642
          3C279 213658 56002.90234  5125.0  26.9992   12.3545    0.1508
       1334-127 214050 56002.90625  5125.0  15.8822    3.0511    0.1086
       1606+105 214513 56002.91016  5125.0   8.5497    1.0438    0.2129
       1510-089 214914 56002.91406  5125.0   5.4869    4.2313    0.1268
         MRK421 215849 56002.91797  5125.0  81.2165    0.5893    0.0911
       1156+295 220508 56002.92188  5125.0  67.4580    2.0561    0.0859
       1219+285 220855 56002.92578  5125.0  63.9983    0.4817    0.0989
          3C273 221738 56002.92969  5125.0  41.9797   36.9238    0.3673
          3C279 222125 56002.93359  5125.0  32.4208   12.3868    0.1536
       1334-127 222515 56002.93750  5125.0  21.7549    3.1832    0.1129
       1807+698 102327 56033.43359  5125.0  37.0566    1.8047    0.1274
       0716+714 102815 56033.43750  5125.0  40.1969    1.4655    0.1487
       0954+658 103236 56033.44141  5125.0  25.8435    1.1223    0.3090
       0836+710 103640 56033.44531  5125.0  34.9544    2.2381    0.1382
       2223-052 105834 56033.46094  5125.0  25.7393    5.8311    0.1125
       2230+114 110230 56033.46094  5125.0  39.4059    4.2124    0.0911
        3C454.3 110611 56033.46484  5125.0  45.5448   12.4300    0.1336
       2344+092 111004 56033.46875  5125.0  47.2075    1.0586    0.1341
          BLLAC 111456 56033.47266  5125.0  50.0707    5.0876    0.1022
          3C66A 112218 56033.47656  5125.0  84.6952    2.3283    0.1096
        NRAO150 112702 56033.48047  5125.0  68.9010    7.2834    0.1180
       0336-019 113703 56033.48438  5125.0  39.4574    3.4095    0.1045
       0420-014 114046 56033.48828  5125.0  35.6445    4.1376    0.1099
       0528+134 114451 56033.49219  5125.0  38.4003    1.5611    0.0920
       0440-003 114850 56033.49609  5125.0  35.1564    3.2368    0.0991
       0736+017 120922 56033.50781  5125.0  11.9781    1.0996    0.1074
       0735+178 121316 56033.51172  5125.0  24.0005    0.8838    0.1084
       0827+243 121701 56033.51562  5125.0  19.6408    1.2819    0.1203
       0829+046 122433 56033.51953  5125.0   7.3806    0.6969    0.1452
         MRK421 160118 56033.69141  5125.0  46.0526    0.7344    0.1124
       1156+295 163908 56033.69531  5125.0  32.2452    2.0216    0.1183
       1219+285 164243 56033.69922  5125.0  28.4173    0.5451    0.1164
          3C273 165059 56033.70312  5125.0  10.9478   34.1666    0.4399
         MRK421 170559 56033.71484  5125.0  51.7137    0.6765    0.0813
       1156+295 171125 56033.71875  5125.0  37.9513    1.8656    0.1076
       1219+285 171500 56033.72266  5125.0  34.0950    0.4949    0.1248
       1354+195 171911 56033.72266  5125.0  12.3798    1.9715    0.1282
          3C273 172319 56033.72656  5125.0  16.6152   35.0636    0.4494
          3C279 172706 56033.73047  5125.0   6.9354   11.6561    0.1892
         MRK421 175555 56033.75000  5125.0  60.5979    0.6111    0.0715
       1156+295 180121 56033.75391  5125.0  46.8660    1.9002    0.1013
       1219+285 180456 56033.75391  5125.0  42.9962    0.4411    0.1029
       1354+195 180907 56033.75781  5125.0  21.1401    2.0452    0.1163
          3C273 181318 56033.76172  5125.0  25.0545   35.8707    0.3220
          3C279 181705 56033.76562  5125.0  15.3210   12.4615    0.1923
         MRK421 184556 56033.78516  5125.0  69.5104    0.6000    0.0705
       1156+295 185123 56033.78906  5125.0  55.7119    2.0392    0.1041
       1219+285 185458 56033.78906  5125.0  51.8850    0.5734    0.1134
       1354+195 185908 56033.79297  5125.0  30.0612    2.2758    0.1439
          3C273 190320 56033.79688  5125.0  32.8297   35.9895    0.3294
          3C279 190707 56033.79688  5125.0  23.0737   12.6188    0.1921
       1334-127 191059 56033.80078  5125.0  11.7692    3.0180    0.1221
         MRK421 193358 56033.82031  5125.0  77.7600    0.6535    0.0940
       1156+295 193944 56033.82031  5125.0  63.8685    1.9635    0.0920
       1219+285 194331 56033.82422  5125.0  60.2053    0.4959    0.0951
          3C273 195159 56033.82812  5125.0  39.3348   35.9847    0.3256
          3C279 195546 56033.83203  5125.0  29.6591   12.6671    0.1445
       1611+343 073228 56037.31641  5125.0  22.3159    3.0908    0.1106
       1633+382 073607 56037.32031  5125.0  27.5577    2.7491    0.1133
          3C345 073939 56037.32031  5125.0  29.1907    7.1404    0.2063
         MRK501 074310 56037.32422  5125.0  30.3214    1.3677    0.1006
       1807+698 074726 56037.32812  5125.0  48.6397    1.6728    0.1258
       0716+714 075219 56037.33203  5125.0  31.1897    1.1843    0.1357
       0954+658 075634 56037.33203  5125.0  20.4025    0.9028    0.1299
       0836+710 080034 56037.33594  5125.0  27.6940    2.2429    0.1320
       2230+114 082753 56037.35547  5125.0  56.0608    3.8963    0.0942
        3C454.3 083144 56037.35938  5125.0  61.2257   11.6453    0.1529
       2344+092 083554 56037.35938  5125.0  54.6725    1.1423    0.0771
          BLLAC 084144 56037.36328  5125.0  74.2458    4.8022    0.1055
          3C66A 084845 56037.37109  5125.0  60.1752    2.0664    0.1243
        NRAO150 085240 56037.37109  5125.0  47.3329    6.9908    0.1265
       0235+164 090230 56037.37891  5125.0  44.8547    1.1040    0.0843
       0336-019 090645 56037.38281  5125.0  21.7919    3.1111    0.1005
       0420-014 091026 56037.38281  5125.0  15.4898    3.8968    0.1326
       0528+134 091424 56037.38672  5125.0  14.7337    1.6487    0.1337
       0440-003 091819 56037.39062  5125.0  14.2846    3.0261    0.1162
       1611+343 093714 56037.40234  5125.0   4.3449    2.8228    0.1263
       1633+382 094054 56037.40625  5125.0   9.6402    2.8072    0.1258
          3C345 094425 56037.40625  5125.0  11.4395    7.0172    0.2658
         MRK501 094755 56037.41016  5125.0  12.3288    1.1909    0.1448
       1807+698 095219 56037.41406  5125.0  38.2355    1.6656    0.1248
       0716+714 095706 56037.41797  5125.0  39.0598    1.1650    0.1347
       0954+658 100128 56037.41797  5125.0  24.9505    0.8962    0.2434
       0836+710 100531 56037.42188  5125.0  33.9186    2.1370    0.1668
    TXS0536+145 102344 56037.44141  5125.0  28.1221    0.2482    0.0650
    TXS0536+145 105207 56037.46094  5125.0  33.1174    0.2728    0.0592
    TXS0536+145 111832 56037.52734  5125.0  48.5118    0.2581    0.0558
          3C207 211227 56042.88672  5125.0  33.6854    1.6157    0.0842
       1055+567 211851 56042.89062  5125.0  71.3410    0.1764    0.0751
          3C380 212605 56042.89453  5125.0  32.8648    5.0171    0.0902
       1510-089 213649 56042.90234  5125.0  26.9837    4.9130    0.0882
          3C207 224339 56042.94922  5125.0  17.5682    1.7795    0.1543
          3C380 225741 56042.96094  5125.0  46.4447    5.0405    0.0853
       1510-089 230803 56042.96875  5125.0  34.9170    4.9412    0.1090
          3C380 002312 56043.01953  5125.0  60.1073    5.0043    0.0902
       1510-089 003310 56043.02734  5125.0  35.8894    4.8953    0.0889
         CTA102 014437 56043.07422  5125.0  12.2154    4.2476    0.1034
       1055+567 015224 56043.08203  5125.0  35.0522    0.3837    0.0906
          3C380 015942 56043.08594  5125.0  75.9882    5.0396    0.0975
       1510-089 020907 56043.09375  5125.0  29.1841    5.0044    0.0806
        NRAO150 101003 56068.42578  5125.0  78.1134    7.0819    0.1390
       0336-019 102238 56068.43359  5125.0  43.3231    3.1182    0.0855
       0420-014 102624 56068.43750  5125.0  41.7277    3.8324    0.1289
    TXS0536+145 104000 56068.45312  5125.0  50.6826    0.2980    0.0286
       0440-003 105440 56068.45703  5125.0  43.3263    3.1399    0.0711
          OJ287 112731 56068.48047  5125.0  28.3243    5.2301    0.1253
       0829+046 113122 56068.48047  5125.0  22.2536    0.6851    0.0862
       1807+698 140935 56068.59375  5125.0  24.8324    1.7930    0.0541
       0716+714 141523 56068.59766  5125.0  63.1564    0.8221    0.0453
       0836+710 142524 56068.60547  5125.0  61.8128    2.2783    0.0466
          3C207 143234 56068.60938  5125.0  54.5904    1.6184    0.0273
          3C273 144934 56068.62109  5125.0  13.8018   35.5862    0.3737
         MRK421 150351 56068.62891  5125.0  54.1899    0.6041    0.0444
       1156+295 150746 56068.63281  5125.0  40.5334    1.8987    0.0337
       1219+285 151152 56068.63672  5125.0  36.7548    0.4268    0.0528
       1354+195 151633 56068.64062  5125.0  15.0657    1.9044    0.0494
       0716+714 152738 56068.64844  5125.0  62.2212    0.8301    0.0578
       0954+658 153302 56068.65234  5125.0  65.4854    0.9244    0.0456
       0836+710 153802 56068.65625  5125.0  63.6434    2.3341    0.0536
          3C207 154620 56068.65625  5125.0  58.5960    1.6710    0.0758
          3C273 170706 56068.71484  5125.0  35.9141   35.8448    0.1954
          3C279 171123 56068.71875  5125.0  26.2413   13.3657    0.0830
       1334-127 171544 56068.72266  5125.0  15.1539    2.9259    0.0612
       1606+105 172038 56068.72656  5125.0   7.7360    1.0561    0.0630
       1510-089 172510 56068.73047  5125.0   4.7081    4.7412    0.0859
       1611+343 173434 56068.73438  5125.0  25.1344    2.9730    0.1614
          3C273 180026 56068.75391  5125.0  42.2671   35.9210    0.1953
          3C279 180444 56068.75391  5125.0  32.7773   13.1828    0.0917
       1334-127 180904 56068.75781  5125.0  22.2144    2.8972    0.0586
       1606+105 181401 56068.76172  5125.0  17.2569    1.1621    0.0458
       1510-089 181833 56068.76562  5125.0  13.4968    5.0692    0.0728
       1611+343 182757 56068.77344  5125.0  34.0691    3.1574    0.0524
         MRK501 184008 56068.78125  5125.0  32.5612    1.5181    0.0478
          3C380 184432 56068.78516  5125.0  24.9316    5.2148    0.0758
          3C273 185410 56068.78906  5125.0  46.3529   36.4594    0.2130
          3C279 185827 56068.79297  5125.0  37.4183   13.3833    0.0823
       1334-127 190245 56068.79297  5125.0  27.4772    3.0005    0.1096
       2230+114 082332 56096.35156  5125.0  24.2508    4.6583    0.0745
        3C454.3 082713 56096.35547  5125.0  30.3941   12.9549    0.1042
       2344+092 083102 56096.35547  5125.0  34.1026    1.2661    0.0432
          BLLAC 083535 56096.35938  5125.0  35.4791    5.7159    0.0692
       0235+164 085549 56096.37500  5125.0  59.7201    1.0820    0.0357
       0336-019 090004 56096.37891  5125.0  43.7435    3.9049    0.0454
       0420-014 090351 56096.37891  5125.0  43.2925    4.0749    0.0447
       0440-003 093201 56096.39844  5125.0  44.6627    3.3339    0.0440
       0736+017 095334 56096.41406  5125.0  30.5789    1.0828    0.1022
       0735+178 095729 56096.41797  5125.0  43.6480    0.9335    0.0367
       0827+243 100119 56096.41797  5125.0  39.4712    1.3150    0.0869
          OJ287 100500 56096.42188  5125.0  33.2516    5.3028    0.1035
       0829+046 100854 56096.42578  5125.0  26.9119    0.7966    0.0363
          3C207 112243 56096.47656  5125.0  44.1874    1.6480    0.0342
       0846+513 112858 56096.48438  5125.0  63.6320    0.2154    0.0270
      0948+0022 114014 56096.49219  5125.0  27.0262    0.2273    0.0241
       1156+295 162652 56096.68750  5125.0  71.5204    1.8237    0.0398
       1354+195 163504 56096.69141  5125.0  48.0591    1.8685    0.0343
          3C273 163925 56096.69531  5125.0  44.7800   33.5582    0.2160
          3C279 164312 56096.69922  5125.0  35.4841   12.7799    0.0872
       1334-127 164701 56096.70312  5125.0  25.2981    2.6873    0.0415
       0716+714 170025 56096.71094  5125.0  49.3103    0.7532    0.0525
       1611+343 171508 56096.72266  5125.0  40.5315    3.0356    0.0410
       1633+382 171915 56096.72266  5125.0  39.5972    2.5881    0.0461
          3C345 172318 56096.72656  5125.0  39.8377    7.0775    0.1323
         MRK501 172720 56096.73047  5125.0  38.6705    1.4130    0.0565
          3C380 173145 56096.73438  5125.0  29.7586    4.8635    0.0474
       1606+105 173727 56096.73828  5125.0  30.1165    1.1261    0.0411
       1510-089 174130 56096.74219  5125.0  24.1246    4.8374    0.0646
          BLLAC 091101 56139.38281  5125.0   7.9135    5.2450    0.0789
        NRAO150 091946 56139.39062  5125.0  61.1757    7.5549    0.0570
       0235+164 092417 56139.39453  5125.0  30.3468    1.0560    0.0540
       0336-019 092818 56139.39844  5125.0  26.2972    3.5116    0.0586
       0420-014 093159 56139.39844  5125.0  32.3604    3.8650    0.0440
       0528+134 093608 56139.40234  5125.0  53.1353    1.5639    0.0346
       0440-003 094014 56139.40625  5125.0  34.7085    3.3832    0.0488
       0736+017 100124 56139.41797  5125.0  47.0211    0.8348    0.0706
       0829+046 101335 56139.42969  5125.0  48.5695    0.6573    0.0450
         MRK421 103659 56139.44531  5125.0  56.3781    0.6256    0.0497
       1156+295 104054 56139.44531  5125.0  42.6399    1.6575    0.0469
       1219+285 104429 56139.44922  5125.0  38.7713    0.3827    0.0458
       1354+195 104840 56139.45312  5125.0  16.9573    1.9429    0.0586
          3C273 105247 56139.45703  5125.0  21.1142   33.3060    0.3592
          3C279 105635 56139.45703  5125.0  11.4026   12.8476    0.1480
       1807+698 111144 56139.46875  5125.0  27.9650    1.7449    0.0522
       0716+714 111647 56139.47266  5125.0  61.1743    0.6921    0.0495
       0954+658 112120 56139.47656  5125.0  67.1686    0.8540    0.0410
       0836+710 112546 56139.48047  5125.0  63.5836    2.4776    0.0676
         MRK421 174901 56140.74609  5125.0  42.2443    0.7613    0.0450
       1219+285 175630 56140.75000  5125.0  49.2212    0.5024    0.0511
       1354+195 180045 56140.75391  5125.0  57.5404    1.8831    0.0504
          3C273 180520 56140.75391  5125.0  30.3451   35.3479    0.2122
          3C279 180904 56140.75781  5125.0  27.2504   13.6059    0.1004
       1334-127 181249 56140.76172  5125.0  25.4190    2.7641    0.0463
       1611+343 182128 56140.76953  5125.0  79.1926    3.0064    0.0369
       1633+382 182644 56140.77344  5125.0  81.1524    2.6035    0.0427
          3C345 183137 56140.77344  5125.0  81.9139    6.9196    0.1635
         MRK501 183615 56140.77734  5125.0  80.9077    1.3738    0.0364
          3C380 184142 56140.78125  5125.0  67.2301    4.9074    0.0537
       1606+105 184841 56140.78516  5125.0  55.7941    1.0839    0.0370
       1510-089 185306 56140.78906  5125.0  33.6598    3.7836    0.0462
       1730-130 185855 56140.79297  5125.0  30.8259    4.2730    0.0628
       1741-038 190311 56140.79688  5125.0  39.4214    3.1726    0.0478
       2230+114 191804 56140.80469  5125.0  11.7218    4.0990    0.0948
        3C454.3 192141 56140.80859  5125.0  11.6399   11.6473    0.1547
          BLLAC 192604 56140.81250  5125.0  37.2242    5.0012    0.1084
         MRK421 193757 56140.82031  5125.0  24.3909    0.8646    0.0810
       1156+295 194146 56140.82422  5125.0  27.2942    1.9519    0.0651
       1219+285 194519 56140.82422  5125.0  29.8743    0.5816    0.0732
       1354+195 194920 56140.82812  5125.0  40.4449    2.0058    0.0390
          3C273 195346 56140.83203  5125.0  12.2364   35.8154    1.0660
          3C273 152819 56175.64844  5125.0  33.2323   33.3954    0.2292
          3C279 153202 56175.64844  5125.0  29.7359   13.4288    0.1015
       1334-127 153547 56175.65234  5125.0  27.2965    2.4518    0.0677
       1510-089 154350 56175.66016  5125.0  36.0566    3.4389    0.0524
       0836+710 160602 56175.67188  5125.0  35.6054    2.0933    0.1796
          3C345 162830 56175.69141  5125.0  83.9455    6.7162    0.1992
          3C380 163938 56175.69531  5125.0  69.8018    4.8222    0.0664
       1730-130 164609 56175.69922  5125.0  31.0677    3.7888    0.0726
       1741-038 165024 56175.70312  5125.0  39.7287    3.1022    0.0746
       2230+114 170516 56175.71484  5125.0  12.5832    3.7636    0.1030
        3C454.3 170854 56175.71484  5125.0  12.4855   10.3219    0.1523
       1334-127 183228 56175.77344  5125.0   3.4534    2.5062    0.3653
       1510-089 184712 56175.78516  5125.0  18.7881    3.7078    0.1357
       1606+105 191434 56175.80469  5125.0  38.8513    1.0602    0.1395
       1611+343 191837 56175.80859  5125.0  54.5221    3.2343    0.0738
       1633+382 192246 56175.80859  5125.0  59.4329    3.0384    0.1125
          3C380 193524 56175.82031  5125.0  78.7822    4.8946    0.0848
       1730-130 194157 56175.82422  5125.0  26.1167    4.5649    0.2931
       2223-052 200138 56175.83594  5125.0  30.0210    4.7035    0.1172
       2230+114 200533 56175.83984  5125.0  43.4877    3.8577    0.0778
        3C454.3 200912 56175.84375  5125.0  44.0865   10.6699    0.1511
          BLLAC 201755 56175.84766  5125.0  69.7043    5.8513    0.1271
       2223-052 195755 56204.83203  5125.0  39.7366    4.8497    0.0469
       2230+114 200156 56204.83594  5125.0  55.9567    3.9401    0.0373
        3C454.3 200549 56204.83984  5125.0  58.8913   10.7042    0.0653
       2344+092 200952 56204.84375  5125.0  47.7514    1.1581    0.0743
          3C66A 201448 56204.84766  5125.0  44.2399    2.3735    0.0490
        NRAO150 201841 56204.84766  5125.0  33.9156    7.8236    0.0530
      B20218+35 202247 56204.85156  5125.0  42.7546    1.3860    0.0410
       1807+698 213043 56204.89844  5125.0  44.8613    1.8113    0.0506
       0954+658 213957 56204.90625  5125.0  21.4236    0.6202    0.1428
       1611+343 214919 56204.91016  5125.0  10.5726    3.3916    0.0726
       1633+382 215329 56204.91406  5125.0  15.8152    3.1158    0.0626
          3C345 215730 56204.91797  5125.0  17.4901    7.1233    0.1941
         MRK501 220131 56204.92188  5125.0  18.4124    1.3778    0.0551
          3C380 220607 56204.92188  5125.0  36.6486    4.9703    0.0463
       2223-052 221944 56204.93359  5125.0  35.6621    4.9820    0.0584
       2230+114 222343 56204.93359  5125.0  51.1053    4.1148    0.0373
        3C454.3 222724 56204.93750  5125.0  56.9747   10.8815    0.0633
          BLLAC 223705 56204.94531  5125.0  64.3002    5.6846    0.0497
          3C66A 224405 56204.94922  5125.0  70.0175    2.2128    0.0486
        NRAO150 224804 56204.95312  5125.0  55.8918    7.9874    0.0562
      B20218+35 225808 56204.96094  5125.0  70.2802    1.4384    0.0320
       0235+164 230358 56204.96484  5125.0  54.1284    0.9919    0.0332
       0336-019 230813 56204.96484  5125.0  31.0823    3.6393    0.0492
       0420-014 231155 56204.96875  5125.0  25.5938    4.0197    0.0460
       0528+134 232101 56204.97656  5125.0  26.7060    1.5385    0.0349
    TXS0536+145 232432 56204.98438  5125.0  28.3592    0.5747    0.0249
       0440-003 233906 56204.98828  5125.0  27.6195    3.3533    0.0390
       0735+178 235816 56205.00000  5125.0  13.3185    1.0529    0.0775
       0735+178 000016 56205.00000  5125.0  13.5820    1.0540    0.0813
       0846+513 002239 56205.02344  5125.0  28.8336    0.1997    0.0279
       1807+698 005629 56205.04297  5125.0  29.8995    1.8111    0.0484
       0716+714 010123 56205.04688  5125.0  48.7910    0.9074    0.0547
       0954+658 010547 56205.04688  5125.0  33.9161    0.7399    0.0481
       0836+710 010950 56205.05078  5125.0  43.0376    2.7543    0.0529
          3C380 011511 56205.05469  5125.0  13.4330    4.9943    0.0683
        3C454.3 013055 56205.06641  5125.0  28.2207   11.3716    0.0733
       2344+092 013444 56205.06641  5125.0  32.0673    1.2519    0.0508
          BLLAC 013916 56205.07031  5125.0  33.5570    5.8674    0.0636
          3C66A 014413 56205.07422  5125.0  77.3778    2.3411    0.0491
        NRAO150 015015 56205.07812  5125.0  82.7019    7.8503    0.0663
      B20218+35 015733 56205.08594  5125.0  71.5625    1.4760    0.0310
       0235+164 020335 56205.08984  5125.0  58.2196    1.0165    0.0276
       0336-019 020753 56205.08984  5125.0  43.6080    3.6545    0.0773
       0420-014 021140 56205.09375  5125.0  43.8586    3.9983    0.0399
       0528+134 022130 56205.10156  5125.0  54.4533    1.4879    0.0380
    TXS0536+145 022503 56205.10938  5125.0  55.9918    0.5606    0.0274
       0440-003 024017 56205.11328  5125.0  45.0920    3.2762    0.0411
       0736+017 030154 56205.12891  5125.0  33.0683    0.9442    0.0372
       0735+178 030549 56205.13281  5125.0  46.4313    1.0497    0.0628
       0827+243 030940 56205.13281  5125.0  42.4764    1.1448    0.0370
          OJ287 031321 56205.13672  5125.0  36.2562    4.4855    0.0767
       0829+046 031714 56205.14062  5125.0  29.6718    0.7097    0.0399
          3C207 033317 56205.15234  5125.0  37.6044    1.6979    0.0319
       0846+513 033921 56205.16016  5125.0  57.1909    0.1654    0.0305
      0948+0022 035037 56205.16797  5125.0  20.3897    0.2043    0.0399
         MRK421 041359 56205.17969  5125.0  34.9867    0.9674    0.0454
       1156+295 041754 56205.17969  5125.0  21.0888    1.6602    0.0692
       1219+285 042129 56205.18359  5125.0  17.3774    0.4678    0.0718
       1807+698 043605 56205.19531  5125.0  24.4255    1.8424    0.0994
       0716+714 044119 56205.19922  5125.0  62.5658    0.9765    0.0771
       0836+710 045002 56205.20312  5125.0  59.9090    2.6576    0.0495
          3C66A 051045 56205.21875  5125.0  41.6073    2.3456    0.0647
        NRAO150 051449 56205.22266  5125.0  58.8963    8.6796    1.1681
      B20218+35 051904 56205.22656  5125.0  36.1921    1.4855    0.0477
       0235+164 053114 56205.23047  5125.0  25.6390    1.0152    0.0823
       0336-019 053515 56205.23438  5125.0  22.1848    3.8016    0.0705
       0420-014 053856 56205.23828  5125.0  28.6497    4.0817    0.0525
       0528+134 055402 56205.24609  5125.0  48.3040    1.5102    0.0356
    TXS0536+145 055733 56205.25781  5125.0  48.3658    0.6174    0.0661
       0440-003 061217 56205.26172  5125.0  27.3858    3.2409    0.0566
       0736+017 062851 56205.27344  5125.0  46.2571    0.6440    0.0371
       0735+178 063250 56205.27344  5125.0  61.6609    0.8228    0.0434
          OJ287 064109 56205.28125  5125.0  64.9919    3.6151    0.0386
          3C207 070250 56205.29688  5125.0  58.5284    1.4926    0.0388
      0948+0022 072853 56205.31641  5125.0  45.4333    0.1753    0.0259
         MRK421 075050 56205.32812  5125.0  72.9834    0.9416    0.0507
       1156+295 075457 56205.33203  5125.0  59.1291    1.3963    0.1795
       1219+285 075832 56205.33594  5125.0  55.3514    0.4995    0.0521
       1354+195 080243 56205.33594  5125.0  33.6059    1.9323    0.0593
       1334-127 081436 56205.34375  5125.0  14.7260    2.4515    0.0656
       1807+698 082246 56205.35156  5125.0  32.9576    1.7706    0.0476
       0716+714 082726 56205.35547  5125.0  55.8048    0.8668    0.0489
       0954+658 083145 56205.35938  5125.0  68.7504    0.7285    0.0405
       0836+710 083559 56205.35938  5125.0  60.5983    2.5917    0.0527
       1606+105 084200 56205.36328  5125.0  11.2119    1.0867    0.0529
       1611+343 084601 56205.36719  5125.0  26.7980    3.3159    0.0512
       1633+382 085008 56205.37109  5125.0  26.4033    2.9843    0.0488
          3C345 085412 56205.37500  5125.0  26.8579    7.2005    0.1913
         MRK501 085813 56205.37500  5125.0  25.7827    1.3498    0.0412
          3C380 090237 56205.37891  5125.0  19.6590    4.9290    0.0759
        NRAO150 091738 56205.39062  5125.0  24.4663    7.7376    0.0912
       0528+134 092944 56205.39844  5125.0  11.6375    1.7127    0.0906
       0736+017 100209 56205.42188  5125.0  20.1043    0.9990    0.1073
       0735+178 100558 56205.42188  5125.0  30.5718    1.0980    0.0513
       0827+243 100951 56205.42578  5125.0  43.4168    1.2196    0.0809
          OJ287 101331 56205.42969  5125.0  44.2603    4.3027    0.0463
       0829+046 101731 56205.42969  5125.0  28.4010    0.7042    0.0572
          3C207 103623 56205.44531  5125.0  32.8587    1.6367    0.0350
       0846+513 104223 56205.45312  5125.0  51.9998    0.1512    0.0239
      0948+0022 105349 56205.46094  5125.0  30.5383    0.1960    0.0456
         MRK421 111829 56205.47266  5125.0  66.0832    0.8984    0.0471
       1219+285 112640 56205.48047  5125.0  70.3305    0.4472    0.0306
       1334-127 114334 56205.49219  5125.0  32.4490    2.2337    0.0364
       1510-089 115215 56205.49609  5125.0  32.6189    3.3472    0.0409
       1807+698 115952 56205.50391  5125.0  50.2683    1.6677    0.0458
       0716+714 120456 56205.50391  5125.0  38.9298    0.8047    0.0465
       0954+658 120915 56205.50781  5125.0  51.5489    0.7577    0.0442
       0836+710 121317 56205.51172  5125.0  44.2596    2.5678    0.0549
       1606+105 122031 56205.51562  5125.0  47.4059    1.0480    0.0297
       1611+343 122438 56205.51953  5125.0  65.0245    3.1075    0.0370
       1633+382 122852 56205.52344  5125.0  63.9082    2.8117    0.0351
          3C345 123257 56205.52344  5125.0  63.9459    6.8015    0.1592
         MRK501 123659 56205.52734  5125.0  62.7058    1.3467    0.0357
          3C380 124130 56205.53125  5125.0  50.2412    4.7236    0.0404
       1730-130 124730 56205.53516  5125.0  19.9651    4.0454    0.0585
       1741-038 125143 56205.53906  5125.0  26.7971    3.0044    0.0451
          BLLAC 130615 56205.54688  5125.0  18.7860    5.4308    0.1262
        NRAO150 131058 56205.55078  5125.0   6.3476    6.7765    0.0987
       0827+243 132937 56205.56250  5125.0   9.1495    1.2406    0.1406
          3C380 133401 56205.56641  5125.0  58.6780    4.6737    0.0394
       1730-130 134420 56205.57422  5125.0  26.4002    4.0874    0.0417
       1741-038 134833 56205.57812  5125.0  34.0985    2.9268    0.0550
       0735+178 085510 56250.37500  5125.0  11.4591    1.0588    0.0910
       0827+243 090040 56250.37891  5125.0  24.2553    1.0914    0.0742
          OJ287 090417 56250.37891  5125.0  25.2131    4.5287    0.0649
         MRK421 101033 56250.42578  5125.0  46.7394    0.8092    0.1108
       1156+295 101428 56250.42969  5125.0  51.1599    1.6595    0.0354
       1219+285 101804 56250.42969  5125.0  53.7817    0.5174    0.0861
          3C273 102659 56250.43750  5125.0  34.1574   34.2536    0.2237
          3C279 103042 56250.44141  5125.0  30.5178   13.7904    0.0987
       1334-127 103427 56250.44141  5125.0  27.8638    2.4690    0.0659
       1807+698 105147 56250.45312  5125.0  59.0181    1.7470    0.0610
       0716+714 105636 56250.45703  5125.0  31.9493    1.7958    0.0632
       0954+658 110050 56250.46094  5125.0  40.4939    0.7865    0.0481
       0836+710 110449 56250.46484  5125.0  36.0424    2.7839    0.0596
       1606+105 111207 56250.46875  5125.0  55.8686    1.0803    0.0708
       1611+343 111633 56250.47266  5125.0  79.5673    3.1465    0.0562
         MRK501 113321 56250.48438  5125.0  82.4046    1.4337    0.2031
          3C380 113911 56250.48828  5125.0  68.8881    4.2059    0.1083
       1730-130 114539 56250.49219  5125.0  30.7873    4.3592    0.1062
       1741-038 114956 56250.49609  5125.0  39.3734    2.8765    0.0822
        NRAO150 071214 56272.30078  5125.0  11.1627    7.8836    0.3256
       0735+178 073213 56272.31641  5125.0  11.1237    1.0262    0.0866
          OJ287 073944 56272.32031  5125.0  24.8670    3.9426    0.0744
       1354+195 085749 56272.37500  5125.0  60.4061    1.9772    0.0742
          3C273 090222 56272.37891  5125.0  33.8879   33.6717    0.2080
          3C279 090606 56272.38281  5125.0  30.2894   13.7326    0.0911
       1334-127 090951 56272.38281  5125.0  27.7005    2.3795    0.1586
       1510-089 091755 56272.39062  5125.0  36.1492    2.6529    0.0496
       1606+105 094725 56272.41016  5125.0  55.8887    1.0598    0.0470
       1633+382 095715 56272.41797  5125.0  82.2989    3.4704    0.1542
          3C345 100224 56272.42188  5125.0  83.3396    7.1984    0.2035
         MRK501 100722 56272.42578  5125.0  82.4753    1.4597    0.0440
          3C380 101313 56272.42969  5125.0  68.9793    5.0218    0.0558
       1730-130 101942 56272.43359  5125.0  30.8147    4.8789    0.1034
       1741-038 102357 56272.43750  5125.0  39.4075    3.5456    0.0399
       2223-052 110047 56272.46094  5125.0   5.0928    4.8504    0.0899
       2230+114 110439 56272.46484  5125.0  16.2913    4.5000    0.0852
        3C454.3 110816 56272.46484  5125.0  16.1545   11.3126    0.1394
          BLLAC 143559 56272.60938  5125.0  76.7578    5.6300    0.0639
        NRAO150 144447 56272.61719  5125.0  25.3815    7.0641    0.1734
      B20218+35 144850 56272.62109  5125.0  31.3822    1.7247    0.1097
       0235+164 145418 56272.62500  5125.0  16.7898    0.8733    0.0931
       1807+698 152659 56272.64453  5125.0  53.1243    1.8034    0.0803
       0716+714 153146 56272.64844  5125.0  28.7858    2.3041    0.1341
       0954+658 153558 56272.65234  5125.0  20.0238    0.8060    0.1474
       0836+710 153953 56272.65625  5125.0  26.1802    2.8118    0.1047
       1611+343 154940 56272.66016  5125.0  24.6342    3.3994    0.0866
       1633+382 155349 56272.66406  5125.0  29.7711    3.2425    0.0470
          3C345 155751 56272.66797  5125.0  31.3037    7.0726    0.1757
         MRK501 160153 56272.67188  5125.0  32.3732    1.4206    0.0382
          3C380 160628 56272.67578  5125.0  50.7057    4.8277    0.0518
       2223-052 162741 56272.68750  5125.0  40.4651    4.8138    0.0861
       2230+114 163142 56272.69141  5125.0  57.1511    4.0679    0.0424
        3C454.3 163533 56272.69531  5125.0  61.6892   10.1200    0.0646
       2344+092 163939 56272.69531  5125.0  53.2648    1.2040    0.0463
          BLLAC 164535 56272.69922  5125.0  79.2561    5.7872    0.0624
        NRAO150 165650 56272.70703  5125.0  43.1723    7.0637    0.0527
      B20218+35 170102 56272.71094  5125.0  54.3682    1.3576    0.0375
       0235+164 171307 56272.71875  5125.0  41.2847    1.0636    0.0558
       0336-019 171723 56272.72266  5125.0  18.2775    3.9699    0.1543
       0420-014 172104 56272.72656  5125.0  11.7899    4.0009    0.0653
       0528+134 173005 56272.73047  5125.0  11.8071    1.8375    0.0844
    TXS0536+145 173337 56272.74219  5125.0  13.4670    0.4973    0.0552
       1807+698 184536 56272.78516  5125.0  36.6205    1.7251    0.0490
       0836+710 185849 56272.79297  5125.0  35.3263    2.7874    0.0519
       1633+382 190401 56272.79688  5125.0   3.6553    3.0108    0.0704
          3C345 190803 56272.80078  5125.0   5.4387    6.7361    0.2129
         MRK501 191205 56272.80078  5125.0   6.1275    1.4241    0.0670
          3C380 191639 56272.80469  5125.0  23.4206    4.9065    0.0778
       2223-052 193053 56272.81641  5125.0  23.4326    4.8879    0.0684
       2230+114 193448 56272.81641  5125.0  36.8149    4.1135    0.0430
        3C454.3 193830 56272.82031  5125.0  42.9596   10.2277    0.0802
       2344+092 194224 56272.82422  5125.0  45.1522    1.1705    0.0393
          BLLAC 194711 56272.82812  5125.0  47.3840    5.7233    0.0593
        NRAO150 200003 56272.83594  5125.0  71.4861    6.9496    0.0705
      B20218+35 200559 56272.83984  5125.0  81.4600    1.8002    0.0825
       0235+164 201308 56272.84375  5125.0  62.0651    1.0209    0.0324
       0336-019 201731 56272.84766  5125.0  41.3748    4.1127    0.0607
       0420-014 202117 56272.85156  5125.0  38.3240    3.9928    0.0978
       0528+134 203106 56272.85547  5125.0  43.2433    1.6722    0.0400
    TXS0536+145 203437 56272.86719  5125.0  44.8664    0.5468    0.0332
       0440-003 204916 56272.87109  5125.0  40.1470    3.4805    0.0513
          BLLAC 114323 56280.49219  5125.0  52.1136    5.4471    0.1024
          BLLAC 115101 56280.49609  5125.0  53.4280    5.5642    0.1080
       1510-089 082003 55930.35156  8305.0  34.6116    5.9598    0.3165 
         MRK421 082717 55930.35547  8305.0  33.7876    0.5888    0.1113 
       1510-089 085735 55930.37500  8305.0  32.2349    5.2960    0.2359 
         MRK421 090441 55930.38281  8305.0  27.7309    0.6230    0.2114 
         MRK501 091308 55930.38672  8305.0  84.9927    1.3089    0.1071 
       1219+285 110836 55943.46875  8305.0   5.9188    0.3949    0.1512 
       1354+195 111415 55943.47266  8305.0  14.2322    1.8105    0.1293 
       1606+105 112624 55943.48047  8305.0  29.3279    1.1271    0.1596 
       0716+714 113614 55943.48828  8305.0  26.2748    1.0084    0.1410 
       1730-130 114458 55943.49219  8305.0  20.7218    4.3214    0.1431 
       1741-038 115058 55943.49609  8305.0  29.2997    3.4428    0.1433 
       1611+343 120805 55943.50781  8305.0  37.7983    2.8646    0.1316 
       1633+382 121356 55943.51172  8305.0  42.6029    2.8724    0.1458 
          3C345 121842 55943.51562  8305.0  43.8075    6.8639    0.3347 
         MRK501 122355 55943.51953  8305.0  44.7514    1.3332    0.1218 
       0954+658 123614 55943.52734  8305.0  20.3231    0.9075    0.1194 
       0836+710 124234 55943.53125  8305.0  25.6245    2.2665    0.1588 
       2223-052 130255 55943.54688  8305.0  39.5752    4.5335    0.1716 
       2230+114 130840 55943.55078  8305.0  55.8464    3.0474    0.0973 
        3C454.3 131854 55943.55859  8305.0  59.2328   11.9867    0.2249 
       2344+092 132415 55943.56250  8305.0  48.4377    0.9825    0.1023 
       1807+698 133554 55943.57031  8305.0  50.3069    1.8695    0.1187 
          3C66A 135250 55943.58203  8305.0  49.1661    0.9640    0.1247 
        NRAO150 135827 55943.58594  8305.0  38.2333    8.9400    0.3034 
       0235+164 140441 55943.58984  8305.0  33.6054    1.0163    0.1268 
       0336-019 161518 55943.67969  8305.0  30.8742    3.1801    0.1469 
       0420-014 162044 55943.68359  8305.0  25.6244    5.1306    0.1904 
       0528+134 162627 55943.68750  8305.0  26.1444    1.2030    0.1121 
       0440-003 163209 55943.69141  8305.0  25.2057    2.4293    0.1238 
       1354+195 083511 55973.35938  8305.0  21.4703    1.8262    0.1117 
       1606+105 084717 55973.37109  8305.0  36.2585    0.9765    0.1019 
       1730-130 085312 55973.37500  8305.0  26.6787    4.3151    0.1919 
       1741-038 085843 55973.37891  8305.0  35.7009    3.6780    0.1938 
       1611+343 113941 55973.48828  8305.0  22.8559    2.7470    0.1565 
       1633+382 114432 55973.49219  8305.0  27.8225    2.6628    0.1463 
          3C345 115019 55973.49609  8305.0  29.1798    6.4937    0.3709 
         MRK501 115503 55973.50000  8305.0  30.0386    1.2738    0.1139 
          BLLAC 123806 55973.53125  8305.0  76.6925    6.1892    0.2260 
       2223-052 124447 55973.53516  8305.0  39.0593    4.2670    0.2092 
       2230+114 125104 55973.53906  8305.0  55.2452    2.9340    0.1370 
        3C454.3 125614 55973.54297  8305.0  60.5232   10.9018    0.3324 
       2344+092 130243 55973.54688  8305.0  55.0198    0.8627    0.1590 
          3C66A 131221 55973.55469  8305.0  62.4479    0.9115    0.1964 
        NRAO150 131729 55973.55859  8305.0  49.5536    8.5287    0.2833 
       0235+164 132427 55973.56250  8305.0  46.6782    0.9112    0.1375 
       0336-019 133812 55973.57031  8305.0  25.1459    3.0357    0.1643 
       0420-014 134336 55973.57422  8305.0  19.3533    4.2699    0.1901 
       0528+134 134917 55973.57812  8305.0  19.1487    1.0646    0.1251 
       0440-003 135455 55973.58203  8305.0  18.7942    2.1065    0.1511 
       0736+017 175916 55973.75391  8305.0  31.0404    1.2241    0.1393 
       0735+178 180426 55973.75781  8305.0  44.4544    0.8303    0.1288 
       0827+243 180959 55973.76172  8305.0  40.6387    1.5841    0.1704 
          OJ287 181523 55973.76562  8305.0  34.7208    5.7961    0.3518 
       0829+046 182100 55973.76953  8305.0  28.5497    0.8160    0.1416 
       1334-127 040529 55974.17188  8305.0  30.5317    3.4629    0.2592 
          3C273 041115 55974.17578  8305.0  37.3279   28.5960    1.7750 
          3C279 041640 55974.17969  8305.0  32.9466   15.8919    0.9931 
         MRK421 042318 55974.18750  8305.0  45.8453    0.4557    0.1232 
       1156+295 042925 55974.19141  8305.0  49.9494    1.8812    0.1582 
       1219+285 043412 55974.19531  8305.0  52.2908    0.4693    0.1155 
       1510-089 044101 55974.19922  8305.0  36.3088    4.8363    0.3190 
       1611+343 104421 56002.44922  8305.0  13.8451    2.8249    0.2583 
       1633+382 104851 56002.45312  8305.0  19.1468    2.6652    0.2578 
          3C345 105221 56002.45703  8305.0  20.8597    6.5540    0.5332 
         MRK501 105553 56002.45703  8305.0  21.8982    1.2954    0.2221 
       1807+698 110008 56002.46094  8305.0  43.9049    1.7505    0.3058 
       0716+714 110507 56002.46484  8305.0  34.3296    1.2816    0.3218 
       0954+658 110927 56002.46875  8305.0  21.7968    0.9390    0.2518 
       2223-052 113315 56002.48438  8305.0  36.0742    4.6867    0.3514 
       2230+114 113714 56002.48438  8305.0  51.6188    3.2966    0.2624 
        3C454.3 114053 56002.48828  8305.0  57.4580   11.3712    0.7202 
       2344+092 114505 56002.49219  8305.0  54.5538    0.9505    0.1648 
          BLLAC 115036 56002.49609  8305.0  65.1075    5.9702    0.4049 
          3C66A 115736 56002.50000  8305.0  69.2115    0.8074    0.3160 
        NRAO150 120136 56002.50391  8305.0  55.1827    8.5881    0.5659 
       0235+164 121112 56002.51172  8305.0  52.6490    1.0107    0.1759 
       0336-019 121527 56002.51172  8305.0  29.5595    3.1596    0.2614 
       0420-014 121909 56002.51562  8305.0  23.8929    4.5467    0.3316 
       0528+134 122308 56002.51953  8305.0  23.8618    1.2620    0.1953 
       0440-003 122704 56002.51953  8305.0  22.8703    2.5083    0.2424 
       1633+382 124716 56002.53125  8305.0   4.2741    2.2805    0.7703 
       0735+178 151605 56002.63672  8305.0  34.8474    0.9366    0.2122 
       0736+017 151956 56002.64062  8305.0  23.7359    1.0359    0.2166 
       0827+243 152359 56002.64453  8305.0  31.0878    1.4221    0.2673 
          OJ287 152740 56002.64453  8305.0  24.8665    5.5432    0.7091 
       0829+046 153132 56002.64844  8305.0  18.9077    0.8172    0.2709 
         MRK421 153605 56002.65234  8305.0  17.1695    0.5541    0.1823 
       1611+343 074025 56033.32031  8305.0  23.5665    3.0284    0.2011 
       1633+382 074404 56033.32422  8305.0  28.7965    2.6416    0.2101 
          3C345 074735 56033.32812  8305.0  30.4212    6.7411    0.4114 
         MRK501 075106 56033.32812  8305.0  31.5623    1.2800    0.1714 
       1807+698 075523 56033.33203  8305.0  49.3117    1.8076    0.2107 
       0716+714 080017 56033.33594  8305.0  30.7963    1.2930    0.2440 
       0954+658 080432 56033.33984  8305.0  20.2881    0.7847    0.1909 
       0836+710 080831 56033.33984  8305.0  27.4266    2.5580    0.2431 
       2223-052 083147 56033.35938  8305.0  39.9130    4.4746    0.2653 
       2230+114 083549 56033.35938  8305.0  56.4649    3.2255    0.1792 
        3C454.3 083940 56033.36328  8305.0  61.4751   10.5608    0.4006 
       2344+092 084349 56033.36719  8305.0  54.3836    1.0152    0.1630 
          BLLAC 084941 56033.37109  8305.0  75.6368    5.6252    0.2463 
        NRAO150 090039 56033.37891  8305.0  46.1743    8.5336    0.3446 
       0235+164 091031 56033.38281  8305.0  43.5933    1.0501    0.1848 
       0336-019 091447 56033.38672  8305.0  20.5493    3.3787    0.2210 
       0420-014 091829 56033.39062  8305.0  14.1757    3.9540    0.2975 
       0528+134 092226 56033.39453  8305.0  13.3616    1.3754    0.2118 
       0440-003 092621 56033.39453  8305.0  12.9506    2.2126    0.2199 
       0736+017 131938 56033.55859  8305.0  23.9987    1.0904    0.1876 
       0735+178 132331 56033.55859  8305.0  36.4876    0.8583    0.1758 
       0827+243 132719 56033.56250  8305.0  32.0192    1.1412    0.1891 
          OJ287 133100 56033.56641  8305.0  25.7985    5.9549    0.4836 
       0829+046 133451 56033.56641  8305.0  19.8144    0.6182    0.3218 
         MRK421 135516 56033.58203  8305.0  20.2344    0.5457    0.1444 
       0736+017 142739 56033.60547  8305.0  34.4126    1.1137    0.1616 
       0735+178 143135 56033.60547  8305.0  47.9644    0.8247    0.1488 
       0827+243 143526 56033.60938  8305.0  44.1606    1.3209    0.1751 
          OJ287 143907 56033.61328  8305.0  37.9378    6.3499    0.5027 
       0829+046 144301 56033.61719  8305.0  31.1868    0.8494    0.1706 
         MRK421 145805 56033.62500  8305.0  29.9648    0.5903    0.1563 
       1156+295 150330 56033.62891  8305.0  16.0437    1.4736    0.2120 
    TXS0536+145 132741 56037.57031  8305.0  56.1807    0.4188    0.0985 
    TXS0536+145 135319 56037.58984  8305.0  58.3815    0.3908    0.0894 
    TXS0536+145 141910 56037.60547  8305.0  59.6929    0.3591    0.0955 
    TXS0536+145 144905 56037.61719  8305.0  60.0178    0.5636    0.3322 
          3C207 203608 56047.86328  8305.0  36.5252    1.5378    0.1381 
          3C380 205006 56047.87109  8305.0  30.6030    3.7700    0.2353 
       1510-089 210051 56047.87891  8305.0  24.9853    5.4252    0.2944 
       1055+567 221346 56047.92969  8305.0  61.5276    0.2239    0.1079 
          3C380 222122 56047.93359  8305.0  43.8788    3.8296    0.2009 
       1510-089 223149 56047.94141  8305.0  33.9509    5.4977    0.2658 
          3C380 235351 56048.00000  8305.0  58.5252    3.8681    0.3004 
          BLLAC 073524 56068.32031  8305.0  64.0842    5.3124    0.2694 
       2223-052 074151 56068.32422  8305.0  33.0939    4.3327    0.2898 
       2230+114 074733 56068.32812  8305.0  47.7391    3.4403    0.2735 
        3C454.3 075257 56068.33203  8305.0  53.5489   10.2013    0.3641 
       2344+092 075836 56068.33594  8305.0  52.5787    0.9951    0.2466 
          3C66A 080906 56068.34375  8305.0  74.9105    0.5757    0.1492 
        NRAO150 081420 56068.34766  8305.0  60.4643    8.4700    0.3267 
       0235+164 082111 56068.35156  8305.0  56.6268    1.1257    0.1235 
       0336-019 083458 56068.35938  8305.0  34.9070    3.3984    0.2181 
       0420-014 084023 56068.36328  8305.0  30.2356    4.1522    0.2131 
       0528+134 084606 56068.36719  8305.0  31.6289    1.4108    0.1815 
       0440-003 085147 56068.37109  8305.0  29.9468    2.5625    0.2374 
    TXS0536+145 090636 56068.39062  8305.0  35.9502    0.3387    0.1116 
    TXS0536+145 120820 56068.51562  8305.0  59.3467    0.4709    0.0848 
       0736+017 122405 56068.51953  8305.0  36.3192    0.8246    0.2390 
       0827+243 123248 56068.52344  8305.0  46.7945    1.3596    0.1811 
          OJ287 123629 56068.52734  8305.0  40.5725    5.9830    0.3287 
       0829+046 124025 56068.53125  8305.0  33.5195    0.8414    0.1279 
         MRK421 125801 56068.54297  8305.0  32.5744    0.5565    0.1463 
       1156+295 130156 56068.54688  8305.0  18.6617    1.7263    0.3195 
       1219+285 130531 56068.54688  8305.0  14.9831    0.3831    0.1498 
       1807+698 131026 56068.55078  8305.0  24.3435    1.4920    0.1680 
       0716+714 131537 56068.55469  8305.0  61.7715    0.7783    0.1641 
       0954+658 132001 56068.55859  8305.0  53.1728    1.0298    0.1612 
       0836+710 132403 56068.56250  8305.0  58.3749    2.9197    0.1972 
          3C207 133005 56068.56641  8305.0  46.7710    1.4057    0.1281 
          3C273 201828 56068.84766  8305.0  46.5357   26.7477    0.6990 
          3C279 202241 56068.85156  8305.0  39.4656   19.9252    0.7486 
       1334-127 202654 56068.85547  8305.0  32.2822    3.2699    0.3293 
       1606+105 203200 56068.85938  8305.0  40.7649    0.9888    0.1356 
       1510-089 203635 56068.86328  8305.0  31.3911    5.4456    0.2289 
       1611+343 205243 56068.87109  8305.0  59.6449    3.1313    0.1380 
       1633+382 205655 56068.87500  8305.0  58.4297    2.6108    0.1366 
          3C345 210057 56068.87891  8305.0  58.4759    7.0063    0.2765 
         MRK501 210459 56068.88281  8305.0  57.2436    1.3168    0.1299 
          3C380 210928 56068.88281  8305.0  45.5176    3.7966    0.1464 
          3C273 212358 56068.89453  8305.0  41.4476   28.1176    1.0498 
          3C279 212812 56068.89453  8305.0  36.4567   20.6641    0.7974 
       1510-089 000351 56048.00391  8305.0  36.1248    4.9292    0.4853 
         CTA102 011520 56048.05469  8305.0  10.5050    3.0312    0.2066 
          3C380 013026 56048.06641  8305.0  74.4189    4.0814    0.2039 
       1510-089 013954 56048.07422  8305.0  30.1678    5.9648    0.3464 
          BLLAC 121308 56096.51172  8305.0   6.5999    5.2166    0.3216 
          3C66A 121748 56096.51562  8305.0  41.8456    1.0876    0.2523 
        NRAO150 122151 56096.51562  8305.0  59.1210    9.5410    0.3621 
       0235+164 122623 56096.51953  8305.0  28.0204    1.1105    0.1940 
       0336-019 123024 56096.52344  8305.0  24.2926    3.5956    0.2315 
       0420-014 123406 56096.52734  8305.0  30.5664    4.5643    0.2595 
       0440-003 130734 56096.55078  8305.0  29.3763    2.8380    0.2205 
       0736+017 132414 56096.56250  8305.0  46.7191    1.1069    0.1500 
       0735+178 132815 56096.56250  8305.0  62.4211    1.0273    0.2465 
       0827+243 133231 56096.56641  8305.0  69.2832    1.2911    0.1475 
          OJ287 133622 56096.57031  8305.0  64.2723    5.1329    0.2273 
       0829+046 134031 56096.57031  8305.0  49.8516    0.6394    0.1406 
          3C207 135751 56096.58594  8305.0  58.6396    1.6349    0.1455 
     BS0846+513 140644 56096.59766  8305.0  83.2916    0.2468    0.1199 
      0948+0022 142401 56096.60547  8305.0  44.7978    0.1046    0.1843 
         MRK421 143454 56096.60938  8305.0  68.6590    0.6361    0.1411 
       1156+295 143850 56096.61328  8305.0  54.8713    1.7543    0.1591 
       1219+285 144225 56096.61328  8305.0  51.0381    0.5180    0.1414 
          3C273 145048 56096.62109  8305.0  32.1224   25.6320    1.1285 
          3C279 145435 56096.62500  8305.0  22.3622   19.2169    0.7415 
       1334-127 145826 56096.62500  8305.0  11.0320    2.1578    0.2502 
       1807+698 151339 56096.63672  8305.0  31.8434    1.6554    0.2216 
       0716+714 151829 56096.64062  8305.0  57.0154    0.7510    0.2196 
       0954+658 152250 56096.64453  8305.0  68.9886    1.1363    0.1904 
       0836+710 152719 56096.64453  8305.0  61.4583    2.8687    0.2071 
       1611+343 153251 56096.64844  8305.0  23.2489    2.7509    0.2197 
       1633+382 153658 56096.65234  8305.0  23.0313    2.2644    0.1759 
          3C345 154100 56096.65625  8305.0  23.5514    6.6141    0.3449 
         MRK501 154501 56096.66016  8305.0  22.5074    1.0755    0.1834 
          3C380 154925 56096.66406  8305.0  17.2367    3.3981    0.2248 
       1606+105 155458 56096.66406  8305.0  11.9939    0.9046    0.2299 
       1510-089 155859 56096.66797  8305.0   8.7196    4.2619    0.2485 
          3C207 120128 56139.50391  8305.0  56.7655    1.5713    0.1415 
         MRK421 122301 56139.51953  8305.0  75.1594    0.6692    0.1179 
       1156+295 122709 56139.51953  8305.0  61.2659    1.5829    0.1437 
       1219+285 123044 56139.52344  8305.0  57.5285    0.4001    0.1375 
       1354+195 123456 56139.52734  8305.0  35.8611    1.7354    0.1635 
          3C273 123911 56139.53125  8305.0  37.3415   23.3393    0.9955 
          3C279 124258 56139.53125  8305.0  27.6200   19.2864    0.8286 
       1334-127 124649 56139.53516  8305.0  16.5381    2.9072    0.2011 
       0716+714 125942 56139.54297  8305.0  54.8732    0.7467    0.1819 
       0954+658 130401 56139.54688  8305.0  68.3956    0.8827    0.1608 
       1611+343 131356 56139.55469  8305.0  28.1875    3.1212    0.1956 
       1633+382 131803 56139.55859  8305.0  27.7253    2.4540    0.1911 
          3C345 132207 56139.55859  8305.0  28.1570    5.9092    0.3637 
         MRK501 132608 56139.56250  8305.0  27.0679    1.1349    0.1684 
          3C380 133030 56139.57031  8305.0  21.2327    3.2798    0.2073 
       1606+105 134116 56139.57422  8305.0  18.3116    0.8500    0.1636 
       0736+017 134756 56139.57812  8305.0  25.6860    0.7511    0.1726 
       0735+178 135146 56139.57812  8305.0  36.5276    0.8197    0.1537 
       0827+243 135539 56139.58203  8305.0  49.3108    1.0385    0.1476 
          OJ287 135920 56139.58594  8305.0  49.8823    4.6115    0.3139 
       0829+046 140322 56139.58594  8305.0  33.7125    0.7419    0.1469 
       1510-089 140916 56139.59375  8305.0  18.0854    3.3272    0.1915 
       2223-052 201542 56140.84766  8305.0  11.2747    3.9894    0.1998 
       2230+114 201933 56140.84766  8305.0  22.6964    3.0112    0.1831 
        3C454.3 202311 56140.85156  8305.0  22.5507    9.0520    0.2827 
       2344+092 202706 56140.85547  8305.0   9.3387    0.8994    0.2042 
          BLLAC 203153 56140.85938  8305.0  48.1028    6.4524    0.3764 
        NRAO150 204028 56140.86328  8305.0   9.9699    7.9209    0.2760 
       1510-089 210556 56140.88281  8305.0  18.6246    3.4424    0.1810 
       1730-130 211140 56140.88672  8305.0  29.8526    4.6560    0.1954 
       1741-038 211828 56140.89062  8305.0  39.0607    4.3194    0.1802 
     BS0846+513 214107 56140.91016  8305.0   7.4189    0.0992    0.1126 
       2223-052 221428 56140.92969  8305.0  29.4110    4.3507    0.2230 
       2230+114 221824 56140.92969  8305.0  42.7579    3.2324    0.1782 
        3C454.3 222204 56140.93359  8305.0  43.3078    9.8207    0.3647 
       2344+092 222559 56140.93750  8305.0  30.3272    0.9738    0.1528 
          BLLAC 223046 56140.94141  8305.0  68.8550    6.4661    0.2003 
        NRAO150 223931 56140.94531  8305.0  20.3327    8.5184    0.3404 
       0235+164 224348 56140.94922  8305.0   8.1253    1.0226    0.1831 
       1730-130 230913 56140.96875  8305.0  17.5480    4.6926    0.2703 
       1741-038 231559 56140.97266  8305.0  25.8013    4.4118    0.1982 
       2223-052 235957 56141.00000  8305.0  39.1334    3.7086    0.3341 
       2230+114 000358 56141.00391  8305.0  55.3277    3.0731    0.1518 
       2344+092 001154 56141.01172  8305.0  46.5552    1.0118    0.1356 
          BLLAC 001646 56141.01172  8305.0  86.7621    6.1297    0.3368 
       1730-130 002003 56141.01953  8305.0   6.9504    4.1496    0.1629 
       1741-038 002650 56141.02344  8305.0  14.6388    3.8980    0.1512 
     BS0846+513 004434 56141.03906  8305.0   7.9345    0.2503    0.1158 
       2223-052 011047 56141.05078  8305.0  40.3893    4.0107    0.1921 
       2230+114 011448 56141.05469  8305.0  57.0588    2.9594    0.1182 
        3C454.3 011840 56141.05859  8305.0  61.6973    9.3776    0.2163 
       2344+092 012244 56141.05859  8305.0  53.5223    0.9232    0.1200 
          BLLAC 012836 56141.06250  8305.0  78.5437    6.1838    0.1796 
        NRAO150 013949 56141.07031  8305.0  43.1240    9.1289    0.3440 
       0336-019 022633 56141.10547  8305.0  23.1794    3.2632    0.1600 
       0420-014 023014 56141.10547  8305.0  16.9639    3.7782    0.1638 
       0528+134 023921 56141.11328  8305.0  17.2031    1.4832    0.1701 
    TXS0536+145 024252 56141.12109  8305.0  18.8558    0.4842    0.0864 
       0440-003 025722 56141.12500  8305.0  19.0484    2.3532    0.1658 
     BS0846+513 032855 56141.15234  8305.0  21.0901    0.2841    0.1415 
       2223-052 035650 56141.16797  8305.0  25.3402    4.3146    0.2012 
       2230+114 040045 56141.16797  8305.0  38.9542    3.1988    0.1670 
        3C454.3 040426 56141.17188  8305.0  45.0950    9.7736    0.2132 
       2344+092 040819 56141.17578  8305.0  46.8560    1.0190    0.1620 
          BLLAC 041309 56141.17969  8305.0  49.5976    6.2600    0.1778 
        NRAO150 042517 56141.18750  8305.0  69.3502    9.0599    0.2443 
       0235+164 043053 56141.19141  8305.0  61.3538    0.9605    0.1406 
       0336-019 043516 56141.19141  8305.0  39.7131    3.3033    0.1826 
       0420-014 043859 56141.19531  8305.0  35.9798    4.0499    0.2019 
       0528+134 044829 56141.20312  8305.0  39.7698    1.5953    0.1399 
    TXS0536+145 045200 56141.21094  8305.0  41.4058    0.4727    0.1026 
       0440-003 050637 56141.21484  8305.0  37.8636    2.5813    0.1686 
     BS0846+513 054158 56141.24219  8305.0  37.9124    0.2157    0.0945 
       2223-052 060155 56141.25000  8305.0   5.5752    4.1478    0.5288 
       0735+178 121818 56175.51562  8305.0  28.0058    0.9778    0.1756 
       0827+243 122212 56175.51562  8305.0  40.8629    0.9938    0.1715 
          OJ287 122550 56175.51953  8305.0  41.7783    4.3669    0.2521 
       1510-089 123545 56175.52734  8305.0  24.7542    2.7766    0.1487 
          FLAGGED 3C207 125310 56175.53906  8305.0  29.5780    0.8177    0.5081 
         MRK421 131249 56175.55078  8305.0  66.7303    0.8144    0.1255 
       1156+295 131707 56175.55469  8305.0  69.4134    1.3548    0.2438 
       1219+285 132102 56175.55859  8305.0  70.7191    0.4183    0.1316 
       1354+195 132556 56175.56250  8305.0  63.4272    1.5595    0.1337 
          3C273 133029 56175.56641  8305.0  45.9012   21.3806    0.4749 
          3C279 133413 56175.56641  8305.0  39.1932   16.4465    0.5894 
       1334-127 133756 56175.57031  8305.0  32.4276    2.4200    0.3308 
       1807+698 134815 56175.57812  8305.0  49.4422    1.5354    0.1936 
       0716+714 135319 56175.58203  8305.0  39.6290    1.0050    0.1895 
       0954+658 135738 56175.58203  8305.0  52.5367    0.8412    0.1746 
       0836+710 140140 56175.58594  8305.0  45.0545    2.7566    0.2189 
       1611+343 140814 56175.58984  8305.0  62.5160    2.9930    0.1511 
       1633+382 141227 56175.59375  8305.0  61.3378    2.7727    0.1421 
          3C345 141632 56175.59766  8305.0  61.3794    6.1485    0.2977 
         MRK501 142034 56175.60156  8305.0  60.1443    1.1740    0.1491 
          3C380 142503 56175.60547  8305.0  47.9755    3.3848    0.1534 
       1606+105 143109 56175.60547  8305.0  48.9829    0.7437    0.1362 
       1606+105 211034 56175.88281  8305.0  18.9914    0.8091    0.1880 
       1611+343 211433 56175.88672  8305.0  34.0840    3.1634    0.1846 
       1633+382 211842 56175.89062  8305.0  39.1326    2.9939    0.1882 
          3C345 212245 56175.89453  8305.0  40.5744    6.3390    0.3304 
         MRK501 212647 56175.89453  8305.0  41.7035    1.2830    0.1466 
          3C380 213123 56175.89844  8305.0  59.8058    3.6503    0.1572 
       1730-130 213731 56175.90234  8305.0  11.2488    3.8719    0.2842 
       2223-052 215155 56175.91406  8305.0  39.7350    3.5623    0.1843 
       2230+114 215556 56175.91797  8305.0  55.9552    2.8799    0.1543 
        3C454.3 215950 56175.91797  8305.0  58.8896    8.2086    0.2221 
       2344+092 220353 56175.92188  8305.0  47.7498    0.6879    0.1623 
        NRAO150 221242 56175.92578  8305.0  33.9167    8.0748    0.3314 
       FLAGGED 0336-019 222121 56175.93359  8305.0   4.9207    2.5942    0.3212 
       1807+698 231934 56175.97266  8305.0  45.3077    1.5434    0.2000 
       0716+714 232431 56175.97656  8305.0  33.3263    1.0548    0.2167 
       0954+658 232849 56175.98047  8305.0  21.2715    0.5417    0.1808 
       0836+710 233250 56175.98438  8305.0  29.2501    2.3651    0.3187 
       1611+343 233810 56175.98828  8305.0  11.3033    2.7137    0.3387 
       1633+382 234220 56175.98828  8305.0  16.5462    2.6153    0.1877 
          3C345 234621 56175.99219  8305.0  18.2124    5.5912    0.3171 
         MRK501 235022 56175.99609  8305.0  19.1451    1.0704    0.1453 
          3C380 235458 56176.00000  8305.0  37.4073    3.6144    0.1779 
       2223-052 000832 56176.00781  8305.0  36.1365    3.9930    0.2189 
       2230+114 001232 56176.01172  8305.0  51.6966    2.9763    0.1781 
        3C454.3 001611 56176.01172  8305.0  57.5312    8.8859    0.2400 
       2344+092 002022 56176.01562  8305.0  54.5830    0.9187    0.1422 
          BLLAC 002553 56176.01953  8305.0  65.2226    6.7315    0.2169 
        NRAO150 003654 56176.02734  8305.0  55.0879    8.9339    0.2569 
       0235+164 004630 56176.03516  8305.0  52.5660    1.0662    0.1407 
       0336-019 005045 56176.03906  8305.0  29.4781    3.1389    0.1924 
       0420-014 005427 56176.03906  8305.0  23.8022    3.7659    0.2009 
       0528+134 010335 56176.04688  8305.0  24.6731    1.5117    0.1709 
    TXS0536+145 010706 56176.05469  8305.0  26.3259    0.5878    0.0959 
       0440-003 012139 56176.05859  8305.0  25.8491    2.4288    0.1929 
       0735+178 014040 56176.07031  8305.0  11.5582    1.0065    0.2596 
       FLAGGED 1807+698 022911 56176.10547  8305.0  31.2765    0.5816    0.3821 
    TXS0536+145 080209 56204.33984  8305.0  29.0346    0.7933    0.1184 
       0736+017 081256 56204.34375  8305.0  37.3211    1.2463    0.2148 
       0735+178 081650 56204.34766  8305.0  49.7771    1.2073    0.1505 
       0827+243 082043 56204.35156  8305.0  61.9421    1.1610    0.1528 
          OJ287 082441 56204.35156  8305.0  61.0258    4.9874    0.2122 
       0829+046 082857 56204.35547  8305.0  44.1250    0.7899    0.1707 
         MRK421 083804 56204.36328  8305.0  80.0522    0.8147    0.1522 
       1156+295 084226 56204.36328  8305.0  66.2098    1.3653    0.1664 
       1219+285 084614 56204.36719  8305.0  62.6558    0.4426    0.1592 
       1354+195 085029 56204.37109  8305.0  41.3161    1.8691    0.1824 
       0716+714 090028 56204.37891  8305.0  53.6550    1.2170    0.2003 
       0954+658 090449 56204.37891  8305.0  67.7601    0.8844    0.1611 
          3C207 091817 56204.39062  8305.0  46.1867    1.4349    0.1923 
    TXS0536+145 093158 56204.40625  8305.0  12.3223    0.6810    0.0862 
       0736+017 095256 56204.41406  8305.0  22.3125    0.9428    0.1828 
       0735+178 095646 56204.41797  8305.0  32.9075    1.0366    0.1580 
       0827+243 100038 56204.41797  8305.0  45.7356    1.0890    0.1537 
          OJ287 100420 56204.42188  8305.0  46.4879    4.6865    0.2150 
       0829+046 100820 56204.42578  8305.0  30.5147    0.7699    0.1350 
         MRK421 102716 56204.43750  8305.0  75.4031    0.9305    0.1372 
       1156+295 103343 56204.44141  8305.0  74.1518    1.3140    0.1726 
       1219+285 103754 56204.44531  8305.0  73.6353    0.3976    0.1494 
       1354+195 104242 56204.44922  8305.0  58.6854    1.6985    0.1499 
          3C273 104721 56204.45312  8305.0  47.4550   22.6300    0.6635 
       1334-127 105451 56204.45703  8305.0  30.9863    2.6215    0.1899 
       1510-089 110331 56204.46484  8305.0  27.4125    3.2974    0.1779 
       1807+698 111051 56204.46875  8305.0  45.6988    1.3493    0.3462 
       0716+714 111555 56204.47266  8305.0  42.9306    1.2272    0.2246 
       0954+658 112017 56204.47656  8305.0  56.9669    0.7925    0.1685 
       0836+710 112421 56204.47656  8305.0  48.5884    3.1811    0.2019 
       1606+105 113116 56204.48047  8305.0  39.7628    0.8319    0.2074 
       1611+343 113520 56204.48438  8305.0  55.6159    3.5713    0.1678 
       1633+382 113931 56204.48828  8305.0  54.4023    3.5289    0.1665 
          3C345 114335 56204.49219  8305.0  54.4751    7.2693    0.3445 
         MRK501 114736 56204.49219  8305.0  53.2509    1.2848    0.1576 
          3C380 115204 56204.49609  8305.0  41.9798    4.0570    0.2365 
       1730-130 115755 56204.50000  8305.0  12.4785    4.1494    0.2264 
       1741-038 120207 56204.50391  8305.0  18.6178    3.8570    0.2153 
          BLLAC 121659 56204.51562  8305.0  12.1001    5.9977    0.3816 
        NRAO150 122144 56204.51562  8305.0   8.5242    7.0873    0.3203 
       0827+243 124505 56204.53516  8305.0  16.7130    0.8174    0.1923 
          OJ287 124842 56204.53516  8305.0  17.5008    4.2349    0.2037 
          3C207 130458 56204.54688  8305.0   7.2321    1.4566    0.1500 
     BS0846+513 131048 56204.55469  8305.0  31.2443    0.1879    0.1443 
      0948+0022 132151 56204.56250  8305.0   6.5485    0.2476    0.1442 
         MRK421 134310 56204.57422  8305.0  41.2502    0.9364    0.1580 
       1156+295 134703 56204.57812  8305.0  45.5110    1.5057    0.1730 
       1219+285 135038 56204.57812  8305.0  48.1912    0.4628    0.1635 
       1354+195 135452 56204.58203  8305.0  56.8027    1.8072    0.1652 
          3C273 135915 56204.58594  8305.0  29.4904   24.2932    0.9089 
       1334-127 140644 56204.58984  8305.0  24.8381    2.9159    0.1934 
       1510-089 141439 56204.59766  8305.0  35.2015    3.4714    0.2562 
       1807+698 142335 56204.60156  8305.0  61.0355    1.5948    0.1957 
       0954+658 143246 56204.60938  8305.0  37.5300    1.0056    0.1947 
       0836+710 143645 56204.60938  8305.0  33.9829    3.0506    0.2340 
       1606+105 144347 56204.61719  8305.0  55.6320    0.8942    0.1348 
       1611+343 144814 56204.62109  8305.0  78.8215    3.5085    0.1987 
          3C345 145846 56204.62891  8305.0  85.1808    6.5267    0.3682 
         MRK501 150506 56204.63281  8305.0  85.2228    1.3021    0.1704 
          3C380 151303 56204.63672  8305.0  74.3226    3.9817    0.1840 
       1730-130 151945 56204.64062  8305.0  32.0686    4.1036    0.2300 
       1741-038 152402 56204.64453  8305.0  41.0606    3.8964    0.2085 
       2223-052 154206 56204.65625  8305.0   7.5131    3.6879    0.2196 
       2230+114 154557 56204.66016  8305.0  18.7809    2.8805    0.1943 
        3C454.3 154934 56204.66016  8305.0  18.6306    7.5781    0.3194 
       2344+092 155330 56204.66406  8305.0   5.4398    1.0519    0.3251 
          BLLAC 155817 56204.67188  8305.0  45.2957    6.5628    0.2242 
        NRAO150 161208 56204.67578  8305.0   8.9700    7.9388    0.3767 
      B20218+35 161616 56204.67969  8305.0   5.0210    1.1940    0.2720 
       1510-089 164244 56204.69922  8305.0  20.3017    3.4327    0.2833 
       1730-130 164828 56204.70312  8305.0  30.5553    4.4077    0.2103 
       1741-038 165515 56204.70703  8305.0  39.8161    4.1025    0.1959 
     BS0846+513 171759 56204.72656  8305.0   7.9254    0.2082    0.1470 
       2223-052 174901 56204.74609  8305.0  27.5762    3.7574    0.2330 
       2230+114 175256 56204.74609  8305.0  40.6143    3.1483    0.2170 
        3C454.3 175635 56204.75000  8305.0  41.0033    8.9843    0.4181 
       2344+092 180031 56204.75391  8305.0  27.9538    1.0171    0.1948 
          BLLAC 180518 56204.75391  8305.0  66.3967    7.0975    0.2872 
        NRAO150 181404 56204.76172  8305.0  18.8707    8.2106    0.3504 
      B20218+35 181805 56204.76562  8305.0  22.0060    1.1832    0.1461 
       0235+164 182334 56204.76953  8305.0   6.6502    0.9870    0.2712 
       1730-130 184850 56204.78906  8305.0  18.7249    4.4876    0.2372 
       1741-038 185536 56204.79297  8305.0  27.0574    4.2892    0.2213 
       1219+285 124710 56250.53516  8305.0  27.3669    0.4564    0.2510 
       1354+195 125742 56250.54297  8305.0  36.7820    1.3577    0.1686 
          3C279 130549 56250.54688  8305.0   7.0417   12.6392    0.7333 
       1510-089 132423 56250.56250  8305.0  22.7338    1.8876    0.2050 
       1807+698 133207 56250.56641  8305.0  64.5963    0.8629    0.1602 
       0716+714 133732 56250.57031  8305.0  26.2327    1.4695    0.2067 
       0954+658 134148 56250.57422  8305.0  27.0849    0.5964    0.1856 
       FLAGGED 0836+710 134548 56250.57422  8305.0  27.5306    1.7939    0.2138 
       1611+343 135609 56250.58203  8305.0  59.4332    3.2512    0.1716 
       1633+382 140018 56250.58594  8305.0  64.3605    3.5445    0.1797 
          3C345 140424 56250.58984  8305.0  65.6590    6.7686    0.4724 
         MRK501 140825 56250.58984  8305.0  66.8630    1.2592    0.1437 
          3C380 141323 56250.59766  8305.0  82.7552    3.4906    0.2020 
       1730-130 142111 56250.60156  8305.0  28.4280    2.7754    0.2075 
       1741-038 142528 56250.60156  8305.0  37.6946    2.3649    0.1700 
       FLAGGED 2223-052 145940 56250.62500  8305.0  29.1138    2.2718    0.2308 
       2230+114 150335 56250.62891  8305.0  42.4113    2.2709    0.2829 
        3C454.3 150714 56250.63281  8305.0  42.9236    6.1156    0.2852 
       2344+092 151109 56250.63672  8305.0  29.9301    0.6339    0.2022 
          BLLAC 151556 56250.63672  8305.0  68.4450    8.8579    0.2753 
      B20218+35 152844 56250.64844  8305.0  23.8142    0.8455    0.1626 
       1156+295 120531 56272.50391  8305.0  17.1717    1.0597    0.2947 
       1219+285 120633 56272.50781  8305.0  19.5354    0.2485    0.2002 
       1354+195 121032 56272.50781  8305.0  29.7906    1.3436    0.1569 
       1611+343 121858 56272.51562  8305.0  61.7670    3.3492    0.2493 
       1633+382 122037 56272.51562  8305.0  66.7094    3.7326    0.1644 
          3C345 122442 56272.51953  8305.0  68.0169    6.9847    0.4841 
         MRK501 122843 56272.52344  8305.0  69.2207    1.2982    0.1312 
          3C380 123403 56272.52734  8305.0  84.3023    2.8332    0.1694 
       1730-130 124301 56272.53125  8305.0  29.3140    2.7195    0.1740 
       1741-038 124719 56272.53516  8305.0  38.6313    2.7152    0.1735 
       1156+295 131105 56272.55078  8305.0   6.7584    0.9734    0.2753 
       FLAGGED 2223-052 132512 56272.56250  8305.0  28.0577    2.5271    0.1915 
       2230+114 132907 56272.56250  8305.0  41.1765    2.4862    0.1848 
        3C454.3 133247 56272.56641  8305.0  41.7567    6.1522    0.2710 
       2344+092 133737 56272.57031  8305.0  28.7259    0.7413    0.1626 
          BLLAC 134225 56272.57422  8305.0  67.1919    8.4961    0.2533 
        NRAO150 135109 56272.57812  8305.0  19.3343    6.2177    0.2774 
       0235+164 135526 56272.58203  8305.0   6.5163    0.8394    0.1801 
          BLLAC 142628 56272.60156  8305.0  74.9709    8.5662    0.2690 
       2230+114 214210 56272.90625  8305.0  14.5268    2.9625    0.2320 
        3C454.3 214551 56272.91016  8305.0  20.6656    7.2053    0.3606 
       2344+092 215635 56272.91797  8305.0  23.5768    1.2775    0.3697 
          BLLAC 220102 56272.91797  8305.0  26.0917    6.8557    0.4607 
        NRAO150 221033 56272.92578  8305.0  82.0111    7.0907    0.3200 
      B20218+35 221630 56272.92969  8305.0  63.5733    1.2952    0.1425 
       0235+164 222209 56272.93359  8305.0  52.6344    0.9896    0.1597 
       0336-019 222617 56272.93750  8305.0  41.7321    2.5925    0.2079 
       0420-014 223002 56272.94141  8305.0  43.9076    2.7785    0.3147 
       0528+134 223932 56272.94531  8305.0  58.0781    1.2626    0.1751 
    TXS0536+145 224318 56272.95703  8305.0  59.3862    0.4248    0.0803 
       FLAGGED 0440-003 225848 56272.96094  8305.0  44.6680    1.5952    0.2163 
       0736+017 231310 56272.96875  8305.0  38.2382    1.0649    0.1695 
       0735+178 231707 56272.97266  8305.0  52.4131    0.8493    0.1586 
       0827+243 232102 56272.97656  8305.0  49.2586    0.8879    0.1547 
          OJ287 232444 56272.97656  8305.0  43.0388    3.3815    0.2404 
       0829+046 232839 56272.98047  8305.0  35.6465    0.5332    0.1551 
          3C207 234646 56272.99219  8305.0  44.1734    1.3721    0.1758 
     BS0846+513 235300 56273.00000  8305.0  63.1409    0.2208    0.1076 
     BS0846+513 000002 56273.00000  8305.0  63.6136    0.3422    0.1558 
      0948+0022 000415 56273.00781  8305.0  27.0099    0.3006    0.1086 
         MRK421 002733 56273.01953  8305.0  41.8911    0.7277    0.1891 
       1156+295 003129 56273.02344  8305.0  28.0517    1.5140    0.2103 
       1219+285 003504 56273.02734  8305.0  24.2603    0.3840    0.1916 
          3C273 003910 56273.03125  8305.0   5.9375   20.2358    0.7205 
       1807+698 005410 56273.03906  8305.0  25.0234    1.1074    0.2072 
       0716+714 005924 56273.04297  8305.0  63.2031    2.0838    0.1954 
       0954+658 010407 56273.04688  8305.0  60.1610    1.1636    0.1918 
       0836+710 010816 56273.05078  8305.0  62.1636    2.4043    0.2026 
        NRAO150 012929 56273.06250  8305.0  52.3663   11.1497    0.3675 
      B20218+35 013346 56273.06641  8305.0  29.1536    1.1303    0.1404 
       0235+164 013910 56273.07031  8305.0  19.3365    1.0105    0.1927 
       0336-019 014942 56273.07812  8305.0  15.2769    3.3953    0.2345 
       0420-014 015323 56273.08203  8305.0  22.2070    3.9827    0.2304 
       0528+134 020822 56273.08984  8305.0  41.9827    1.7298    0.1676 
    TXS0536+145 021153 56273.10156  8305.0  41.8858    0.5773    0.0895 
       0440-003 022638 56273.10547  8305.0  20.7294    2.3308    0.1972 
       0736+017 024258 56273.11719  8305.0  43.6113    1.0922    0.1641 
       0735+178 024655 56273.11719  8305.0  57.8065    0.9304    0.1562 
       0827+243 025058 56273.12109  8305.0  68.3235    0.7411    0.1523 
          OJ287 025455 56273.12500  8305.0  65.3056    2.6747    0.1677 
       0829+046 025907 56273.12500  8305.0  48.8238    0.4587    0.1680 
          3C207 031655 56273.14062  8305.0  56.5978    1.2069    0.1405 
      0948+0022 033836 56273.15625  8305.0  45.7152    0.2168    0.1034 
         MRK421 035310 56273.16406  8305.0  77.9414    0.7036    0.1519 
       1156+295 035717 56273.16797  8305.0  64.0528    1.3740    0.1556 
       1219+285 040104 56273.16797  8305.0  60.3962    0.5187    0.1537 
       1354+195 040515 56273.17188  8305.0  38.8851    1.5640    0.1877 
          3C273 040931 56273.17578  8305.0  39.4738   17.8845    0.7122 
          3C279 041319 56273.17969  8305.0  29.8060   14.3574    0.5768 
       1334-127 041710 56273.17969  8305.0  18.8845    2.3147    0.1933 
       1510-089 042517 56273.18750  8305.0   9.0890    2.1998    0.1812 
       1807+698 043211 56273.19141  8305.0  35.4781    1.5260    0.2132 
       0716+714 043656 56273.19531  8305.0  53.0680    3.6037    0.2076 
       0954+658 044117 56273.19922  8305.0  67.3914    0.7672    0.1800 
       0836+710 044533 56273.19922  8305.0  58.3843    2.9704    0.1971 
       1606+105 045149 56273.20312  8305.0  17.8521    0.7425    0.1785 
       1611+343 045548 56273.20703  8305.0  33.0307    3.6449    0.2221 
       1633+382 045956 56273.21094  8305.0  32.3602    3.7165    0.1946 
          3C345 050359 56273.21484  8305.0  32.7121    7.0908    0.4663 
         MRK501 050801 56273.21484  8305.0  31.5898    1.3097    0.1690 
          3C380 051224 56273.21875  8305.0  24.1098    3.7820    0.2070 
        NRAO150 052749 56273.23047  8305.0  20.2313    6.8217    0.2836 
       0528+134 054015 56273.23828  8305.0   4.9999    2.3596    0.3747 
    TXS0536+145 054346 56273.25000  8305.0   4.7993    0.4935    0.1284 
       0736+017 061258 56273.26172  8305.0  13.5189    1.1338    0.2410 
       0735+178 061647 56273.26562  8305.0  23.7594    0.9420    0.1583 
       0827+243 062040 56273.26562  8305.0  36.6222    0.8955    0.1867 
          OJ287 062420 56273.26953  8305.0  37.6065    3.5017    0.2216 
       0829+046 062822 56273.27344  8305.0  21.9967    0.4922    0.2167 
          3C273 064102 56273.28125  8305.0  46.9961   17.1820    0.5016 
          3C279 064446 56273.28125  8305.0  39.6112   13.8563    0.5624 
       1510-089 064836 56273.28516  8305.0  29.1250    2.0124    0.1965 
          BLLAC 122115 56280.51953  8305.0  58.6839    7.2051    0.2083 
          BLLAC 122854 56280.52344  8305.0  60.0243    7.2410    0.2137 
          BLLAC 152816 56288.64844  8305.0  81.8068    6.9465    0.1964 
           3C84 153941 56288.65625  8305.0  56.5442    3.1449    0.1729 
          BLLAC 155653 56288.66797  8305.0  76.8032    7.1169    0.1995 
          BLLAC 101234 56300.42969  5125.0  49.3684    5.7391    0.0477
          BLLAC 102012 56300.43359  5125.0  50.6779    5.6340    0.0312
          BLLAC 165355 56306.70703  5125.0  54.1756    5.8649    0.0298
       0336-019 215319 56314.91797  5125.0  26.0697    3.8826    0.0390
       0420-014 220131 56314.92188  5125.0  31.3939    4.1274    0.0255
       0528+134 221012 56314.92969  5125.0  51.6940    1.7252    0.0203
        NRAO150 221949 56314.93750  5125.0  55.8654    6.8255    0.0220
       0736+017 224450 56314.95312  5125.0  46.5212    1.1803    0.0282
       0829+046 225315 56314.95703  5125.0  48.6865    0.6709    0.0387
       0735+178 230146 56314.96484  5125.0  62.0745    1.0574    0.0162
          OJ287 231906 56314.97656  5125.0  64.1350    3.2328    0.0292
          3C207 232721 56314.98438  5125.0  58.0606    1.6793    0.0179
         MRK421 234224 56314.99219  5125.0  63.2259    0.7738    0.0178
       1156+295 235107 56315.00000  5125.0  50.4388    1.4623    0.0284
       1219+285 000015 56315.00391  5125.0  47.3925    0.4888    0.0379
       0716+714 001041 56315.01172  5125.0  60.3607    2.4477    0.0445
       0836+710 001925 56315.01953  5125.0  63.6693    2.8488    0.0156
       0954+658 002816 56315.02344  5125.0  69.1793    0.9338    0.0225
       1354+195 004232 56315.03516  5125.0  32.3257    1.9986    0.0451
          3C273 005116 56315.03906  5125.0  35.1252   32.8995    0.0639
          3C279 005937 56315.04688  5125.0  26.0072   14.5087    0.0368
       1334-127 010802 56315.05078  5125.0  15.5153    2.4299    0.0296
           SgrA 090006 56315.38281  5125.0  15.2870  174.8295    0.9561
       1730-130 091235 56315.39062  5125.0  31.0185    4.5419    0.0209
       1741-038 092054 56315.39453  5125.0  40.2440    3.4293    0.0196
       1606+105 092944 56315.40234  5125.0  43.2829    1.1048    0.0393
       1611+343 095353 56315.41797  5125.0  56.5200    3.3327    0.0175
       1633+382 100204 56315.42188  5125.0  60.7823    3.1866    0.0237
          3C345 101006 56315.42969  5125.0  61.4150    6.6989    0.0379
         MRK501 101810 56315.43359  5125.0  61.8924    1.3827    0.0187
       1807+698 102740 56315.44141  5125.0  62.8337    1.7177    0.0165
          BLLAC 105728 56315.46094  5125.0  68.1832    6.3469    0.0206
        3C454.3 110639 56315.46875  5125.0  45.3871    9.8055    0.0433
          3C380 111829 56315.47656  5125.0  69.9635    4.8521    0.0277
       2223-052 113109 56315.48438  5125.0  34.3959    4.7440    0.0243
       2230+114 113938 56315.49219  5125.0  49.5488    4.1739    0.0209
       2344+092 114803 56315.49609  5125.0  38.5499    1.1568    0.0201
       0235+164 121812 56315.51953  5125.0  19.1957    1.1467    0.0628
          BLLAC 091044 56320.38672  5125.0  52.2567    6.0410    0.0627
          BLLAC 091823 56320.39062  5125.0  53.5787    6.2274    0.0638
          BLLAC 091148 56327.38672  5125.0  57.2289    6.0711    0.0472
          BLLAC 091929 56327.39062  5125.0  58.5827    6.0562    0.0605
       0336-019 154215 56394.66016  5125.0  33.9507    3.0500    0.0252
       0420-014 155030 56394.66406  5125.0  38.1144    3.9580    0.0265
       0528+134 155909 56394.67188  5125.0  57.0415    1.4469    0.0241
        NRAO150 160912 56394.67969  5125.0  64.7276    6.1423    0.0272
       0736+017 163433 56394.69531  5125.0  45.3251    0.8837    0.0295
       0829+046 164256 56394.70312  5125.0  44.7424    0.5319    0.0257
       0735+178 165129 56394.70703  5125.0  61.9795    1.0417    0.0235
       0827+243 170009 56394.71484  5125.0  64.3846    0.7401    0.0246
          OJ287 170847 56394.71875  5125.0  59.0049    3.8758    0.0239
          3C207 171705 56394.72656  5125.0  55.1498    1.7396    0.0259
         MRK421 173151 56394.73438  5125.0  53.1913    0.7733    0.0487
       1156+295 174020 56394.74219  5125.0  40.4098    1.3330    0.0442
       0716+714 175932 56394.75391  5125.0  62.8393    1.1578    0.0233
       0836+710 180820 56394.76172  5125.0  64.1006    2.8846    0.0318
       0954+658 181714 56394.76562  5125.0  66.4760    1.2590    0.0465
       1354+195 183103 56394.77734  5125.0  22.1578    1.9571    0.0798
          3C273 183944 56394.78125  5125.0  26.6422   32.0486    0.0693
          3C279 184804 56394.78906  5125.0  17.6143   15.5105    0.0456
       1334-127 185629 56394.79297  5125.0   6.9030    2.4647    0.0478
        NRAO150 194450 56394.82812  5125.0  32.3236    7.1440    0.0422
       0736+017 200423 56394.83984  5125.0  33.5525    1.0078    0.0220
       0829+046 201240 56394.84766  5125.0  41.7351    0.6006    0.0290
       0735+178 202115 56394.85156  5125.0  43.3101    1.1363    0.0244
       0827+243 202940 56394.85938  5125.0  55.1929    0.7976    0.0235
          OJ287 203757 56394.86328  5125.0  54.5443    4.1676    0.0234
          3C207 204613 56394.87109  5125.0  45.8053    1.8240    0.0282
         MRK421 210300 56394.88281  5125.0  82.3614    0.7785    0.0320
       1156+295 211258 56394.89062  5125.0  73.2891    1.4276    0.0191
       1219+285 212247 56394.89453  5125.0  71.3509    0.5340    0.0268
       1510-089 025113 56395.12500  5125.0  29.6561    2.9675    0.0253
           SgrA 030006 56395.13281  5125.0  15.2918  174.0341    0.9596
       1730-130 031238 56395.14062  5125.0  31.8924    4.3664    0.0194
       1741-038 032054 56395.14453  5125.0  41.1324    3.4867    0.0202
       1606+105 032946 56395.15234  5125.0  49.2031    0.8931    0.0204
     PG1553+113 033755 56395.15625  5125.0  47.2102    0.2474    0.0251
       1611+343 040207 56395.17188  5125.0  63.1022    3.5065    0.0192
       1633+382 041018 56395.17969  5125.0  67.4174    3.1775    0.0290
          3C345 041823 56395.18359  5125.0  68.0568    6.7737    0.0487
         MRK501 042629 56395.19141  5125.0  68.5334    1.4457    0.0249
       1807+698 043616 56395.19922  5125.0  64.3861    1.6630    0.0218
          BLLAC 050451 56395.21875  5125.0  61.3894    7.1237    0.0380
        3C454.3 052000 56395.22656  5125.0  40.1134    9.2888    0.0389
          3C380 053140 56395.23438  5125.0  75.3029    4.8193    0.0469
       2223-052 054422 56395.24609  5125.0  30.8523    4.7134    0.0232
       2230+114 055249 56395.25000  5125.0  45.2546    4.3545    0.0218
       0235+164 063202 56395.27734  5125.0  13.5884    0.8491    0.0413
       1730-130 065429 56395.29297  5125.0  13.2629    4.4473    0.0296
       1741-038 070247 56395.29688  5125.0  21.2820    3.4880    0.0415
       0336-019 133433 56418.57031  5125.0  37.7752    3.5537    0.0202
       0420-014 134250 56418.57812  5125.0  41.0064    4.3754    0.0330
       0528+134 135125 56418.58203  5125.0  58.4093    1.4067    0.0160
        NRAO150 140150 56418.58984  5125.0  69.9682    6.9422    0.0237
       0736+017 142720 56418.60938  5125.0  43.0828    0.8313    0.0219
       0829+046 143542 56418.61328  5125.0  41.1195    0.5302    0.0234
       0735+178 144417 56418.62109  5125.0  59.7117    1.0713    0.0242
       0827+243 145252 56418.62500  5125.0  59.9414    0.7333    0.0162
          OJ287 150107 56418.63281  5125.0  54.4803    3.9375    0.0242
          3C207 150923 56418.63672  5125.0  51.7077    1.7045    0.0222
       1156+295 153226 56418.65234  5125.0  34.4464    1.3807    0.0312
       0716+714 155124 56418.66797  5125.0  63.5710    0.9421    0.0169
       0836+710 160013 56418.67188  5125.0  63.4488    2.8816    0.0228
       0954+658 160854 56418.67969  5125.0  63.8779    1.0662    0.0160
       1510-089 004237 56419.03516  5125.0  32.6463    3.2633    0.0248
           SgrA 005128 56419.04297  5125.0  14.3444  179.2562    0.9920
       1730-130 010400 56419.05078  5125.0  31.3344    4.5303    0.0252
       1741-038 011216 56419.05469  5125.0  40.3994    3.3017    0.0238
       1606+105 012105 56419.06250  5125.0  52.6069    0.8750    0.0176
     PG1553+113 012914 56419.06641  5125.0  51.2734    0.2497    0.0232
       1611+343 015342 56419.08594  5125.0  68.9061    3.6192    0.0186
       1633+382 020152 56419.08984  5125.0  73.3648    3.2422    0.0177
          3C345 020957 56419.09375  5125.0  74.0932    6.9775    0.0519
         MRK501 021804 56419.10156  5125.0  74.5517    1.4252    0.0218
       1807+698 022809 56419.10938  5125.0  65.1085    1.6499    0.0225
          BLLAC 025647 56419.12891  5125.0  55.4281    7.2261    0.0342
        3C454.3 031147 56419.13672  5125.0  34.2923    9.2330    0.0453
          3C380 032307 56419.14844  5125.0  80.7447    5.0639    0.0304
       2230+114 034440 56419.16016  5125.0  40.1600    4.0289    0.0580
           SgrA 045139 56419.20703  5125.0   5.2565  154.1286    1.1366
       0336-019 115347 56474.50000  5125.0  21.4373    3.4862    0.0267
       0420-014 120200 56474.50781  5125.0  27.1860    4.6046    0.0357
       0528+134 121043 56474.51172  5125.0  47.7903    1.6387    0.0546
        NRAO150 122010 56474.51953  5125.0  51.2741    7.4404    0.0311
       0736+017 124504 56474.53516  5125.0  45.7474    0.9633    0.0198
       0829+046 125329 56474.54297  5125.0  49.4054    0.6155    0.0173
       0735+178 130205 56474.54688  5125.0  60.1997    1.0778    0.0329
       0827+243 131036 56474.55469  5125.0  68.9698    0.8264    0.0299
          OJ287 131854 56474.55859  5125.0  65.0260    3.6258    0.0229
          3C207 132709 56474.56641  5125.0  57.8831    1.8657    0.0202
         MRK421 135138 56474.58203  5125.0  70.0696    0.8160    0.0200
       1156+295 140036 56474.58984  5125.0  57.1836    1.3403    0.0252
       1219+285 140945 56474.59375  5125.0  54.1754    0.6027    0.0274
       0716+714 142026 56474.60156  5125.0  57.9449    1.5709    0.0193
       0836+710 142906 56474.60938  5125.0  62.3195    3.0915    0.0196
       0954+658 143751 56474.61328  5125.0  69.4529    0.9928    0.0217
          3C273 150125 56474.63281  5125.0  40.0256   31.5991    0.0725
          3C279 150947 56474.63672  5125.0  30.9174   16.6848    0.0426
       1334-127 151809 56474.64453  5125.0  20.7155    2.9471    0.0276
       0336-019 094310 56489.41016  5125.0  32.0874    3.2955    0.0244
       0420-014 095125 56489.41406  5125.0  36.5971    4.4632    0.0257
       0528+134 100004 56489.42188  5125.0  55.9988    1.6154    0.0173
        NRAO150 100959 56489.42969  5125.0  62.4740    7.0783    0.0242
       0736+017 103510 56489.44531  5125.0  45.9549    0.9662    0.0508
       0829+046 104335 56489.45312  5125.0  46.0356    0.6358    0.0325
          OJ287 110929 56489.46875  5125.0  60.6613    3.6463    0.0286
         MRK421 113235 56489.48438  5125.0  55.7325    0.7419    0.0234
       1156+295 114104 56489.49219  5125.0  42.9620    1.2976    0.0250
       1219+285 115013 56489.50000  5125.0  39.9039    0.6295    0.0369
       0716+714 120023 56489.50391  5125.0  62.3509    1.8918    0.0173
       0836+710 120910 56489.51172  5125.0  64.1739    3.0224    0.0198
       0954+658 121804 56489.51953  5125.0  67.3865    0.9804    0.0227
       1354+195 123159 56489.52734  5125.0  24.7406    1.9773    0.0419
          3C273 124040 56489.53516  5125.0  28.9186   30.0186    0.0655
          3C279 124901 56489.53906  5125.0  19.8580   16.2089    0.0401
       1334-127 125725 56489.54688  5125.0   9.1862    2.7390    0.0556
       1510-089 214240 56489.91016  5125.0  21.9277    3.0504    0.0383
           SgrA 215136 56489.91797  5125.0  14.8418  179.2507    0.9616
       1730-130 220404 56489.92578  5125.0  30.0984    4.0444    0.0355
       1741-038 221223 56489.92969  5125.0  39.2367    3.6262    0.0318
     PG1553+113 222918 56489.94141  5125.0  37.6097    0.3472    0.0527
       1611+343 225323 56489.96094  5125.0  51.6083    3.6389    0.0312
       1633+382 230134 56489.96484  5125.0  55.8680    3.2325    0.0243
          3C345 230937 56489.96875  5125.0  56.5138    6.5952    0.0631
         MRK501 231742 56489.97656  5125.0  56.9867    1.4151    0.0201
       1807+698 232703 56489.98438  5125.0  61.2602    1.6664    0.0371
          BLLAC 235709 56490.00000  5125.0  72.1913    7.2021    0.0368
          BLLAC 000023 56490.00391  5125.0  73.1486    7.2872    0.0308
        3C454.3 000628 56490.00781  5125.0  49.6554    8.9669    0.0381
          3C380 001830 56490.01953  5125.0  65.3367    5.1906    0.0241
       2223-052 003105 56490.02734  5125.0  36.8695    4.6759    0.0395
       2230+114 003934 56490.03125  5125.0  52.6476    4.6260    0.0222
          3C66A 005722 56490.04688  5125.0  38.9184    2.7325    0.0619
       0235+164 012120 56490.06250  5125.0  24.7659    0.8413    0.0416
       0336-019 073924 56511.32422  5125.0  36.6574    3.3600    0.0937 
       0420-014 074738 56511.32812  5125.0  40.2067    5.0641    0.0438 
       0528+134 075613 56511.33594  5125.0  58.1500    1.7676    0.0538 
        NRAO150 080630 56511.34375  5125.0  68.3333    7.5947    0.0363 
       0829+046 084024 56511.36719  5125.0  42.3508    0.6356    0.0370 
       1156+295 093719 56511.40625  5125.0  36.3185    1.3853    0.0343 
       1219+285 094628 56511.41406  5125.0  33.2697    0.6089    0.0500 
       0716+714 095621 56511.41797  5125.0  63.4147    1.8261    0.0180 
       0836+710 100510 56511.42578  5125.0  63.7306    3.2332    0.0216 
       1354+195 102744 56511.44141  5125.0  18.0314    1.9940    0.0316 
          3C273 103623 56511.44531  5125.0  22.8574   32.4086    0.1037 
          3C279 104444 56511.45312  5125.0  13.8774   17.3876    0.0826 
       1354+195 113018 56511.48438  5125.0  29.1761    1.9230    0.0379 
          3C273 113901 56511.49219  5125.0  32.6427   31.1323    0.0948 
          3C279 114722 56511.49609  5125.0  23.5413   16.8526    0.0549 
       1334-127 115547 56511.50391  5125.0  12.9582    2.9949    0.0373 
       1510-089 184627 56511.78906  5125.0  31.9068    2.6832    0.0424 
           SgrA 185518 56511.79688  5125.0  14.6847  182.9798    1.1183 
       1730-130 190749 56511.80078  5125.0  31.5921    4.4477    0.0339 
       1741-038 191606 56511.80859  5125.0  40.7238    3.0084    0.0311 
       1606+105 192457 56511.81250  5125.0  51.7793    0.8279    0.0606 
       1611+343 195728 56511.83594  5125.0  67.3376    3.8213    0.1542 
          BLLAC 210026 56511.87891  5125.0  57.0463    6.7374    0.0716 
        3C454.3 211526 56511.89062  5125.0  35.9071    8.6286    0.0443 
          3C380 212653 56511.89844  5125.0  79.2829    4.9744    0.0649 
       2230+114 214817 56511.91406  5125.0  41.6053    4.6060    0.0604 
       0336-019 061151 56538.26172  5125.0  34.4831    3.4321    0.0310 
       0420-014 062006 56538.26953  5125.0  38.5392    4.8566    0.0335 
       0528+134 062843 56538.27344  5125.0  57.3010    1.7101    0.0297 
        NRAO150 063849 56538.28125  5125.0  65.3913    7.5777    0.0373 
       0736+017 070419 56538.30078  5125.0  45.1096    1.0112    0.0311 
       0829+046 071242 56538.30469  5125.0  44.3450    0.6627    0.0568 
       0735+178 072115 56538.31250  5125.0  61.7806    1.2227    0.0316 
       0827+243 072952 56538.31641  5125.0  63.8774    0.9568    0.0319 
          OJ287 073824 56538.32422  5125.0  58.4827    4.4299    0.0336
          3C207 074643 56538.32812  5125.0  54.7780    1.8092    0.0230 
         MRK421 080126 56538.33984  5125.0  52.4454    0.6881    0.0552 
       1156+295 080954 56538.34766  5125.0  39.6589    1.3499    0.0550 
       0716+714 082905 56538.35938  5125.0  62.9741    1.7594    0.0264 
       0836+710 083752 56538.36328  5125.0  64.0629    3.2347    0.0221 
       0954+658 084646 56538.37109  5125.0  66.1876    0.9135    0.0397 
       1354+195 090033 56538.37891  5125.0  21.3959    1.9942    0.0535 
          3C273 090914 56538.38672  5125.0  25.9587   31.9183    0.0764 
          3C279 091735 56538.39062  5125.0  16.9424   17.5980    0.0526 
          3C273 095026 56538.41406  5125.0  32.2916   31.2072    0.0733 
          3C279 095847 56538.42188  5125.0  23.1967   17.3412    0.0445 
       1334-127 100713 56538.42578  5125.0  12.6028    3.2451    0.0344 
       1510-089 165413 56538.71094  5125.0  32.3879    2.2970    0.0228 
           SgrA 170305 56538.71875  5125.0  14.4744  171.1124    0.9435 
       1730-130 171536 56538.72266  5125.0  31.4382    4.2944    0.0344 
       1741-038 172354 56538.73047  5125.0  40.5292    3.3510    0.0331 
       1606+105 173243 56538.73438  5125.0  52.3198    0.7104    0.0200 
     PG1553+113 174051 56538.74219  5125.0  50.9103    0.2369    0.0375 
       1611+343 180519 56538.75781  5125.0  68.3386    3.6169    0.0359 
       1633+382 181330 56538.76562  5125.0  72.7753    3.1828    0.0197 
          3C345 182135 56538.76953  5125.0  73.4902    6.2462    0.0443 
         MRK501 182941 56538.77734  5125.0  73.9478    1.3863    0.0231 
       1807+698 183945 56538.78125  5125.0  65.0583    1.6398    0.0197 
          BLLAC 190824 56538.80469  5125.0  56.0239    5.7797    0.0318 
        3C454.3 192325 56538.81250  5125.0  34.8896    8.3258    0.0377 
       2223-052 194750 56538.83203  5125.0  26.9519    4.6411    0.0370 
       2230+114 195615 56538.83594  5125.0  40.6941    4.5899    0.0486 
       1510-089 115029 56643.49736  5075.0  21.0329    2.7508    0.0320 
           SgrA 115728 56643.50486  5075.0  15.6721  170.3187    1.1158 
       1730-130 120805 56643.50957  5075.0  30.2591    4.7903    0.0931 
       1741-038 121425 56643.51397  5075.0  39.4883    3.1152    0.0295 
       1606+105 122114 56643.51871  5075.0  40.5177    0.7707    0.0340 
     PG1553+113 122722 56643.52297  5075.0  38.0329    0.2304    0.0238 
       1611+343 124728 56643.53696  5075.0  52.6847    3.7508    0.0188 
       1633+382 125346 56643.54144  5075.0  57.2310    3.3914    0.0301 
          3C345 130005 56643.54581  5075.0  58.1776    6.1759    0.0455 
         MRK501 130624 56643.55021  5075.0  58.9613    1.3852    0.0169 
          BLLAC 133836 56643.57258  5075.0  70.0984    5.0417    0.0448 
       2223-052 140632 56643.59181  5075.0  35.3492    4.3561    0.0524 
       2230+114 141301 56643.59631  5075.0  50.3518    4.3139    0.0236 
       2344+092 141929 56643.60081  5075.0  39.1083    1.1093    0.0316 
       0235+164 143821 56643.61391  5075.0  17.7028    0.9997    0.0986 
          BLLAC 110313 56300.46484  8305.0  58.1512    7.0216    0.1504 
          BLLAC 112731 56300.48047  8305.0  62.4566    7.0345    0.1105 
          BLLAC 101832 56306.43359  8305.0  54.4649    7.4631    0.1428 
       0336-019 221717 56313.93359  8305.0  23.3568    3.5341    0.1237 
       0420-014 222229 56313.93359  8305.0  29.4488    4.8567    0.1392 
       0528+134 222810 56313.93750  8305.0  50.3110    1.8838    0.1009 
        NRAO150 223442 56313.94531  8305.0  54.6208    8.6092    0.1250 
       0736+017 225241 56313.95703  8305.0  46.5120    1.1400    0.1259 
       0829+046 225804 56313.96094  8305.0  48.5973    0.6164    0.1034 
       0735+178 230336 56313.96484  8305.0  62.2726    1.0444    0.1033 
       0827+243 230914 56313.96875  8305.0  68.4951    0.8935    0.1115 
          OJ287 231445 56313.97266  8305.0  63.4226    3.2782    0.0959 
          3C207 232001 56313.97656  8305.0  57.7070    1.5490    0.1099 
         MRK421 232958 56313.98047  8305.0  59.7206    0.7523    0.1073 
       1156+295 233526 56313.98828  8305.0  46.4147    1.1931    0.0993 
       0716+714 234848 56313.99609  8305.0  61.8108    2.7351    0.1010 
       0836+710 235422 56314.00000  8305.0  64.1524    3.1583    0.1029 
       0954+658 000003 56314.00391  8305.0  67.7724    1.0135    0.0862 
          3C273 001434 56314.01172  8305.0  28.7470   23.3425    0.2444 
          3C279 001954 56314.01562  8305.0  19.2296   20.0179    0.2227 
       1334-127 002518 56314.01953  8305.0   8.0693    2.9652    0.1584 
       0420-014 004441 56314.03516  8305.0   6.1787    4.4131    0.1659 
       0528+134 005023 56314.03906  8305.0  27.5662    1.8895    0.1104 
        NRAO150 005624 56314.04297  8305.0  33.6745    8.7530    0.1336 
       0736+017 011053 56314.05078  8305.0  35.6009    1.1546    0.1222 
       0829+046 011609 56314.05469  8305.0  43.7585    0.6932    0.1093 
       0735+178 012143 56314.05859  8305.0  46.7584    1.0627    0.1766 
       0827+243 012706 56314.06250  8305.0  58.9473    0.9746    0.1510 
          OJ287 013225 56314.06641  8305.0  58.2734    3.2741    0.1021 
          3C207 013740 56314.07031  8305.0  49.9627    1.5770    0.1039 
         MRK421 014824 56314.07812  8305.0  82.2969    0.8523    0.1396 
       1156+295 015452 56314.08203  8305.0  69.3608    1.2369    0.1358 
       1219+285 020123 56314.08594  8305.0  66.3498    0.6109    0.0922 
       0716+714 020955 56314.09375  8305.0  52.4670    2.8102    0.1103 
       0836+710 021525 56314.09766  8305.0  58.2436    3.0854    0.1046 
       1354+195 023135 56314.10938  8305.0  49.7871    1.7487    0.1020 
          3C273 023729 56314.11328  8305.0  45.2879   23.6823    0.2950 
          3C279 024250 56314.11719  8305.0  36.2909   20.6121    0.2614 
       1334-127 024810 56314.12109  8305.0  26.5689    3.2096    0.1263 
        NRAO150 030638 56314.13281  8305.0  17.9288    8.3763    0.1667 
       1510-089 084515 56314.36719  8305.0  26.0775    2.8328    0.1172 
       1606+105 091012 56314.38672  8305.0  46.8996    0.7473    0.1102 
       1611+343 092720 56314.39844  8305.0  62.4484    3.7556    0.1107 
       1633+382 093229 56314.40234  8305.0  67.2891    3.7370    0.0985 
          3C345 093733 56314.40234  8305.0  68.4654    6.6111    0.1600 
         MRK501 094237 56314.40625  8305.0  69.4775    1.3078    0.1473 
       1807+698 094925 56314.41406  8305.0  64.6314    1.6884    0.1003 
          BLLAC 100837 56314.42578  8305.0  58.2280    7.7039    0.1244 
        3C454.3 102036 56314.43359  8305.0  36.5466    7.5265    0.1374 
          3C380 102904 56314.44141  8305.0  79.2296    4.0009    0.1043 
       2223-052 103839 56314.44531  8305.0  27.3805    3.9001    0.1249 
       2230+114 104403 56314.44922  8305.0  40.7175    3.5564    0.1100 
       2344+092 104931 56314.45312  8305.0  27.7704    0.8692    0.1205 
          3C66A 105537 56314.45703  8305.0  24.1125    1.3552    0.2686 
       1606+105 114846 56314.49609  8305.0  21.4500    0.6352    0.2271 
       1611+343 115732 56314.50000  8305.0  35.8489    3.4558    0.1115 
       1633+382 120241 56314.50391  8305.0  40.7520    3.5203    0.1168 
          3C345 120743 56314.50781  8305.0  42.0307    6.3470    0.1897 
         MRK501 121248 56314.51172  8305.0  42.9951    1.2198    0.0972 
       1807+698 121848 56314.51562  8305.0  55.5684    1.5548    0.1113 
       2344+092 123619 56314.52734  8305.0  44.2879    0.8874    0.1970 
          3C66A 124040 56314.53125  8305.0  40.2657    1.3878    0.2669 
       0235+164 125723 56314.54297  8305.0  24.9525    1.1988    0.2296 
          BLLAC 094841 56320.41016  8305.0  58.8685    7.7784    0.1294 
          BLLAC 095623 56320.41797  8305.0  60.2361    7.7931    0.1274 
          BLLAC 095327 56327.41406  8305.0  64.6027    7.3110    0.1330 
          BLLAC 100120 56327.42188  8305.0  66.0047    7.2846    0.1320 
       0336-019 154714 56393.66406  8305.0  33.8166    2.9865    0.1021 
       0420-014 155530 56393.66797  8305.0  38.0063    5.2040    0.1114 
       0528+134 160409 56393.67578  8305.0  56.9710    1.7068    0.0924 
        NRAO150 161412 56393.68359  8305.0  64.5419    9.0452    0.1503 
       0736+017 163939 56393.69922  8305.0  45.3860    0.8160    0.0858 
       0829+046 164803 56393.70703  8305.0  44.8568    0.5791    0.0983 
       0735+178 165636 56393.71094  8305.0  62.0323    1.0645    0.0912 
       0827+243 170516 56393.71875  8305.0  64.5034    0.8079    0.0919 
          OJ287 171344 56393.72266  8305.0  59.1308    4.9631    0.1135 
          3C207 172202 56393.73047  8305.0  55.2379    1.7436    0.0864 
         MRK421 173648 56393.73828  8305.0  53.3761    0.6492    0.1097 
       1156+295 174518 56393.74609  8305.0  40.6011    1.1844    0.0899 
       1219+285 175429 56393.75000  8305.0  37.5470    0.4982    0.0973 
       0716+714 180433 56393.75781  8305.0  62.8047    1.2370    0.0959 
       0836+710 181321 56393.76562  8305.0  64.1103    3.2814    0.1095 
       0954+658 182217 56393.76953  8305.0  66.5519    1.3607    0.1820 
          3C273 184449 56393.78516  8305.0  26.8292   23.6252    0.3489 
          3C279 185311 56393.79297  8305.0  17.8018   21.0609    0.3116 
       1334-127 190136 56393.79688  8305.0   7.0905    3.0389    0.1775 
       1510-089 030025 56394.12891  8305.0  29.1194    2.9929    0.1523 
       1730-130 032150 56394.14453  8305.0  31.8833    4.5425    0.1870 
       1741-038 033008 56394.15234  8305.0  41.1376    4.4948    0.1275 
       1606+105 033858 56394.15625  8305.0  48.5899    0.6065    0.0865 
       1611+343 041116 56394.17969  8305.0  62.1885    3.9252    0.0938 
       1633+382 041927 56394.18359  8305.0  66.4948    3.5066    0.0942 
          3C345 042732 56394.19141  8305.0  67.1287    6.7650    0.1477 
         MRK501 043537 56394.19531  8305.0  67.6026    1.2431    0.1052 
       1807+698 044523 56394.20312  8305.0  64.2118    1.6033    0.0814 
          BLLAC 051357 56394.22266  8305.0  62.3010    8.3191    0.1333 
        3C454.3 052907 56394.23438  8305.0  40.9786    7.2122    0.1544 
          3C380 054047 56394.24219  8305.0  74.4420    4.2866    0.0906 
       2223-052 055334 56394.25000  8305.0  31.4764    4.1942    0.1062 
       2230+114 060200 56394.25781  8305.0  45.9952    4.0429    0.1063 
       2344+092 061027 56394.26172  8305.0  34.2487    0.9799    0.1003 
          3C66A 061938 56394.26953  8305.0  30.2530    0.8734    0.1539 
       0235+164 064045 56394.28516  8305.0  14.4326    0.7978    0.1190 
       0336-019 134756 56419.57812  8305.0  36.0279    3.1357    0.1098 
       0420-014 135541 56419.58594  8305.0  39.8943    5.3373    0.1257 
       0528+134 140349 56419.58984  8305.0  58.1470    1.6444    0.0985 
        NRAO150 141332 56419.59766  8305.0  67.5092    8.5250    0.1565 
       0829+046 144611 56419.62109  8305.0  42.9297    0.6414    0.1531 
       0735+178 145416 56419.62500  8305.0  61.0385    1.0929    0.0821 
       0827+243 150254 56419.63281  8305.0  62.0770    0.7763    0.1474 
          OJ287 151107 56419.63672  8305.0  56.6316    4.4567    0.1197 
          3C207 151924 56419.64453  8305.0  53.4537    1.6404    0.0903 
         MRK421 153346 56419.65234  8305.0  49.7397    0.6984    0.0945 
       1156+295 154200 56419.66016  8305.0  36.8575    1.1147    0.1114 
       1219+285 155036 56419.66406  8305.0  33.7242    0.5280    0.1106 
       0716+714 155957 56419.67188  8305.0  63.1857    1.0539    0.1031 
       0836+710 160830 56419.67578  8305.0  63.5580    3.2699    0.1031 
       0954+658 161641 56419.68359  8305.0  64.6674    1.2333    0.0950 
       1354+195 162947 56419.69141  8305.0  18.1301    1.6738    0.1141 
          3C273 163757 56419.69922  8305.0  22.8888   22.5630    0.3845 
          3C279 164548 56419.70312  8305.0  13.8313   20.5975    0.3554 
       1510-089 004708 56420.03906  8305.0  32.2175    3.2758    0.1015 
       1730-130 010801 56420.05078  8305.0  31.7394    4.5084    0.1005 
       1741-038 011547 56420.05859  8305.0  40.8429    4.1663    0.0951 
       1606+105 012406 56420.06250  8305.0  52.2387    0.6350    0.0961 
     PG1553+113 013144 56420.07031  8305.0  50.8147    0.1980    0.0934 
       1611+343 015515 56420.08594  8305.0  68.1955    3.9672    0.0922 
       1633+382 020256 56420.08984  8305.0  72.6945    3.6257    0.0867 
          3C345 021030 56420.09375  8305.0  73.4770    6.8656    0.1014 
         MRK501 021805 56420.10156  8305.0  74.0325    1.2729    0.0875 
       1807+698 022739 56420.10938  8305.0  64.8755    1.6243    0.0941 
          BLLAC 025512 56420.12500  8305.0  55.8615    8.3725    0.1450 
        3C454.3 030956 56420.13672  8305.0  34.7047    7.0809    0.1521 
          3C380 032046 56420.14453  8305.0  80.5452    4.2352    0.0847 
       2230+114 034105 56420.16016  8305.0  40.2868    4.0100    0.1165 
       2344+092 034902 56420.16406  8305.0  27.7045    1.4748    0.2934 
          3C66A 035739 56420.17188  8305.0  24.4608    0.8274    0.1907 
       1510-089 222219 56475.93750  8305.0  24.1994    2.6278    0.1103 
       1730-130 224313 56475.95312  8305.0  31.0896    5.0076    0.1015 
       1741-038 225103 56475.95703  8305.0  40.3265    4.0846    0.0991 
       1606+105 225922 56475.96094  8305.0  43.1406    0.5670    0.0893 
       1611+343 233008 56475.98438  8305.0  55.0673    4.0273    0.0930 
       1633+382 233749 56475.98828  8305.0  59.3982    3.5585    0.0930 
          3C345 234522 56475.99609  8305.0  60.1095    6.4599    0.0967 
         MRK501 235256 56476.00000  8305.0  60.6821    1.2532    0.0944 
       1807+698 000155 56476.00781  8305.0  62.3203    1.5482    0.0836 
          BLLAC 003024 56476.02734  8305.0  69.2238    8.2948    0.1110 
        3C454.3 003911 56476.03125  8305.0  46.3331    6.7776    0.1136 
          3C380 005035 56476.03906  8305.0  69.1635    4.1441    0.0992 
       2223-052 010303 56476.04688  8305.0  35.0065    3.9481    0.1081 
       2230+114 011101 56476.05469  8305.0  50.1900    4.0641    0.1037 
       2344+092 011856 56476.05859  8305.0  39.2262    0.9910    0.1047 
          3C66A 012741 56476.06641  8305.0  35.0269    0.7563    0.1027 
       0235+164 015026 56476.08203  8305.0  20.1772    0.7231    0.0942 
       1730-130 020900 56476.09375  8305.0   8.4749    4.2892    0.2288 
       1741-038 021646 56476.09766  8305.0  16.7154    3.9462    0.1801 
       0336-019 114640 56476.49609  8305.0  21.5239    3.0013    0.1368 
       0420-014 115423 56476.50000  8305.0  27.3814    5.1855    0.1716 
       0528+134 120236 56476.50781  8305.0  48.0590    1.7226    0.0973 
        NRAO150 121133 56476.51172  8305.0  51.5177    9.1590    0.2467 
       0736+017 123526 56476.53125  8305.0  46.0374    1.0552    0.1051 
       0829+046 124321 56476.53516  8305.0  49.5794    0.5994    0.0916 
       0735+178 125126 56476.53906  8305.0  60.6527    1.1432    0.0957 
       0827+243 125928 56476.54688  8305.0  69.2353    1.0219    0.0870 
          OJ287 130745 56476.55078  8305.0  65.1940    3.9929    0.1372 
          3C207 131559 56476.55859  8305.0  58.1713    1.6764    0.1047 
         MRK421 133946 56476.57422  8305.0  69.3748    0.8181    0.0940 
       1156+295 134815 56476.58203  8305.0  56.5371    1.1808    0.1074 
       1219+285 135725 56476.58594  8305.0  53.5219    0.6209    0.1090 
       0716+714 140801 56476.59375  8305.0  58.1643    2.0230    0.1032 
       0836+710 141612 56476.60156  8305.0  62.3760    3.0415    0.1158 
       0954+658 142443 56476.60547  8305.0  69.3001    1.0430    0.1033 
       1354+195 143856 56476.61719  8305.0  38.2662    1.7906    0.1153 
          3C273 144713 56476.62109  8305.0  39.4147   23.3968    0.5479 
          3C279 145504 56476.62500  8305.0  30.2401   22.5430    0.5305 
       1334-127 150257 56476.63281  8305.0  19.9016    3.7644    0.1395 
       0336-019 100055 56490.42188  8305.0  29.2696    3.0220    0.1425 
       0420-014 100838 56490.42578  8305.0  34.3496    5.3269    0.2040 
       0528+134 101647 56490.43359  8305.0  54.3286    1.8388    0.1236 
        NRAO150 102602 56490.44141  8305.0  59.3650    9.7406    0.3252 
       0736+017 105021 56490.45703  8305.0  46.6474    1.0152    0.1007 
       0829+046 105815 56490.46094  8305.0  47.6017    0.6955    0.1002 
       0735+178 110614 56490.46875  8305.0  62.8423    1.1828    0.1098 
       0827+243 111453 56490.47266  8305.0  67.7000    0.9391    0.0982 
          OJ287 112306 56490.48047  8305.0  62.5880    4.1232    0.1601 
          3C207 113120 56490.48438  8305.0  57.5011    1.6400    0.1198 
         MRK421 114602 56490.49609  8305.0  58.9188    0.7095    0.0887 
       1156+295 115430 56490.50000  8305.0  46.1281    1.1309    0.1071 
       1219+285 120321 56490.50781  8305.0  42.9833    0.6800    0.0948 
       0716+714 121305 56490.51562  8305.0  61.5039    2.4945    0.1205 
       0836+710 122135 56490.51953  8305.0  63.9114    3.0691    0.1241 
       0954+658 122944 56490.52734  8305.0  68.0118    0.9565    0.0949 
       1354+195 124301 56490.53516  8305.0  27.4544    1.6136    0.1256 
          3C273 125111 56490.53906  8305.0  31.1993   22.6585    0.7306 
          3C279 125903 56490.54688  8305.0  22.0425   21.7724    0.7036 
       1334-127 130655 56490.55078  8305.0  11.3252    3.7426    0.1699 
       1510-089 204329 56490.86719  8305.0  28.8902    2.8044    0.1100 
       1730-130 210421 56490.88281  8305.0  32.0659    4.1137    0.1126 
       1741-038 211207 56490.88672  8305.0  41.3315    4.1650    0.1194 
       1606+105 212028 56490.89453  8305.0  48.4791    0.5555    0.1129 
       1611+343 215127 56490.91406  8305.0  62.1127    4.1466    0.1054 
       1633+382 215908 56490.92188  8305.0  66.4849    3.7336    0.1076 
          3C345 220641 56490.92578  8305.0  67.2015    6.3480    0.1331 
         MRK501 221416 56490.92969  8305.0  67.7707    1.2355    0.0837 
       1807+698 222331 56490.93750  8305.0  64.0561    1.6200    0.0903 
          BLLAC 225053 56490.95703  8305.0  62.0168    7.5011    0.1407 
        3C454.3 230548 56490.96875  8305.0  40.7146    6.6389    0.1349 
          3C380 231658 56490.97656  8305.0  74.9116    4.1604    0.1120 
       2223-052 232910 56490.98438  8305.0  31.2329    3.8892    0.1309 
       2230+114 233706 56490.98828  8305.0  45.5876    4.0860    0.1087 
       2344+092 234503 56490.99609  8305.0  33.6484    0.9750    0.1024 
          3C66A 235343 56491.00000  8305.0  29.8375    0.8331    0.1340 
          3C66A 000002 56491.00000  8305.0  29.6338    0.9046    0.2546 
       0235+164 001410 56491.01562  8305.0  13.5572    0.6038    0.1322 
       1730-130 003746 56491.02734  8305.0  14.2069    3.6966    0.2373 
       0736+017 093606 56510.40625  8305.0  46.7079    0.9681    0.0923 
       0829+046 094401 56510.41016  8305.0  47.8871    0.6221    0.1043 
       0735+178 095159 56510.41797  8305.0  62.8052    1.1365    0.0802 
       0827+243 100028 56510.42188  8305.0  68.0062    1.0870    0.0781 
          OJ287 100841 56510.42969  8305.0  62.9524    5.0524    0.1367 
         MRK421 103136 56510.44531  8305.0  59.6724    0.7680    0.0747 
       1156+295 104005 56510.44922  8305.0  46.8824    1.2440    0.0718 
       1219+285 104857 56510.45703  8305.0  43.7377    0.5859    0.0754 
       0716+714 105841 56510.46094  8305.0  61.3106    2.4342    0.0875 
       0836+710 110711 56510.46875  8305.0  63.8689    3.2379    0.0869 
       0954+658 111528 56510.47266  8305.0  68.2083    1.0413    0.0860 
       1354+195 112846 56510.48438  8305.0  28.2396    1.8649    0.0982 
          3C273 113656 56510.48828  8305.0  31.8470   23.9531    0.3789 
          3C279 114446 56510.49609  8305.0  22.6846   23.0225    0.3719 
       1334-127 115239 56510.50000  8305.0  11.9840    3.7954    0.1184 
       0528+134 121253 56510.51562  8305.0  24.2259    1.4924    0.1017 
        NRAO150 122124 56510.51953  8305.0  30.8187    8.5982    0.1583 
       1510-089 184801 56510.78906  8305.0  32.3231    2.3617    0.1034 
       1730-130 190855 56510.80469  8305.0  31.7090    4.5684    0.1032 
       1741-038 191642 56510.80859  8305.0  40.8033    3.6803    0.0893 
       1606+105 192500 56510.81250  8305.0  52.3564    0.5179    0.0764 
       1611+343 195612 56510.83594  8305.0  68.4064    4.3483    0.1058 
       1633+382 200353 56510.83984  8305.0  72.9093    3.7673    0.1022 
          3C345 201128 56510.84766  8305.0  73.6954    6.7103    0.1544 
         MRK501 201906 56510.85156  8305.0  74.2428    1.2202    0.0811 
       1807+698 202839 56510.85938  8305.0  64.8831    1.6643    0.0854 
          BLLAC 205611 56510.87891  8305.0  55.6447    6.9599    0.1560 
        3C454.3 211057 56510.88672  8305.0  34.4949    6.6488    0.1549 
          3C380 212147 56510.89453  8305.0  80.7302    4.2352    0.1057 
       2223-052 213409 56510.90234  8305.0  26.5293    4.0031    0.1136 
       2230+114 214204 56510.91016  8305.0  40.0902    4.2343    0.1121 
       2344+092 215001 56510.91406  8305.0  27.4904    0.9834    0.0863 
          3C66A 215838 56510.92188  8305.0  24.2792    0.8368    0.1266 
       0336-019 063146 56539.27734  8305.0  31.5695    2.9166    0.0846 
       0420-014 063931 56539.28125  8305.0  36.3059    5.3747    0.0986 
       0528+134 064740 56539.28906  8305.0  55.8812    1.5873    0.0683 
        NRAO150 065704 56539.29297  8305.0  61.9514    9.5340    0.1265 
       0736+017 072127 56539.31250  8305.0  46.2367    0.9718    0.0778 
       0829+046 072922 56539.31641  8305.0  46.3810    0.6773    0.0818 
       0735+178 073724 56539.32422  8305.0  62.7133    1.1459    0.0734 
       0827+243 074603 56539.32812  8305.0  66.2641    1.1716    0.0773 
          OJ287 075416 56539.33594  8305.0  60.9861    5.2431    0.1081 
          3C207 080233 56539.33984  8305.0  56.5538    1.5817    0.0767 
         MRK421 081707 56539.35156  8305.0  56.0111    0.7370    0.0907 
       1156+295 082532 56539.35547  8305.0  43.1672    1.1567    0.0772 
       1219+285 083408 56539.36328  8305.0  40.0269    0.6000    0.0906 
       0716+714 084346 56539.37109  8305.0  62.1874    2.1487    0.0823 
       0836+710 085220 56539.37500  8305.0  63.9795    3.1264    0.0847 
       0954+658 090032 56539.37891  8305.0  67.1410    0.9483    0.0795 
       1354+195 091342 56539.39062  8305.0  24.4840    1.9588    0.1332 
          3C273 092154 56539.39453  8305.0  28.6572   23.6123    0.2664 
          3C279 092944 56539.40234  8305.0  19.5286   22.9797    0.2584 
       1334-127 093739 56539.40625  8305.0   8.7640    4.1014    0.1161 
       0420-014 100701 56539.42578  8305.0   3.9491    3.7637    0.1336 
       1510-089 170321 56539.71484  8305.0  31.5434    2.0668    0.0943 
       1730-130 172414 56539.73047  8305.0  31.9133    4.5861    0.1055 
       1741-038 173201 56539.73438  8305.0  41.0689    3.9263    0.0954 
       1606+105 174021 56539.74219  8305.0  51.4861    0.4665    0.0776 
     PG1553+113 174759 56539.74609  8305.0  49.9026    0.1310    0.0764 
       1611+343 181127 56539.76172  8305.0  66.8427    4.3422    0.0937 
       1633+382 181909 56539.76953  8305.0  71.3002    4.1466    0.1053 
          3C345 182644 56539.77344  8305.0  72.0591    6.4002    0.1157 
         MRK501 183418 56539.77734  8305.0  72.6199    1.2860    0.0774 
       1807+698 184347 56539.78516  8305.0  64.7470    1.6630    0.0792 
          BLLAC 191119 56539.80469  8305.0  57.2543    6.3292    0.1101 
        3C454.3 192608 56539.81641  8305.0  36.0967    6.3119    0.1124 
          3C380 193704 56539.82422  8305.0  79.2823    4.2004    0.0910 
       2223-052 194926 56539.83203  8305.0  27.7999    3.7797    0.1009 
       2230+114 195722 56539.83594  8305.0  41.5543    4.0546    0.0988 
       2344+092 200519 56539.84375  8305.0  29.0965    0.8294    0.0789 
          3C66A 201358 56539.84766  8305.0  25.6227    0.8434    0.1332 
       0235+164 203403 56539.86328  8305.0   8.7636    0.5230    0.1163 
       0336-019 213319 56678.90284  5075.0  30.4012    2.7347    0.0589 
       0420-014 214042 56678.90723  5075.0  35.6079    4.0321    0.0257 
       0528+134 214726 56678.91194  5075.0  55.5497    1.5323    0.0231 
        NRAO150 215519 56678.91751  5075.0  61.3211    7.7511    0.0412 
       0736+017 221647 56678.93228  5075.0  46.6094    0.8146    0.0209 
       0829+046 222316 56678.93678  5075.0  46.7365    0.6324    0.0472 
       0735+178 222949 56678.94137  5075.0  62.9859    1.2869    0.0194 
          OJ287 224254 56678.95042  5075.0  60.6980    2.9495    0.0244 
          3C207 224913 56678.95480  5075.0  56.3338    1.6600    0.0405 
       0716+714 232155 56678.97785  5075.0  62.5305    1.3587    0.0342 
       0836+710 232847 56678.98268  5075.0  63.5394    3.3544    0.0232 
          3C273 235346 56678.99958  5075.0  25.5210   32.6536    0.0744 
          3C279 000007 56679.00399  5075.0  16.1967   20.8116    0.0873 
       0528+134 002350 56679.02051  5075.0  32.8909    1.5363    0.0350 
       0736+017 004751 56679.03718  5075.0  39.1532    0.8537    0.0277 
       0829+046 005413 56679.04167  5075.0  46.4827    0.6407    0.0201 
       0735+178 010055 56679.04550  5075.0  50.1524    1.2973    0.0448 
       1156+295 011940 56679.05929  5075.0  64.1244    1.2345    0.0201 
          3C273 013943 56679.07320  5075.0  40.5162   32.2938    0.0605 
          3C279 014608 56679.07766  5075.0  31.1874   20.7270    0.0403 
       1334-127 015235 56679.08214  5075.0  20.7107    4.0225    0.0324 
       1510-089 085330 56679.37444  5075.0  25.7335    2.8124    0.0844 
       1730-130 091105 56679.38666  5075.0  31.8732    5.2521    0.0245 
       1741-038 091726 56679.39107  5075.0  41.1882    3.4227    0.0206 
       1606+105 092417 56679.39588  5075.0  45.6832    0.7261    0.0321 
       1611+343 095047 56679.41432  5075.0  58.9385    3.8528    0.0217 
       1633+382 095710 56679.41884  5075.0  63.4835    3.2829    0.0178 
          3C345 100333 56679.42326  5075.0  64.4005    6.2077    0.0386 
         MRK501 100955 56679.42769  5075.0  65.1833    1.3909    0.0189 
       1807+698 101750 56679.43328  5075.0  63.4108    1.7394    0.0163 
          BLLAC 104223 56679.45009  5075.0  63.9103    4.8962    0.0267 
        3C454.3 104918 56679.45484  5075.0  41.4657    7.8579    0.0373 
          3C380 105906 56679.46183  5075.0  74.7602    5.1000    0.0240 
       2223-052 110940 56679.46901  5075.0  31.5335    4.4280    0.0265 
       1741-038 115636 56679.50159  5075.0  25.8147    3.4161    0.0222 
       0336-019 194208 56701.82488  5075.0  33.3226    2.6126    0.0200 
       0420-014 194826 56701.82926  5075.0  38.0575    3.9740    0.0215 
       0528+134 195508 56701.83395  5075.0  57.3204    1.6214    0.0231 
        NRAO150 200312 56701.83969  5075.0  64.7271    8.2990    0.0598 
          OJ287 205051 56701.87259  5075.0  58.0131    2.7309    0.0190 
       0716+714 212937 56701.89989  5075.0  62.9917    1.4321    0.0779 
       0836+710 213632 56701.90473  5075.0  63.1256    3.3578    0.0292 
          3C273 220134 56701.92166  5075.0  21.9213   31.6772    0.0976 
          3C279 220755 56701.92607  5075.0  12.6294   20.5313    0.0643 
       0420-014 223330 56701.94390  5075.0  13.9609    4.0253    0.0563 
       0528+134 224018 56701.94860  5075.0  35.1483    1.6439    0.0390 
       0736+017 230420 56701.96531  5075.0  40.6380    0.7994    0.0348 
       0829+046 231044 56701.96978  5075.0  47.5204    0.6605    0.0246 
       0735+178 231725 56701.97444  5075.0  52.6144    1.1228    0.0200 
       0827+243 232357 56701.97904  5075.0  64.1414    0.9033    0.0270 
          3C273 234447 56701.99339  5075.0  37.5531   31.8087    0.0712 
          3C279 235112 56701.99785  5075.0  28.1777   20.9689    0.0614 
       1334-127 000016 56702.00229  5075.0  17.4760    3.9960    0.0661 
       1510-089 071333 56702.30503  5075.0  26.8851    3.0783    0.0226 
           SgrA 072031 56702.31254  5075.0  16.4699  181.9101    1.0139 
       1730-130 073109 56702.31726  5075.0  32.1232    5.0647    0.0213 
       1741-038 073729 56702.32166  5075.0  41.4325    3.1472    0.0207 
       1606+105 074420 56702.32647  5075.0  46.9621    0.7200    0.0198 
       1611+343 081052 56702.34494  5075.0  60.6223    3.8880    0.0269 
       1633+382 081715 56702.34945  5075.0  65.1819    3.2015    0.0397 
          3C345 082337 56702.35386  5075.0  66.1007    6.1437    0.0965 
       1807+698 083758 56702.36396  5075.0  63.7510    1.9039    0.0296 
          BLLAC 090133 56702.38009  5075.0  62.0740    4.1541    0.0246 
        3C454.3 091438 56702.38912  5075.0  40.7581    7.9688    0.0304 
          3C380 092426 56702.39609  5075.0  75.4546    5.2218    0.0304 
       2223-052 093459 56702.40325  5075.0  31.0177    4.3273    0.0483 
       2230+114 094127 56702.40774  5075.0  45.0434    4.2801    0.0230 
       2344+092 094758 56702.41225  5075.0  32.7208    1.1662    0.0356 
       2230+114 102344 56702.43711  5075.0  50.6778    4.2331    0.0306 
       0336-019 174504 56744.74358  5075.0  25.9959    2.3289    0.0251 
       0420-014 175120 56744.74796  5075.0  31.7369    3.8625    0.0242 
       0528+134 175806 56744.75269  5075.0  52.2918    1.4918    0.0197 
        NRAO150 180548 56744.75809  5075.0  56.6224    7.6671    0.0282 
       0736+017 182704 56744.77275  5075.0  47.0575    0.8915    0.0247 
       0829+046 183332 56744.77724  5075.0  48.7529    0.6998    0.0234 
       0735+178 184003 56744.78182  5075.0  62.9449    1.1737    0.0367 
          3C207 185929 56744.79525  5075.0  58.0881    1.6955    0.0270 
       0836+710 193927 56744.82342  5075.0  63.6594    3.1699    0.1134 
       0954+658 194632 56744.82832  5075.0  67.4300    1.1472    0.0336 
          3C273 200444 56744.84053  5075.0  30.3293   31.9143    0.0911 
       0528+134 202816 56744.85692  5075.0  28.7015    1.5625    0.0233 
       1510-089 043358 56745.19421  5075.0  25.7388    3.2474    0.0502 
           SgrA 044056 56745.20172  5075.0  16.4201  177.5933    1.1363 
       1730-130 045134 56745.20643  5075.0  31.8744    3.6569    0.0247 
       1741-038 045754 56745.21084  5075.0  41.1890    3.2157    0.0239 
       1633+382 053737 56745.23858  5075.0  63.5041    3.0299    0.0317 
          3C345 054359 56745.24302  5075.0  64.4170    5.8408    0.0633 
         MRK501 055022 56745.24744  5075.0  65.2002    1.5303    0.0315 
          BLLAC 062250 56745.26986  5075.0  63.8990    4.1953    0.0566 
        3C454.3 062946 56745.27464  5075.0  41.4644    7.9064    0.0413 
          3C380 063936 56745.28163  5075.0  74.7658    5.1410    0.0445 
       2223-052 065010 56745.28880  5075.0  31.5316    4.3857    0.0487 
       2230+114 065638 56745.29328  5075.0  45.6556    4.2590    0.0513 
       1730-130 073045 56745.31697  5075.0  17.5897    3.7734    0.0402 
       1741-038 073705 56745.32137  5075.0  25.8214    3.2787    0.0226 
       1606+105 074345 56745.32600  5075.0  19.5571    0.7347    0.0251 
     PG1553+113 074952 56745.33024  5075.0  16.6283    0.2768    0.0475 
       1611+343 075808 56745.33607  5075.0  33.0455    3.8850    0.0222 
       1633+382 080429 56745.34050  5075.0  37.7691    3.0034    0.0222 
          3C345 081045 56745.34486  5075.0  38.8556    5.9060    0.0476 
         MRK501 081700 56745.34918  5075.0  39.6210    1.4540    0.0230 
        3C454.3 084904 56745.37136  5075.0  59.8982    7.8129    0.0747 
       2223-052 091102 56745.38663  5075.0  40.6010    4.2939    0.0247 
       2230+114 091738 56745.38912  5075.0  57.2815    4.0722    0.0353 
          BLLAC 142954 56679.60830  8520.0  74.6355    5.0808    0.0395 
        3C454.3 143749 56679.61364  8520.0  60.4114    6.2781    0.0441 
          3C380 144608 56679.61942  8520.0  38.5027    3.7471    0.0363 
       2223-052 145425 56679.62508  8520.0  36.9898    3.6673    0.0364 
       2230+114 150059 56679.62970  8520.0  52.4931    3.3439    0.0306 
       2344+092 150747 56679.63440  8520.0  54.8466    0.9385    0.0288 
          3C66A 151913 56679.64239  8520.0  67.1782    1.2817    0.0547 
       0235+164 154639 56679.66136  8520.0  53.1468    0.7776    0.0261 
       0336-019 214510 56679.91024  8305.0  28.2052    2.3185    0.0483 
       0420-014 215119 56679.91451  8305.0  33.7193    4.3342    0.0682 
       0528+134 215756 56679.91911  8305.0  54.0308    1.4682    0.0343 
        NRAO150 220532 56679.92443  8305.0  58.9378    8.8731    0.1208 
       0736+017 222633 56679.93898  8305.0  46.9529    0.7573    0.0359 
       0829+046 223254 56679.94339  8305.0  47.8163    0.6333    0.0362 
       0735+178 223919 56679.94786  8305.0  63.1481    1.1822    0.0348 
       0827+243 224556 56679.95244  8305.0  67.5504    0.8823    0.0353 
          OJ287 225204 56679.95670  8305.0  62.1720    2.8394    0.0492 
          3C207 225814 56679.96097  8305.0  57.2792    1.5167    0.0370 
         MRK421 230957 56679.96912  8305.0  56.7997    0.6382    0.0377 
       1156+295 231622 56679.97357  8305.0  43.5815    1.0782    0.0375 
       1219+285 232226 56679.97778  8305.0  40.1600    0.6608    0.0428 
       0716+714 233027 56679.98349  8305.0  62.0879    1.5207    0.0400 
       0836+710 233653 56679.98796  8305.0  63.6600    3.0372    0.0516 
       0954+658 234328 56679.99252  8305.0  66.4631    1.4777    0.0525 
          3C273 000045 56680.00439  8305.0  27.3958   23.6447    0.3185 
          3C279 000701 56680.00875  8305.0  18.0402   26.1040    0.3514 
       0420-014 002345 56680.01753  8305.0  10.0169    4.2006    0.1007 
       0528+134 002639 56680.02213  8305.0  31.6615    1.5251    0.0621 
        NRAO150 003316 56680.02702  8305.0  36.8234    8.9187    0.1264 
       0736+017 004952 56680.03850  8305.0  38.3581    0.7310    0.0424 
       0829+046 005606 56680.04284  8305.0  45.9154    0.6423    0.0425 
       0735+178 010236 56680.04735  8305.0  49.7183    1.2584    0.0354 
       0827+243 010857 56680.05179  8305.0  61.5867    0.9063    0.0335 
          OJ287 011515 56680.05618  8305.0  60.4565    2.8892    0.0498 
          3C207 012130 56680.06047  8305.0  52.0615    1.5965    0.0426 
         MRK421 013400 56680.06911  8305.0  81.3134    0.7577    0.0669 
       1156+295 014021 56680.07352  8305.0  67.9490    1.1026    0.0405 
       1219+285 014621 56680.07774  8305.0  64.8757    0.7633    0.0556 
       0716+714 015525 56680.08421  8305.0  53.4501    1.6256    0.0420 
       0836+710 020149 56680.08859  8305.0  58.8427    3.0700    0.0505 
       1354+195 022013 56680.10125  8305.0  48.7666    2.0191    0.0405 
          3C273 022700 56680.10596  8305.0  45.2690   24.5255    0.3272 
          3C279 023315 56680.11031  8305.0  36.2503   27.2645    0.3633 
       1334-127 023933 56680.11467  8305.0  26.4754    5.2410    0.0796 
       1510-089 102027 56680.43483  8520.0  12.6716    2.7771    0.0397 
       1730-130 103802 56680.44705  8520.0  25.7568    4.9795    0.0378 
       1741-038 104424 56680.45146  8520.0  34.6073    3.8715    0.0313 
       1611+343 111815 56680.47501  8520.0  42.6771    4.4365    0.0316 
       1633+382 112434 56680.47944  8520.0  47.2982    3.8982    0.0345 
          3C345 113050 56680.48381  8520.0  48.3088    6.0167    0.0650 
         MRK501 113706 56680.48815  8520.0  49.0860    1.3211    0.0244 
       1807+698 114422 56680.49335  8520.0  58.1594    1.7457    0.0220 
          BLLAC 115929 56680.50378  8520.0  78.3859    5.2557    0.0372 
        3C454.3 120641 56680.50861  8520.0  53.8637    6.4976    0.0393 
       0336-019 194212 56700.82486  8520.0  33.7264    2.3606    0.0328 
       0420-014 194825 56700.82916  8520.0  38.3970    4.2059    0.0269 
       0528+134 195459 56700.83374  8520.0  57.5463    1.4245    0.0217 
        NRAO150 200256 56700.83927  8520.0  65.2456    9.8009    0.0278 
       0736+017 202403 56700.85391  8520.0  45.4396    0.7789    0.0230 
       0829+046 203023 56700.85830  8520.0  44.3116    0.6102    0.0245 
       0735+178 203652 56700.86281  8520.0  61.8716    1.1449    0.0250 
       0827+243 204325 56700.86735  8520.0  63.1093    0.8955    0.0214 
          OJ287 204933 56700.87158  8520.0  57.3969    2.7741    0.0229 
          3C207 205540 56700.87586  8520.0  53.9060    1.5532    0.0200 
         MRK421 210709 56700.88384  8520.0  49.6712    0.5990    0.0252 
       1156+295 211334 56700.88829  8520.0  36.4095    1.0597    0.0237 
       1219+285 211939 56700.89251  8520.0  33.0056    0.6695    0.0251 
       0716+714 212722 56700.89801  8520.0  63.0502    1.4541    0.0220 
       0836+710 213347 56700.90256  8520.0  63.0030    3.0359    0.0269 
       0954+658 214029 56700.90712  8520.0  63.5189    1.2138    0.0276 
       1354+195 215114 56700.91444  8520.0  16.1168    1.8922    0.0388 
          3C273 215746 56700.91899  8520.0  20.7414   23.3760    0.0640 
          3C279 220403 56700.92336  8520.0  11.4532   26.6426    0.0806 
       0420-014 222923 56700.94094  8520.0  15.2263    4.0342    0.0440 
       0528+134 223603 56700.94558  8520.0  36.4221    1.4515    0.0273 
        NRAO150 224306 56700.95052  8520.0  40.7363    9.7782    0.0762 
       0736+017 225945 56700.96204  8520.0  41.4689    0.7803    0.0243 
       0829+046 230602 56700.96641  8520.0  48.0692    0.6256    0.0225 
       0735+178 231234 56700.97099  8520.0  53.7643    1.1593    0.0301 
       0827+243 231858 56700.97545  8520.0  65.1368    0.9093    0.0226 
          OJ287 232521 56700.97985  8520.0  63.2221    2.8631    0.0200 
          3C207 233135 56700.98416  8520.0  55.0054    1.6155    0.0230 
       1354+195 234506 56700.99352  8520.0  36.3607    1.9890    0.0275 
          3C273 235145 56700.99811  8520.0  38.0197   24.0317    0.0540 
          3C279 235759 56700.99988  8520.0  28.5661   28.2089    0.0834 
          3C279 000012 56701.00244  8520.0  28.6248   28.2556    0.0672 
       1334-127 000414 56701.00679  8520.0  17.9357    5.1470    0.0318 
       1510-089 064602 56701.28592  8520.0  30.3124    3.0279    0.0322 
       1730-130 070337 56701.29813  8520.0  32.3685    5.1112    0.0345 
       1741-038 070956 56701.30253  8520.0  41.5703    3.7788    0.0362 
     PG1553+113 072300 56701.31164  8520.0  49.1226    0.2264    0.0352 
       1611+343 074334 56701.32600  8520.0  66.0766    4.3035    0.0556 
       1633+382 074959 56701.33053  8520.0  70.7063    3.7041    0.0280 
          3C345 075623 56701.33498  8520.0  71.6509    5.8905    0.0893 
         MRK501 080250 56701.33948  8520.0  72.4088    1.3047    0.0541 
       1807+698 081107 56701.34533  8520.0  64.5048    1.7982    0.0260 
          BLLAC 083451 56701.36154  8520.0  56.7029    4.1250    0.0252 
        3C454.3 084800 56701.37061  8520.0  35.5024    6.3803    0.0250 
          3C380 085731 56701.37745  8520.0  80.3653    4.5613    0.0487 
       2223-052 090752 56701.38438  8520.0  26.9614    3.6748    0.0300 
       2230+114 091415 56701.38886  8520.0  40.2909    3.3787    0.0270 
       2344+092 092047 56701.39338  8520.0  27.4217    0.9218    0.0284 
          3C66A 092757 56701.39840  8520.0  23.9071    1.0111    0.0383 
          BLLAC 100112 56701.42158  8520.0  71.9958    3.9747    0.0223 
        3C454.3 100817 56701.42638  8520.0  48.7738    6.4553    0.0281 
          3C380 101822 56701.43356  8520.0  67.2108    3.8654    0.0292 
       2223-052 102915 56701.44093  8520.0  36.3396    3.7103    0.0363 
       2230+114 103545 56701.44546  8520.0  51.6119    3.3234    0.0284 
       2344+092 104216 56701.44996  8520.0  40.7644    0.8990    0.0245 
          3C66A 104936 56701.45513  8520.0  36.1698    0.9742    0.0372 
       0336-019 180133 56742.75494  8520.0  24.5709    2.2481    0.0555  
       0420-014 180741 56742.75921  8520.0  30.4717    3.8126    0.0328  
        NRAO150 182145 56742.76904  8520.0  55.1974    9.2392    0.0468  
       0736+017 184242 56742.78353  8520.0  46.9998    1.1154    0.0333  
       0829+046 184903 56742.78793  8520.0  49.1464    0.7165    0.0537  
       0735+178 185528 56742.79243  8520.0  62.6786    1.1891    0.0509  
       0716+714 194704 56742.82841  8520.0  61.1198    1.0939    0.0480  
       0836+710 195332 56742.83286  8520.0  63.6028    2.9932    0.0369  
       0954+658 200006 56742.83741  8520.0  67.7718    1.2326    0.0334  
       1354+195 201101 56742.84486  8520.0  27.6412    1.9691    0.0433  
          3C273 201736 56742.84940  8520.0  31.1920   23.7398    0.0857  
          3C279 202350 56742.85373  8520.0  21.7985   27.8375    0.1075  
       1510-089 043636 56743.19603  8520.0  26.3796    3.0499    0.0521  
       1730-130 045411 56743.20825  8520.0  32.0230    4.3058    0.0327  
       1741-038 050032 56743.21266  8520.0  41.3346    3.5941    0.0312  
       0336-019 203007 57055.85820  5075.0  32.8443    1.8237    0.0326 
       0420-014 203625 57055.86259  5075.0  37.6634    2.4541    0.0353 
       0528+134 204308 57055.86730  5075.0  57.0562    1.2669    0.0279 
        NRAO150 205111 57055.87301  5075.0  64.1434    7.6785    0.0611 
       0736+017 211245 57055.88781  5075.0  45.8625    1.2440    0.0293 
       0829+046 211914 57055.89230  5075.0  45.1079    0.6626    0.0688 
       0735+178 212548 57055.89692  5075.0  62.3211    1.1963    0.0242 
       0827+243 213235 57055.90159  5075.0  64.1503    0.6196    0.0260 
          OJ287 213853 57055.90596  5075.0  58.5090    4.0991    0.0228 
          3C207 214511 57055.91033  5075.0  54.7651    1.6224    0.0363 
         MRK421 215656 57055.91854  5075.0  51.1938    0.6954    0.0278 
       0716+714 221743 57055.93330  5075.0  62.9320    1.6435    0.0640 
       0836+710 222439 57055.93815  5075.0  63.2206    3.3324    0.0368 
       1354+195 224258 57055.95047  5075.0  17.9987    1.9639    0.0692 
          3C273 224939 57055.95506  5075.0  22.5615   28.8728    0.0720 
          3C279 225600 57055.95946  5075.0  13.2611   19.5490    0.0803 
       0420-014 232136 57055.97729  5075.0  13.3037    2.5069    0.0355 
       0528+134 232823 57055.97911  5075.0  34.4988    1.2704    0.0415 
       1510-089 064503 57056.28525  5075.0  33.7656    2.1188    0.0456 
           SgrA 065157 57056.29273  5075.0  14.7313  175.6694    1.0197 
       1730-130 070239 57056.29745  5075.0  31.3495    4.5357    0.0323 
       1741-038 070856 57056.30180  5075.0  40.2059    3.3130    0.0334 
       1606+105 071542 57056.30656  5075.0  54.3156    0.7762    0.0340 
       1611+343 074253 57056.32563  5075.0  72.7914    4.1205    0.0343 
          3C345 075603 57056.33491  5075.0  78.6859    6.0385    0.1519 
       1807+698 081155 57056.34597  5075.0  64.6228    1.8406    0.0368 
          BLLAC 083008 57056.35826  5075.0  48.9487    3.2191    0.0559 
        3C454.3 084320 57056.36737  5075.0  27.5565   11.9895    0.0619 
       2223-052 085200 57056.37336  5075.0  18.5664    4.6054    0.0490 
       2230+114 085820 57056.37780  5075.0  30.9131    4.3555    0.0319 
          BLLAC 095250 57056.41568  5075.0  63.3146    3.5618    0.1170 
        3C454.3 095945 57056.42045  5075.0  40.9069   12.0542    0.0435 
          3C380 100933 57056.42743  5075.0  75.3079    5.1205    0.0306 
       2223-052 102007 57056.43459  5075.0  31.1279    4.3863    0.0614 
       2230+114 102635 57056.43908  5075.0  45.1749    4.3523    0.0376 
       2344+092 103305 57056.44360  5075.0  32.8750    1.1308    0.0268 
       0336-019 164220 57102.70003  5075.0  37.8754    1.7893    0.0331 
       0420-014 164841 57102.70444  5075.0  41.5508    2.4379    0.0300 
       0528+134 165518 57102.70907  5075.0  58.9545    1.3437    0.0311 
        NRAO150 170345 57102.71507  5075.0  70.8404    8.4311    0.0535 
       0736+017 171702 57102.72411  5075.0  41.9857    1.3836    0.0433 
       0829+046 172326 57102.72856  5075.0  39.1006    0.6329    0.0497 
       0735+178 173004 57102.73316  5075.0  57.9947    1.1668    0.0237 
          OJ287 174257 57102.74210  5075.0  51.0052    4.0358    0.0327 
          3C207 174914 57102.74648  5075.0  48.6839    1.6719    0.0248 
         MRK421 180042 57102.75449  5075.0  42.2256    0.7468    0.0362 
       1156+295 180720 57102.75905  5075.0  28.9302    1.3954    0.0652 
       1219+285 181332 57102.76336  5075.0  25.5907    0.6350    0.0604 
       0716+714 182107 57102.76902  5075.0  63.0962    1.7115    0.0265 
       0836+710 182804 57102.77386  5075.0  61.3598    3.3263    0.0397 
       0954+658 183509 57102.77868  5075.0  59.7353    1.4015    0.0462 
          3C273 184648 57102.78641  5075.0  12.5594   28.4596    0.0816 
       0336-019 191204 57102.80400  5075.0  16.5921    2.0026    0.0679 
       0420-014 191821 57102.80837  5075.0  23.0360    2.3879    0.9760 
       0528+134 192508 57102.81313  5075.0  44.0967    1.6628    0.1032 
       0736+017 195336 57102.83284  5075.0  45.0616    1.3102    0.0376 
       0735+178 200642 57102.84201  5075.0  58.9778    1.3814    0.0536 
          OJ287 201955 57102.85119  5075.0  65.4265    4.0846    0.0350 
          3C207 202620 57102.85563  5075.0  57.9297    1.6506    0.0272 
          3C273 210028 57102.87926  5075.0  34.3338   28.1884    0.0839 
          3C279 210651 57102.88368  5075.0  24.9812   18.3349    0.0686 
       1334-127 211315 57102.88811  5075.0  14.0811    5.5264    0.0429 
       1730-130 050523 57103.21603  5075.0  32.2250    4.6947    0.0352 
       1741-038 051144 57103.22043  5075.0  41.5262    3.2720    0.0323 
       1611+343 054509 57103.24377  5075.0  61.5295    4.0517    0.0262 
       1633+382 055135 57103.24828  5075.0  66.0966    2.4784    0.0245 
          3C345 055756 57103.25270  5075.0  67.0041    5.6227    0.0923 
       1807+698 061220 57103.26282  5075.0  63.9141    1.8051    0.0244 
        3C454.3 064903 57103.28802  5075.0  39.9037   12.9412    0.0431 
          3C380 065847 57103.29496  5075.0  76.2820    5.2341    0.0296 
       2223-052 070919 57103.30210  5075.0  30.3903    4.3895    0.0318 
       2230+114 071547 57103.30659  5075.0  44.2937    4.3746    0.0237 
       1730-130 075216 57103.33192  5075.0  18.5347    4.7209    0.0708 
       1741-038 075837 57103.33633  5075.0  26.8268    3.3117    0.0424 
       1606+105 080518 57103.34097  5075.0  20.7962    0.7614    0.0377 
     PG1553+113 081125 57103.34520  5075.0  17.8725    0.2800    0.0363 
       1611+343 081940 57103.35102  5075.0  34.2379    3.9831    0.0402 
       1633+382 082601 57103.35545  5075.0  38.9459    2.4812    0.0272 
          3C345 083217 57103.35981  5075.0  40.0366    5.5725    0.0414 
         MRK501 083832 57103.36415  5075.0  40.7901    1.4815    0.0308 
        NRAO150 182652 57161.77270  5075.0  24.9213    7.1216    0.0545 
          OJ287 190751 57161.80111  5075.0  47.0825    4.2828    0.0543 
       0716+714 200307 57161.83982  5075.0  45.1465    1.4931    0.0470 
       0836+710 200955 57161.84447  5075.0  51.0074    3.5001    0.0587 
          3C273 203659 57161.86298  5075.0  46.2391   28.5292    0.1054 
          3C279 204318 57161.86735  5075.0  39.2838   18.7086    0.0874 
       1334-127 204938 57161.87176  5075.0  32.3992    6.3211    0.0990 
           SgrA 005227 57162.04386  5075.0  16.4213  168.8778    1.1059 
       1730-130 010419 57162.04926  5075.0  32.3370    4.5969    0.0562 
       1741-038 011137 57162.05432  5075.0  41.6118    3.2829    0.0440 
       1633+382 020640 57162.09275  5075.0  64.6721    2.3974    0.0341 
          3C345 021402 57162.09788  5075.0  65.4088    5.4394    0.0782 
         MRK501 022125 57162.10300  5075.0  66.0128    1.5221    0.0434 
       1807+698 023020 57162.10927  5075.0  63.5482    1.7645    0.0370 
          BLLAC 025759 57162.12827  5075.0  63.8162    3.1332    0.0326 
        3C454.3 030554 57162.13371  5075.0  41.5502   14.6136    0.0638 
          3C380 031642 57162.14141  5075.0  74.5119    6.0796    0.0853 
       2223-052 032818 57162.14925  5075.0  31.8317    4.2573    0.0413 
       2230+114 033543 57162.15441  5075.0  46.1542    4.3488    0.0549 
       0735+178 113122 57239.48449  5075.0  56.2016    1.2800    0.1003 
         MRK421 120127 57239.50535  5075.0  73.9672    0.7723    0.0472 
       1156+295 120925 57239.51089  5075.0  60.8574    1.3666    0.0339 
       0716+714 122728 57239.52371  5075.0  56.6556    1.7053    0.0553 
       0836+710 123539 57239.52938  5075.0  61.2306    3.1569    0.0328 
       0954+658 124356 57239.53508  5075.0  68.6943    1.0006    0.0343 
       1354+195 171200 57239.72104  5075.0  61.7364    2.0895    0.0469 
          3C273 172026 57239.72682  5075.0  35.1488   27.5226    0.0798 
          3C279 172802 57239.73211  5075.0  30.8913   18.0778    0.1443 
       1611+343 180932 57239.76110  5075.0  79.0842    4.1642    0.0419 
       1633+382 181723 57239.76646  5075.0  81.2080    2.4444    0.1816 
         MRK501 182550 57239.77228  5075.0  80.8184    1.4242    0.0735 
       1730-130 200539 57239.84154  5075.0  32.2365    4.3087    0.0742 
       1741-038 201256 57239.84661  5075.0  41.5244    2.9915    0.0684 
       1807+698 202348 57239.85453  5075.0  64.6847    1.8336    0.0407 
          BLLAC 203321 57239.86083  5075.0  50.1566    3.0580    0.0481 
       2223-052 205515 57239.87598  5075.0  19.7036    4.2046    0.0674 
       2230+114 210229 57239.88104  5075.0  32.3054    4.5981    0.0564 
       2344+092 211023 57239.88651  5075.0  19.1919    1.0731    0.0662 
        FLAGGED NRAO150 044023 57240.19926  5075.0  73.2229   16.4061    0.8745 
       1807+698 193511 57275.82067  5075.0  62.0798    1.7148    0.0469 
          BLLAC 194751 57275.82930  5075.0  66.9557    3.1570    0.0401 
        3C454.3 195613 57275.83500  5075.0  44.5340   16.2826    0.0460 
       2223-052 200409 57275.84052  5075.0  32.2598    4.0669    0.0347 
       2230+114 201129 57275.84562  5075.0  46.6561    4.3113    0.0314 
       1741-038 204505 57275.86894  5075.0  25.8002    3.2245    0.1490 
       0235+164 014425 57276.07682  5075.0  60.5711    2.2034    0.0341 
       0336-019 015241 57276.08256  5075.0  38.8831    2.4643    0.0493 
        NRAO150 021543 57276.09881  5075.0  72.7449    8.8542    0.0369 
       0440-003 023242 57276.11034  5075.0  37.8096    2.6608    0.0498 
       0528+134 024011 57276.11555  5075.0  43.7855    1.4620    0.0327 
       0735+178 082554 57276.35571  5075.0  60.5273    0.9944    0.0601 
          OJ287 085737 57276.37774  5075.0  65.3773    3.6710    0.0363 
         MRK421 091141 57276.38746  5075.0  69.7367    0.8656    0.0385 
       1156+295 091939 57276.39295  5075.0  56.7125    1.5099    0.0433 
       0716+714 093729 57276.40566  5075.0  58.2784    1.3901    0.0317 
       0836+710 094538 57276.41131  5075.0  62.3081    3.1119    0.0367 
       1354+195 131007 57276.55302  5075.0  63.6369    2.0077    0.0378 
          3C273 131819 57276.55869  5075.0  45.4156   27.2707    0.0624 
          3C279 132605 57276.56409  5075.0  38.7742   17.8507    0.2012 
       1334-127 133353 57276.56949  5075.0  32.4227    5.7799    0.0480 
       1510-089 134137 57276.57485  5075.0  33.3427    1.6630    0.0379 
     PG1553+113 134908 57276.58239  5075.0  48.8521    0.2422    0.0345 
       1606+105 140001 57276.58763  5075.0  47.5605    0.7574    0.0377 
       1611+343 140733 57276.59292  5075.0  65.6264    3.8686    0.0329 
       1633+382 141508 57276.59820  5075.0  65.0912    2.2946    0.0557 
          3C345 142248 57276.60352  5075.0  65.7468    5.2344    0.0626 
       1741-038 180728 57300.75949  5075.0  33.5949    3.3388    0.1548 
        3C454.3 183753 57300.78061  5075.0  47.7079   17.0453    0.0742 
       2223-052 184553 57300.78616  5075.0  34.4485    4.1586    0.0467 
       2230+114 185312 57300.79125  5075.0  49.3289    4.3711    0.0443 
       0235+164 234135 57300.99152  5075.0  58.5095    1.9354    0.1077 
       0336-019 234952 57300.99727  5075.0  36.3293    2.4198    0.0808 
        NRAO150 001235 57301.01322  5075.0  68.8551    8.1784    0.0563 
       0440-003 002916 57301.02463  5075.0  34.7474    2.6510    0.0669 
       0528+134 003643 57301.02979  5075.0  39.7391    1.6401    0.0778 
       0735+178 060530 57301.25816  5075.0  62.9469    1.2585    0.0802 
       0829+046 062938 57301.27488  5075.0  49.8042    0.8862    0.0588 
          OJ287 063704 57301.28010  5075.0  64.7734    3.4904    0.0419 
       1156+295 065836 57301.29501  5075.0  49.1935    1.5520    0.0815 
       1219+285 070609 57301.30023  5075.0  46.0376    0.8965    0.0415 
       0716+714 071603 57301.30744  5075.0  60.7067    1.4310    0.0386 
       0836+710 072412 57301.31319  5075.0  63.4780    3.2632    0.0438 
       0954+658 073249 57301.31912  5075.0  68.3277    0.9990    0.0494 
       0235+164 213958 57336.90705  5075.0  60.2397    2.1533    0.0447 
       0336-019 214814 57336.91280  5075.0  38.4336    2.8823    0.0404 
        NRAO150 221112 57336.92898  5075.0  72.0075    8.4464    0.0517 
       0420-014 222034 57336.93526  5075.0  37.6540    2.0334    0.0579 
       0440-003 222808 57336.94051  5075.0  37.2626    2.6186    0.0541 
       0528+134 223537 57336.94570  5075.0  43.0349    1.2997    0.0685 
       0735+178 041451 57337.18137  5075.0  61.4191    1.1403    0.0468 
       0827+243 043044 57337.19244  5075.0  69.5088    0.7128    0.0477 
          OJ287 044635 57337.20338  5075.0  65.5223    2.7693    0.0447 
         MRK421 050030 57337.21302  5075.0  67.7237    0.6670    0.0467 
       1219+285 051558 57337.22372  5075.0  51.5975    0.9450    0.0568 
       0716+714 052608 57337.23111  5075.0  58.9928    1.3249    0.0436 
       0836+710 053416 57337.23675  5075.0  62.7207    3.2362    0.0335 
       0954+658 054232 57337.24243  5075.0  69.0030    1.1165    0.0774 
       1354+195 091935 57337.39295  5075.0  64.1211    2.1488    0.0478 
          3C273 092751 57337.39864  5075.0  44.7534   28.7600    0.0646 
          3C279 093535 57337.40402  5075.0  38.3554   19.7971    0.0742 
       1510-089 094701 57337.40965  5075.0  33.4819    2.3540    0.0805 
       1606+105 095723 57337.41915  5075.0  47.2004    0.8508    0.0523 
       1611+343 100455 57337.42153  5075.0  65.1081    4.0628    0.0548 
       1611+343 100826 57337.42687  5075.0  65.7511    4.1296    0.0291 
       1633+382 101602 57337.43215  5075.0  65.2209    2.3847    0.0437 
          3C345 102340 57337.43514  5075.0  65.2769    5.7104    0.1046 
       0235+164 234716 57370.99551  5075.0  37.7920    2.0610    0.0522 
        NRAO150 001734 57371.01663  5075.0  62.6953    7.5161    0.0384 
       0528+134 004129 57371.03316  5075.0  53.1278    1.3814    0.0588 
       0735+178 010558 57371.05017  5075.0  63.0802    0.9545    0.0314 
       0736+017 011410 57371.05580  5075.0  47.0548    0.9192    0.0534 
       0827+243 012153 57371.06119  5075.0  67.5774    0.6110    0.0482 
          OJ287 013734 57371.07205  5075.0  63.0852    2.7469    0.0312 
         MRK421 015053 57371.08136  5075.0  57.7382    0.6638    0.0332 
       1156+295 015848 57371.08679  5075.0  44.7937    1.4224    0.0350 
       1219+285 020617 57371.09201  5075.0  41.6321    0.7148    0.0527 
       0716+714 021556 57371.09902  5075.0  61.7907    1.1585    0.0375 
       0836+710 022403 57371.10473  5075.0  63.6907    3.1148    0.0298 
       0954+658 023252 57371.11079  5075.0  67.2264    0.9998    0.0342 
       1354+195 054059 57371.24109  5075.0  55.6518    2.1266    0.0278 
          3C273 054907 57371.24674  5075.0  47.3027   28.2033    0.0667 
          3C279 055658 57371.25218  5075.0  38.9967   18.3225    0.0657 
       1334-127 060448 57371.25762  5075.0  30.3686    5.0012    0.0542 
       1510-089 061227 57371.26295  5075.0  25.8042    2.5573    0.0652 
       1611+343 063812 57371.28088  5075.0  52.2020    3.9055    0.0304 
       1633+382 064543 57371.28609  5075.0  51.5653    2.4221    0.0357 
          3C345 065310 57371.29127  5075.0  52.2390    5.4686    0.0687 
         MRK501 070041 57371.29649  5075.0  51.6339    1.5070    0.0554 
       1807+698 141640 57371.59949  5075.0  58.3273    1.7037    0.0460 
          BLLAC 142859 57371.60789  5075.0  77.4238    3.0454    0.0595 
        3C454.3 143658 57371.61331  5075.0  53.2674   16.9664    0.0443 
       2223-052 144428 57371.61851  5075.0  37.7807    4.0393    0.0590 
       2230+114 145151 57371.62363  5075.0  53.5540    4.2156    0.0684 
       1807+698 152700 57371.64833  5075.0  52.7408    1.7228    0.0738 
        3C454.3 154137 57371.65648  5075.0  60.5115   16.7386    0.0630 
       0235+164 133518 57161.57170 24600.0  36.8257    2.3952    0.3208
       0336-019 134436 57161.57813 24600.0  30.8510    3.2017    0.3819
       0420-014 135330 57161.58433 24600.0  35.6828    2.0640    0.2756
       0528+134 140249 57161.59079 24600.0  55.3658    0.8687    0.1439
        NRAO150 141314 57161.59815 24600.0  60.4884    7.9214    0.9306
       0736+017 142923 57161.60924 24600.0  46.5810    1.4878    0.3645
          OJ287 150618 57161.63501 24600.0  61.8089    3.9831    0.4746
       0716+714 163931 57161.69977 24600.0  59.7150    2.2333    0.3247
       0836+710 164839 57161.70613 24600.0  63.0555    2.6570    0.3346
       1354+195 171245 57161.72266 24600.0  34.0585    1.9780    0.2822
          3C273 172207 57161.72915 24600.0  36.6881   17.3088    1.9868
          3C279 173107 57161.73540 24600.0  27.6492   18.7533    2.1616
       1334-127 174009 57161.74168 24600.0  17.2838    5.8617    0.7086
          3C207 180119 57161.75323 24600.0  49.6760    0.9196    0.1771
       1510-089 210850 57161.88661 24600.0  33.2052    2.5794    0.1648
       1606+105 213629 57161.90579 24600.0  48.4823    0.8567    0.4037
       1633+382 222549 57161.94026 24600.0  72.5286    2.7252    0.2185
          3C345 223452 57161.94654 24600.0  73.5016    4.3101    0.3168
          3C273 163124 57238.69629 24000.0  40.9336   16.1481    0.7397
          3C279 164336 57238.70475 24000.0  35.2023   15.4436    0.7144
       1354+195 165627 57238.71395 24000.0  62.8017    1.9885    0.1058
       1334-127 170954 57238.72302 24000.0  29.5979    4.8451    0.2577
       1510-089 172226 57238.73173 24000.0  36.3222    3.0253    0.1723
       1606+105 181356 57238.76757 24000.0  55.9043    0.4652    0.0671
       1611+343 182647 57238.77686 24000.0  79.6489    4.3597    0.2032
       1633+382 193352 57238.82407 24000.0  78.7839    2.9281    0.1229
          3C345 194851 57238.83405 24000.0  78.6407    4.6573    0.1761
         MRK501 200200 57238.84308 24000.0  78.2542    1.1171    0.0737
           SgrA 203128 57238.86300 24000.0  16.0468   13.0236    0.6153
       1730-130 204353 57238.87162 24000.0  30.8116    2.6383    0.1418
       1741-038 205607 57238.88012 24000.0  39.7393    2.5748    0.1183
       1807+698 211139 57238.89120 24000.0  63.7748    1.5380    0.0748
          BLLAC 214009 57238.91096 24000.0  62.3957    3.5803    0.1357
        3C454.3 215926 57238.92409 24000.0  41.9747   21.7598    0.7720
       2230+114 221137 57238.93253 24000.0  43.9484    2.6343    0.1242
       2223-052 222402 57238.94116 24000.0  32.3794    1.9309    0.1214
       2344+092 223635 57238.94988 24000.0  34.5528    0.8144    0.0936
       0528+134 084922 57239.37551 24000.0  55.6626    0.8263    0.0702
       0735+178 090239 57239.38474 24000.0  61.5787    0.8446    0.0698
       0736+017 091518 57239.39342 24000.0  46.4463    1.2688    0.0935
       0829+046 092738 57239.40201 24000.0  46.8320    0.9554    0.0798
         MRK421 094818 57239.41646 24000.0  51.6334    0.4688    0.0902
       1156+295 100055 57239.42511 24000.0  39.4472    1.4756    0.2076
       1219+285 101303 57239.43354 24000.0  37.1085    0.4958    0.1071
       0716+714 102656 57239.44347 24000.0  62.3905    2.6583    0.3254
       0836+710 103936 57239.45236 24000.0  63.6463    2.5899    0.3178
       0954+658 105236 57239.46139 24000.0  66.6375    1.0503    0.1446
          3C66A 054046 57240.24494 24000.0  76.7970    0.6484    0.0894
       0235+164 055443 57240.25423 24000.0  58.4417    4.3234    0.4628
       0336-019 060726 57240.26300 24000.0  43.4807    3.4236    0.3816
       0323+342 062032 57240.28087 24000.0  74.1300    0.3271    0.0467
        NRAO150 064637 57240.29091 24000.0  80.4081    8.6588    0.4082
       0420-014 070220 57240.30110 24000.0  43.5576    2.1187    0.1624
       0440-003 071425 57240.30950 24000.0  44.8252    1.0898    0.1088
       0836+710 074352 57240.33013 24000.0  55.5802    2.9118    0.1514
          3C66A 031758 57276.14581 24100.0  77.0166    0.7022    0.0382
       0235+164 033159 57276.15511 24100.0  58.5620    4.4115    0.1129
       0336-019 034443 57276.16387 24100.0  43.5099    3.5409    0.0989
       0323+342 035747 57276.18172 24100.0  74.3139    0.4082    0.0284
        NRAO150 042354 57276.19181 24100.0  80.5544    7.6922    0.1832
       0420-014 043938 57276.20201 24100.0  43.5998    2.2466    0.0656
       0440-003 045144 57276.21041 24100.0  44.8595    1.1633    0.0513
       0528+134 051831 57276.22908 24100.0  59.0099    0.9192    0.0406
       0735+178 053144 57276.23819 24100.0  54.6097    0.8795    0.0471
       0736+017 054412 57276.24685 24100.0  41.8358    1.2852    0.0580
       0829+046 055630 57276.25540 24100.0  39.6873    0.9620    0.0565
         MRK421 061710 57276.26972 24100.0  40.1914    0.5380    0.0683
       1156+295 062937 57276.27839 24100.0  27.8645    1.9247    0.1561
       0716+714 065511 57276.29651 24100.0  63.1789    2.0487    0.1455
       0836+710 070800 57276.30542 24100.0  62.0116    2.7436    0.1900
       0954+658 072059 57276.31433 24100.0  61.5295    1.2804    0.0962
       0827+243 075127 57276.33549 24100.0  69.1022    0.5721    0.0562
          OJ287 080401 57276.34420 24100.0  64.5434    3.8051    0.2590
          3C273 145331 57276.62832 24100.0  34.4197   15.2802    0.5011
          3C279 150544 57276.63679 24100.0  29.7144   15.9505    0.5337
       1354+195 151837 57276.64582 24100.0  57.3102    2.0874    0.0769
       1334-127 153144 57276.65484 24100.0  25.1114    5.5487    0.2095
       1510-089 154411 57276.66349 24100.0  35.1772    4.4731    0.1523
     PG1553+113 161140 57276.69083 24100.0  55.1921    0.2250    0.0483
       1606+105 163536 57276.69929 24100.0  54.5636    0.6536    0.0531
       1611+343 164824 57276.70846 24100.0  75.3981    4.4565    0.0935
       1633+382 171057 57276.72424 24100.0  77.8971    3.2152    0.0824
          3C345 172447 57276.73388 24100.0  77.7634    5.1096    0.1049
         MRK501 173744 57276.74285 24100.0  77.3898    1.0732    0.0585
           SgrA 180710 57276.76281 24100.0  15.9119   18.6193    0.5732
       1730-130 181936 57276.77143 24100.0  30.5329    3.3017    0.1008
       1741-038 183150 57276.77993 24100.0  39.4126    3.2143    0.0892
       1807+698 184718 57276.79093 24100.0  63.6001    1.5367    0.0575
          BLLAC 191547 57276.81072 24100.0  63.2886    3.4055    0.0769
        3C454.3 193505 57276.82385 24100.0  42.8165   23.2457    0.4606
       2230+114 194716 57276.83232 24100.0  44.7044    2.9976    0.0732
       2223-052 195943 57276.84096 24100.0  32.9604    2.3997    0.0745
       2344+092 201218 57276.84971 24100.0  35.3977    0.9827    0.0633
       1611+343 212607 57276.90094 24100.0  27.8399    3.9912    0.1067
       1633+382 213814 57276.90936 24100.0  31.6682    2.8786    0.0839
          3C345 215015 57276.91773 24100.0  31.9043    4.7160    0.1155
         MRK501 220218 57276.92609 24100.0  31.6902    1.0275    0.0646
          3C380 222506 57276.94201 24100.0  47.3151    2.7171    0.0716
       1807+698 223750 57276.95102 24100.0  46.9992    1.4645    0.0540
          BLLAC 230601 57276.97077 24100.0  74.7898    3.3327    0.0767
          3C273 121355 57300.51445 24100.0  42.7930   17.1947    0.3691
          3C279 122150 57300.51692 24100.0  37.2727   18.4351    0.4014
       1354+195 122602 57300.52617 24100.0  64.3296    2.0962    0.0623
       1334-127 123930 57300.53525 24100.0  31.1536    6.2366    0.1572
       1510-089 125202 57300.54394 24100.0  35.9349    5.5987    0.1255
     PG1553+113 131924 57300.57119 24100.0  55.9227    0.3115    0.0305
       1606+105 134319 57300.57965 24100.0  55.1973    0.6455    0.0478
       1611+343 135611 57300.58891 24100.0  78.6436    4.0833    0.1085
       1633+382 140922 57300.59834 24100.0  81.1796    3.1568    0.2012
           SgrA 144739 57300.62424 24100.0  14.9518   16.6780    0.5400
       1730-130 150101 57300.63353 24100.0  31.6950    3.2964    0.1091
       1741-038 151315 57300.64201 24100.0  40.8925    3.3581    0.0897
          3C380 152717 57300.65221 24100.0  77.4864    2.5826    0.0719
       1807+698 154102 57300.66169 24100.0  64.3586    1.4163    0.0581
          BLLAC 160854 57300.68069 24100.0  47.2019    3.3111    0.0979
        3C454.3 162143 57300.68958 24100.0  25.5732   18.3409    0.4775
       2230+114 163353 57300.69803 24100.0  28.4801    2.5867    0.0926
       2223-052 164617 57300.70664 24100.0  19.3215    1.9111    0.1332
       2344+092 165847 57300.71531 24100.0  18.2864    0.8470    0.1301
          3C345 172955 57300.73094 24100.0  61.7988    5.4055    0.1483
         MRK501 173325 57300.73337 24100.0  63.0952    1.1283    0.1007
       FLAGGED 0836+710 043333 57301.19798 24100.0  59.0169    0.8263    0.1223
       FLAGGED 0235+164 054219 57301.24354 24100.0  22.9902    0.9993    0.0905
       0836+710 151634 57326.64075 24500.0  27.2426    2.4785    0.0865
       0836+710 164622 57326.70065 24500.0  25.3678    2.6502    0.2842
       0836+710 204555 57326.86946 24500.0  31.5229    2.5370    0.0757
       0836+710 221132 57326.92893 24500.0  36.9671    2.7795    0.0828
          3C66A 231509 57336.97722 24100.0  77.5429    0.6952    0.0684
       0235+164 232914 57336.98655 24100.0  58.8427    2.3692    0.0710
       0336-019 234158 57336.99528 24100.0  43.5725    3.1780    0.0905
       0323+342 235502 57337.01314 24100.0  74.7378    0.3513    0.0319
       0420-014 002104 57337.02243 24100.0  44.0695    2.0331    0.0703
       0440-003 003308 57337.03082 24100.0  45.1889    1.1612    0.0832
       0528+134 005952 57337.04947 24100.0  58.8566    0.8496    0.0829
       0735+178 011302 57337.05853 24100.0  51.9279    0.7848    0.0728
       0736+017 012529 57337.06717 24100.0  39.8036    1.0328    0.0666
         MRK421 015824 57337.09004 24100.0  36.9898    0.5498    0.1581
       1156+295 021053 57337.09871 24100.0  24.6134    1.8695    0.1024
       1219+285 022301 57337.10716 24100.0  22.3141    0.5857    0.1143
       0716+714 023624 57337.11680 24100.0  62.9607    2.1179    0.0681
       0836+710 024913 57337.12571 24100.0  61.1429    3.0239    0.0829
       0954+658 030209 57337.13452 24100.0  59.7592    1.7294    0.0659
          3C66A 033907 57337.15999 24100.0  32.7602    0.6057    0.0626
       0235+164 035139 57337.16869 24100.0  16.9773    2.1415    0.1531
       0827+243 060009 57337.25813 24100.0  60.2841    0.7697    0.0731
          OJ287 061242 57337.26672 24100.0  58.6037    3.5449    0.0920
       0827+243 062502 57337.26789 24100.0  58.0213    0.7536    0.1348
          3C273 104834 57337.45696 24100.0  35.2718   15.9644    0.6322
          3C279 105903 57337.46549 24100.0  30.5407   19.2161    0.7921
       1354+195 111148 57337.46815 24100.0  59.2264    1.9363    0.1301
       1510-089 133340 57337.57284 24100.0  25.4518    5.2475    0.2375
       1611+343 142814 57337.61096 24100.0  58.9356    4.2179    0.1639
       1633+382 144033 57337.61958 24100.0  62.4085    3.1917    0.1249
          3C345 145250 57337.62812 24100.0  62.2591    5.8017    0.2175
         MRK501 150509 57337.63666 24100.0  61.9827    1.0405    0.0574
       1730-130 154148 57337.66186 24100.0  23.4070    3.2334    0.1505
       1741-038 155355 57337.67027 24100.0  31.3524    3.4235    0.1363
          3C380 160708 57337.67876 24100.0  69.8678    2.5569    0.0801
       1807+698 161900 57337.68799 24100.0  58.4526    1.3948    0.0569
          BLLAC 164336 57337.70523 24100.0  78.9594    3.7800    0.1105
        3C454.3 165700 57337.71407 24100.0  54.9539   20.9556    0.5771
       2230+114 170904 57337.71843 24100.0  53.9650    3.2183    0.1014
       2223-052 171545 57337.72709 24100.0  39.2893    2.2989    0.0865
       2344+092 172815 57337.73475 24100.0  46.4027    0.9769    0.0521
       0235+164 192620 57370.81785 24100.0  60.7227    2.5783    0.0434
       0336-019 193912 57370.82670 24100.0  39.4965    3.1139    0.0580
       0323+342 195217 57370.84459 24100.0  75.8286    0.3014    0.0218
        NRAO150 201828 57370.85435 24100.0  76.3576    8.8661    0.1122
       0420-014 203256 57370.86403 24100.0  40.7557    1.9773    0.0627
       0440-003 204501 57370.87241 24100.0  41.1146    1.0643    0.0502
       0528+134 211133 57370.89083 24100.0  51.1727    0.8573    0.0510
       0735+178 212414 57370.89964 24100.0  36.2646    0.7496    0.0522
       0736+017 213637 57370.90648 24100.0  26.0333    1.1283    0.0675
       0827+243 214646 57370.91329 24100.0  34.6031    0.6316    0.0497
          OJ287 215613 57370.91985 24100.0  29.4268    3.8698    0.0831
       0829+046 220627 57370.92897 24100.0  24.9054    0.5538    0.0595
       1156+295 223933 57370.94564 24100.0  10.6326    1.0752    0.2668
       0716+714 224408 57370.95541 24100.0  59.0033    2.0254    0.0720
       0836+710 225641 57370.96351 24100.0  54.6543    2.9054    0.0535
       0954+658 230830 57370.96811 24100.0  48.9939    2.2164    0.0631
          3C273 072316 57371.31565 24100.0  43.4513   17.7245    0.2242
          3C279 073528 57371.32412 24100.0  37.1708   20.2904    0.2585
       1354+195 074819 57371.33329 24100.0  64.2728    1.9851    0.0698
       1334-127 080145 57371.34236 24100.0  31.0854    5.4353    0.0835
       1510-089 081416 57371.35106 24100.0  35.9706    5.5016    0.0842
       1606+105 090537 57371.38679 24100.0  55.2564    0.6389    0.0896
       1633+382 093140 57371.40552 24100.0  81.3663    3.5449    0.0743
       1730-130 105525 57371.46295 24100.0  32.3761    4.5684    0.1235
       1741-038 110737 57371.47142 24100.0  41.6307    4.4103    0.1061
       1807+698 114529 57371.49811 24100.0  64.6493    1.6498    0.1022
        3C454.3 122639 57371.52633 24100.0  33.4022   20.0285    0.2890
       2230+114 123849 57371.53477 24100.0  36.0291    3.2009    0.0905
       2223-052 125113 57371.54337 24100.0  25.9345    2.0721    0.1968
       0336-019 193601 57056.82056  8520.0  38.5287    1.8376    0.0244 
       0420-014 194215 57056.82488  8520.0  42.0102    2.3063    0.0367 
       0528+134 194844 57056.82938  8520.0  59.0135    1.2916    0.0197 
        NRAO150 195707 57056.83523  8520.0  71.8661    8.7858    0.0260 
       0736+017 201000 57056.84416  8520.0  41.2534    1.4623    0.0254 
       0829+046 201618 57056.84849  8520.0  38.1174    0.6780    0.0286 
       0735+178 202245 57056.85301  8520.0  57.1175    1.1474    0.0204 
       0827+243 202912 57056.85747  8520.0  55.5448    0.5813    0.0255 
          OJ287 203520 57056.86175  8520.0  49.7610    5.2219    0.0257 
          3C207 204130 57056.86599  8520.0  47.5400    1.4416    0.0263 
         MRK421 205244 57056.87382  8520.0  40.8524    0.6535    0.0223 
       1156+295 205908 57056.87827  8520.0  27.4988    1.6496    0.0370 
       1219+285 210512 57056.88249  8520.0  24.1458    0.6472    0.0448 
       0716+714 211234 57056.88778  8520.0  63.0016    2.1871    0.0231 
       0836+710 211903 57056.89236  8520.0  60.9729    2.8238    0.0193 
       0954+658 212543 57056.89690  8520.0  58.8988    1.3910    0.0336 
       1354+195 232401 57056.97889  8520.0  26.1196    2.1289    0.0341 
          3C273 233037 57056.98346  8520.0  29.9007   20.6012    0.0536 
          3C279 233653 57056.98782  8520.0  20.5246   20.8200    0.0574 
       0528+134 235353 57056.99937  8520.0  28.8765    1.3059    0.0476 
       1510-089 071254 57057.30458  8520.0  31.2199    1.6826    0.0723 
       1730-130 073033 57057.31683  8520.0  32.2694    4.0717    0.0646 
       1611+343 081034 57057.34477  8520.0  67.6716    4.3293    0.0258 
       1633+382 081701 57057.34934  8520.0  72.3290    2.4412    0.0310 
          3C345 082328 57057.35383  8520.0  73.2871    5.2940    0.0401 
         MRK501 083000 57057.35837  8520.0  74.0272    1.3375    0.0266 
       1807+698 083825 57057.36429  8520.0  64.6172    1.7850    0.0222 
          BLLAC 090215 57057.38058  8520.0  55.1452    3.0701    0.0250 
        3C454.3 091526 57057.38966  8520.0  33.9403   15.7129    0.0544 
       2223-052 092215 57057.39436  8520.0  23.8179    3.5096    0.0360 
       2230+114 092836 57057.39880  8520.0  36.7082    3.6324    0.0341 
       1730-130 101809 57057.43297  8520.0  22.9534    4.1007    0.0396 
       1741-038 102407 57057.43737  8520.0  31.5736    3.1193    0.0340 
       1606+105 103050 57057.44204  8520.0  26.9838    0.6917    0.0393 
       1611+343 104757 57057.45184  8520.0  40.4208    4.3127    0.0344 
       0336-019 173533 57101.73689  8520.0  31.9229    1.6619    0.0286 
       0420-014 174143 57101.74118  8520.0  36.9132    2.2535    0.0255 
       0528+134 174818 57101.74580  8520.0  56.5396    1.4211    0.0242 
        NRAO150 175611 57101.75126  8520.0  63.0678    9.0697    0.0284 
       0736+017 181717 57101.76589  8520.0  46.1558    1.4161    0.0196 
       0829+046 182339 57101.77029  8520.0  45.6818    0.7034    0.0204 
       0735+178 183006 57101.77479  8520.0  62.5937    1.0669    0.0253 
       0827+243 183642 57101.77936  8520.0  64.8514    0.5660    0.0192 
          OJ287 184251 57101.78363  8520.0  59.2192    4.8496    0.0249 
          3C207 184902 57101.78792  8520.0  55.2765    1.3591    0.0244 
         MRK421 190037 57101.79597  8520.0  52.1402    0.6100    0.0260 
       1156+295 190702 57101.80041  8520.0  38.8936    1.7900    0.0389 
       1219+285 191305 57101.80463  8520.0  35.4809    0.7078    0.0292 
       0716+714 192055 57101.81021  8520.0  62.8127    1.9910    0.0190 
       0836+710 192722 57101.81474  8520.0  63.3357    2.8317    0.0391 
       0954+658 193402 57101.81930  8520.0  64.6345    1.4234    0.0302 
       1354+195 194442 57101.82659  8520.0  18.5802    1.9991    0.0328 
          3C273 195115 57101.83114  8520.0  23.0927   20.1650    0.0557 
          3C279 195732 57101.83550  8520.0  13.7778   19.0648    0.0611 
       0420-014 202303 57101.85321  8520.0  12.7890    2.2001    0.0467 
       0528+134 202942 57101.85783  8520.0  33.9971    1.4448    0.0419 
        NRAO150 203642 57101.86274  8520.0  38.7169    9.3814    0.0663 
       0736+017 205319 57101.87424  8520.0  39.9384    1.4676    0.0296 
       0829+046 205935 57101.87859  8520.0  47.0549    0.7354    0.0331 
       0735+178 210605 57101.88311  8520.0  51.7446    1.1147    0.0197 
       0827+243 211226 57101.88758  8520.0  63.4021    0.5689    0.0194 
          OJ287 211848 57101.89197  8520.0  61.9125    4.9947    0.0232 
          3C207 212502 57101.89625  8520.0  53.5842    1.3957    0.0228 
         MRK421 213730 57101.90487  8520.0  79.4444    0.6124    0.0246 
       1156+295 214351 57101.90932  8520.0  65.9827    1.8016    0.0225 
       1219+285 214955 57101.91354  8520.0  62.8095    0.7003    0.0240 
       1510-089 044751 57102.20385  8520.0  27.9392    1.8155    0.0289 
       1730-130 050527 57102.21607  8520.0  32.2847    4.3091    0.0279 
       1741-038 051148 57102.22048  8520.0  41.5786    3.2367    0.0246 
       1606+105 051839 57102.22528  8520.0  48.1257    0.7271    0.0258 
     PG1553+113 052451 57102.22958  8520.0  46.1860    0.2278    0.0225 
       1611+343 054512 57102.24377  8520.0  62.2209    4.4710    0.0277 
       1633+382 055135 57102.24825  8520.0  66.8048    2.3789    0.0268 
          3C345 055754 57102.25267  8520.0  67.7306    5.2440    0.0484 
         MRK501 060417 57102.25710  8520.0  68.5093    1.3745    0.0255 
       1807+698 061219 57102.26279  8520.0  64.0310    1.7180    0.0243 
          BLLAC 063554 57102.27893  8520.0  60.4825    3.1602    0.0222 
        3C454.3 064900 57102.28799  8520.0  39.2307   17.2433    0.0422 
          3C380 065845 57102.29495  8520.0  76.9187    3.8448    0.0254 
       2223-052 070917 57102.30206  8520.0  29.8852    3.5486    0.0294 
       2230+114 071543 57102.30649  8520.0  43.6856    3.7573    0.0296 
       2344+092 072211 57102.31103  8520.0  31.1845    0.9716    0.0354 
          3C66A 072923 57102.31606  8520.0  27.0701    1.4598    0.0732 
       1730-130 075649 57102.33508  8520.0  18.4523    4.1940    0.0342 
       1741-038 080309 57102.33948  8520.0  26.7413    3.1683    0.0272 
       1606+105 080950 57102.34413  8520.0  20.6873    0.7093    0.0265 
     PG1553+113 081558 57102.34836  8520.0  17.7617    0.2207    0.0321 
       1611+343 082413 57102.35415  8520.0  34.1417    4.4698    0.0263 
       1633+382 083031 57102.35857  8520.0  38.8534    2.3816    0.0239 
          3C345 083646 57102.36291  8520.0  39.9472    5.3631    0.0504 
         MRK501 084300 57102.36725  8520.0  40.7005    1.3771    0.0255 
       1807+698 085004 57102.37234  8520.0  54.3339    1.7244    0.0208 
       0336-019 133606 57160.57063  8520.0  32.8884    2.1256    0.0286 
       0420-014 134218 57160.57493  8520.0  37.7256    2.1888    0.0331 
       0528+134 134854 57160.57955  8520.0  57.1048    1.3240    0.0247 
        NRAO150 135650 57160.58506  8520.0  64.2261    8.9110    0.0242 
       0736+017 141758 57160.59969  8520.0  45.7982    1.0919    0.0209 
       0829+046 142418 57160.60407  8520.0  44.9709    0.7499    0.0221 
       0735+178 143045 57160.60856  8520.0  62.2433    1.0388    0.0241 
       0827+243 143720 57160.61312  8520.0  63.9425    0.5391    0.0318 
          OJ287 144327 57160.61734  8520.0  58.2587    4.6715    0.0329 
          3C207 144934 57160.62163  8520.0  54.5639    1.2342    0.0209 
         MRK421 150106 57160.62964  8520.0  50.8113    0.6251    0.0247 
       1156+295 150730 57160.63408  8520.0  37.5548    1.6941    0.0449 
       1219+285 151335 57160.63829  8520.0  34.1421    0.6685    0.0442 
        1227+25 152502 57160.64936  8520.0  33.6606    0.6965    0.0253 
       0716+714 153725 57160.65502  8520.0  62.6168    1.5727    0.0362 
       0836+710 154353 57160.65948  8520.0  63.4817    2.7662    0.0245 
       0954+658 155027 57160.66405  8520.0  65.2596    1.1439    0.0290 
       1354+195 160107 57160.67132  8520.0  20.0649    2.0722    0.0373 
          3C273 160741 57160.67586  8520.0  24.4776   20.7410    0.0527 
          3C279 161356 57160.68021  8520.0  15.1484   19.1101    0.0625 
       0420-014 163039 57160.69183  8520.0  12.8581    2.0501    0.0392 
       0528+134 163719 57160.69646  8520.0  34.0609    1.2828    0.0272 
        NRAO150 164421 57160.70139  8520.0  38.7664    8.8189    0.0402 
       0736+017 170059 57160.71289  8520.0  39.9762    1.1310    0.0282 
       0829+046 170714 57160.71725  8520.0  47.0811    0.7654    0.0300 
       0735+178 171346 57160.72179  8520.0  51.7892    1.0796    0.0316 
       0827+243 172008 57160.72627  8520.0  63.4404    0.5792    0.0926 
          OJ287 172630 57160.73066  8520.0  61.9432    4.7575    0.0399 
          3C207 173245 57160.73496  8520.0  53.6127    1.2774    0.0323 
         MRK421 174515 57160.74362  8520.0  79.4156    0.6365    0.0316 
       1156+295 175139 57160.74807  8520.0  65.9504    1.8040    0.0320 
       1219+285 175743 57160.75228  8520.0  62.7750    0.7180    0.0302 
        1227+25 180345 57160.75958  8520.0  60.9397    0.8049    0.0235 
         MRK421 010259 57161.04553  8520.0  20.9474    0.5940    0.0505 
       1156+295 010615 57161.04782  8520.0  23.4365    1.7406    0.0687 
       1219+285 010918 57161.04994  8520.0  26.0286    0.6516    0.0559 
       0716+714 011339 57161.05514  8520.0  27.0904    1.5376    0.0339 
       0836+710 011954 57161.05950  8520.0  29.2666    2.8193    0.0419 
       0954+658 012616 57161.06391  8520.0  29.2429    1.1617    0.0362 
       1354+195 013949 57161.07319  8520.0  31.2917    2.1532    0.0364 
        1227+25 014942 57161.08005  8520.0  18.1903    0.7825    0.1134 
        NRAO150 020548 57161.09121  8520.0  11.6946    7.9581    0.0423 
       0716+714 024423 57161.11816  8520.0  25.8376    1.5856    0.0316 
       0836+710 025040 57161.12252  8520.0  26.2088    2.7422    0.0378 
       0954+658 025659 57161.12687  8520.0  23.6749    1.2032    0.0372 
       1354+195 031020 57161.13605  8520.0  15.2126    2.0236    0.0491 
        NRAO150 032936 57161.14943  8520.0  19.2392    8.6104    0.0394 
       0716+714 040447 57161.17400  8520.0  26.6266    1.5388    0.0476 
       0836+710 041103 57161.17836  8520.0  25.3618    2.7489    0.0392 
       0954+658 041722 57161.18270  8520.0  20.7831    1.2056    0.0463 
        NRAO150 043004 57161.19142  8520.0  26.0990    9.2701    0.0699 
       0716+714 044557 57161.20260  8520.0  27.7094    1.5939    0.0419 
       0836+710 045214 57161.20694  8520.0  25.6371    2.8149    0.0486 
       0954+658 045832 57161.21127  8520.0  20.1290    1.1364    0.0373 
        NRAO150 051141 57161.22031  8520.0  31.3733    9.0377    0.0441 
       0735+178 131314 57239.55490  8520.0  40.4185    0.9801    0.0218 
       0736+017 132021 57239.55984  8520.0  27.4867    0.9188    0.0291 
       0829+046 132714 57239.56463  8520.0  36.6453    0.8136    0.0275 
       1156+295 133749 57239.57200  8520.0  73.0420    1.5129    0.0199 
       1219+285 134442 57239.57676  8520.0  70.6922    0.6864    0.0264 
       0716+714 135831 57239.58655  8520.0  49.5990    1.8905    0.0222 
       0836+710 140545 57239.59152  8520.0  55.3465    2.7137    0.0274 
       0954+658 141302 57239.59648  8520.0  63.5617    0.9549    0.0223 
       1354+195 142302 57239.60335  8520.0  56.1429    2.1702    0.0208 
          3C273 143032 57239.60859  8520.0  47.3529   20.9682    0.0749 
          3C279 143736 57239.61350  8520.0  39.0703   19.2981    0.0755 
       1334-127 144441 57239.61841  8520.0  30.4508    5.7493    0.0342 
       1510-089 145149 57239.62333  8520.0  25.8975    1.7092    0.0214 
     PG1553+113 145848 57239.63253  8520.0  38.2938    0.2216    0.0156 
       1606+105 151150 57239.63725  8520.0  36.7575    0.7339    0.0221 
       1730-130 215122 57239.91474  8520.0  25.7665    4.0172    0.0277 
       1741-038 215812 57239.91946  8520.0  34.5689    3.0201    0.0288 
       1611+343 010505 57240.04924  8520.0  17.1269    4.1171    0.0431 
       1633+382 011147 57240.05390  8520.0  21.9758    2.1652    0.0351 
          3C345 011828 57240.05854  8520.0  23.2081    4.6437    0.0478 
         MRK501 012510 57240.06319  8520.0  23.7996    1.2952    0.0331 
       1807+698 013230 57240.06844  8520.0  45.1715    1.6537    0.0268 
          3C380 014004 57240.07359  8520.0  40.7677    3.7766    0.0526 
          BLLAC 014800 57240.07911  8520.0  73.0980    3.1760    0.0360 
        3C454.3 020020 57240.08765  8520.0  59.5032   20.0247    0.0631 
       2223-052 020754 57240.09287  8520.0  36.6683    3.3162    0.0367 
       2230+114 021455 57240.09774  8520.0  52.0328    3.6474    0.0331 
       2344+092 022212 57240.10281  8520.0  54.7194    1.0053    0.0269 
          3C66A 023425 57240.11128  8520.0  68.2193    0.7730    0.0795 
       0235+164 024157 57240.11648  8520.0  51.1411    2.8207    0.0285 
       0336-019 024926 57240.12166  8520.0  28.5248    2.6752    0.0336 
       0323+342 025652 57240.13117  8520.0  58.7957    0.3421    0.0250 
        NRAO150 031018 57240.13625  8520.0  59.1929    9.3241    0.0401 
       0420-014 031818 57240.14171  8520.0  26.6721    1.9680    0.0395 
       0440-003 032502 57240.14643  8520.0  25.5549    1.8947    0.0320 
       0528+134 033159 57240.15126  8520.0  28.7533    1.1746    0.0321 
       1730-130 171724 57275.72446  8520.0  32.3659    3.8598    0.0309 
       1741-038 172411 57275.72917  8520.0  41.5725    2.8324    0.0351 
       1611+343 223856 57275.94775  8520.0  17.8287    4.4505    0.0355 
       1633+382 224539 57275.95241  8520.0  22.6728    2.4491    0.0274 
          3C345 225219 57275.95704  8520.0  23.8955    5.0476    0.0260 
         MRK501 225901 57275.96169  8520.0  24.4894    1.3205    0.0279 
       1807+698 230622 57275.96695  8520.0  45.5638    1.7132    0.0208 
          3C380 231356 57275.97209  8520.0  41.4590    3.9739    0.0283 
          BLLAC 232152 57275.97764  8520.0  73.9173    3.4126    0.0205 
        3C454.3 233416 57275.98621  8520.0  59.8500   20.7628    0.0392 
       2223-052 234150 57275.99143  8520.0  37.0457    3.5194    0.0206 
       2230+114 234852 57275.99632  8520.0  52.5159    3.7026    0.0203 
       2344+092 235610 57276.00138  8520.0  54.8476    1.0537    0.0201 
          3C66A 000821 57276.00984  8520.0  67.4140    0.8686    0.0534 
       0235+164 001552 57276.01503  8520.0  50.4708    3.2463    0.0180 
       0336-019 002320 57276.02023  8520.0  27.8637    3.0132    0.0223 
       0323+342 003048 57276.02975  8520.0  57.9926    0.3946    0.0127 
        NRAO150 004414 57276.03481  8520.0  58.4776    9.9740    0.0246 
       0420-014 005211 57276.04028  8520.0  25.9799    2.0465    0.0275 
       0440-003 005857 57276.04498  8520.0  24.8381    2.0747    0.0226 
       0528+134 010554 57276.04982  8520.0  27.9530    1.3752    0.0227 
       0735+178 101941 57276.43438  8520.0  45.1520    0.9212    0.0303 
       0736+017 102649 57276.43934  8520.0  31.7825    0.9728    0.0230 
       0827+243 103410 57276.44450  8520.0  56.0012    0.6037    0.0204 
       0829+046 104130 57276.44954  8520.0  39.4511    0.8117    0.0204 
          3C207 104817 57276.45424  8520.0  46.9706    1.2216    0.0219 
          OJ287 105502 57276.45897  8520.0  53.4608    3.8542    0.0199 
       1156+295 110549 57276.46642  8520.0  72.4495    1.6771    0.0164 
       1219+285 111241 57276.47119  8520.0  69.9678    0.7252    0.0195 
       0716+714 112626 57276.48092  8520.0  50.1311    1.3699    0.0201 
       0836+710 113339 57276.48589  8520.0  55.8451    2.6870    0.0177 
       0954+658 114055 57276.49082  8520.0  64.1028    0.9180    0.0175 
       1354+195 115050 57276.49769  8520.0  55.2069    2.1202    0.0190 
          3C273 115822 57276.50292  8520.0  47.2284   21.5632    0.0442 
          3C279 120527 57276.50782  8520.0  38.8289   19.1554    0.0426 
       1334-127 121230 57276.51272  8520.0  30.0398    6.0633    0.0288 
       1510-089 121936 57276.51763  8520.0  25.0572    2.1238    0.0239 
     PG1553+113 122636 57276.52685  8520.0  37.2054    0.2128    0.0138 
       1606+105 123938 57276.53158  8520.0  35.6663    0.6990    0.0193 
       0735+178 092622 57300.39735  8520.0  38.1832    0.9974    0.0217 
       0736+017 093326 57300.40226  8520.0  25.4247    1.1824    0.0276 
       0827+243 094047 57300.40743  8520.0  49.1362    0.6465    0.0297 
       0829+046 094804 57300.41242  8520.0  33.5897    0.8326    0.0214 
          3C207 095449 57300.41711  8520.0  40.6725    1.3828    0.0213 
          OJ287 100133 57300.42179  8520.0  46.8924    3.4805    0.0201 
         MRK421 100920 57300.42740  8520.0  78.6082    0.6307    0.0229 
       1156+295 101737 57300.43302  8520.0  74.6220    1.7627    0.0192 
       1219+285 102441 57300.43792  8520.0  73.4706    0.7460    0.0257 
       0716+714 103910 57300.44811  8520.0  46.3562    1.4333    0.0223 
       0836+710 104622 57300.45305  8520.0  52.1971    2.7412    0.0219 
       0954+658 105335 57300.45801  8520.0  59.9745    1.0092    0.0174 
       1354+195 110403 57300.46519  8520.0  61.0940    2.1637    0.0181 
          3C273 111132 57300.47040  8520.0  46.9954   22.0187    0.0572 
       1334-127 112146 57300.47750  8520.0  32.0373    6.1969    0.0316 
       1510-089 112857 57300.48248  8520.0  30.0519    2.6467    0.0223 
     PG1553+113 113600 57300.49162  8520.0  43.9999    0.2261    0.0123 
       1606+105 114856 57300.49633  8520.0  42.5182    0.7198    0.0212 
       1730-130 192433 57300.81275  8520.0  14.0932    3.9535    0.0933 
       1741-038 193120 57300.81748  8520.0  22.0413    2.8811    0.0427 
       1611+343 202946 57300.85805  8520.0  22.6738    4.4227    0.0628 
          3C345 204309 57300.86735  8520.0  28.6174    5.1686    0.0548 
       1807+698 205711 57300.87724  8520.0  48.2215    1.8208    0.0797 
          3C380 210449 57300.88243  8520.0  46.1672    3.8266    0.0333 
          BLLAC 211302 57300.88824  8520.0  79.3463    3.4230    0.0534 
        3C454.3 212547 57300.89699  8520.0  61.4266   20.1058    0.0547 
       2223-052 213320 57300.90219  8520.0  39.0989    3.5617    0.0508 
       2230+114 214022 57300.90709  8520.0  55.2212    3.5909    0.0407 
       0235+164 220703 57300.92561  8520.0  45.7428    2.7123    0.0229 
       0336-019 221433 57300.93083  8520.0  23.2098    2.9554    0.0395 
        NRAO150 223522 57300.94528  8520.0  53.7063    9.7486    0.0561 
       1611+343 183747 57336.78028  8520.0  18.0284    4.0610    0.0247 
       1633+382 184428 57336.78493  8520.0  22.8699    2.3305    0.0270 
          3C345 185109 57336.78958  8520.0  24.0860    5.0896    0.0244 
         MRK501 185752 57336.79424  8520.0  24.6806    1.2189    0.0242 
       1807+698 190514 57336.79948  8520.0  45.6704    1.5419    0.0182 
          3C380 191246 57336.80463  8520.0  41.6533    3.6838    0.0213 
          BLLAC 192043 57336.81018  8520.0  74.1471    3.3412    0.0175 
        3C454.3 193308 57336.81877  8520.0  59.9436   19.0127    0.0422 
       2223-052 194042 57336.82398  8520.0  37.1467    3.3256    0.0209 
       2230+114 194745 57336.82886  8520.0  52.6519    3.4144    0.0195 
       2344+092 195501 57336.83391  8520.0  54.8798    1.0541    0.0200 
          3C66A 200711 57336.84237  8520.0  67.1772    0.8157    0.0356 
       0235+164 201442 57336.84757  8520.0  50.2753    2.3327    0.0156 
       0336-019 202211 57336.85276  8520.0  27.6635    2.9919    0.0203 
       0323+342 202936 57336.86225  8520.0  57.7473    0.2693    0.0124 
        NRAO150 204302 57336.86731  8520.0  58.2593    9.1523    0.0240 
       0420-014 205059 57336.87275  8520.0  25.7609    1.8979    0.0210 
       0440-003 205743 57336.87746  8520.0  24.6122    1.9083    0.0215 
       0528+134 210440 57336.88228  8520.0  27.6970    1.2191    0.0216 
       0735+178 063922 57337.28137  8520.0  41.8910    1.0076    0.0195 
       0736+017 064627 57337.28631  8520.0  28.8345    1.1012    0.0209 
       0827+243 065349 57337.29145  8520.0  52.8031    0.6690    0.0183 
       0829+046 070106 57337.29647  8520.0  36.7524    0.6764    0.0190 
          3C207 070751 57337.30118  8520.0  44.0688    1.3410    0.0241 
          OJ287 071438 57337.30593  8520.0  50.4096    2.8540    0.0229 
       1156+295 072336 57337.31215  8520.0  73.8498    1.7543    0.0187 
       1219+285 073031 57337.31690  8520.0  71.7654    0.7001    0.0182 
       0716+714 074429 57337.32679  8520.0  48.7064    1.3485    0.0193 
       0836+710 075141 57337.33174  8520.0  54.5002    2.9335    0.0214 
       0954+658 075856 57337.33669  8520.0  62.6272    1.0389    0.0188 
       1354+195 080904 57337.34367  8520.0  57.6629    2.2971    0.0181 
          3C273 081635 57337.34891  8520.0  47.4446   23.6483    0.0531 
          3C279 082338 57337.35382  8520.0  39.3773   21.1962    0.0515 
       1334-127 083044 57337.35873  8520.0  31.0619    6.1545    0.0249 
     PG1553+113 084451 57337.37282  8520.0  40.1014    0.2515    0.0147 
       1606+105 085750 57337.37753  8520.0  38.5792    0.6959    0.0213 
       1741-038 180413 57337.75697  8520.0  12.5319    2.7838    0.0310 
       1611+343 165002 57370.70546  8520.0  14.1160    4.1049    0.0364 
       1633+382 165644 57370.71011  8520.0  18.9989    2.5437    0.0336 
          3C345 170324 57370.71474  8520.0  20.2752    5.4171    0.0359 
         MRK501 171006 57370.71940  8520.0  20.8438    1.2536    0.0290 
       1807+698 171729 57370.72466  8520.0  43.4607    1.5974    0.0209 
          3C380 172459 57370.72977  8520.0  37.8002    3.7044    0.0242 
          BLLAC 173251 57370.73524  8520.0  69.5425    3.0061    0.0214 
        3C454.3 174501 57370.74369  8520.0  57.7145   19.2577    0.0680 
       2223-052 175235 57370.74890  8520.0  34.8415    3.3833    0.0250 
       2230+114 175936 57370.75377  8520.0  49.7241    3.3891    0.0204 
       2344+092 180653 57370.75883  8520.0  53.8633    1.0574    0.0236 
          3C66A 181912 57370.76742  8520.0  71.7532    0.8361    0.0371 
       0235+164 182651 57370.77267  8520.0  53.9293    2.5774    0.0176 
       0336-019 183420 57370.77785  8520.0  31.3322    3.0756    0.0232 
       0323+342 184148 57370.78738  8520.0  62.3296    0.3299    0.0133 
        NRAO150 185519 57370.79032  8520.0  61.8431    9.5504    0.0401 
       0735+178 025611 57371.12644  8520.0  55.6634    0.9311    0.0172 
       0736+017 030328 57371.13145  8520.0  40.8284    1.0482    0.0182 
       0827+243 031049 57371.13664  8520.0  65.7876    0.6105    0.0219 
       0829+046 031818 57371.14176  8520.0  47.0139    0.6357    0.0206 
          3C207 032506 57371.14653  8520.0  55.3791    1.2967    0.0172 
          OJ287 033156 57371.15126  8520.0  62.4114    3.0655    0.0216 
         MRK421 034037 57371.15726  8520.0  77.0959    0.5748    0.0168 
       1156+295 034752 57371.16230  8520.0  63.7762    1.5768    0.0177 
       1219+285 035445 57371.16707  8520.0  60.6579    0.6497    0.0172 
       0716+714 040800 57371.17646  8520.0  55.1419    1.3196    0.0217 
       0836+710 041513 57371.18141  8520.0  60.1632    2.8183    0.0495 
       0954+658 042227 57371.18635  8520.0  68.1017    1.1394    0.0172 
       1354+195 043145 57371.19276  8520.0  44.8593    2.1735    0.0227 
          3C273 043914 57371.19795  8520.0  43.4528   22.9691    0.0792 
          3C279 044619 57371.20287  8520.0  34.3246   20.2060    0.0732 
       1334-127 045325 57371.20777  8520.0  24.2806    5.3798    0.0334 
       1510-089 050024 57371.21266  8520.0  15.7854    3.4779    0.0303 
     PG1553+113 050725 57371.22183  8520.0  25.9926    0.1980    0.0162 
       1606+105 052024 57371.22655  8520.0  24.4077    0.6931    0.0363 
        NRAO150 004723 57401.03730  5075.0  40.2076    8.0518    0.0582 
          OJ287 015929 57401.08736  5075.0  59.6571    2.9403    0.0458 
       1156+295 022027 57401.10188  5075.0  68.3017    1.6457    0.0701 
       0836+710 024706 57401.12062  5075.0  58.4443    3.1663    0.0369 
       0235+164 170347 57433.71536  5075.0  59.7941    2.0688    0.1018 
       0336-019 171129 57433.72060  5075.0  43.7467    2.5336    0.0881 
       0440-003 174236 57433.74223  5075.0  44.7349    2.3698    0.0604 
       0528+134 175002 57433.74737  5075.0  55.5773    1.2234    0.0701 
       0735+178 180716 57433.75934  5075.0  43.8225    1.1454    0.1213 
       0827+243 182213 57433.76973  5075.0  41.6029    0.8158    0.0911 
         MRK421 184503 57433.78536  5075.0  27.2904    0.6824    0.0858 
       0954+658 192132 57433.81110  5075.0  50.8406    1.0921    0.1206 
       0829+046 195328 57433.83311  5075.0  41.1550    0.4856    0.0811 
          OJ287 200052 57433.83824  5075.0  51.5914    2.6628    0.0679 
         MRK421 201343 57433.84721  5075.0  42.0226    0.7740    0.0495 
       1156+295 202114 57433.85238  5075.0  28.8795    1.5734    0.0637 
       1219+285 202821 57433.85733  5075.0  25.7004    0.7389    0.0513 
       0716+714 203647 57433.86361  5075.0  63.1151    1.2052    0.0327 
       0836+710 204439 57433.86906  5075.0  61.4752    3.1441    0.0393 
       0954+658 205239 57433.87448  5075.0  60.0470    1.4243    0.0419 
       0336-019 165112 57468.70651  5075.0  36.5633    2.9139    0.0491 
        NRAO150 170014 57468.71297  5075.0  70.8586    8.7518    0.0475 
       0440-003 171705 57468.72450  5075.0  41.5582    2.5569    0.0494 
       0528+134 172438 57468.72978  5075.0  57.7304    1.2125    0.0521 
       0735+178 174013 57468.74058  5075.0  59.4508    1.2312    0.0584 
       0829+046 180404 57468.75713  5075.0  44.4013    0.6582    0.0869 
          OJ287 181127 57468.76225  5075.0  55.8671    2.7780    0.0413 
         MRK421 182359 57468.77100  5075.0  46.8478    0.8682    0.0553 
       1219+285 183922 57468.78163  5075.0  30.6811    0.7276    0.0640 
       0716+714 184819 57468.78826  5075.0  63.1782    0.8585    0.0378 
       0836+710 185641 57468.79407  5075.0  62.6656    3.0333    0.0345 
       0954+658 190532 57468.80008  5075.0  62.7968    1.5280    0.0417 
          3C273 214940 57468.91379  5075.0  40.9848   29.0990    0.0771 
          3C279 215658 57468.91886  5075.0  31.7697   19.0352    0.0628 
       1334-127 220419 57468.92396  5075.0  21.4606    4.4795    0.0580 
       1606+105 223258 57468.94130  5075.0  19.7662    0.6964    0.0831 
       1611+343 223638 57468.94645  5075.0  35.2248    4.0392    0.0479 
       1807+698 090951 57469.38644  5075.0  52.0548    1.7082    0.0503 
        3C454.3 092441 57469.39646  5075.0  60.5934   17.7791    0.0607 
       2230+114 093945 57469.40697  5075.0  57.2905    4.0947    0.0437 
       0336-019 112734 57498.48136  5075.0  39.8811    2.9605    0.0450 
       0420-014 114448 57498.49333  5075.0  37.7139    1.8173    0.0607 
       0440-003 115112 57498.49778  5075.0  37.1934    2.5329    0.0539 
       0735+178 162719 57498.68951  5075.0  62.6402    1.5758    0.0670 
       0829+046 164804 57498.70394  5075.0  47.9656    0.5955    0.0907 
          OJ287 165452 57498.70865  5075.0  61.1000    2.8665    0.0754 
       1156+295 171343 57498.72175  5075.0  40.7896    1.5843    0.0557 
       0716+714 172827 57498.73246  5075.0  62.5724    1.3302    0.0387 
       0836+710 173548 57498.73762  5075.0  63.5268    3.0434    0.0306 
          3C279 204121 57498.86593  5075.0  35.8538   18.8875    0.0561 
       1334-127 204802 57498.87056  5075.0  26.0319    4.4027    0.0541 
        3C454.3 062154 57499.26908  5075.0  54.2599   17.8692    0.0489 
          OJ287 183751 57525.78018  5075.0  52.7446    2.9131    0.0776 
       1156+295 185540 57525.79254  5075.0  73.4355    1.8386    0.0612 
       0735+178 194617 57525.82768  5075.0  26.2407    1.7408    0.2551 
       1807+698 055330 57526.24972  5075.0  49.7260    1.6248    0.0649 
        3C454.3 060349 57526.25652  5075.0  61.5265   18.1085    0.0505 
       2344+092 062433 57526.27093  5075.0  53.6178    1.1686    0.0622 
       1807+698 065310 57526.29069  5075.0  44.6443    1.6216    0.0481 
        3C454.3 071325 57526.30486  5075.0  59.4738   17.9653    0.0558 
       2230+114 072715 57526.31447  5075.0  52.0669    4.1570    0.0495 
       0735+178 122509 57559.52134  5075.0  62.5434    1.0354    0.0729 
       0736+017 123201 57559.52611  5075.0  46.7971    1.2059    0.0924 
       0829+046 124554 57559.53576  5075.0  47.8109    0.6285    0.0488 
          OJ287 125242 57559.54047  5075.0  60.8407    3.2260    0.0454 
         MRK421 130444 57559.54883  5075.0  53.5185    0.6674    0.0376 
       1156+295 131132 57559.55356  5075.0  40.3697    1.6171    0.0418 
       0716+714 132615 57559.56426  5075.0  62.6345    1.2223    0.0369 
       0836+710 133335 57559.56941  5075.0  63.4954    2.9034    0.0438 
       1354+195 171217 57559.72074  5075.0  54.7638    2.0451    0.0425 
          3C273 171927 57559.72572  5075.0  47.1411   28.5922    0.0655 
          3C279 172603 57559.73031  5075.0  38.6655   18.7641    0.0532 
       1334-127 173241 57559.73491  5075.0  29.7531    4.1575    0.0465 
       1510-089 173930 57559.73965  5075.0  24.4751    4.8840    0.0420 
       1606+105 175539 57559.75085  5075.0  34.2601    0.8804    0.0488 
       1611+343 180225 57559.75557  5075.0  49.8087    4.1649    0.0436 
       1633+382 180852 57559.76004  5075.0  49.0181    2.2519    0.0476 
          3C345 181513 57559.76445  5075.0  49.5170    6.1510    0.0670 
         MRK501 182136 57559.76887  5075.0  48.7159    1.3391    0.0547 
          BLLAC 021437 57560.09753  5075.0  78.8745    2.3810    0.0544 
        3C454.3 022203 57560.10252  5075.0  54.2573   18.6455    0.0542 
       2223-052 022855 57560.10729  5075.0  38.2671    4.3088    0.0586 
       2230+114 023540 57560.11199  5075.0  54.1504    4.1179    0.0591 
       2344+092 024226 57560.11668  5075.0  44.4206    1.1949    0.0394 
       0235+164 060811 57560.25957  5075.0  54.8906    3.0423    0.0860 
       0336-019 061518 57560.26449  5075.0  32.2771    2.6829    0.0477 
        NRAO150 062337 57560.27034  5075.0  61.3769    8.9267    0.0984 
       0420-014 063119 57560.27567  5075.0  28.7840    1.8516    0.0401 
       0440-003 065205 57560.29008  5075.0  29.8351    2.5279    0.0527 
       0736+017 110937 57581.46889  5075.0  46.8878    1.2839    0.0608 
       0829+046 112331 57581.47855  5075.0  48.0839    0.6743    0.0579 
          OJ287 113018 57581.48326  5075.0  61.2966    3.2458    0.0925 
         MRK421 114222 57581.49163  5075.0  54.2513    0.6516    0.0447 
       1156+295 114910 57581.49637  5075.0  41.1118    1.7272    0.0350 
       1219+285 115539 57581.50085  5075.0  37.7631    0.5942    0.0494 
       0716+714 120355 57581.50709  5075.0  62.5275    1.0702    0.0334 
       0836+710 121115 57581.51222  5075.0  63.5526    3.2311    0.0700 
       0954+658 121849 57581.51732  5075.0  65.6861    1.0202    0.0420 
       1354+195 150819 57581.63465  5075.0  49.0068    2.0467    0.0395 
          3C273 151526 57581.63961  5075.0  45.3899   28.5953    0.0725 
          3C279 152205 57581.64423  5075.0  36.4183   18.2798    0.0594 
       1334-127 152847 57581.64886  5075.0  26.7175    3.9846    0.0471 
       1510-089 153533 57581.65356  5075.0  19.3251    5.3648    0.0482 
       1606+105 155141 57581.66477  5075.0  27.8737    0.9317    0.0491 
       1611+343 155825 57581.66945  5075.0  43.1484    4.1620    0.0369 
       1633+382 160450 57581.67624  5075.0  43.0714    2.2248    0.0408 
          3C345 161433 57581.68066  5075.0  43.6368    5.8775    0.0579 
         MRK501 162058 57581.68511  5075.0  42.8573    1.3706    0.0370 
       1807+698 223251 57581.94371  5075.0  64.2382    1.7434    0.0408 
          BLLAC 224130 57581.94936  5075.0  56.3753    1.9893    0.0482 
        3C454.3 225448 57581.95860  5075.0  35.2245   18.3052    0.0452 
       2223-052 230132 57581.96327  5075.0  24.8841    4.1367    0.0419 
       2230+114 230810 57581.96789  5075.0  37.9523    4.0478    0.0374 
       2344+092 231458 57581.97260  5075.0  24.9450    1.1922    0.0643 
       0235+164 055046 57582.24747  5075.0  61.3335    2.6705    0.0378 
       0336-019 055749 57582.25236  5075.0  39.9287    2.7174    0.0485 
       0420-014 061503 57582.26434  5075.0  37.7722    1.8585    0.0615 
       0440-003 062127 57582.27069  5075.0  37.5753    2.5110    0.0386 
       0528+134 063057 57582.27575  5075.0  43.4284    1.3485    0.0363 
       0716+714 072440 57720.31309  5075.0  44.8873    1.2543    0.0410 
       0836+710 080046 57720.33814  5075.0  48.3454    2.7957    0.0388 
          OJ287 081837 57720.35000  5075.0  27.4028    3.9860    0.0780 
         MRK421 083648 57720.36276  5075.0  57.5351    0.6377    0.0347 
          3C273 090832 57720.38467  5075.0  39.9527   30.8252    0.1045 
       1510-089 094756 57720.41203  5075.0  36.3153    6.6766    0.0688 
       1611+343 101248 57720.42932  5075.0  77.0005    4.5734    0.0792 
          3C345 102942 57720.44108  5075.0  79.0675    6.1367    0.0672 
       1730-130 104729 57720.45339  5075.0  29.2136    4.6373    0.0443 
       1741-038 110427 57720.46517  5075.0  38.4858    2.2361    0.0543 
       1807+698 112359 57720.47932  5075.0  62.5557    1.5173    0.0506 
          3C380 113353 57720.48583  5075.0  73.1322    4.7626    0.0632 
          BLLAC 114806 57720.49552  5075.0  38.3648    2.1108    0.0410 
       2230+114 115642 57720.50144  5075.0  16.1553    3.9454    0.0457 
        3C454.3 120437 57720.50695  5075.0  16.7685   19.4900    0.0688 
       2223-052 151324 57720.63804  5075.0  34.6544    4.3383    0.0415 
       2230+114 152134 57720.64371  5075.0  49.6854    4.0848    0.0498 
        3C454.3 152929 57720.64922  5075.0  51.5890   19.7499    0.0527 
          3C66A 155335 57720.66601  5075.0  36.3540    2.7044    0.0491 
       0235+164 160200 57720.67180  5075.0  19.4226    2.1848    0.0925 
        NRAO150 161044 57720.67794  5075.0  29.2122    9.4444    0.0555 
       0716+714 162504 57720.68836  5075.0  28.4844    1.3034    0.1040 
       0836+710 163434 57720.69485  5075.0  26.0466    2.9152    0.0878 
       1633+382 172153 57720.72731  5075.0  24.4403    2.2078    0.0652 
          3C345 172954 57720.73287  5075.0  25.4394    5.9317    0.0996 
       1611+343 121136 57738.51192  5075.0  59.6450    4.3996    0.0871 
          3C345 122753 57738.52324  5075.0  64.5020    5.6768    0.1163 
       2223-052 135654 57738.58492  5075.0  34.0642    4.1562    0.0510 
       2230+114 140503 57738.59057  5075.0  48.9640    3.9420    0.0392 
        3C454.3 141258 57738.59608  5075.0  50.7706   18.9123    0.0853 
          3C66A 143803 57738.61353  5075.0  35.6096    2.5364    0.0447 
       0235+164 144627 57738.61934  5075.0  18.5756    2.0362    0.0482 
        NRAO150 145511 57738.62547  5075.0  28.6035    8.9385    0.0400 
       0716+714 150418 57738.63228  5075.0  28.1161    1.2530    0.0541 
       0836+710 151348 57738.63876  5075.0  25.8681    2.8221    0.1491 
          3C380 162304 57738.68659  5075.0  45.7310    4.7247    0.0964 
       2223-052 165353 57738.70783  5075.0  38.7881    4.2204    0.0910 
       2230+114 170209 57738.71356  5075.0  54.7269    3.7522    0.0596 
        3C454.3 171005 57738.71907  5075.0  59.9458   18.7985    0.0575 
          3C66A 174219 57738.74150  5075.0  66.7540    2.6182    0.0538 
       0235+164 175053 57738.74742  5075.0  50.2336    2.0649    0.0421 
       0336-019 175924 57738.75332  5075.0  27.7415    2.7208    0.0445 
        NRAO150 180832 57738.75974  5075.0  56.4297    9.1683    0.0406 
       0528+134 183333 57738.77704  5075.0  26.3060    1.1137    0.0535 
       0836+710 185750 57738.79444  5075.0  35.9378    2.9154    0.0421 
       0954+658 191437 57738.80583  5075.0  28.3065    0.9778    0.0566 
       1807+698 192616 57738.81416  5075.0  33.0054    1.3940    0.1085 
          3C380 193512 57738.81991  5075.0  19.4491    5.2637    0.1612 
        3C454.3 201913 57738.85043  5075.0  32.9427   18.9527    0.1800 
       0235+164 205739 57738.87711  5075.0  60.1251    2.0233    0.0414 
       0336-019 210558 57738.88288  5075.0  43.7626    2.5096    0.0617 
       0736+017 220516 57738.92407  5075.0  31.4063    0.9885    0.0426 
       0827+243 221338 57738.92988  5075.0  40.4769    0.8357    0.0339 
       0836+710 223132 57738.94284  5075.0  52.7388    2.9018    0.0445 
       0954+658 230831 57738.96826  5075.0  49.7579    0.9821    0.0605 
       1156+295 232533 57738.97984  5075.0  19.8350    1.5732    0.0992 
       1807+698 234421 57738.99329  5075.0  24.3585    1.6885    0.0709 
          3C207 020836 57739.09305  5075.0  58.6220    1.7933    0.0902 
          OJ287 021632 57739.09856  5075.0  65.5036    4.2396    0.0705 
       1156+295 030140 57739.12991  5075.0  57.6562    1.7283    0.0818 
          3C273 031803 57739.14127  5075.0  35.1363   30.9605    0.0661 
          3C279 032606 57739.14686  5075.0  25.9802   17.2368    0.0456 
       1334-127 033411 57739.15249  5075.0  15.4054    3.3808    0.0470 
       1606+105 040450 57739.17376  5075.0  12.6416    0.9778    0.0610 
       1611+343 041301 57739.17948  5075.0  28.6374    4.5257    0.0363 
          3C345 042859 57739.19059  5075.0  29.7510    5.9502    0.0744 
          3C380 050149 57739.21340  5075.0  24.6779    4.9801    0.0634 
          3C273 072013 57739.30944  5075.0  43.4295   30.9480    0.0939 
          3C279 072810 57739.31497  5075.0  37.4374   17.3275    0.1049 
          3C345 084028 57739.36521  5075.0  73.0867    6.0356    0.0962 
       1730-130 085759 57739.37735  5075.0  26.2482    4.7807    0.0638 
       1741-038 091505 57739.38921  5075.0  35.3128    2.6470    0.0593 
          3C380 094607 57739.41092  5075.0  67.6639    5.1785    0.0428 
          BLLAC 100015 57739.42062  5075.0  33.0951    2.0463    0.0424 
       0954+658 103511 57739.44511  5075.0  33.4216    1.2084    0.0936 
          3C345 121642 57739.51546  5075.0  65.7986    5.5853    0.1212 
       2223-052 134551 57739.57724  5075.0  33.2990    4.1356    0.0574 
       2230+114 135359 57739.58290  5075.0  48.0250    3.8047    0.0307 
        3C454.3 140156 57739.58842  5075.0  49.7251   18.1663    0.0689 
       2344+092 141005 57739.59408  5075.0  37.7576    1.0958    0.0412 
          3C66A 142615 57739.60534  5075.0  34.3748    2.5406    0.0541 
       0235+164 143440 57739.61115  5075.0  17.1681    1.9454    0.0574 
        NRAO150 144323 57739.61727  5075.0  27.6160    8.7193    0.0456 
        3C454.3 165844 57739.71119  5075.0  60.4388   17.7806    0.0515 
       0235+164 182213 57400.77341 22664.0  62.0664    2.8892    0.0615
       0827+243 233250 57400.98921 22664.0  68.7277    0.7584    0.0574
          OJ287 234523 57400.99793 22664.0  64.0863    4.0236    0.0751
       0827+243 235759 57401.00669 22664.0  69.5846    0.6699    0.0823
       1354+195 095332 57401.41595 24100.0  30.9348    2.0529    0.2018
       1510-089 100036 57401.42287 24100.0  20.6850    4.2387    0.3225
        3C454.3 123822 57401.53044 24100.0  53.3047    9.9502    0.6055
       FLAGGED 1611+343 133439 57401.56952 24100.0  25.4900    2.5723    0.3219
       1633+382 134100 57401.57291 24100.0  30.5290    2.8777    0.4308
          3C66A 122036 57468.52259 24100.0  77.8042    0.6437    0.0520
       0235+164 123418 57468.53173 24100.0  58.5205    2.9559    0.0711
       0336-019 124712 57468.54061 24100.0  36.8328    2.6694    0.1373
        NRAO150 132605 57468.56791 24100.0  72.2556    9.1677    0.1614
       0420-014 134013 57468.57741 24100.0  38.2112    1.6435    0.0792
       0440-003 135217 57468.58580 24100.0  38.3751    1.0598    0.0653
       0528+134 141842 57468.60415 24100.0  47.4082    0.8262    0.0417
       0735+178 143121 57468.61292 24100.0  31.3926    0.6904    0.0585
       0736+017 144343 57468.62152 24100.0  21.9394    0.8867    0.0812
       0716+714 152939 57468.65359 24100.0  55.7446    1.1628    0.0439
       0836+710 154206 57468.66223 24100.0  50.7384    2.2182    0.0656
       0954+658 155436 57468.67093 24100.0  44.6005    1.7606    0.0491
          3C273 231946 57468.97989 24100.0  47.3420   22.2167    0.3125
          3C279 233203 57468.98839 24100.0  39.2117   17.0455    0.5507
       1334-127 235745 57469.00625 24100.0  31.5936    4.2143    0.1944
       1510-089 001015 57469.01493 24100.0  29.2169    5.3970    0.1407
       1606+105 010036 57469.04989 24100.0  45.7087    0.7780    0.1079
       1611+343 011310 57469.05891 24100.0  64.1876    4.4820    0.1442
       1633+382 012547 57469.06766 24100.0  64.5220    3.5146    0.2015
       1730-130 022057 57469.10570 24100.0  24.7008    3.4658    0.1014
       1741-038 023308 57469.11416 24100.0  33.0988    4.0758    0.0798
          3C380 024635 57469.12375 24100.0  61.6240    2.6088    0.0653
       1807+698 025949 57469.13295 24100.0  59.9709    1.6158    0.1344
          BLLAC 032652 57469.15149 24100.0  31.3903    2.3465    0.1093
          3C273 040438 57469.17771 24100.0  16.8181   15.0934    0.4174
       1354+195 042942 57469.19511 24100.0  39.8995    1.6966    0.0928
       1510-089 045504 57469.21273 24100.0  25.4002    4.5729    0.1776
     PG1553+113 052233 57469.24001 24100.0  42.7864    0.3109    0.1139
       1611+343 055857 57469.25726 24100.0  57.2123    4.0319    0.1191
       1633+382 061120 57469.26594 24100.0  60.6701    3.2982    0.1154
          3C345 062344 57469.27455 24100.0  60.5044    5.9260    0.1499
          3C66A 123747 57498.53372 24100.0  77.8405    0.6715    0.0578
       0235+164 125035 57498.54260 24100.0  59.0571    2.4435    0.0720
       0336-019 130239 57498.55098 24100.0  43.6216    2.6543    0.0926
       0323+342 131514 57498.55322 24100.0  77.7467    0.4242    0.2588
       0420-014 131850 57498.56223 24100.0  44.0910    1.8251    0.1241
       0440-003 133025 57498.57029 24100.0  44.9942    1.2054    0.1630
       0528+134 135605 57498.58809 24100.0  57.7228    0.9664    0.0488
       0735+178 140829 57498.59670 24100.0  47.5956    0.7780    0.0495
       0736+017 142023 57498.60499 24100.0  36.2683    1.2252    0.0536
       0829+046 143210 57498.61314 24100.0  32.7551    0.7338    0.0517
         MRK421 145227 57498.62725 24100.0  32.0988    0.5149    0.0501
       1156+295 150426 57498.63556 24100.0  19.5613    2.8066    0.1177
       FLAGGED 1219+285 151603 57498.64363 24100.0  17.1916    0.4605    0.4902
       0716+714 152901 57498.65264 24100.0  62.1722    3.8465    0.1399
       0836+710 154045 57498.66079 24100.0  59.3153    2.7723    0.2276
       0954+658 155234 57498.66898 24100.0  56.4766    1.5880    0.0772
          3C273 220214 57498.92568 24100.0  47.0268   23.3502    0.5449
          3C279 221357 57498.93383 24100.0  39.5344   18.0192    0.4237
       1354+195 222609 57498.94230 24100.0  63.5670    1.8483    0.0541
       1334-127 223840 57498.95100 24100.0  32.4271    4.0463    0.1110
       1510-089 225041 57498.95937 24100.0  32.7353    5.6789    0.1371
     PG1553+113 231648 57498.98519 24100.0  51.0208    0.1523    0.0379
       1606+105 233927 57498.99320 24100.0  50.2331    0.8059    0.0653
       1611+343 235132 57499.00160 24100.0  70.1944    3.9732    0.0828
       1633+382 000317 57499.00976 24100.0  70.6542    2.7489    0.0614
          3C345 001450 57499.01779 24100.0  72.0461    5.5499    0.1118
         MRK501 002625 57499.02580 24100.0  72.1503    0.9138    0.0545
       1730-130 010649 57499.05387 24100.0  28.7143    3.6672    0.0936
       1741-038 011829 57499.06198 24100.0  37.5080    4.2240    0.0878
          3C380 013138 57499.07112 24100.0  68.5698    2.4692    0.0542
       1807+698 014406 57499.07978 24100.0  62.3865    1.4582    0.0496
          BLLAC 021015 57499.09793 24100.0  37.8273    2.2064    0.0726
        3C454.3 022233 57499.10646 24100.0  15.3634   17.0881    0.4262
       2230+114 023409 57499.11454 24100.0  18.2296    2.5062    0.1184
       1354+195 031658 57499.14427 24100.0  31.9954    1.7451    0.0783
       1510-089 032920 57499.15285 24100.0  21.1832    5.6196    0.1630
     PG1553+113 035608 57499.17917 24100.0  38.0430    0.1706    0.0414
       1606+105 041847 57499.18718 24100.0  37.7471    0.8009    0.0668
       1611+343 043045 57499.19550 24100.0  52.0401    4.2879    0.2247
       1633+382 044223 57499.20358 24100.0  55.6517    2.7850    0.1563
          3C345 045353 57499.21157 24100.0  55.6711    5.6040    0.2899
         MRK501 050524 57499.21957 24100.0  55.5359    1.0012    0.0628
        2007+77 073059 57499.31684 24100.0  54.0567    1.0383    0.0585
        2007+77 074712 57499.32615 24100.0  53.5636    1.0075    0.0876
        2007+77 080508 57499.34057 24100.0  52.7358    0.9463    0.0484
          3C66A 135213 57525.58543 24100.0  46.3094    0.7434    0.0617
       0235+164 140421 57525.59384 24100.0  32.0621    2.1436    0.0997
       0336-019 141623 57525.60218 24100.0  26.5323    2.1174    0.1081
        NRAO150 142924 57525.61122 24100.0  58.2635   10.0045    0.2742
       0420-014 144216 57525.62026 24100.0  29.4658    1.3308    0.0713
       0440-003 145357 57525.63044 24100.0  30.9885    0.9860    0.0644
       0528+134 152406 57525.65038 24100.0  44.9722    0.9221    0.0643
       0735+178 153810 57525.65955 24100.0  61.8667    0.9167    0.0580
       0736+017 155100 57525.66789 24100.0  45.6013    1.3233    0.0815
       0829+046 160250 57525.67611 24100.0  49.8513    0.9723    0.0671
         MRK421 162316 57525.69038 24100.0  66.3850    0.4469    0.0484
       1156+295 163521 57525.69978 24100.0  54.3660    2.5496    0.0828
       1219+285 164832 57525.70796 24100.0  51.9770    0.5134    0.0374
       0716+714 170240 57525.72138 24100.0  58.1189    1.8124    0.0636
       0836+710 171939 57525.72987 24100.0  62.0483    2.4825    0.0790
       0954+658 173159 57525.73804 24100.0  68.9678    1.1631    0.0478
          3C273 201923 57525.85427 24100.0  46.9190   22.3618    0.4238
          3C279 203107 57525.86242 24100.0  39.4899   16.0597    0.3101
       1354+195 204321 57525.87092 24100.0  63.7656    1.7358    0.0571
       1334-127 205554 57525.87963 24100.0  32.4381    3.8193    0.1099
       1510-089 210755 57525.88798 24100.0  32.9953    5.2513    0.1211
          3C273 214148 57525.91150 24100.0  40.6838   22.5603    0.4659
          3C279 215330 57525.91964 24100.0  35.0418   16.1517    0.3291
       1354+195 220553 57525.92823 24100.0  62.7284    1.7162    0.0762
       1334-127 221827 57525.93698 24100.0  29.5639    3.7164    0.1408
       1510-089 223029 57525.94531 24100.0  36.3178    5.2553    0.1898
       1611+343 233158 57525.98800 24100.0  79.6509    4.0503    0.1400
       1633+382 004527 57526.03957 24100.0  78.3688    2.4714    0.0615
          3C345 010012 57526.04929 24100.0  78.2529    5.1466    0.1087
         MRK501 011155 57526.05741 24100.0  78.0910    0.9019    0.0407
           SgrA 013950 57526.07679 24100.0  16.0433   18.0268    0.6575
       1730-130 015144 57526.08508 24100.0  30.8261    3.8016    0.1043
       1741-038 020329 57526.09322 24100.0  39.7854    4.0204    0.1020
       1807+698 021819 57526.10354 24100.0  63.8419    1.4751    0.0545
          BLLAC 024522 57526.12231 24100.0  61.8117    2.0776    0.0594
        3C454.3 030346 57526.13508 24100.0  41.3346   19.3802    0.4359
       2230+114 031525 57526.14318 24100.0  43.2994    2.8963    0.0873
       2223-052 032720 57526.15145 24100.0  31.8142    2.3881    0.0788
       2344+092 033921 57526.15981 24100.0  33.6707    0.8029    0.0569
       0735+178 100648 57559.42887 24100.0  47.3044    1.4200    0.2380
       1156+295 110242 57559.46769 24100.0  19.2506    1.6418    0.1445
       0836+710 113900 57559.49292 24100.0  59.2027    2.2650    0.1190
       0954+658 115050 57559.50112 24100.0  56.2857    1.2634    0.0682
          3C273 184217 57559.78698 24100.0  44.9304   22.7465    0.7080
          3C279 185525 57559.79611 24100.0  38.2007   16.1488    0.5107
       1354+195 190951 57559.80599 24100.0  64.6842    1.7288    0.0667
       1334-127 192226 57559.81473 24100.0  31.7751    3.2098    0.1234
       1510-089 193428 57559.82309 24100.0  35.3843    5.4363    0.1785
       1606+105 202325 57559.85706 24100.0  54.1754    0.8998    0.0537
       1611+343 203533 57559.86550 24100.0  76.6390    4.0256    0.1783
       1633+382 204730 57559.87381 24100.0  78.1020    2.4071    0.1118
          3C345 205909 57559.88188 24100.0  79.6786    5.1099    0.2225
         MRK501 211044 57559.88994 24100.0  79.7787    0.9730    0.0571
       1730-130 215145 57559.91841 24100.0  31.4036    3.5815    0.1653
       1741-038 220327 57559.92655 24100.0  40.5434    3.9917    0.0986
          3C380 221655 57559.93588 24100.0  75.9828    2.3569    0.0635
       1807+698 222928 57559.94462 24100.0  64.1230    1.4490    0.0546
          BLLAC 225551 57559.96294 24100.0  45.2957    1.7849    0.0891
        3C454.3 230809 57559.97146 24100.0  23.4574   15.2596    0.3892
       2230+114 231946 57559.97955 24100.0  26.3079    2.4075    0.1072
       2223-052 233138 57559.98777 24100.0  17.2605    1.6080    0.1609
       1510-089 003746 57560.03370 24100.0  10.7824    3.8484    0.3338
       1606+105 012722 57560.06308 24100.0  27.3236    0.7367    0.1329
       0235+164 074606 57581.32465 22664.0  57.6918    3.5070    0.2124
       0235+164 074834 57581.33286 24100.0  56.5084    2.4537    0.1146
       0336-019 080040 57581.34127 24100.0  42.9050    2.6304    0.1124
       0420-014 081446 57581.35106 24100.0  44.1156    1.6585    0.0940
       0440-003 082621 57581.35912 24100.0  45.2087    1.2767    0.0733
       0528+134 085204 57581.37505 24100.0  58.6391    0.9594    0.0638
       0736+017 090138 57581.38361 24100.0  37.2534    1.6985    0.1175
         MRK421 093340 57581.40586 24100.0  33.3412    0.7064    0.1450
       1156+295 094538 57581.41418 24100.0  20.8212    1.5583    0.1152
       0716+714 101012 57581.43125 24100.0  62.4101    1.9236    0.0984
       0836+710 102158 57581.43942 24100.0  59.7770    2.0647    0.0998
       0954+658 103348 57581.44763 24100.0  57.2365    1.1591    0.0696
          3C273 164512 57581.70552 24100.0  46.6934   22.5982    1.0387
          3C279 165654 57581.71366 24100.0  39.3833   16.0622    0.7363
       1334-127 172142 57581.73089 24100.0  32.4321    3.1129    0.1981
       1510-089 173345 57581.73926 24100.0  33.4400    5.5532    0.2736
     PG1553+113 175952 57581.76511 24100.0  52.0295    0.2829    0.0504
       1606+105 182233 57581.77313 24100.0  51.2428    0.9511    0.0903
       1611+343 183437 57581.78152 24100.0  71.7165    3.9455    0.2476
       1633+382 184625 57581.78969 24100.0  72.3043    2.3940    0.1483
          3C345 185757 57581.79771 24100.0  73.7161    4.8560    0.2731
         MRK501 190930 57581.80574 24100.0  73.8228    0.9382    0.0773
       1730-130 195023 57581.83413 24100.0  29.4458    3.4641    0.3611
       1741-038 200203 57581.84224 24100.0  38.3321    4.1140    0.2946
          3C380 201515 57581.85141 24100.0  70.2094    2.5772    0.1162
       1807+698 202744 57581.86008 24100.0  62.8535    1.6013    0.0818
          BLLAC 205356 57581.87827 24100.0  39.4468    1.8579    0.1701
        3C454.3 210614 57581.88679 24100.0  17.1386   12.5420    0.4780
       2230+114 211750 57581.89487 24100.0  20.0139    1.8938    0.1355
       0716+714 093031 57737.40360 24100.0  31.1260    1.9073    0.1097
       0836+710 094424 57737.41324 24100.0  34.6051    1.5086    0.1761
       0954+658 095800 57737.42264 24100.0  36.6242    0.8064    0.0603
         MRK421 101136 57737.43204 24100.0  28.6588    0.4265    0.0690
       1156+295 103916 57737.45125 24100.0  27.8265    1.8855    0.0988
          3C273 110532 57737.46947 24100.0  10.2011   13.8558    0.4721
       1334-127 111852 57737.47167 24100.0  10.0071    3.5335    0.6420
       1510-089 114352 57737.49610 24100.0  22.0267    5.2126    0.1707
       1606+105 121344 57737.51683 24100.0  41.7492    0.8313    0.0691
       1611+343 123103 57737.52887 24100.0  55.6589    4.5825    0.1190
       1633+382 124402 57737.53788 24100.0  59.0224    2.6775    0.0750
          3C345 125700 57737.54029 24100.0  60.4520    4.9339    0.1519
          3C345 140447 57737.59396 24100.0  46.8710    4.6999    0.1103
         MRK501 141744 57737.60296 24100.0  46.4905    0.9764    0.0441
       1730-130 143139 57737.61261 24100.0  14.8678    3.0446    0.1787
       1741-038 145309 57737.62755 24100.0  20.5752    4.5228    0.1585
       1807+698 150757 57737.63792 24100.0  53.3616    1.0776    0.0466
          3C380 152136 57737.64732 24100.0  54.9002    2.4342    0.0655
       2223-052 155128 57737.66804 24100.0  40.6160    2.5966    0.0681
       2230+114 160447 57737.67728 24100.0  57.2641    3.4976    0.0839
        3C454.3 161744 57737.68629 24100.0  61.7151   18.8786    0.3820
       2344+092 163057 57737.69545 24100.0  53.9897    0.8901    0.0416
          3C66A 171147 57737.72382 24100.0  62.0424    0.6322    0.0398
       0235+164 172515 57737.73317 24100.0  46.6728    1.6360    0.0566
       0336-019 173848 57737.74258 24100.0  25.0420    1.9955    0.0843
        NRAO150 175250 57737.75234 24100.0  54.5475    8.3408    0.1854
       0440-003 181940 57737.77097 24100.0  22.6813    0.8131    0.0660
       0528+134 183251 57737.78010 24100.0  26.6653    0.9187    0.0888
       0716+714 190123 57737.80004 24100.0  42.6163    2.2681    0.0789
       0735+178 191522 57737.80963 24100.0  14.4473    0.4906    0.2027
       0827+243 192813 57737.81857 24100.0  12.0486    0.6913    0.1891
       0836+710 194202 57737.82825 24100.0  39.5129    1.5010    0.0659
       0954+658 200602 57737.84488 24100.0  32.6107    0.8094    0.0646
       1807+698 203644 57737.86623 24100.0  28.6793    1.1746    0.0958
          BLLAC 211106 57737.89003 24100.0  30.5988    2.3800    0.0872
       2230+114 212505 57737.89973 24100.0  13.8978    3.1378    0.2068
        3C454.3 213805 57737.90874 24100.0  18.3853   17.0394    0.6315
       2344+092 215803 57737.92260 24100.0  19.6697    0.6882    0.1078
          3C66A 223537 57737.94872 24100.0  59.9090    0.7413    0.0440
       0235+164 224915 57737.95815 24100.0  45.4119    1.9407    0.0923
       0336-019 230236 57737.96367 24100.0  37.2889    2.7099    0.1488
       0736+017 231133 57737.97365 24100.0  40.4586    1.6164    0.0675
       0829+046 232829 57737.97882 24100.0  37.2263    1.2197    0.2263
          3C207 233221 57737.98245 24100.0  43.6287    1.7227    0.1758
       0829+046 233713 57737.99126 24100.0  39.7816    1.2241    0.0768
          3C207 234956 57738.00032 24100.0  47.4737    1.6906    0.0939
       1611+343 152301 57400.64126  8520.0  10.0383    4.0940    0.0881 
       1633+382 152419 57400.64594  8520.0  15.3547    2.5563    0.0308 
          3C345 153059 57400.65056  8520.0  16.6851    5.3548    0.0321 
         MRK501 153741 57400.65521  8520.0  17.2249    1.1874    0.0280 
       1807+698 154506 57400.66050  8520.0  41.3322    1.5643    0.0247 
          3C380 155233 57400.66558  8520.0  34.1153    3.7087    0.0257 
          BLLAC 160021 57400.67105  8520.0  65.0041    2.6381    0.0205 
        3C454.3 161226 57400.67940  8520.0  54.8221   19.1636    0.0529 
       2223-052 161958 57400.68460  8520.0  32.0891    3.3686    0.0223 
       2230+114 162700 57400.68946  8520.0  46.3455    3.3518    0.0200 
       2344+092 163413 57400.69449  8520.0  52.0794    1.0679    0.0223 
          3C66A 164644 57400.70326  8520.0  76.3194    0.8319    0.0489 
       0235+164 165434 57400.70862  8520.0  57.1003    2.7157    0.0194 
       0336-019 170206 57400.71382  8520.0  34.6590    2.9675    0.0181 
       0323+342 170939 57400.72339  8520.0  66.8148    0.3927    0.0142 
        NRAO150 172318 57400.72864  8520.0  66.4374    9.3630    0.0295 
       0420-014 173133 57400.73426  8520.0  33.2280    1.8496    0.0208 
       0440-003 173818 57400.73894  8520.0  32.4078    1.9420    0.0196 
       0528+134 174513 57400.74378  8520.0  36.7529    1.1734    0.0179 
         MRK421 082112 57401.35211  8520.0  28.8373    0.5764    0.0321 
       1156+295 082814 57401.35698  8520.0  31.5896    1.4487    0.0736 
       0954+658 085829 57401.37813  8520.0  32.3568    1.4097    0.0833 
       1354+195 090657 57401.38226  8520.0  39.6503    2.2111    0.0684 
          3C273 091150 57401.38511  8520.0  11.4807   21.4578    0.2140 
       1510-089 091924 57401.39144  8520.0  26.7214    3.9518    0.0339 
     PG1553+113 092506 57401.39648  8520.0  48.7423    0.2275    0.0224 
       1606+105 093152 57401.40011  8520.0  49.0892    0.7355    0.0275 
       1741-038 112537 57433.48018  8520.0  16.0744    3.0248    0.0495 
       1611+343 114217 57433.49175  8520.0  23.4037    4.4485    0.0495 
       1633+382 114901 57433.49640  8520.0  28.1803    2.7226    0.0341 
          3C345 115537 57433.50101  8520.0  29.3340    5.7453    0.0407 
         MRK501 120215 57433.50561  8520.0  29.9731    1.2337    0.0391 
       1807+698 120927 57433.51074  8520.0  48.6364    1.5405    0.0283 
          3C380 121654 57433.51582  8520.0  46.9376    3.7438    0.0361 
          BLLAC 123009 57433.52512  8520.0  79.3337    3.0651    0.0477 
        3C454.3 124235 57433.53366  8520.0  61.4313   20.2319    0.0581 
       2230+114 125659 57433.54362  8520.0  55.2505    3.2510    0.0807 
       2344+092 130412 57433.54863  8520.0  54.9823    1.0201    0.0640 
       0235+164 132326 57433.56198  8520.0  45.6347    2.9373    0.0662 
       0336-019 133047 57433.56710  8520.0  23.0716    2.7062    0.0459 
          3C380 144822 57433.62101  8520.0  25.2677    3.9607    0.1170 
          BLLAC 145557 57433.62626  8520.0  53.5683    2.7344    0.0954 
        3C454.3 150723 57433.63417  8520.0  45.4383   20.6962    0.0672 
       2230+114 152138 57433.64407  8520.0  36.3494    3.0662    0.1815 
       0235+164 154057 57433.65750  8520.0  61.5856    2.7982    0.0433 
       0735+178 212004 57433.89303  8520.0  62.9941    0.9530    0.0280 
       0736+017 212726 57433.89811  8520.0  46.8316    0.9938    0.0258 
       0827+243 213440 57433.90318  8520.0  68.9942    0.5972    0.0319 
       0829+046 214210 57433.90833  8520.0  49.7207    0.6287    0.0288 
          3C207 214857 57433.91303  8520.0  58.3281    1.4065    0.0276 
          OJ287 215544 57433.91775  8520.0  64.8655    3.0641    0.0390 
         MRK421 220351 57433.92339  8520.0  61.5263    0.6679    0.0219 
       1156+295 221102 57433.92838  8520.0  48.4468    1.6639    0.0291 
       1219+285 221754 57433.93314  8520.0  45.1697    0.7151    0.0229 
       0716+714 223035 57433.94213  8520.0  60.7392    1.3459    0.0267 
       0836+710 223744 57433.94700  8520.0  63.5059    2.8606    0.0196 
       0954+658 224500 57433.95210  8520.0  68.1902    1.5876    0.0185 
       1354+195 225331 57433.95518  8520.0  28.6977    2.2067    0.0392 
       1611+343 092911 57468.39931  8520.0  22.6825    4.5214    0.0323 
       1633+382 093555 57468.40398  8520.0  27.4645    2.7227    0.0321 
          3C345 094232 57468.40858  8520.0  28.6283    5.9396    0.0282 
         MRK501 094909 57468.41318  8520.0  29.2653    1.2981    0.0350 
       1807+698 095621 57468.41832  8520.0  48.2478    1.5779    0.0346 
          3C380 100348 57468.42339  8520.0  46.2408    3.7191    0.0355 
          BLLAC 101138 57468.42894  8520.0  79.4914    2.6796    0.0447 
        3C454.3 102406 57468.43749  8520.0  61.4557   19.8524    0.0474 
       2223-052 103128 57468.44256  8520.0  39.1677    3.4789    0.0254 
       2230+114 103830 57468.44743  8520.0  55.3146    3.3308    0.0206 
       2344+092 104541 57468.45244  8520.0  54.9674    1.0698    0.0203 
       0235+164 110459 57468.46583  8520.0  45.4970    3.1014    0.0322 
        NRAO150 112335 57468.47875  8520.0  51.9751   10.0991    0.0356 
       0735+178 192936 57468.81631  8520.0  61.8161    0.9505    0.0175 
       0736+017 193657 57468.82137  8520.0  45.8113    0.9663    0.0167 
       0827+243 194414 57468.82648  8520.0  69.5984    0.7260    0.0176 
       0829+046 195143 57468.83164  8520.0  49.8617    0.6661    0.0181 
          3C207 195830 57468.83634  8520.0  58.5874    1.2681    0.0179 
          OJ287 200517 57468.84110  8520.0  65.5226    3.4171    0.0195 
         MRK421 201341 57468.84688  8520.0  66.4241    0.6103    0.0198 
       1156+295 202052 57468.85187  8520.0  53.3084    1.7782    0.0191 
       1219+285 202743 57468.85661  8520.0  50.0429    0.6847    0.0199 
       0716+714 204035 57468.86574  8520.0  59.2631    0.9750    0.0368 
       0836+710 204744 57468.87063  8520.0  62.8954    2.8041    0.0201 
       0954+658 205454 57468.87563  8520.0  68.9155    1.6912    0.0167 
       1354+195 210341 57468.87945  8520.0  33.3625    2.1541    0.0338 
          3C273 210757 57468.88240  8520.0  35.4768   23.7968    0.0599 
          3C279 211154 57468.88515  8520.0  25.7545   20.9993    0.0533 
       1334-127 211554 57468.88794  8520.0  14.5860    4.3131    0.0492 
       1611+343 083659 57498.36271  8520.0  12.7025    4.4001    0.0329 
       1633+382 084309 57498.36701  8520.0  17.6730    2.4822    0.0305 
          3C345 084914 57498.37124  8520.0  19.0484    5.7210    0.0363 
         MRK501 085519 57498.37546  8520.0  19.6959    1.2182    0.0343 
       1807+698 090208 57498.38030  8520.0  42.8462    1.5502    0.0259 
          3C380 090856 57498.38491  8520.0  36.8318    3.7725    0.0277 
          BLLAC 091604 57498.38987  8520.0  68.4844    2.5131    0.0228 
        3C454.3 093142 57498.40074  8520.0  56.7070   20.5506    0.0528 
       2223-052 093836 57498.40556  8520.0  33.9308    3.5486    0.0256 
       2230+114 094509 57498.41007  8520.0  48.6572    3.3458    0.0271 
       2344+092 095147 57498.41473  8520.0  53.3914    1.0613    0.0210 
          3C66A 100327 57498.42277  8520.0  73.0026    0.7737    0.0539 
       0235+164 101026 57498.42762  8520.0  54.7701    2.7110    0.0213 
       0336-019 101717 57498.43240  8520.0  32.1184    2.8949    0.0215 
       0323+342 102416 57498.43451  8520.0  61.5872    0.2901    0.0535 
        NRAO150 102834 57498.44022  8520.0  61.7113   10.1512    0.0333 
       0420-014 103555 57498.44531  8520.0  28.9728    1.6986    0.0300 
       0440-003 104202 57498.44957  8520.0  27.8458    1.8699    0.0237 
       0528+134 104829 57498.45405  8520.0  31.2677    1.0954    0.0292 
       0735+178 180659 57498.75855  8520.0  58.8138    0.9359    0.0202 
       0736+017 181343 57498.76323  8520.0  43.4380    0.9842    0.0199 
       0827+243 182032 57498.76797  8520.0  68.2993    0.7937    0.0185 
       0829+046 182726 57498.77276  8520.0  48.8377    0.6688    0.0195 
          3C207 183343 57498.77713  8520.0  57.4917    1.3468    0.0174 
          OJ287 183958 57498.78145  8520.0  64.6376    3.5925    0.0223 
         MRK421 184757 57498.78702  8520.0  72.0282    0.6192    0.0157 
       1156+295 185438 57498.79165  8520.0  58.7272    1.9464    0.0173 
       1219+285 190057 57498.79603  8520.0  55.4182    0.6229    0.0221 
       0716+714 191313 57498.80467  8520.0  57.3843    1.8299    0.0191 
       0836+710 191947 57498.80924  8520.0  61.8078    2.7874    0.0194 
       0954+658 192629 57498.81384  8520.0  68.9568    1.4945    0.0204 
       1354+195 193459 57498.81770  8520.0  38.4972    2.1333    0.0267 
          3C273 193901 57498.82050  8520.0  39.1924   24.2630    0.0658 
          3C279 194243 57498.82307  8520.0  29.5027   20.6777    0.0630 
       1334-127 194628 57498.82567  8520.0  18.5359    4.3448    0.0389 
     PG1553+113 195034 57498.83049  8520.0  15.2620    0.2985    0.0311 
       1606+105 195619 57498.83350  8520.0  13.2282    0.7559    0.0411 
       1510-089 201121 57498.84393  8520.0  11.4015    5.0401    0.0369 
        2007+77 085655 57499.37701  8520.0  50.5430    0.8398    0.0175 
        2007+77 091851 57499.39222  8520.0  49.4707    0.8340    0.0191 
       1807+698 082223 57526.35270  8520.0  37.2183    1.6256    0.0244 
          3C380 082905 57526.35724  8520.0  27.1042    3.7780    0.0358 
          BLLAC 083606 57526.36211  8520.0  56.1268    2.1617    0.0273 
        3C454.3 085201 57526.37317  8520.0  47.0587   20.9838    0.0643 
       2223-052 085846 57526.37784  8520.0  25.0408    3.6313    0.0254 
       2230+114 090513 57526.38234  8520.0  38.2048    3.4235    0.0282 
       2344+092 091144 57526.38686  8520.0  46.4082    1.0922    0.0229 
       0235+164 092254 57526.39461  8520.0  60.9167    2.5924    0.0250 
       0336-019 092942 57526.39934  8520.0  39.2405    2.8254    0.0250 
       0323+342 093646 57526.40819  8520.0  73.5615    0.2866    0.0164 
        NRAO150 094946 57526.41328  8520.0  72.8911    8.6576    0.0298 
       0420-014 095734 57526.41868  8520.0  38.0732    1.6081    0.0219 
       0440-003 100341 57526.42294  8520.0  37.5570    1.8621    0.0235 
       0528+134 101010 57526.42743  8520.0  43.2800    1.0299    0.0202 
       0735+178 103632 57526.44575  8520.0  28.9890    0.9361    0.0233 
       0736+017 104307 57526.45032  8520.0  18.6816    1.0338    0.0284 
       0827+243 104940 57526.45486  8520.0  26.1292    0.7574    0.0282 
       0829+046 105547 57526.45912  8520.0  13.7992    0.6810    0.0385 
          3C207 110159 57526.46342  8520.0  19.3386    1.2616    0.0235 
          OJ287 110808 57526.46769  8520.0  22.5424    3.4470    0.0269 
         MRK421 111453 57526.47237  8520.0  14.7976    0.5682    0.0306 
       0716+714 112227 57526.47776  8520.0  53.7079    1.3962    0.0247 
       0836+710 112900 57526.48230  8520.0  47.9990    2.6375    0.0218 
       0735+178 114402 57526.49262  8520.0  40.8473    0.9435    0.0228 
       0736+017 115038 57526.49721  8520.0  29.6925    1.0345    0.0251 
       0827+243 115714 57526.50179  8520.0  38.1685    0.7463    0.0255 
       0829+046 120354 57526.50642  8520.0  25.5918    0.5968    0.0562 
          3C207 121006 57526.51072  8520.0  31.4071    1.3311    0.0309 
          OJ287 121615 57526.51500  8520.0  34.6979    3.4225    0.0333 
         MRK421 122300 57526.51968  8520.0  24.8018    0.5873    0.0250 
       1156+295 122910 57526.52396  8520.0  11.2938    1.7879    0.0393 
       0716+714 123717 57526.52982  8520.0  58.8867    1.3435    0.0202 
       0836+710 124402 57526.53441  8520.0  54.0604    2.6277    0.0242 
       0954+658 125041 57526.53899  8520.0  48.3388    1.1126    0.0204 
       0735+178 125929 57526.54501  8520.0  52.9056    0.9094    0.0207 
       0736+017 130609 57526.54964  8520.0  39.9159    1.0454    0.0235 
       0827+243 131251 57526.55430  8520.0  51.4355    0.7289    0.0216 
       0829+046 131934 57526.55896  8520.0  37.3880    0.6535    0.0383 
          3C207 132546 57526.56326  8520.0  43.9553    1.2424    0.0314 
          OJ287 133158 57526.56757  8520.0  47.8268    3.3136    0.0271 
         MRK421 133851 57526.57237  8520.0  37.0819    0.5737    0.0223 
       1156+295 134530 57526.57697  8520.0  23.7249    1.8365    0.0465 
       1219+285 135147 57526.58134  8520.0  20.4379    0.5340    0.0391 
       0735+178 140217 57559.58863  8520.0  59.3174    0.8853    0.0335 
       0736+017 140902 57559.59333  8520.0  43.8345    1.1322    0.0316 
       0827+243 141552 57559.59806  8520.0  68.6147    0.7292    0.0292 
       0829+046 142246 57559.60285  8520.0  49.0663    0.7822    0.0448 
          3C207 142903 57559.60722  8520.0  57.7469    1.3281    0.0358 
          OJ287 143518 57559.61156  8520.0  64.8807    4.0024    0.0250 
         MRK421 144317 57559.61709  8520.0  71.1860    0.6058    0.0207 
       1156+295 144956 57559.62171  8520.0  57.8990    2.0184    0.0209 
       1219+285 145615 57559.62611  8520.0  54.5823    0.6060    0.0280 
       0716+714 150830 57559.63473  8520.0  57.7045    1.4628    0.0240 
       0836+710 151504 57559.63929  8520.0  62.0151    2.8018    0.0200 
       0954+658 152146 57559.64389  8520.0  69.0036    0.9722    0.0222 
       1354+195 153012 57559.64771  8520.0  37.6313    2.1072    0.0348 
          3C273 153414 57559.65052  8520.0  38.5938   25.3909    0.0712 
          3C279 153757 57559.65309  8520.0  28.8879   20.7288    0.0683 
       1334-127 154142 57559.65569  8520.0  17.8722    4.4528    0.0420 
     PG1553+113 154549 57559.66053  8520.0  14.3879    0.1865    0.0317 
       1606+105 155135 57559.66353  8520.0  12.3544    0.8863    0.0426 
       0735+178 160712 57559.67537  8520.0  41.1800    0.8922    0.0294 
       0736+017 161348 57559.67995  8520.0  28.2669    1.1176    0.0295 
       0827+243 162037 57559.68468  8520.0  52.2921    0.7911    0.0290 
       0829+046 162718 57559.68933  8520.0  36.4072    0.7949    0.0241 
          3C207 163333 57559.69367  8520.0  43.7633    1.2961    0.0219 
          OJ287 163946 57559.69798  8520.0  50.1932    4.0172    0.0213 
       1156+295 164857 57559.70436  8520.0  73.9410    1.9573    0.0231 
       1219+285 165514 57559.70875  8520.0  71.8544    0.5437    0.0194 
       FLAGGED 1741-038 030621 57560.13312  8520.0  16.1532    1.5574    0.0237 
       1611+343 031936 57560.14231  8520.0  24.0347    4.6299    0.0436 
       1633+382 032547 57560.14661  8520.0  28.8880    2.2881    0.0403 
          3C345 033151 57560.15083  8520.0  30.1203    5.9111    0.0442 
         MRK501 033756 57560.15505  8520.0  30.8486    1.2974    0.0335 
       1807+698 034436 57560.15979  8520.0  49.1650    1.4651    0.0323 
          3C380 035131 57560.16449  8520.0  47.9756    3.8263    0.0359 
        3C454.3 040540 57560.17431  8520.0  61.7142   20.3339    0.0748 
       2223-052 041227 57560.17903  8520.0  39.9671    3.6168    0.0580 
       2230+114 041900 57560.18357  8520.0  56.4202    3.3652    0.0340 
       2344+092 042541 57560.18822  8520.0  54.4109    1.0077    0.0453 
       0235+164 044326 57560.20054  8520.0  42.1516    2.8781    0.0392 
       0336-019 045017 57560.20529  8520.0  19.5807    2.6368    0.0530 
        NRAO150 050924 57560.21857  8520.0  49.9957   10.2016    0.0521 
       0420-014 051636 57560.22357  8520.0  17.0158    1.6184    0.1315 
       0440-003 052245 57560.22784  8520.0  15.5360    2.0599    0.0973 
       0528+134 052909 57560.23230  8520.0  17.8520    0.9725    0.0456 
       0736+017 124222 57581.53313  8520.0  43.8553    1.3197    0.0244 
       0827+243 124911 57581.53786  8520.0  68.6267    0.7625    0.0286 
       0829+046 125604 57581.54264  8520.0  49.0755    0.8385    0.0218 
          3C207 130220 57581.54700  8520.0  57.7575    1.4028    0.0245 
          OJ287 130835 57581.55134  8520.0  64.8910    4.5457    0.0233 
         MRK421 131634 57581.55688  8520.0  71.1519    0.5851    0.0313 
       1156+295 132314 57581.56151  8520.0  57.8676    2.0154    0.0223 
       1219+285 132933 57581.56590  8520.0  54.5510    0.5969    0.0265 
       0836+710 134823 57581.57910  8520.0  62.0232    2.6199    0.0643 
       0954+658 135506 57581.58370  8520.0  69.0052    1.0186    0.0383 
       1354+195 140332 57581.58752  8520.0  37.6010    2.0547    0.0339 
          3C273 140734 57581.59031  8520.0  38.5712   25.5933    0.1419 
          3C279 141115 57581.59288  8520.0  28.8620   20.2983    0.0799 
       1334-127 141459 57581.59547  8520.0  17.8443    4.3485    0.0626 
       1606+105 142451 57581.60331  8520.0  12.3150    0.8409    0.0372 
       1510-089 145329 57581.62320  8520.0  12.7672    6.5026    0.0828 
       1730-130 233841 57581.98891  8520.0  24.1490    3.8930    0.0389 
       1741-038 234458 57581.99328  8520.0  32.8742    3.3101    0.0241 
       1611+343 000035 57582.00412  8520.0  43.1861    4.7592    0.0248 
       1633+382 000647 57582.00843  8520.0  47.8277    2.3043    0.0346 
          3C345 001253 57582.01266  8520.0  48.8628    5.8958    0.0252 
         MRK501 001859 57582.01689  8520.0  49.6718    1.3114    0.0260 
       1807+698 002603 57582.02190  8520.0  58.3286    1.5378    0.0208 
          3C380 003314 57582.02678  8520.0  66.0376    3.7367    0.0245 
          BLLAC 004321 57582.03382  8520.0  78.1301    1.9401    0.0182 
        3C454.3 005120 57582.03937  8520.0  53.7872   21.1568    0.0444 
       2223-052 005758 57582.04395  8520.0  37.9991    3.7012    0.0310 
       2230+114 010425 57582.04844  8520.0  53.7527    3.3887    0.0236 
       2344+092 011054 57582.05294  8520.0  43.7974    1.1030    0.0247 
          3C66A 012124 57582.06023  8520.0  40.0225    0.7839    0.0579 
       0235+164 012803 57582.06486  8520.0  23.0435    2.5408    0.0293 
       0323+342 013435 57582.07332  8520.0  28.2112    0.3394    0.0169 
        NRAO150 014640 57582.07780  8520.0  33.2264   10.4841    0.0710 
       1611+343 020910 57582.09341  8520.0  21.4565    4.6986    0.0384 
       1633+382 021522 57582.09771  8520.0  26.3372    2.2630    0.0367 
          3C345 022127 57582.10194  8520.0  27.5978    5.8466    0.0373 
         MRK501 022732 57582.10617  8520.0  28.3117    1.2645    0.0320 
       1807+698 023415 57582.11093  8520.0  47.7719    1.5551    0.0258 
          3C380 024107 57582.11561  8520.0  45.4732    3.8282    0.0292 
          BLLAC 024822 57582.12069  8520.0  78.7297    2.0570    0.0264 
        3C454.3 030022 57582.12897  8520.0  61.3371   21.5043    0.0447 
       2223-052 030710 57582.13368  8520.0  38.9864    3.7375    0.0364 
       2230+114 031342 57582.13822  8520.0  55.1049    3.4101    0.0234 
       2344+092 032023 57582.14287  8520.0  55.0084    1.1367    0.0242 
          3C66A 033133 57582.15062  8520.0  62.0804    0.7329    0.0377 
       0235+164 033819 57582.15531  8520.0  45.6684    2.6196    0.0259 
       0336-019 034509 57582.16007  8520.0  23.0325    2.5731    0.0314 
       0323+342 035203 57582.16881  8520.0  52.1531    0.3669    0.0162 
        NRAO150 040421 57582.17341  8520.0  53.2848   10.6002    0.0319 
       0420-014 041134 57582.17842  8520.0  20.5807    1.5277    0.0316 
       0440-003 041743 57582.18268  8520.0  19.1783    1.9062    0.0315 
       0528+134 042407 57582.18713  8520.0  21.6846    1.0814    0.0318 
       1807+698 044550 57582.20232  8520.0  36.9474    1.5544    0.0325 
          3C380 045232 57582.20687  8520.0  26.6314    3.8126    0.0779 
          BLLAC 045934 57582.21174  8520.0  55.4976    2.0087    0.0522 
        3C454.3 051011 57582.21911  8520.0  47.3237   21.3794    0.0784 
       2223-052 051656 57582.22379  8520.0  25.2838    3.8016    0.1087 
       2230+114 052323 57582.22829  8520.0  38.4806    3.3470    0.1129 
       2344+092 052953 57582.23280  8520.0  46.6267    1.1439    0.1313 
         MRK501 112034 57671.47530  8520.0  51.9756    1.2942    0.0299 
     J0902+0443 083125 57674.36943  8520.0  41.8330    0.1158    0.0095 
       0420-014 224409 57720.95095  8520.0  44.0302    1.3817    0.0221 
       0440-003 225151 57720.95630  8520.0  44.7835    1.6208    0.0216 
       0528+134 225950 57720.96185  8520.0  55.7631    1.0082    0.0157 
       0735+178 232550 57720.97992  8520.0  45.6250    0.8538    0.0237 
       0736+017 233346 57720.98541  8520.0  34.0593    1.1148    0.0199 
       0827+243 234155 57720.99108  8520.0  43.7121    0.7469    0.0267 
       0829+046 234954 57720.99662  8520.0  30.9046    0.8832    0.0201 
       0836+710 000118 57721.00469  8520.0  54.3589    2.5560    0.0287 
          3C207 001159 57721.01196  8520.0  39.6190    1.4451    0.0240 
          OJ287 002029 57721.01787  8520.0  43.6127    5.1350    0.0253 
         MRK421 004705 57721.03634  8520.0  36.2099    0.5995    0.0210 
       1156+295 005510 57721.04196  8520.0  23.0938    1.5036    0.0252 
       1219+285 010255 57721.04733  8520.0  20.0535    0.5118    0.0302 
       1807+698 012256 57721.06137  8520.0  24.5694    1.4531    0.0386 
          3C66A 013807 57721.07180  8520.0  41.3950    0.7706    0.0657 
       0235+164 015921 57721.08653  8520.0  25.0855    1.9714    0.0264 
       0336-019 020725 57721.09211  8520.0  21.0183    2.3649    0.0298 
        NRAO150 021604 57721.09817  8520.0  53.5212   11.4089    0.0304 
       0420-014 022456 57721.10428  8520.0  25.4697    1.4264    0.0278 
       0440-003 023240 57721.10966  8520.0  28.0641    1.6693    0.0242 
       0528+134 024048 57721.11530  8520.0  45.0926    1.0227    0.0240 
       0716+714 025631 57721.12637  8520.0  62.3996    1.5278    0.0202 
       0735+178 030719 57721.13372  8520.0  60.9652    0.8608    0.0181 
       0736+017 031948 57721.14238  8520.0  44.7821    1.1159    0.0175 
       0827+243 032808 57721.14817  8520.0  69.1764    0.7797    0.0191 
       0829+046 033617 57721.15383  8520.0  49.4443    0.8892    0.0176 
       0836+710 034722 57721.16168  8520.0  63.4892    2.6130    0.0205 
          3C207 035826 57721.16921  8520.0  57.4148    1.4442    0.0194 
          OJ287 040611 57721.17460  8520.0  64.4717    5.0316    0.0207 
       0954+658 042219 57721.18590  8520.0  68.9441    0.9556    0.0218 
         MRK421 043518 57721.19483  8520.0  76.1278    0.5752    0.0226 
       1156+295 045032 57721.20541  8520.0  64.1094    1.5308    0.0163 
       1219+285 045818 57721.21079  8520.0  61.1603    0.5734    0.0215 
          3C273 050632 57721.21650  8520.0  40.0247   26.4095    0.0565 
          3C279 051422 57721.22195  8520.0  30.8517   17.9318    0.0423 
       1334-127 052227 57721.22756  8520.0  20.5594    3.4980    0.0239 
       1354+195 053043 57721.23330  8520.0  44.5879    1.9785    0.0261 
       1510-089 054451 57721.24311  8520.0  13.2663    6.8149    0.0333 
     PG1553+113 055249 57721.24865  8520.0  22.2139    0.2238    0.0302 
       1606+105 060031 57721.25399  8520.0  20.7798    0.9418    0.0267 
       1611+343 060829 57721.25953  8520.0  36.3576    5.0067    0.0324 
       1633+382 061614 57721.26493  8520.0  36.1393    2.3091    0.0196 
          3C345 062358 57721.27030  8520.0  37.0231    5.4805    0.0262 
         MRK501 063143 57721.27568  8520.0  36.4840    1.3347    0.0220 
          3C380 065546 57721.29239  8520.0  30.4862    3.7931    0.0274 
        NRAO150 070610 57721.29962  8520.0  15.7992   11.7084    0.0411 
       0716+714 071514 57721.30605  8520.0  45.1972    1.4912    0.0344 
       0735+178 072416 57721.31215  8520.0  21.0555    0.8834    0.0424 
       0827+243 073233 57721.31792  8520.0  33.1380    0.7376    0.0352 
       0829+046 074734 57721.32833  8520.0  17.3072    0.9575    0.0291 
       0836+710 075639 57721.33480  8520.0  48.2200    2.6211    0.0348 
          3C207 080548 57721.34099  8520.0  21.7475    1.4991    0.0291 
          OJ287 081333 57721.34444  8520.0  27.9790    5.2821    0.0417 
       1730-130 090331 57721.38108  8520.0  18.7421    4.5840    0.0310 
       1741-038 091118 57721.38648  8520.0  25.9688    3.1896    0.0238 
          3C66A 003145 57738.02570  8520.0  41.3211    0.8027    0.0768 
       0235+164 003953 57738.03133  8520.0  27.3470    1.9812    0.0230 
       0336-019 004757 57738.03693  8520.0  23.0388    2.5407    0.0248 
        NRAO150 005637 57738.04299  8520.0  55.4783   11.4279    0.0300 
       0420-014 010531 57738.04913  8520.0  27.3860    1.3954    0.0290 
       0440-003 011314 57738.05448  8520.0  29.9490    1.6464    0.0276 
       0528+134 012120 57738.06011  8520.0  46.9836    1.0499    0.0196 
       0716+714 013607 57738.07054  8520.0  62.7518    1.4741    0.0180 
       0736+017 015509 57738.08360  8520.0  45.8596    1.1096    0.0202 
       0827+243 020326 57738.08936  8520.0  69.5948    0.7337    0.0187 
       0829+046 021136 57738.09502  8520.0  49.8569    0.8796    0.0201 
       0836+710 022252 57738.10299  8520.0  63.6724    2.5577    0.0207 
          3C207 023410 57738.11070  8520.0  58.2196    1.5061    0.0209 
          OJ287 024155 57738.11607  8520.0  65.2577    5.2662    0.0202 
       0954+658 025755 57738.12729  8520.0  68.5748    0.8979    0.0200 
         MRK421 031108 57738.13638  8520.0  73.1880    0.5255    0.0161 
       1156+295 032453 57738.14592  8520.0  61.0498    1.7691    0.0206 
       1219+285 033237 57738.15129  8520.0  58.0103    0.5327    0.0282 
          3C273 034051 57738.15700  8520.0  37.7337   25.7525    0.0606 
          3C279 034841 57738.16244  8520.0  28.5403   17.3496    0.0483 
       1334-127 035634 57738.16792  8520.0  18.0643    3.3463    0.0361 
       1354+195 040448 57738.17363  8520.0  41.3220    1.9979    0.0255 
     PG1553+113 041846 57738.18333  8520.0  17.3422    0.2334    0.0357 
       1606+105 042628 57738.18869  8520.0  15.9398    0.9004    0.0251 
       1611+343 043427 57738.19423  8520.0  31.7053    4.9626    0.0275 
       1633+382 044211 57738.19961  8520.0  31.6505    2.2997    0.0374 
          3C345 044955 57738.20499  8520.0  32.5876    5.4781    0.0279 
         MRK501 045741 57738.21038  8520.0  32.0684    1.2852    0.0245 
       1807+698 051309 57738.22125  8520.0  39.2938    1.3344    0.0419 
          3C380 052121 57738.22684  8520.0  26.8109    3.6718    0.0232 
        NRAO150 053147 57738.23407  8520.0  18.4922   11.4864    0.0431 
       0716+714 054041 57738.24038  8520.0  47.4226    1.4308    0.0317 
       0736+017 060232 57738.25539  8520.0  12.7714    0.9386    0.0821 
       0827+243 061052 57738.26118  8520.0  35.8116    0.8074    0.0229 
       0829+046 061849 57738.26670  8520.0  21.0994    0.9121    0.0335 
          3C207 063715 57738.27951  8520.0  25.6077    1.6060    0.0373 
          OJ287 064500 57738.28488  8520.0  31.3616    5.5830    0.0306 
       0954+658 065348 57738.29110  8520.0  55.4814    0.9337    0.0335 
         MRK421 070239 57738.29716  8520.0  61.5259    0.5546    0.0196 
       1156+295 071746 57738.30764  8520.0  63.4748    1.8362    0.0259 
          3C273 073343 57738.31873  8520.0  42.4613   26.2434    0.0614 
          3C279 074129 57738.32410  8520.0  36.7460   17.5975    0.0433 
       1334-127 074922 57738.32959  8520.0  31.6224    3.4552    0.0241 
       1354+195 075800 57738.33559  8520.0  63.8369    1.9303    0.0327 
       1510-089 081201 57738.34530  8520.0  35.9118    6.4907    0.0302 
     PG1553+113 082005 57738.35091  8520.0  53.8781    0.2072    0.0205 
       1606+105 082748 57738.35627  8520.0  52.7784    0.9037    0.0202 
       1611+343 083558 57738.36195  8520.0  73.5902    4.9774    0.0414 
       1633+382 084355 57738.36749  8520.0  73.7450    2.3131    0.0220 
          3C345 085751 57738.37716  8520.0  75.5932    5.4588    0.0219 
         MRK501 090536 57738.38254  8520.0  75.0358    1.3328    0.0215 
       1730-130 091445 57738.38887  8520.0  27.4943    4.5130    0.0309 
       1741-038 093125 57738.40045  8520.0  36.6274    3.8481    0.0221 
       1807+698 095013 57738.41374  8520.0  61.4362    1.4069    0.0227 
          3C380 095908 57738.41973  8520.0  69.3070    3.7035    0.0295 
          BLLAC 101242 57738.42914  8520.0  34.5673    2.1018    0.0262 
       2230+114 102106 57738.43495  8520.0  11.8374    3.5565    0.0650 
        3C454.3 102849 57738.44031  8520.0  12.4658   20.4504    0.0863 
       0716+714 110750 57738.46756  8520.0  27.3535    1.5419    0.0289 
       0336-019 161923 57777.68386  5075.0  34.9327    2.0750    0.0402 
        NRAO150 163658 57777.69624  5075.0  66.1653    8.0280    0.0365 
       0420-014 164645 57777.70287  5075.0  33.2760    1.3882    0.0418 
       0440-003 165439 57777.70836  5075.0  32.6015    1.8114    0.0334 
       0528+134 170249 57777.71403  5075.0  37.1796    0.9450    0.0877 
          3C273 062820 57778.27242  5075.0  30.9724   34.7688    0.8177 
          3C273 074157 57778.32353  5075.0  19.0071   34.9000    0.3879 
        3C454.3 141956 57778.59991  5075.0  60.8309   19.0072    0.0506 
          OJ287 201447 57811.84635  5075.0  60.2856    5.6034    0.1342 
          3C273 000308 57812.00492  5075.0  44.9851   29.8581    0.1989 
          3C279 000759 57812.00829  5075.0  35.8116   15.3764    0.0704 
       1334-127 001252 57812.01169  5075.0  25.8066    3.1019    0.0801 
       1611+343 003224 57812.02426  5075.0  39.4827    4.2907    0.0402 
       1741-038 062211 57812.26815  5075.0  41.6390    3.0225    0.0495 
        3C454.3 064222 57812.28216  5075.0  23.5505   18.8086    0.0764 
       2223-052 064718 57812.28559  5075.0  14.3190    4.0026    0.0826 
          BLLAC 074113 57812.32307  5075.0  57.4927    2.2202    0.0777 
        3C454.3 075246 57812.33105  5075.0  36.0246   18.9923    0.0883 
       2230+114 080235 57812.33788  5075.0  38.1226    4.0341    0.0570 
          3C273 010405 57837.04725  5075.0  42.7006   31.2855    0.1863 
          3C279 010851 57837.05057  5075.0  37.1233   15.6539    0.1242 
       1606+105 012950 57837.06514  5075.0  49.6443    0.9781    0.0390 
       1611+343 013457 57837.06770  5075.0  67.8885    4.6427    0.0520 
        3C454.3 082934 57837.35661  5075.0  56.5452   19.7753    0.0662 
       0420-014 134852 57837.57934  5075.0  39.7633    1.4355    0.0606 
       0440-003 135742 57837.58548  5075.0  39.7154    2.0171    0.0377 
       0528+134 140407 57837.58994  5075.0  46.3239    1.1204    0.0413 
       1156+295 165203 57875.70557  5075.0  44.8734    2.2341    0.0676 
          3C273 213908 57875.90491  5075.0  46.4528   30.4588    0.1849 
          3C279 214352 57875.90820  5075.0  39.4100   14.4420    0.2387 
       1611+343 220823 57875.92425  5075.0  58.5983    4.9870    0.2791 
          3C345 221448 57875.92871  5075.0  57.0502    5.8128    0.2166 
        3C454.3 052420 57876.22798  5075.0  52.5303   19.2850    0.0898 
       2223-052 052924 57876.23150  5075.0  37.1856    4.4947    0.2259 
        3C454.3 062237 57876.26845  5075.0  59.1557   19.4395    0.9640 
          OJ287 151931 57920.64137  5075.0  63.1955    5.1416    0.1632 
        3C454.3 033247 57921.15052  5075.0  59.7238   18.2848    0.8394 
       2230+114 034258 57921.15759  5075.0  57.0290    4.2065    0.2190 
        3C454.3 043514 57921.19388  5075.0  61.6173   18.9321    0.1738 
        3C454.3 053746 57921.23730  5075.0  57.6908   18.6420    0.2026 
       1156+295 074849 58013.32832  5075.0  44.7596    3.0186    0.0519 
         MRK421 002546 57757.02520 24100.0  58.2173    0.3993    0.0301
         MRK421 003653 57757.03291 24100.0  60.2000    0.4369    0.0305
         MRK421 004759 57757.04060 24100.0  62.1788    0.3998    0.0300
         MRK421 010132 57757.05002 24100.0  64.6022    0.4201    0.0300
         MRK421 011238 57757.05774 24100.0  66.5816    0.4154    0.0279
         MRK421 012344 57757.06543 24100.0  68.5480    0.4257    0.0296
         MRK421 013448 57757.07314 24100.0  70.5069    0.4290    0.0297
         MRK421 064453 57757.28848 24100.0  50.3136    0.4077    0.0332
         MRK421 065600 57757.29620 24100.0  48.3595    0.3779    0.0310
         MRK421 070707 57757.30391 24100.0  46.4187    0.3999    0.0326
         MRK421 071814 57757.31163 24100.0  44.4870    0.4282    0.0332
         MRK421 073142 57757.32098 24100.0  42.1686    0.4113    0.0300
         MRK421 074248 57757.32870 24100.0  40.2688    0.4372    0.0369
         MRK421 075355 57757.33640 24100.0  38.3851    0.4237    0.0361
         MRK421 080501 57757.34411 24100.0  36.5171    0.4417    0.0558
     PG1553+113 083331 57757.36579 24100.0  55.8768    0.2102    0.0317
          3C66A 182217 57777.77185 24100.0  77.1656    0.6357    0.0281
       0235+164 183753 57777.78266 24100.0  58.4335    1.4541    0.0409
       0336-019 184954 57777.79100 24100.0  43.4926    2.0919    0.0521
       0323+342 190225 57777.79970 24100.0  76.0399    0.3232    0.0312
       0440-003 192728 57777.81710 24100.0  45.2001    0.7874    0.0422
       0528+134 195753 57777.83821 24100.0  58.6846    1.1459    0.0478
       0735+178 201020 57777.84685 24100.0  50.8734    0.7507    0.0313
       0736+017 202302 57777.85568 24100.0  39.0081    1.9157    0.0614
       0829+046 203445 57777.86381 24100.0  36.0255    1.5532    0.0519
       1156+295 205915 57777.88084 24100.0  21.9038    2.0764    0.0808
       0716+714 212355 57777.89805 24100.0  62.5777    1.0595    0.0499
       0836+710 213545 57777.90627 24100.0  60.1605    1.7012    0.1583
       0954+658 214737 57777.91447 24100.0  57.9013    1.1331    0.0514
       1219+285 222223 57777.93857 24100.0  31.8422    0.3434    0.0667
       0716+714 223530 57777.94274 24100.0  63.1047    1.1431    0.0746
       1354+195 090842 57778.38739 24100.0  30.0286    1.4139    0.0672
       1510-089 092050 57778.39583 24100.0  19.6469    4.3183    0.1671
       1606+105 095426 57778.41915 24100.0  38.5571    0.8362    0.0532
       1611+343 100622 57778.42746 24100.0  52.9437    4.3622    0.0652
       1633+382 101759 57778.43551 24100.0  56.5590    2.4107    0.0426
          3C345 102934 57778.44356 24100.0  56.5587    4.9750    0.0713
         MRK501 103919 57778.45127 24100.0  56.4952    1.0195    0.0393
       1730-130 111113 57778.47247 24100.0  20.3851    3.4327    0.1688
       1741-038 112254 57778.48059 24100.0  28.0803    5.0914    0.1077
          3C380 113537 57778.48943 24100.0  65.7041    2.6485    0.0517
       1807+698 114828 57778.49843 24100.0  56.5825    1.1599    0.0369
        3C454.3 123218 57778.52878 24100.0  58.3725   22.3571    0.3382
       2230+114 124354 57778.53685 24100.0  56.4886    3.5693    0.0623
       2223-052 125550 57778.54513 24100.0  40.4947    2.9044    0.0618
       2344+092 130754 57778.55350 24100.0  50.6422    0.9435    0.0374
       0235+164 174432 57778.74561 24100.0  61.8124    1.6101    0.0380
       0336-019 175634 57778.75395 24100.0  43.3461    2.2920    0.0527
       0323+342 184404 57778.78696 24100.0  77.7487    0.4021    0.0325
        NRAO150 204531 57778.87132 24100.0  68.7886    7.9980    0.3653
       0420-014 205843 57778.88045 24100.0  37.9037    1.0791    0.0677
       0528+134 214014 57778.90931 24100.0  54.0947    1.1155    0.0707
       0736+017 220445 57778.92632 24100.0  46.8594    1.7909    0.1131
       0829+046 221632 57778.93450 24100.0  47.8556    1.6728    0.0840
         MRK421 222931 57778.94353 24100.0  52.6830    0.4319    0.0373
       1156+295 224123 57778.95176 24100.0  40.3966    2.2287    0.0615
       0716+714 230618 57778.96916 24100.0  62.2752    0.9477    0.0400
       0836+710 231809 57778.97739 24100.0  63.6684    1.6264    0.0432
       0954+658 233006 57778.98566 24100.0  66.7558    0.9509    0.0369
          3C273 001626 57779.01589 24100.0  32.0153   16.2099    0.2723
          3C279 002551 57779.02242 24100.0  23.0807   13.5897    0.2639
       1334-127 003454 57779.03059 24100.0  12.9642    3.3616    0.1121
       1354+195 004703 57779.03902 24100.0  35.7387    1.3780    0.0432
       1606+105 012032 57779.06230 24100.0  12.3550    0.6956    0.0992
       1611+343 013225 57779.07054 24100.0  29.0099    4.1495    0.0930
       1633+382 014400 57779.07858 24100.0  29.6845    2.1377    0.0496
          3C345 015539 57779.08668 24100.0  31.2770    4.6415    0.0777
          3C380 023718 57779.11560 24100.0  27.0937    2.1490    0.0687
       1807+698 024912 57779.12393 24100.0  41.1301    1.3143    0.1580
          3C273 032544 57779.14734 24100.0  47.3696   17.2630    0.1831
          3C279 033442 57779.15357 24100.0  39.5717   14.7619    0.1589
       1334-127 034339 57779.16165 24100.0  31.8240    3.5061    0.0740
       1354+195 035601 57779.17025 24100.0  63.1044    1.5297    0.0368
       1510-089 040831 57779.17893 24100.0  31.0993    4.7050    0.0848
     PG1553+113 043116 57779.19474 24100.0  46.8860    0.1722    0.0476
       1606+105 044251 57779.20278 24100.0  46.1057    0.8456    0.0381
       1611+343 045451 57779.21113 24100.0  64.5324    4.2614    0.0695
       1633+382 050631 57779.21921 24100.0  64.7042    2.3398    0.0459
          3C345 051806 57779.22727 24100.0  66.0737    4.9515    0.0773
         MRK501 052752 57779.23499 24100.0  66.1057    0.9637    0.0275
       1730-130 060009 57779.25645 24100.0  24.6852    3.7997    0.0809
       1741-038 061146 57779.26453 24100.0  33.0180    5.3472    0.0956
          3C380 062441 57779.27350 24100.0  61.3675    2.6345    0.0396
          BLLAC 070101 57779.29874 24100.0  30.5962    2.8513    0.0659
          3C66A 125954 57811.54796 24100.0  68.7076    0.6012    0.0360
       0235+164 131209 57811.55646 24100.0  52.1858    1.3880    0.0396
       0336-019 132421 57811.56493 24100.0  30.2259    1.5384    0.0605
        NRAO150 133708 57811.57382 24100.0  59.8460    6.9277    0.0984
       0420-014 135003 57811.58278 24100.0  27.9886    0.9093    0.0691
       0440-003 140144 57811.59089 24100.0  27.6680    0.6657    0.0615
       0528+134 143122 57811.61147 24100.0  35.0792    0.8573    0.0480
       0716+714 145653 57811.62928 24100.0  46.1848    0.8062    0.0406
       0836+710 150848 57811.63755 24100.0  40.7709    1.2620    0.0638
       0716+714 170605 57811.71901 24100.0  56.2167    0.8467    0.0411
       0836+710 171750 57811.72716 24100.0  51.2160    1.4122    0.0402
       0954+658 172937 57811.73532 24100.0  45.1277    0.9968    0.0858
          3C273 010812 57812.05184 24100.0  47.4247   16.1047    0.2631
       1334-127 012608 57812.06618 24100.0  31.5419    3.3552    0.0953
       1354+195 013832 57812.07479 24100.0  62.5056    1.4615    0.0398
       1510-089 015102 57812.08346 24100.0  30.3505    4.4442    0.0809
       1611+343 023717 57812.11558 24100.0  63.1548    4.2153    0.0993
       1633+382 024855 57812.12366 24100.0  63.2969    2.2410    0.1047
          3C345 030031 57812.13172 24100.0  64.6653    5.4417    0.1165
       1741-038 035407 57812.16895 24100.0  32.0597    4.3419    0.1400
       0528+134 171321 57836.72396 24100.0  57.4822    1.1727    0.0502
       0735+178 172558 57836.73272 24100.0  59.5556    0.7336    0.0393
       0736+017 173753 57836.74099 24100.0  45.2113    1.5904    0.0566
       0829+046 174939 57836.74916 24100.0  44.4910    1.7122    0.0604
       1156+295 181422 57836.76635 24100.0  33.4804    1.9923    0.0746
       0716+714 183903 57836.78358 24100.0  63.0964    1.3993    0.0628
       0836+710 185055 57836.79180 24100.0  63.0291    1.7828    0.0719
       0954+658 190252 57836.80007 24100.0  63.9988    1.3346    0.0625
          3C66A 194958 57836.83273 24100.0  24.0861    0.2458    0.0718
        NRAO150 200253 57836.84170 24100.0  40.3431    7.9951    0.2842
          3C273 022319 57837.10400 24100.0  32.3052   13.8344    0.4592
          3C279 023216 57837.11022 24100.0  28.2757   12.8356    0.4152
       1334-127 024156 57837.11880 24100.0  25.3401    3.1129    0.1252
       1354+195 025420 57837.12742 24100.0  54.0691    1.3174    0.0585
       1510-089 030635 57837.13593 24100.0  34.6647    4.0532    0.1496
       1606+105 035746 57837.17147 24100.0  53.9266    0.8479    0.0478
       1611+343 040953 57837.17988 24100.0  74.1902    4.3640    0.1478
       1633+382 043103 57837.19459 24100.0  76.7681    2.4356    0.0882
          3C345 044246 57837.20273 24100.0  76.9349    5.4011    0.1794
         MRK501 045234 57837.21047 24100.0  76.8622    0.8897    0.0404
       1730-130 053405 57837.23836 24100.0  30.4125    3.5949    0.1063
       1741-038 054548 57837.24649 24100.0  39.3040    5.1299    0.1219
       1807+698 060320 57837.25874 24100.0  63.4808    1.0894    0.0442
          BLLAC 062837 57837.27624 24100.0  63.2875    2.1481    0.0571
        3C454.3 064700 57837.28899 24100.0  42.7235   19.6691    0.4493
       2230+114 065836 57837.29705 24100.0  44.5362    2.7152    0.0732
       2223-052 071027 57837.30527 24100.0  32.7633    2.4310    0.0801
       2344+092 072226 57837.31360 24100.0  35.0088    0.7702    0.0538
          3C66A 152138 57837.64639 24100.0  67.3215    0.6376    0.0710
       0235+164 153404 57837.65502 24100.0  52.0229    1.4542    0.0615
       0336-019 154607 57837.66337 24100.0  40.8778    1.8277    0.1023
        NRAO150 155942 57837.67283 24100.0  77.0010    7.5307    0.1735
       0420-014 161326 57837.68236 24100.0  42.3880    0.9473    0.1242
       0440-003 162503 57837.69041 24100.0  43.8341    0.6593    0.1325
          3C66A 093120 57920.40312 24100.0  71.5910    0.7275    0.0630
       0235+164 094352 57920.41181 24100.0  55.2422    1.6091    0.0891
       0336-019 095554 57920.42018 24100.0  42.4146    2.1893    0.1159
       0420-014 102911 57920.44329 24100.0  43.3225    0.9413    0.0808
       0440-003 104047 57920.45135 24100.0  44.6468    0.7483    0.0780
       0528+134 114150 57920.49374 24100.0  57.5686    1.2221    0.0842
       0735+178 115427 57920.50250 24100.0  59.4419    0.6543    0.0707
       0736+017 120621 57920.51075 24100.0  45.1418    2.0120    0.1215
       0829+046 121806 57920.51892 24100.0  44.3676    1.6696    0.1022
       1156+295 124250 57920.53610 24100.0  33.2612    2.1104    0.1350
       0716+714 130905 57920.55443 24100.0  63.1037    4.0401    0.2028
       0836+710 132057 57920.56266 24100.0  63.0478    1.6938    0.1108
       0954+658 133254 57920.57093 24100.0  64.0327    0.8067    0.0799
        NRAO150 134615 57920.58016 24100.0  47.1683    7.3149    0.3512
       0440-003 141711 57920.60163 24100.0  19.1555    0.6701    0.1526
          3C273 201754 57920.85024 24100.0  37.1990   13.0424    0.5092
          3C279 202651 57920.85646 24100.0  32.4595   12.0502    0.4682
       1334-127 203551 57920.86459 24100.0  28.6153    3.1103    0.1565
       1354+195 204818 57920.87323 24100.0  58.8971    1.4579    0.0925
       1510-089 210031 57920.88170 24100.0  36.0578    3.3034    0.1586
       1606+105 213505 57920.90573 24100.0  55.9196    0.7433    0.0640
       1611+343 221105 57920.93073 24100.0  77.8084    4.7783    0.3193
       1730-130 224731 57920.95601 24100.0  32.3458    3.8883    0.2885
       1741-038 225912 57920.96414 24100.0  41.5969    5.3556    0.3581
       1807+698 002854 57921.02651 24100.0  63.6336    1.2572    0.0687
          BLLAC 005411 57921.04399 24100.0  62.5485    3.4237    0.1321
        3C454.3 010623 57921.05247 24100.0  41.0006   18.3526    0.6502
       2230+114 011801 57921.06053 24100.0  42.9914    2.5678    0.1186
       2223-052 012951 57921.06876 24100.0  31.5654    2.3422    0.1306
       2344+092 014151 57921.07708 24100.0  33.3118    0.8653    0.0911
          3C273 190512 57946.79974 24100.0  33.1421   13.3110    0.4694
          3C279 191407 57946.80594 24100.0  29.0094   12.7143    0.4747
       1334-127 192306 57946.81405 24100.0  25.9945    3.5669    0.1632
       1354+195 193531 57946.82268 24100.0  55.0036    1.2735    0.0719
       1510-089 194745 57946.83118 24100.0  35.0088    3.5013    0.1360
     PG1553+113 201037 57946.84706 24100.0  55.8750    0.1986    0.0581
       1606+105 202213 57946.85512 24100.0  55.2584    0.7703    0.0598
       1611+343 203538 57946.86444 24100.0  77.0775    4.3494    0.1249
       1730-130 211715 57946.89335 24100.0  32.3958    4.3857    0.1478
       1741-038 212858 57946.90146 24100.0  41.6415    5.1623    0.1493
       1807+698 214417 57946.91219 24100.0  64.6857    1.1617    0.0547
          BLLAC 220911 57946.92940 24100.0  51.6167    3.3469    0.1025
        3C454.3 222122 57946.93787 24100.0  30.0908   17.5815    0.4984
       2230+114 223258 57946.94592 24100.0  32.7694    2.5348    0.1182
       2223-052 224445 57946.95410 24100.0  23.0415    2.2672    0.1350
       FLAGGED 1354+195 234410 57946.99536 24100.0  12.3682    0.8676    0.5763
       1606+105 002318 57947.02253 24100.0  22.7060    0.5381    0.1024
       1611+343 003513 57947.03081 24100.0  36.4779    4.0989    0.1488
       1633+382 004649 57947.03888 24100.0  40.2494    2.4490    0.1059
          3C345 005825 57947.04692 24100.0  40.4256    5.4081    0.1830
         MRK501 010810 57947.05464 24100.0  40.3601    0.8331    0.0645
          3C66A 071439 57947.30821 24100.0  77.0435    0.8235    0.0576
       0235+164 072722 57947.31702 24100.0  58.6566    1.4454    0.0681
       0336-019 073924 57947.32540 24100.0  43.5607    2.2733    0.0962
       0323+342 075158 57947.33411 24100.0  76.3078    0.3466    0.0611
           3C84 080914 57947.34235 24100.0  78.0272   29.3930    0.8540
       0420-014 081856 57947.35284 24100.0  44.0551    1.0017    0.0733
       0440-003 083037 57947.36096 24100.0  45.1895    0.8709    0.0814
       0528+134 090335 57947.38385 24100.0  58.9914    1.2690    0.0775
       0736+017 092813 57947.40094 24100.0  40.5783    1.9075    0.0977
       0829+046 093956 57947.40909 24100.0  37.9773    1.6826    0.0913
         MRK421 095236 57947.41789 24100.0  36.7010    0.3959    0.0900
       1156+295 100429 57947.42613 24100.0  24.2260    2.2476    0.1333
       0716+714 102850 57947.44313 24100.0  62.8956    4.1044    0.2238
       0836+710 104038 57947.45132 24100.0  60.9013    1.9001    0.1164
       0954+658 105231 57947.45954 24100.0  59.2103    0.8051    0.0816
           3C84 123130 57947.52447 24100.0  32.8659   23.1330    1.2304
        NRAO150 123750 57947.53265 24100.0  41.6005    6.7482    0.3595
        FLAGGED NRAO150 145651 57965.62920 24100.0  15.8871    3.7478    0.2807
      S40444+63 100731 57966.42640 24100.0  59.5824    0.8791    0.0768
      S40444+63 101437 57966.43133 24100.0  58.8264    0.8939    0.0848
      S40444+63 102143 57966.43625 24100.0  58.0643    0.8883    0.0756
      S40444+63 102847 57966.44116 24100.0  57.2964    0.9378    0.0714
          3C66A 061832 57981.26925 24100.0  63.2769    0.7998    0.0599
       0235+164 063052 57981.27779 24100.0  48.6516    1.2277    0.0730
       0336-019 064254 57981.28615 24100.0  38.9497    2.3240    0.0931
           3C84 070654 57981.29905 24100.0  65.3221   29.8255    0.8473
        NRAO150 071324 57981.30736 24100.0  70.9925    7.3061    0.2164
       0420-014 072644 57981.31657 24100.0  39.3176    1.0830    0.0754
       0440-003 073819 57981.32463 24100.0  41.0025    0.8805    0.0652
       0528+134 080629 57981.34418 24100.0  55.6747    1.3396    0.0743
       0735+178 081906 57981.35295 24100.0  61.5533    0.7264    0.0611
       0736+017 083101 57981.36123 24100.0  46.4178    2.0644    0.0884
       0829+046 084249 57981.36942 24100.0  46.7015    1.7038    0.0811
       1156+295 090736 57981.38664 24100.0  37.6380    3.0231    0.1753
       0716+714 093227 57981.40397 24100.0  62.7209    5.9512    0.3471
       0836+710 094417 57981.41221 24100.0  63.5347    2.0403    0.1499
           3C84 110645 57981.46562 24100.0  25.4070   22.8639    1.3987
        NRAO150 111307 57981.47381 24100.0  34.7146    6.5368    0.3941
          3C273 162204 57981.68647 24100.0  36.6886   12.9636    0.7043
          3C279 163100 57981.69266 24100.0  32.0363   12.7307    0.7016
       1334-127 163959 57981.70077 24100.0  28.3095    3.1431    0.1976
       1354+195 165223 57981.70939 24100.0  58.4268    1.4022    0.1110
       1510-089 170437 57981.71790 24100.0  35.9755    2.6524    0.1857
       1606+105 173913 57981.74192 24100.0  55.9161    0.7708    0.0769
       1611+343 181805 57981.76892 24100.0  77.0789    4.4722    0.1400
           SgrA 185315 57981.78957 24100.0  16.2927   14.6437    0.6103
       1730-130 185947 57981.79786 24100.0  32.3982    3.8105    0.1505
       1741-038 191128 57981.80598 24100.0  41.6446    4.7958    0.1561
       1807+698 192649 57981.81672 24100.0  64.6908    1.2821    0.0593
          BLLAC 195139 57981.83390 24100.0  51.6375    2.7475    0.1001
        3C454.3 200351 57981.84235 24100.0  30.1049   16.7216    0.5424
       2230+114 201527 57981.85043 24100.0  32.7876    2.5175    0.1126
       2223-052 202715 57981.85862 24100.0  23.0594    2.0442    0.1138
       2344+092 203912 57981.86691 24100.0  22.4878    0.5531    0.1570
       1354+195 212639 57981.89984 24100.0  12.3586    1.3899    0.1743
       0528+134 043747 58013.19928 24100.0  58.9018    1.2475    0.0626
       0735+178 045018 58013.20795 24100.0  52.0715    0.6879    0.0573
       0736+017 050209 58013.21618 24100.0  39.8504    1.9762    0.0902
       0829+046 051352 58013.22432 24100.0  37.0603    1.4617    0.0809
       1156+295 053825 58013.24137 24100.0  23.1195    2.2409    0.1145
       1219+285 055000 58013.24943 24100.0  20.7284    0.1467    0.0884
       0716+714 060249 58013.25839 24100.0  62.7702    2.9175    0.0976
       0836+710 061436 58013.26659 24100.0  60.5622    1.9187    0.0709
       0954+658 062630 58013.27481 24100.0  58.5942    0.8906    0.0629
          3C345 134735 58013.58107 24100.0  64.9189    7.6693    0.5686
       1730-130 165229 58013.70947 24100.0  32.4089    4.5831    0.3044
       1741-038 170412 58013.71760 24100.0  41.6560    4.2608    0.1391
       1807+698 171932 58013.72832 24100.0  64.6938    1.2993    0.0649
          BLLAC 174422 58013.74550 24100.0  51.3918    2.3664    0.1479
        3C454.3 175635 58013.75398 24100.0  29.8567   15.0264    0.4941
       2230+114 180810 58013.76202 24100.0  32.5387    2.9714    0.1719
       0440-003 051923 58042.22814 24100.0  28.4742    0.6984    0.0594
       0528+134 054732 58042.24770 24100.0  42.3804    1.2025    0.0494
       0735+178 055946 58042.25620 24100.0  60.7220    0.6476    0.0353
       0736+017 061140 58042.26445 24100.0  44.6155    1.7463    0.0563
       0829+046 062326 58042.27263 24100.0  49.5300    1.7616    0.0526
         MRK421 063649 58042.28193 24100.0  67.8995    0.3793    0.0313
       1156+295 064842 58042.29018 24100.0  55.5718    2.9359    0.0769
       1219+285 070016 58042.29822 24100.0  53.1322    0.2208    0.0382
       0716+714 071414 58042.30800 24100.0  58.0635    1.8525    0.0564
       0836+710 072559 58042.31615 24100.0  62.0467    2.0217    0.0581
       0954+658 073747 58042.32431 24100.0  68.9916    0.7900    0.0378
          3C273 122043 58042.51885 24100.0  36.8914   14.5489    0.3373
          3C279 122937 58042.52505 24100.0  32.2090   15.4491    0.3463
       1334-127 123837 58042.53318 24100.0  28.4439    4.3219    0.1142
       1354+195 125105 58042.54183 24100.0  58.6119    1.3071    0.0419
       1510-089 130319 58042.55032 24100.0  36.0180    2.6611    0.0709
     PG1553+113 132619 58042.56630 24100.0  56.5977    0.2070    0.0369
       1606+105 133755 58042.57434 24100.0  55.9243    1.2457    0.0408
       0235+164 234054 58042.99309 24100.0  61.8450    1.2232    0.0447
       0336-019 235300 58043.00148 24100.0  41.2578    2.2526    0.0510
       0323+342 000531 58043.01020 24100.0  76.9113    0.4229    0.0372
        NRAO150 001842 58043.01937 24100.0  77.4652    7.3057    0.1558
       0420-014 003212 58043.02871 24100.0  41.3311    0.9829    0.0509
       0440-003 004347 58043.03676 24100.0  41.7070    0.7803    0.0410
       0528+134 011137 58043.05609 24100.0  52.1842    1.2570    0.0428
       0735+178 012348 58043.06455 24100.0  37.5818    0.6149    0.0456
       0736+017 013536 58043.07274 24100.0  27.5609    1.5338    0.0643
       0829+046 014715 58043.08082 24100.0  22.9992    1.4608    0.0755
       0716+714 021232 58043.09848 24100.0  57.5026    1.9200    0.0550
       0836+710 022417 58043.10663 24100.0  52.7379    2.0886    0.0601
       0954+658 023602 58043.11477 24100.0  47.0541    0.8282    0.0449
          3C66A 032028 58043.14558 24100.0  51.8855    0.9102    0.0445
       0235+164 033235 58043.15398 24100.0  37.8456    1.1231    0.0645
       0336-019 034434 58043.16229 24100.0  31.2920    2.0556    0.0755
       0323+342 035645 58043.17076 24100.0  52.5313    0.4279    0.0400
           3C84 040823 58043.17509 24100.0  53.8231   28.4717    0.7517
        NRAO150 041442 58043.18324 24100.0  60.7639    7.6694    0.2049
       0420-014 042736 58043.19219 24100.0  31.7208    0.8729    0.0592
       0440-003 043913 58043.20026 24100.0  33.6392    0.7532    0.0520
       0528+134 050723 58043.21982 24100.0  47.8835    1.2564    0.0522
       0735+178 051948 58043.22608 24100.0  63.0333    0.7088    0.0474
       1611+343 144550 58042.62151 22664.0  73.3379    4.4187    0.0610
       1633+382 145752 58042.62987 22664.0  77.3118    2.3066    0.0383
          3C345 151103 58042.63904 22664.0  77.2540    6.5735    0.0787
         MRK501 152052 58042.64679 22664.0  77.1810    0.8933    0.0332
           SgrA 155226 58042.66400 22664.0  15.9997   19.0816    0.5706
       1730-130 155854 58042.67226 22664.0  30.7214    4.6245    0.0793
       1741-038 161037 58042.68040 22664.0  39.6626    4.5468    0.0692
       1807+698 162525 58042.69074 22664.0  63.7676    1.3386    0.0348
          BLLAC 165039 58042.70821 22664.0  61.8849    2.2810    0.0385
        3C454.3 170902 58042.72096 22664.0  41.4032   15.8539    0.2214
       2230+114 172037 58042.72901 22664.0  43.3526    3.3404    0.0604
       2223-052 173228 58042.73724 22664.0  31.8530    2.8336    0.0619
       2344+092 174429 58042.74558 22664.0  33.7100    0.8697    0.0414
         MRK421 024848 57757.12186  8520.0  81.5755    0.5190    0.0268 
         MRK421 035328 57757.17002  8520.0  80.0893    0.5258    0.0156 
         MRK421 040527 57757.17827  8520.0  78.3015    0.5505    0.0260 
         MRK421 041718 57757.18631  8520.0  76.4363    0.5230    0.0192 
         MRK421 042857 57757.19431  8520.0  74.5024    0.5242    0.0183 
         MRK421 044412 57757.20490  8520.0  71.8724    0.5132    0.0238 
         MRK421 045540 57757.21286  8520.0  69.8628    0.5211    0.0182 
         MRK421 050707 57757.22082  8520.0  67.8359    0.5311    0.0234 
         MRK421 051835 57757.22877  8520.0  65.7977    0.5151    0.0484 
     PG1553+113 054232 57757.24731  8520.0  45.2809    0.1856    0.0136 
     PG1553+113 055643 57757.25715  8520.0  47.2340    0.1914    0.0132 
     PG1553+113 061247 57757.26590  8520.0  49.2820    0.2264    0.0160 
         MRK421 091557 57757.39362  8520.0  25.1462    0.5530    0.0199 
         MRK421 092724 57757.40157  8520.0  23.3811    0.5490    0.0187 
         MRK421 093852 57757.40953  8520.0  21.6433    0.5688    0.0210 
         MRK421 095019 57757.41747  8520.0  19.9393    0.5344    0.0219 
         MRK421 100356 57757.42692  8520.0  17.9620    0.5109    0.0233 
         MRK421 101522 57757.43487  8520.0  16.3295    0.5936    0.0365 
         MRK421 102649 57757.44283  8520.0  14.7317    0.5365    0.0356 
         MRK421 103817 57757.45079  8520.0  13.1726    0.5222    0.0223 
     PG1553+113 110033 57757.46814  8520.0  39.0697    0.1902    0.0110 
     PG1553+113 111443 57757.47798  8520.0  36.7732    0.2013    0.0166 
     PG1553+113 090602 57776.38863  8520.0  45.1035    0.2315    0.0229 
       1606+105 092817 57776.39537  8520.0  44.9973    0.8576    0.0469 
     PG1553+113 092956 57776.40522  8520.0  41.5562    0.2398    0.0171 
       0735+178 010510 57778.04792  8520.0  48.2055    0.8181    0.0213 
       0736+017 011141 57778.05244  8520.0  34.5795    1.1557    0.0239 
       0827+243 011838 57778.05727  8520.0  59.1225    0.7762    0.0241 
       0829+046 012516 57778.06188  8520.0  42.0546    0.9829    0.0203 
          3C207 013141 57778.06633  8520.0  49.8787    1.5270    0.0203 
          OJ287 013802 57778.07074  8520.0  56.6046    6.5076    0.0284 
       1156+295 015406 57778.08191  8520.0  70.6874    2.0503    0.0197 
       1219+285 020026 57778.08630  8520.0  67.8725    0.4838    0.0424 
       0716+714 021745 57778.09843  8520.0  51.1908    0.8801    0.0567 
       0836+710 022423 57778.10304  8520.0  56.8520    2.4863    0.0273 
       0954+658 023102 57778.10763  8520.0  65.1908    0.8256    0.0245 
       1354+195 024019 57778.11399  8520.0  53.0168    1.9405    0.0224 
          3C273 024717 57778.11882  8520.0  46.7387   25.3845    0.0729 
          3C279 025341 57778.12327  8520.0  38.0673   16.4142    0.0485 
       1334-127 030006 57778.12773  8520.0  28.8562    3.3690    0.0259 
       1510-089 030643 57778.13233  8520.0  22.8078    5.8914    0.0290 
       1606+105 031938 57778.14130  8520.0  31.5918    0.9220    0.0297 
       0735+178 034215 57778.15701  8520.0  20.9262    0.8893    0.0354 
       0827+243 034851 57778.16159  8520.0  33.3282    0.8077    0.0290 
       0829+046 035524 57778.16614  8520.0  18.9469    0.9709    0.0406 
          3C207 040146 57778.17055  8520.0  25.5382    1.5842    0.0609 
          OJ287 040806 57778.17496  8520.0  31.5377    6.7570    0.0390 
         MRK421 042422 57778.18626  8520.0  61.9891    0.5703    0.0221 
       1156+295 043109 57778.19097  8520.0  65.1667    2.1142    0.0389 
       1219+285 043730 57778.19538  8520.0  66.7304    0.4586    0.0418 
       0716+714 045327 57778.20656  8520.0  38.9907    0.9976    0.0310 
       0836+710 050003 57778.21113  8520.0  44.4500    2.5626    0.0308 
       0954+658 050636 57778.21566  8520.0  50.4533    0.8543    0.0233 
       1354+195 051538 57778.22186  8520.0  64.1502    2.0868    0.0233 
          3C273 052232 57778.22664  8520.0  39.7972   26.2001    0.0658 
          3C279 052853 57778.23105  8520.0  34.8257   16.7473    0.0435 
       1334-127 053517 57778.23550  8520.0  30.5834    3.4585    0.0252 
       1510-089 054157 57778.24014  8520.0  36.0542    5.9612    0.0300 
     PG1553+113 054838 57778.24477  8520.0  54.2334    0.2260    0.0269 
       1606+105 055457 57778.24916  8520.0  53.0310    0.8603    0.0206 
          3C345 153242 57778.64942  8520.0  10.0314    5.2586    0.0546 
         MRK501 153546 57778.65447  8520.0  10.8033    1.1946    0.0303 
       1807+698 154540 57778.66048  8520.0  37.3634    1.4130    0.0219 
          3C380 155354 57778.66512  8520.0  27.3520    3.7700    0.0285 
          BLLAC 160105 57778.67107  8520.0  56.1859    2.6624    0.0211 
        3C454.3 161608 57778.68150  8520.0  47.2602   21.3556    0.0582 
       2223-052 162419 57778.68719  8520.0  25.0134    3.8596    0.0271 
       2230+114 163227 57778.69283  8520.0  37.9071    3.6565    0.0254 
       2344+092 164041 57778.69856  8520.0  45.9496    1.0878    0.0249 
       0235+164 165839 57778.71103  8520.0  61.4782    1.7965    0.0194 
       0735+178 212422 57811.89459  8520.0  59.7775    0.7875    0.0234 
       0736+017 213058 57811.89917  8520.0  44.2216    1.2751    0.0215 
       0827+243 213754 57811.90398  8520.0  68.8828    0.8029    0.0220 
       0829+046 214438 57811.90865  8520.0  49.2705    1.0188    0.0296 
          3C207 215101 57811.91310  8520.0  57.9671    1.4896    0.0222 
          OJ287 215722 57811.91751  8520.0  65.0763    7.1823    0.0276 
         MRK421 221254 57811.92830  8520.0  71.6732    0.5542    0.0257 
       1156+295 221932 57811.93290  8520.0  58.3777    2.3854    0.0248 
       1219+285 222552 57811.93730  8520.0  55.0722    0.4827    0.0257 
       0836+710 224733 57811.95246  8520.0  61.7818    2.4117    0.0254 
       0954+658 225408 57811.95700  8520.0  68.9545    0.8832    0.0173 
       1354+195 230236 57811.96280  8520.0  39.1136    1.9481    0.0242 
          3C273 230927 57811.96756  8520.0  39.9381   25.0672    0.0641 
          3C279 231554 57811.97203  8520.0  30.5979   15.7200    0.0469 
       1334-127 232223 57811.97654  8520.0  20.0811    3.3023    0.0317 
     PG1553+113 232928 57811.98146  8520.0  17.3987    0.2300    0.0317 
       1606+105 233547 57811.98584  8520.0  15.7234    0.7800    0.0400 
       0735+178 221234 57836.92806  8520.0  38.2756    0.8438    0.0347 
       0736+017 221904 57836.93257  8520.0  25.6013    1.3291    0.0394 
       0827+243 222601 57836.93740  8520.0  49.4208    0.8668    0.0395 
       0829+046 223236 57836.94197  8520.0  33.9228    1.1806    0.0318 
          3C207 223859 57836.94640  8520.0  41.0883    1.5692    0.0277 
          OJ287 224524 57836.95086  8520.0  47.3778    7.3142    0.0364 
         MRK421 230258 57836.96314  8520.0  77.5409    0.5296    0.0308 
       1156+295 231030 57836.96829  8520.0  74.5108    2.4861    0.0296 
       1219+285 231659 57836.97279  8520.0  73.5750    0.4742    0.0352 
       0716+714 233337 57836.98445  8520.0  45.7571    0.7069    0.0369 
       0836+710 234013 57836.98904  8520.0  51.6390    2.5485    0.0359 
       0954+658 234651 57836.99361  8520.0  59.3658    1.0044    0.0326 
       1354+195 235649 57837.00045  8520.0  61.6671    2.0422    0.0286 
          3C273 000346 57837.00528  8520.0  46.7944   26.1585    0.0808 
          3C279 001006 57837.00967  8520.0  39.5142   15.7804    0.0588 
       1334-127 001627 57837.01409  8520.0  32.2119    3.5082    0.0379 
       1510-089 002309 57837.01873  8520.0  30.7735    5.7904    0.0358 
     PG1553+113 002945 57837.02332  8520.0  44.1189    0.2189    0.0344 
       1606+105 003604 57837.02771  8520.0  42.5717    0.9297    0.0317 
       1741-038 092815 57837.39752  8520.0  10.0317    4.0146    0.0679 
       1611+343 095335 57837.41586  8520.0  16.6578    5.0126    0.0387 
       1633+382 100119 57837.42123  8520.0  21.3603    2.3510    0.0353 
          3C345 100903 57837.42564  8520.0  22.6472    5.3229    0.0437 
         MRK501 101332 57837.43069  8520.0  23.1488    1.2519    0.0296 
       1807+698 102316 57837.43660  8520.0  44.7123    1.3735    0.0328 
          3C380 103137 57837.44131  8520.0  40.0685    3.7317    0.0340 
          BLLAC 103854 57837.44734  8520.0  72.1406    2.1080    0.0238 
        3C454.3 105426 57837.45811  8520.0  58.7851   20.6104    0.0616 
       2223-052 110240 57837.46380  8520.0  35.8533    3.6436    0.0286 
       2230+114 111041 57837.46938  8520.0  50.8741    3.4452    0.0287 
       2344+092 111849 57837.47503  8520.0  54.3012    0.9992    0.0342 
       0235+164 114440 57837.49298  8520.0  53.5707    1.5987    0.0239 
       0336-019 115257 57837.49873  8520.0  31.0823    2.0536    0.0262 
       0323+342 120125 57837.50462  8520.0  61.0777    0.3783    0.0204 
        NRAO150 120944 57837.51043  8520.0  61.3724   10.0641    0.0379 
       0420-014 121835 57837.51653  8520.0  28.8782    1.2544    0.0319 
       0440-003 122617 57837.52188  8520.0  27.9846    1.4285    0.0293 
       0528+134 123413 57837.52739  8520.0  31.6817    0.9860    0.0296 
       1611+343 070338 57875.29783  8520.0  19.8390    5.3345    0.0341 
       1633+382 071122 57875.30321  8520.0  24.5041    2.4440    0.0294 
          3C345 071907 57875.30762  8520.0  25.7494    5.4553    0.0343 
         MRK501 072334 57875.31266  8520.0  26.2720    1.3961    0.0372 
       1807+698 073315 57875.31853  8520.0  46.4940    1.5962    0.0572 
          BLLAC 074853 57875.32927  8520.0  75.8295    1.7903    0.0206 
        3C454.3 080434 57875.34014  8520.0  60.3705   21.0151    0.0541 
       2223-052 081249 57875.34587  8520.0  37.5824    3.8707    0.0301 
       2230+114 082051 57875.35145  8520.0  53.1020    3.5639    0.0234 
       2344+092 082900 57875.35711  8520.0  54.9640    1.0349    0.0226 
          3C66A 084618 57875.36914  8520.0  67.4801    0.7389    0.0327 
       0336-019 090258 57875.38069  8520.0  28.1728    2.1243    0.0269 
       0323+342 091124 57875.38656  8520.0  57.4587    0.2899    0.0383 
        NRAO150 091938 57875.39231  8520.0  58.1286   10.3471    0.0326 
       0420-014 092825 57875.39837  8520.0  25.7777    1.2503    0.0214 
       0440-003 093607 57875.40372  8520.0  24.7767    1.4471    0.0288 
       0528+134 094403 57875.40921  8520.0  28.0396    0.9706    0.0356 
       0735+178 185736 57875.79266  8520.0  45.3368    0.8071    0.0249 
       0736+017 190406 57875.79718  8520.0  32.0366    1.5627    0.0303 
       0827+243 191103 57875.80201  8520.0  56.3604    0.9326    0.0261 
       0829+046 191740 57875.80659  8520.0  39.8260    1.2463    0.0316 
          OJ287 193025 57875.81545  8520.0  54.0226    5.9057    0.0284 
       1156+295 194622 57875.82654  8520.0  72.5758    2.3640    0.0221 
       1219+285 195244 57875.83096  8520.0  70.0632    0.5107    0.0218 
       0716+714 200834 57875.84206  8520.0  49.9067    1.4613    0.0494 
       0836+710 201509 57875.84663  8520.0  55.6693    2.4894    0.0304 
       0954+658 202148 57875.85121  8520.0  63.9605    0.9166    0.0272 
       1354+195 203114 57875.85770  8520.0  55.3864    1.9277    0.0275 
          3C273 203814 57875.86254  8520.0  47.2336   24.8144    0.0697 
          3C279 204437 57875.86698  8520.0  38.8215   15.0908    0.0514 
       1334-127 205102 57875.87144  8520.0  29.9960    3.6322    0.0313 
       1510-089 205742 57875.87606  8520.0  24.9320    4.9174    0.0301 
     PG1553+113 210418 57875.88065  8520.0  35.9468    0.2033    0.0318 
       1606+105 211037 57875.88503  8520.0  34.3214    0.8639    0.0264 
         MRK501 061752 57920.26704  8520.0  10.7647    1.2979    0.0290 
       1807+698 062747 57920.27308  8520.0  37.3445    1.4440    0.0729 
          3C380 063601 57920.27770  8520.0  27.3225    3.8255    0.0474 
          BLLAC 064311 57920.28366  8520.0  56.1282    2.7246    0.0235 
        3C454.3 065817 57920.29411  8520.0  47.2071   21.1517    0.0688 
       2223-052 070629 57920.29979  8520.0  24.9710    4.0153    0.0338 
       2230+114 071426 57920.30532  8520.0  37.8787    3.7362    0.0239 
       2344+092 072223 57920.31084  8520.0  45.9665    1.1041    0.0256 
       0235+164 073934 57920.32278  8520.0  61.4533    1.7827    0.0243 
       0336-019 074747 57920.32849  8520.0  40.2288    2.2142    0.0319 
        NRAO150 080523 57920.34076  8520.0  74.2055    9.9575    0.0388 
       0420-014 081448 57920.34724  8520.0  39.1100    1.2232    0.0183 
       0440-003 082231 57920.35261  8520.0  38.8712    1.4563    0.0245 
       0528+134 083031 57920.35816  8520.0  45.3448    1.0698    0.0414 
       0736+017 165304 57920.70618  8520.0  24.9143    1.6532    0.0459 
       0827+243 170000 57920.71100  8520.0  48.6807    0.8690    0.0742 
       0829+046 170635 57920.71557  8520.0  33.2687    1.2597    0.0360 
          3C207 171259 57920.72001  8520.0  40.3956    1.5609    0.0334 
          OJ287 171919 57920.72442  8520.0  46.6719    6.5383    0.0431 
         MRK421 173653 57920.73662  8520.0  76.8957    0.4833    0.0331 
       1156+295 174417 57920.74175  8520.0  74.3928    2.8955    0.0339 
       1219+285 175046 57920.74625  8520.0  73.6144    0.5360    0.0233 
       0716+714 180728 57920.75796  8520.0  45.4271    1.9081    0.0437 
       0836+710 181404 57920.76254  8520.0  51.3004    2.4003    0.0284 
       1354+195 183041 57920.77398  8520.0  62.0531    1.8670    0.0233 
          3C273 183738 57920.77881  8520.0  46.6286   24.0587    0.1437 
          3C279 184359 57920.78320  8520.0  39.4580   14.6016    0.0902 
       1334-127 185021 57920.78764  8520.0  32.2897    3.5221    0.0335 
       1510-089 185702 57920.79227  8520.0  31.1653    4.3451    0.0365 
       1606+105 190959 57920.80127  8520.0  43.1907    0.8127    0.0240 
       0827+243 193150 57920.81644  8520.0  21.7803    0.8253    0.0796 
          3C207 193814 57920.82088  8520.0  15.0625    1.6072    0.0467 
          OJ287 194435 57920.82530  8520.0  21.0601    6.6749    0.0516 
       1730-130 023600 57921.11196  8520.0  14.6266    4.6464    0.0370 
       1741-038 024347 57921.11736  8520.0  22.4555    4.2037    0.0327 
       0736+017 161719 57946.68135  8520.0  13.6357    1.5619    0.0339 
       0827+243 162415 57946.68618  8520.0  36.9394    0.9911    0.0338 
       0829+046 163048 57946.69072  8520.0  22.4376    1.2826    0.0422 
          3C207 163710 57946.69513  8520.0  29.1049    1.6266    0.0381 
          OJ287 164330 57946.69954  8520.0  35.1317    6.9888    0.0580 
         MRK421 170018 57946.71122  8520.0  65.5026    0.5093    0.0263 
       1156+295 170711 57946.71599  8520.0  68.0765    3.2035    0.0284 
       1219+285 171334 57946.72042  8520.0  69.3238    0.4824    0.0241 
       0716+714 173001 57946.73196  8520.0  40.3958    1.8712    0.0395 
       0836+710 173636 57946.73652  8520.0  46.0019    2.6004    0.0428 
       0954+658 174310 57946.74105  8520.0  52.4347    0.8598    0.0281 
       1354+195 175224 57946.74739  8520.0  64.6857    1.8739    0.0262 
          3C273 175915 57946.75214  8520.0  41.8805   24.3779    0.0992 
          3C279 180536 57946.75655  8520.0  36.4200   14.8715    0.0637 
       1334-127 181200 57946.76099  8520.0  31.5099    3.8548    0.0288 
       1510-089 181841 57946.76564  8520.0  35.4741    4.2810    0.0308 
     PG1553+113 182520 57946.77025  8520.0  52.6008    0.2263    0.0330 
       1606+105 183139 57946.77464  8520.0  51.2902    0.8496    0.0277 
       1741-038 015203 57947.07950  8520.0  14.7901    4.2943    0.0373 
       1611+343 020706 57947.09191  8520.0  21.9648    5.1158    0.0329 
       1633+382 021451 57947.09729  8520.0  26.5961    2.2679    0.0244 
          3C345 022236 57947.10171  8520.0  27.8147    5.0332    0.0345 
         MRK501 022704 57947.10675  8520.0  28.3459    1.2319    0.0236 
       1807+698 023643 57947.11260  8520.0  47.6517    1.4124    0.0328 
          BLLAC 025225 57947.12341  8520.0  78.2062    2.9791    0.0308 
        3C454.3 030813 57947.13433  8520.0  61.0868   20.4344    0.0552 
       2223-052 031627 57947.14005  8520.0  38.5106    3.8926    0.0224 
       2230+114 032430 57947.14565  8520.0  54.3372    3.5290    0.0211 
       2344+092 033241 57947.15133  8520.0  55.0973    1.0276    0.0232 
       0336-019 040631 57947.17482  8520.0  26.1885    2.4340    0.0261 
       0323+342 041456 57947.18069  8520.0  55.0480    0.4320    0.0211 
           3C84 042242 57947.18511  8520.0  60.1472   37.1215    0.0895 
        NRAO150 042916 57947.19066  8520.0  56.9949   11.1837    0.0341 
       0420-014 043800 57947.19668  8520.0  24.6480    1.2328    0.0241 
       0440-003 044541 57947.20202  8520.0  23.6064    1.4906    0.0217 
       0528+134 045336 57947.20753  8520.0  26.7564    1.1163    0.0276 
       1807+698 052646 57947.23069  8520.0  34.0884    1.5012    0.0382 
          3C380 053457 57947.23530  8520.0  21.6627    3.8102    0.0306 
          BLLAC 054203 57947.24118  8520.0  48.4013    2.9527    0.0232 
        3C454.3 055658 57947.25153  8520.0  39.8635   20.7103    0.0678 
       2223-052 060509 57947.25720  8520.0  18.1363    3.8781    0.0316 
       2230+114 061305 57947.26272  8520.0  30.3137    3.5994    0.0264 
       2344+092 062059 57947.26822  8520.0  39.5501    1.0857    0.0250 
       0736+017 133702 57947.57005  8520.0  38.0400    1.6523    0.0265 
       0829+046 135040 57947.57951  8520.0  44.9547    1.2916    0.0241 
          3C207 135704 57947.58396  8520.0  53.1048    1.5155    0.0250 
          OJ287 140326 57947.58838  8520.0  60.0341    6.7559    0.0391 
         MRK421 141925 57947.59949  8520.0  81.4408    0.6684    0.0434 
       1156+295 142601 57947.60407  8520.0  68.1241    3.1962    0.0286 
       0716+714 144748 57947.61931  8520.0  52.8786    1.9523    0.0280 
       0836+710 145427 57947.62393  8520.0  58.3424    2.4735    0.0305 
       0954+658 150106 57947.62851  8520.0  66.6347    0.8486    0.0387 
       1354+195 151010 57947.63473  8520.0  49.6474    1.8777    0.0252 
          3C273 151707 57947.63955  8520.0  45.6391   23.7175    0.1096 
          3C279 152333 57947.64402  8520.0  36.6889   14.5705    0.0724 
       1334-127 153000 57947.64849  8520.0  27.0360    3.7433    0.0332 
       1510-089 153636 57947.65308  8520.0  19.7828    4.2509    0.0420 
     PG1553+113 154311 57947.65765  8520.0  29.5410    0.1881    0.0417 
       1606+105 154931 57947.66205  8520.0  27.8504    0.8140    0.0296 
      S40444+63 073703 57966.32111  8520.0  70.8380    0.7846    0.0324 
      S40444+63 074301 57966.32527  8520.0  70.7183    0.8376    0.0318 
      S40444+63 074900 57966.32868  8520.0  70.7940    0.7928    0.0459 
      S40444+63 113154 57966.48422  8520.0  50.6322    0.7746    0.0348 
      S40444+63 120038 57966.50417  8520.0  47.4323    0.7589    0.0372 
      S40444+63 120637 57966.50584  8520.0  46.9176    0.8706    0.0516 
       0736+017 123345 57981.52610  8520.0  28.0409    1.7233    0.0448 
       0827+243 124041 57981.53093  8520.0  52.0225    1.0468    0.0776 
       0829+046 124717 57981.53550  8520.0  36.1922    1.3443    0.0589 
          OJ287 130032 57981.54470  8520.0  49.8238    5.8993    0.0317 
       1156+295 132540 57981.56216  8520.0  74.6106    3.3492    0.0252 
       1219+285 133209 57981.56665  8520.0  73.1218    0.4835    0.0386 
       0716+714 134859 57981.57846  8520.0  46.9366    2.7254    0.0483 
       0836+710 135549 57981.58320  8520.0  52.7953    2.8598    0.0705 
       1354+195 141215 57981.59451  8520.0  60.2149    1.8659    0.0243 
          3C273 141914 57981.59935  8520.0  47.2486   23.2683    0.0821 
          3C279 143157 57981.60818  8520.0  39.6052   13.9070    0.0558 
       1334-127 143931 57981.61344  8520.0  32.0714    3.6263    0.0347 
       1510-089 144613 57981.61809  8520.0  30.1248    3.8094    0.0308 
       1606+105 145908 57981.62706  8520.0  41.5686    0.8974    0.0441 
       0735+178 152104 57981.64133  8520.0  10.0446    0.7331    0.0684 
          3C207 153240 57981.65035  8520.0  16.1008    1.4206    0.0512 
          OJ287 153901 57981.65476  8520.0  22.0961    5.5950    0.0451 
       1730-130 222037 57981.93462  8520.0  16.8419    4.6794    0.0379 
       1741-038 222827 57981.94005  8520.0  24.8095    4.2105    0.0274 
       1730-130 225822 57981.96083  8520.0  11.3328    4.5482    0.0620 
       1741-038 230609 57981.96623  8520.0  18.9712    4.2230    0.0634 
       1741-038 233550 57981.98684  8520.0  14.0860    4.1196    0.0473 
          3C345 012418 57982.06123  8520.0  16.2199    4.9221    0.0491 
         MRK501 012847 57982.06628  8520.0  16.6777    1.1966    0.0476 
       1807+698 013836 57982.07224  8520.0  40.9233    1.4935    0.0354 
          3C380 014652 57982.07690  8520.0  33.5041    3.6995    0.0380 
          BLLAC 015425 57982.08312  8520.0  64.0351    2.5925    0.0267 
        3C454.3 020941 57982.09369  8520.0  53.7221   21.0684    0.0484 
       1807+698 023259 57982.11002  8520.0  36.6697    1.5302    0.0636 
          3C380 024113 57982.11465  8520.0  26.1565    3.6849    0.0338 
          BLLAC 024822 57982.12058  8520.0  54.5862    2.6071    0.0203 
        3C454.3 030324 57982.13100  8520.0  45.8109   21.2038    0.0559 
       2223-052 031135 57982.13667  8520.0  23.6799    3.7721    0.0317 
       2230+114 031933 57982.14221  8520.0  36.4202    3.4671    0.0222 
       2344+092 032729 57982.14772  8520.0  44.7840    1.0328    0.0224 
       0235+164 034839 57982.16242  8520.0  61.9381    1.3985    0.0226 
       0336-019 035652 57982.16812  8520.0  41.2147    2.3265    0.0260 
       0323+342 040530 57982.17413  8520.0  76.3137    0.3804    0.0492 
        NRAO150 041656 57982.18213  8520.0  76.4942   10.7126    0.0346 
       0420-014 042632 57982.18872  8520.0  40.5238    1.2317    0.0226 
       0440-003 043414 57982.19406  8520.0  40.4506    1.4124    0.0331 
       0528+134 044213 57982.19960  8520.0  47.6403    1.0531    0.0208 
          BLLAC 234724 58012.99490  8520.0  64.9467    2.3823    0.0515 
        3C454.3 000239 58013.00547  8520.0  54.3981   21.9606    0.0751 
       2223-052 001052 58013.01118  8520.0  31.6112    3.8584    0.0870 
       2230+114 001852 58013.01674  8520.0  45.6192    3.4145    0.0737 
           3C84 011756 58013.05680  8520.0  73.4597   36.6437    0.0878 
        NRAO150 012445 58013.06253  8520.0  68.7911   10.9023    0.0331 
       0735+178 085312 58013.37294  8520.0  54.7882    0.8195    0.0385 
       0736+017 085945 58013.37749  8520.0  40.1506    1.6108    0.0257 
       0827+243 090642 58013.38233  8520.0  65.1429    1.0346    0.0225 
       0829+046 091325 58013.38699  8520.0  46.6091    1.2584    0.0243 
          3C207 091950 58013.39144  8520.0  54.9567    1.4476    0.0290 
          OJ287 092613 58013.39587  8520.0  62.0061    4.8103    0.0263 
         MRK421 094207 58013.40692  8520.0  78.9322    0.4803    0.0543 
       1156+295 094844 58013.41152  8520.0  65.5249    2.9996    0.0236 
       1219+285 095505 58013.41592  8520.0  62.3487    0.5080    0.0329 
       0716+714 101024 58013.42667  8520.0  54.2517    2.1477    0.0269 
       1354+195 103233 58013.44194  8520.0  46.6970    1.7721    0.0352 
          3C273 103929 58013.44675  8520.0  44.3471   22.3674    0.0645 
          3C279 104554 58013.45120  8520.0  35.2266   13.9178    0.0504 
       1334-127 105221 58013.45568  8520.0  25.2563    3.7653    0.0292 
       1510-089 105857 58013.46027  8520.0  17.1074    3.2272    0.0290 
       1730-130 203648 58013.86252  8520.0  13.6966    4.9931    0.0349 
       1741-038 204436 58013.86793  8520.0  21.4678    4.3178    0.0320 
      S40444+63 114644 58214.49585  4835.0  51.8329    0.8438    0.0632 
      S40444+63 121730 58214.51720  4835.0  54.8970    0.7457    0.0563 
      S40444+63 122524 58214.52269  4835.0  55.6420    0.8172    0.0650 
    TXS0506+056 123516 58214.53420  4835.0  44.6966    0.7439    0.0420 
    TXS0506+056 124952 58214.54436  4835.0  47.0546    0.7665    0.0993 
      S40444+63 132133 58214.56168  4835.0  60.1978    0.8312    0.0760 
      S40444+63 132928 58214.56719  4835.0  60.7110    0.7661    0.0648 
    TXS0506+056 133957 58214.57912  4835.0  53.9518    0.6965    0.0521 
      S40444+63 142340 58214.60481  4835.0  63.0341    0.8010    0.0686 
      S40444+63 143134 58214.61031  4835.0  63.1797    0.7398    0.0635 
    TXS0506+056 144252 58214.62282  4835.0  58.6152    0.7420    0.0478 
       0736+017 071106 58322.30212  4835.0  31.4407    0.7976    0.0415 
          OJ287 150006 58323.62781  4835.0  44.4768    4.8372    0.0493 
       1156+295 152152 58323.64318  4835.0  79.6910    2.9522    0.0401 
       0716+714 170026 58323.71178  4835.0  31.2752    1.4859    0.0407 
       0836+710 170546 58323.71548  4835.0  36.9048    2.8921    0.0344 
       0954+658 171108 58323.71900  4835.0  43.3454    0.6221    0.0534 
       0827+243 172938 58323.73167  4835.0  12.5065    1.1527    0.0590 
          OJ287 173421 58323.73494  4835.0  13.8143    4.8670    0.1039 
       1156+295 182822 58323.77246  4835.0  44.0116    2.8093    0.0310 
       0716+714 183857 58323.78020  4835.0  24.7399    1.5282    0.0349 
       0836+710 184414 58323.78386  4835.0  29.2492    2.9045    0.0365 
       0954+658 184934 58323.78737  4835.0  33.2262    0.8648    0.0315 
       1354+195 190519 58323.79810  4835.0  54.9127    1.8709    0.0371 
          3C273 191044 58323.80187  4835.0  26.2808   28.1599    0.0698 
          3C279 191530 58323.80518  4835.0  24.9932   13.0507    0.0566 
       1334-127 192018 58323.80851  4835.0  25.5449    3.3412    0.0321 
       1510-089 192517 58323.81197  4835.0  39.9906    2.6084    0.0538 
       1606+105 193512 58323.81886  4835.0  62.2567    1.3665    0.0328 
       1730-130 200426 58323.83915  4835.0  39.8585    6.1352    0.0380 
       1741-038 200911 58323.84246  4835.0  48.9071    3.3588    0.0347 
       1807+698 201708 58323.84835  4835.0  56.5830    1.8466    0.0295 
          BLLAC 202327 58323.85239  4835.0  39.3077    2.1796    0.0336 
        3C454.3 202845 58323.85605  4835.0  18.6742   18.2579    0.0560 
       2223-052 203344 58323.85951  4835.0  12.6180    4.3486    0.0427 
       2230+114 203833 58323.86285  4835.0  22.3970    4.2393    0.0350 
       1219+285 211317 58323.88698  4835.0  15.9281    0.7918    0.0931 
       0716+714 211904 58323.89139  4835.0  18.6453    1.5508    0.0386 
       0836+710 212422 58323.89506  4835.0  20.2029    2.9302    0.0363 
      S40444+63 080146 58324.33962  4835.0  63.0383    0.7726    0.0258 
      S40444+63 080942 58324.34512  4835.0  62.8397    0.7724    0.0244 
    TXS0506+056 082053 58324.35756  4835.0  57.8572    0.8929    0.0220 
    TXS0506+056 083530 58324.36771  4835.0  56.8771    0.8687    0.0223 
      S40444+63 090353 58324.38274  4835.0  60.1989    0.7603    0.0283 
      S40444+63 091147 58324.38824  4835.0  59.6496    0.7874    0.0269 
    TXS0506+056 092211 58324.40013  4835.0  51.9042    0.8829    0.0158 
    TXS0506+056 093648 58324.41028  4835.0  49.8915    0.8535    0.0219 
      S40444+63 103007 58324.44264  4835.0  52.7030    0.7417    0.0245 
      S40444+63 103803 58324.44815  4835.0  51.8908    0.7233    0.0262 
    TXS0506+056 104745 58324.45954  4835.0  38.1935    0.8249    0.0203 
    TXS0506+056 110221 58324.46968  4835.0  35.5210    0.8393    0.0201 
           3C84 113618 58324.48632  4835.0  28.5941   27.5654    0.0663 
        NRAO150 114732 58324.49515  4835.0  36.4029    9.3459    0.0339 
       0420-014 115444 58324.50009  4835.0  13.7984    1.2369    0.0425 
       0440-003 120049 58324.50431  4835.0  17.0389    1.8871    0.1642 
       0528+134 120720 58324.50883  4835.0  33.6899    1.0512    0.0358 
       0736+017 123040 58324.52403  4835.0  44.4315    1.1325    0.0450 
          OJ287 124613 58324.53496  4835.0  67.9476    4.9646    0.0461 
         MRK421 125926 58324.54427  4835.0  79.7192    0.5987    0.0499 
       1219+285 130934 58324.55106  4835.0  63.6761    0.8105    0.0938 
       0836+710 132201 58324.56009  4835.0  53.1095    2.8840    0.0344 
          3C66A 214100 58324.90726  4835.0  11.3174    2.5955    0.0707 
          3C66A 224150 58324.94951  4835.0  20.2862    2.6858    0.0538 
           3C84 224812 58324.95292  4835.0  11.5688   26.3300    0.0903 
        NRAO150 225354 58324.95790  4835.0  13.5006    8.9267    0.0587 
       0716+714 231621 58324.97282  4835.0  18.8018    1.3579    0.0429 
       0836+710 232137 58324.97642  4835.0  17.7147    2.7970    0.0396 
       0954+658 232650 58324.97991  4835.0  13.5142    0.6793    0.0645 
       1606+105 234225 58324.99053  4835.0  20.3678    1.2244    0.0437 
       1611+343 234721 58324.99297  4835.0  32.8699    5.0681    0.0430 
       1633+382 235038 58324.99526  4835.0  37.8177    2.3869    0.0382 
          3C345 235347 58324.99745  4835.0  39.2352    5.5414    0.0979 
         MRK501 235657 58325.00065  4835.0  40.3575    1.2889    0.0306 
       1730-130 001306 58325.01185  4835.0  15.4798    6.1063    0.0434 
       1741-038 001752 58325.01516  4835.0  22.9758    3.2143    0.0424 
       1807+698 002413 58325.01987  4835.0  46.9297    1.8189    1.9867 
        3C454.3 003320 58325.02589  4835.0  64.8413   18.4347    0.0670 
       2223-052 003827 58325.02944  4835.0  47.6171    4.4281    0.0351 
       2230+114 004326 58325.03291  4835.0  63.8409    4.2687    0.0410 
       2344+092 004833 58325.03646  4835.0  54.2399    1.0559    0.0326 
           3C84 041011 58325.17658  4835.0  67.5008   28.7978    0.0878 
       0235+164 041618 58325.18173  4835.0  65.2512    1.1919    0.0263 
       0336-019 042304 58325.18643  4835.0  42.5838    2.1197    0.0382 
        NRAO150 043647 58325.19611  4835.0  63.5313    9.6981    0.0957 
       0420-014 044443 58325.20146  4835.0  39.7871    1.2255    0.0302 
       0440-003 045046 58325.20566  4835.0  38.5564    1.9967    0.0308 
       0528+134 045710 58325.21011  4835.0  40.5763    1.1231    0.0336 
       0736+017 053736 58325.23719  4835.0  15.8288    0.7828    0.0388 
          OJ287 054726 58325.24403  4835.0  13.5834    4.9724    0.1218 
       0716+714 055309 58325.24838  4835.0  42.8364    1.4354    0.0379 
       0836+710 055831 58325.25204  4835.0  36.8847    2.9952    0.0320 
       0954+658 060350 58325.25561  4835.0  29.1065    0.6101    0.0363 
       1807+698 062840 58325.27296  4835.0  19.8823    1.8300    0.0494 
          BLLAC 063435 58325.27679  4835.0  25.8087    2.1812    0.0450 
        3C454.3 063949 58325.28040  4835.0  21.0255   18.3201    0.0786 
       2230+114 064514 58325.28366  4835.0  13.3057    4.0153    0.0700 
           3C84 071952 58325.30831  4835.0  74.5832   29.3257    0.1005 
       0235+164 072537 58325.31321  4835.0  55.8304    1.2323    0.0336 
       0336-019 073222 58325.31789  4835.0  48.0230    2.1289    0.0339 
        NRAO150 074651 58325.32801  4835.0  71.8342    9.6290    0.0442 
       0420-014 075532 58325.33397  4835.0  50.0593    1.2207    0.0431 
       0440-003 080138 58325.33821  4835.0  51.8689    1.9747    0.0282 
       0528+134 080802 58325.34265  4835.0  66.6424    1.0966    0.0316 
       0736+017 083035 58325.35732  4835.0  46.2954    0.7573    0.0383 
       0829+046 084053 58325.36447  4835.0  42.1138    0.8199    0.0358 
          3C66A 073045 58382.31681  4835.0  22.6049    3.0492    0.0726 
           3C84 073703 58382.32018  4835.0  30.5070   29.5421    0.0790 
        NRAO150 075019 58382.33043  4835.0  37.8034   10.7480    0.0744 
       0528+134 081010 58382.34414  4835.0  35.4718    1.1044    0.0433 
       0735+178 082839 58382.35598  4835.0  58.7704    0.7333    0.0745 
       0736+017 083335 58382.35940  4835.0  45.7202    1.2663    0.0400 
          OJ287 084926 58382.37053  4835.0  69.1583    5.1002    0.0352 
       1156+295 090746 58382.38315  4835.0  65.7330    2.4060    0.0461 
        NRAO150 095026 58382.41384  4835.0  20.5880    9.6224    0.1049 
       0528+134 095731 58382.41869  4835.0  14.0124    0.9927    0.0783 
       0735+178 104508 58382.45076  4835.0  32.5096    0.7685    0.0556 
       0736+017 104959 58382.45412  4835.0  22.1646    1.2778    0.0753 
       0827+243 105514 58382.45778  4835.0  44.3796    0.8780    0.0310 
          OJ287 110509 58382.46466  4835.0  45.0708    5.0563    0.0480 
         MRK421 112053 58382.47573  4835.0  74.4703    0.6054    0.0510 
       1156+295 112701 58382.48007  4835.0  80.0804    2.3825    0.0426 
       0716+714 114004 58382.48931  4835.0  38.1511    1.6186    0.0665 
       0836+710 114527 58382.49303  4835.0  44.1298    2.9550    0.0409 
       0954+658 115053 58382.49661  4835.0  52.1271    0.5676    0.0597 
       1354+195 120715 58382.50779  4835.0  69.5119    1.9721    0.0583 
          3C273 121247 58382.51163  4835.0  53.5037   28.7342    0.0963 
          3C279 121734 58382.51494  4835.0  46.8822   13.1017    0.0603 
       1611+343 124225 58382.53122  4835.0  59.4648    5.4062    0.0668 
       1633+382 124539 58382.53347  4835.0  56.7686    2.9402    0.0438 
          3C345 124850 58382.53567  4835.0  56.1887    5.6877    0.0619 
         MRK501 125201 58382.53889  4835.0  54.9995    1.3826    0.0360 
       1730-130 131845 58382.55743  4835.0  22.6746    5.9139    0.0532 
       1741-038 132326 58382.56069  4835.0  28.5708    3.5163    0.0531 
       1807+698 132956 58382.56557  4835.0  46.4545    2.0661    0.0832 
          BLLAC 133601 58382.56946  4835.0  11.0096    2.0552    0.0641 
       1156+295 141516 58382.59669  4835.0  48.2243    2.5909    0.0691 
       1354+195 145228 58382.62252  4835.0  58.7517    1.9099    0.0491 
          3C273 145754 58382.62629  4835.0  30.1911   27.5607    0.1060 
          3C279 150240 58382.62960  4835.0  28.5563   12.4695    0.0640 
       1730-130 155034 58382.66286  4835.0  39.1659    5.7738    0.0652 
        3C454.3 161432 58382.67951  4835.0  14.2602   16.7174    0.1006 
       2230+114 161953 58382.68273  4835.0  16.9021    4.0615    0.0741 
       1156+295 165416 58382.70711  4835.0  17.4359    2.2975    0.0609 
       0716+714 170443 58382.71475  4835.0  19.0847    1.4312    0.0453 
       0836+710 171000 58382.71841  4835.0  21.1122    2.7939    0.0633 
      S40444+63 185158 58136.79249 24100.0  68.4261    0.9645    0.0402
    TXS0506+056 190819 58136.80356 24100.0  47.9918    0.6505    0.0441
          3C66A 194952 58136.83267 24100.0  65.9784    0.9564    0.0423
       0235+164 200222 58136.84133 24100.0  50.9286    1.1553    0.0486
       0336-019 201425 58136.84970 24100.0  40.2876    2.1283    0.0660
       0323+342 202855 58136.85977 24100.0  66.3512    0.3580    0.0562
           3C84 204042 58136.86419 24100.0  67.6145   26.7685    0.5910
        NRAO150 204732 58136.87272 24100.0  72.9326    7.3768    0.1670
       0420-014 210128 58136.88238 24100.0  40.3956    1.0655    0.0587
       0440-003 211304 58136.89043 24100.0  42.0155    0.6622    0.0464
       0528+134 214122 58136.91008 24100.0  56.6822    1.1793    0.0437
       0735+178 215400 58136.91885 24100.0  60.6313    0.6073    0.0421
       0736+017 221228 58136.93168 24100.0  46.1957    0.7161    0.0438
       0829+046 222416 58136.93987 24100.0  46.2435    1.7320    0.0524
         MRK421 223711 58136.94884 24100.0  49.0181    0.3886    0.0441
       1156+295 224904 58136.95709 24100.0  36.7019    3.3205    0.1237
       1219+285 230038 58136.96513 24100.0  34.2691    0.4583    0.0586
       0716+714 231352 58136.97440 24100.0  62.8358    2.3342    0.0843
       0836+710 232543 58136.98263 24100.0  63.4557    2.4008    0.0885
       0954+658 233740 58136.99090 24100.0  65.4016    0.5912    0.0469
       1741-038 090058 58159.38202 24100.0  37.3653    3.3954    0.2106
          3C380 091854 58159.39450 24100.0  77.9966    1.9395    0.1313
          BLLAC 095944 58159.42285 24100.0  70.6083    1.4442    0.0753
        3C454.3 101158 58159.43132 24100.0  48.3337   14.1516    0.2907
       2230+114 102405 58159.43975 24100.0  49.4420    4.4357    0.0966
       2223-052 104121 58159.45173 24100.0  36.8270    2.5163    0.0647
       2344+092 105324 58159.46010 24100.0  41.4464    0.8244    0.0492
       0235+164 162845 58159.69298 24100.0  62.1461    1.7204    0.0630
       0336-019 164048 58159.70136 24100.0  42.8606    2.2261    0.0577
      S40444+63 173107 58159.73635 24100.0  69.0360    0.9692    0.0670
           3C84 191131 58159.80226 24100.0  67.3897   26.4392    0.5725
        NRAO150 191806 58159.81060 24100.0  72.7798    7.6157    0.1682
       0420-014 193131 58159.81991 24100.0  40.3522    1.1784    0.0665
       0440-003 194311 58159.82801 24100.0  41.9710    0.7322    0.0395
       0528+134 201802 58159.85221 24100.0  56.0939    1.1968    0.0427
       0735+178 203039 58159.86097 24100.0  61.2007    0.6000    0.0457
       0736+017 204233 58159.86923 24100.0  46.2148    0.7018    0.0501
       0829+046 205420 58159.87742 24100.0  46.2868    1.6923    0.0590
         MRK421 210714 58159.88637 24100.0  49.0983    0.5519    0.2237
       1156+295 211906 58159.89462 24100.0  36.7814    3.4982    0.0969
       0716+714 214356 58159.91194 24100.0  62.8220    1.3312    0.0472
       0836+710 215545 58159.92016 24100.0  63.4632    2.0603    0.0806
          3C273 030639 58160.13408 24100.0  45.8193   15.5165    0.4497
          3C279 031532 58160.14025 24100.0  38.9795   15.4993    0.4535
       1334-127 032429 58160.14834 24100.0  32.4350    5.0339    0.1549
       1354+195 033656 58160.15700 24100.0  64.7240    1.3705    0.0799
       1510-089 034921 58160.16562 24100.0  34.3900    3.0440    0.1587
       1606+105 042357 58160.18965 24100.0  51.2543    1.2359    0.0991
       1611+343 043600 58160.19803 24100.0  71.7551    4.3596    0.1456
       1633+382 044746 58160.20620 24100.0  72.3505    3.1573    0.1179
          3C345 045922 58160.21425 24100.0  73.7723    7.1301    0.2128
         MRK501 050908 58160.22198 24100.0  73.8012    0.9529    0.0898
       1730-130 054812 58160.24817 24100.0  29.2192    4.9017    0.1535
       1741-038 055952 58160.25509 24100.0  38.0000    3.9523    0.1382
       1354+195 060312 58191.25859 22664.0  29.6331    1.3017    0.0577
       1510-089 061522 58191.26704 22664.0  19.3188    2.8420    0.0977
     PG1553+113 063725 58191.28234 22664.0  38.4945    0.2198    0.2191
       1606+105 064900 58191.29039 22664.0  38.1958    1.3250    0.0497
       1611+343 070057 58191.29704 22664.0  52.8249    4.0469    0.0901
           3C84 170619 58187.71532 24100.0  70.0676   24.8834    1.1834
          3C66A 204230 58187.86922 24100.0  24.5911    0.9864    0.1184
        NRAO150 211248 58187.89026 24100.0  38.3812    7.6467    0.5142
       0829+046 223503 58187.94736 24100.0  40.5883    1.4111    0.1356
       1156+295 224835 58187.95676 24100.0  70.2677    3.8090    0.2551
       1219+285 230011 58187.96483 24100.0  68.1271    0.7595    0.0709
       0716+714 231456 58187.97348 24100.0  51.2322    2.1107    0.1605
          3C273 235826 58224.00338 24100.0  40.1691   13.7882    0.3561
          3C279 000722 58224.00958 24100.0  34.8805   14.9840    0.3839
       1334-127 001620 58224.01770 24100.0  30.3101    4.8653    0.1447
       1354+195 002848 58224.02634 24100.0  61.5442    1.3895    0.0507
       1510-089 004101 58224.03483 24100.0  36.3123    2.7931    0.0941
       1611+343 023438 58224.11375 24100.0  75.5574    3.9763    0.1072
       1633+382 031413 58224.14123 24100.0  75.3363    3.9214    0.1098
          3C345 032557 58224.14938 24100.0  75.4362    6.5039    0.1629
         MRK501 033544 58224.15713 24100.0  75.3645    0.8700    0.0519
       1730-130 041349 58224.18260 24100.0  30.1023    4.6471    0.1514
       1741-038 042531 58224.19074 24100.0  38.9437    3.6556    0.1343
       1807+698 044011 58224.20100 24100.0  63.3966    1.6636    0.0755
          BLLAC 051828 58224.22752 24100.0  66.0133    2.1685    0.0723
        3C454.3 053648 58224.24025 24100.0  45.2351   18.1662    0.4506
       2230+114 054825 58224.24831 24100.0  46.7416    3.7563    0.1094
       2223-052 060016 58224.25653 24100.0  34.4234    2.6278    0.0962
      S40444+63 124809 58224.53984 24100.0  67.1230    0.9018    0.0497
    TXS0506+056 130420 58224.55126 24100.0  46.2555    0.8863    0.0620
          3C66A 135013 58224.58289 24100.0  68.3845    1.1856    0.0506
       0235+164 140239 58224.59153 24100.0  52.8707    1.3351    0.0645
       0336-019 141442 58224.59755 24100.0  41.6132    1.7525    0.0982
      S40444+63 122420 58225.52330 24100.0  65.4684    0.9790    0.0619
    TXS0506+056 124020 58225.53719 24100.0  44.5540    0.8841    0.0743
      S40444+63 125820 58225.54430 24100.0  68.0450    0.9562    0.0842
          3C273 214753 58253.91271 24100.0  41.5576   15.6963    1.1014
          3C279 215648 58253.91891 24100.0  35.9650   15.5474    1.0756
       1611+343 003730 58254.03241 24100.0  75.4502    4.1937    0.2899
       1611+343 012035 58254.06233 24100.0  68.8096    4.3376    0.3055
       1633+382 013213 58254.07041 24100.0  72.6068    5.0412    0.3459
          3C345 014352 58254.07848 24100.0  72.6516    7.1623    0.4870
         MRK501 015337 58254.08622 24100.0  72.5846    0.9767    0.0790
           SgrA 022521 58254.10353 24100.0  15.0549   19.2233    1.5788
       1730-130 023150 58254.11181 24100.0  29.0063    5.1757    0.3749
       1741-038 024334 58254.11994 24100.0  37.6896    4.0313    0.2879
          3C380 031711 58254.14330 24100.0  76.0842    2.6486    0.1862
       1807+698 032935 58254.15197 24100.0  61.0331    2.0122    0.1466
        3C454.3 043219 58254.19546 24100.0  53.2069   18.1529    0.6383
       2230+114 044355 58254.20351 24100.0  53.1932    3.3248    0.1247
       2223-052 045548 58254.21177 24100.0  38.8127    2.7345    0.1095
       2344+092 050753 58254.22017 24100.0  45.3902    1.0841    0.0678
        3C454.3 053907 58254.24187 24100.0  60.1834   18.7332    0.6467
       2230+114 055048 58254.24996 24100.0  57.2058    3.3934    0.1274
       2223-052 060244 58254.25825 24100.0  40.6007    2.8042    0.1126
       2344+092 061448 58254.26663 24100.0  52.6292    1.0938    0.0593
          3C66A 111207 58254.47311 24100.0  75.5412    1.1355    0.0664
       0336-019 113649 58254.49025 24100.0  43.3364    1.7587    0.0989
       0323+342 114922 58254.49898 24100.0  75.1903    0.3283    0.0491
           3C84 120634 58254.50715 24100.0  76.5528   25.7557    1.1126
        NRAO150 123647 58254.53192 24100.0  76.9345    7.9680    0.3309
       0420-014 125030 58254.54142 24100.0  42.3612    1.5684    0.0843
       0440-003 130205 58254.54947 24100.0  43.8178    0.8756    0.0716
       0528+134 133011 58254.56898 24100.0  58.3455    1.1122    0.0723
       0735+178 134248 58254.57774 24100.0  57.8728    0.5655    0.0434
       0736+017 135441 58254.58599 24100.0  44.1012    1.8956    0.0897
       0829+046 140626 58254.59415 24100.0  42.7602    1.0172    0.0853
         MRK421 141911 58254.60303 24100.0  43.0808    0.2949    0.0685
       1156+295 143104 58254.60867 24100.0  30.0676    2.3818    0.1928
      S40444+63 150846 58254.63750 24100.0  59.5512    0.9031    0.1551
    TXS0506+056 152209 58254.64957 24100.0  36.5994    0.9034    0.0824
       0716+714 155412 58254.66908 24100.0  62.1665    2.4899    0.2817
       0954+658 161759 58254.68557 24100.0  66.9463    0.6714    0.1005
       0735+178 134458 58289.57925 24100.0  60.6837    0.6183    0.0777
       0736+017 135652 58289.58750 24100.0  44.5773    2.6050    0.1739
       0829+046 140837 58289.59565 24100.0  49.5051    0.9232    0.0902
       1156+295 143352 58289.61322 24100.0  55.5967    2.7027    0.1719
       1219+285 144528 58289.62125 24100.0  53.1666    0.5566    0.0960
       0716+714 145925 58289.63104 24100.0  58.0359    3.0938    0.1936
       0836+710 151112 58289.63920 24100.0  62.0196    2.2561    0.1415
       0954+658 152259 58289.64738 24100.0  68.9650    0.8431    0.0853
           FLAGGED 3C84 161344 58289.67880 24100.0  14.1583   12.9091    1.0976
        FLAGGED NRAO150 162006 58289.68606 24100.0  24.4104    5.6626    0.3945
          3C273 201746 58289.85014 24100.0  35.2447   12.8793    0.4587
          3C279 202642 58289.85636 24100.0  30.8094   11.6161    0.4088
       1334-127 203542 58289.86448 24100.0  27.3875    3.3732    0.1458
       1354+195 204811 58289.87316 24100.0  57.0421    1.2862    0.0639
       1510-089 210026 58289.88166 24100.0  35.6305    2.3252    0.1075
       1606+105 213459 58289.90565 24100.0  55.7275    1.2106    0.0635
       1611+343 221741 58289.93531 24100.0  75.2164    3.9386    0.2261
       1730-130 231906 58289.97607 24100.0  31.8716    4.3656    0.2719
       1633+382 232921 58289.98508 24100.0  69.3381    6.7443    0.6737
          3C345 234059 58289.99316 24100.0  69.3306    7.9422    0.7874
         MRK501 235045 58290.00087 24100.0  69.2688    1.1099    0.1243
           SgrA 002228 58290.01819 24100.0  14.1157   17.8920    2.2419
       1730-130 002855 58290.02643 24100.0  27.4908    4.8045    0.5146
       1741-038 004038 58290.03457 24100.0  35.9667    3.8061    0.4005
          3C380 005630 58290.04560 24100.0  75.9433    2.9814    0.3045
       1807+698 010853 58290.05426 24100.0  60.9786    2.3130    0.2402
       0235+164 070324 58290.30039 24100.0  60.7318    1.8368    0.0798
       0336-019 071533 58290.30881 24100.0  39.4455    1.9586    0.0921
       0323+342 072800 58290.31747 24100.0  73.8516    0.5819    0.1434
       0420-014 090141 58290.38252 24100.0  43.7266    2.0420    0.0999
       0440-003 091315 58290.39055 24100.0  44.4760    0.8940    0.0689
       0528+134 094110 58290.40994 24100.0  56.7035    1.1582    0.0752
       0735+178 095328 58290.41848 24100.0  45.1778    0.5564    0.0697
       0736+017 100516 58290.42669 24100.0  34.2295    2.2588    0.1266
      S40444+63 110215 58290.46631 24100.0  68.8715    0.7769    0.0593
    TXS0506+056 111640 58290.47742 24100.0  48.7873    0.9489    0.0686
       1156+295 123035 58290.52759 24100.0  34.3901    1.6671    0.1164
       0235+164 021100 58383.09732 24100.0  61.4541    1.0647    0.0672
       0336-019 022300 58383.10564 24100.0  43.5750    2.1767    0.1006
           3C84 034114 58383.15624 24100.0  76.2224   25.6003    1.2077
        NRAO150 041123 58383.17835 24100.0  77.1661    8.6453    0.4155
      S40444+63 044121 58383.20178 24100.0  69.7149    0.6210    0.0536
    TXS0506+056 045559 58383.21073 24100.0  50.0119    0.8337    0.0699
       0420-014 054727 58383.24763 24100.0  34.2625    2.9536    0.1666
       0440-003 055902 58383.25568 24100.0  36.1244    1.0953    0.0950
       0528+134 062710 58383.27521 24100.0  50.5525    1.2044    0.0917
       0735+178 063938 58383.28387 24100.0  63.1332    0.5655    0.0777
       0736+017 065133 58383.29213 24100.0  46.9867    2.5289    0.1289
       0829+046 070319 58383.30032 24100.0  49.3815    1.3078    0.0775
       1156+295 072820 58383.31770 24100.0  45.6809    2.5476    0.4533
       1219+285 073956 58383.32575 24100.0  43.2467    0.6467    0.1387
       0716+714 075330 58383.33526 24100.0  61.1386    4.5885    0.8000
       0836+710 080518 58383.34345 24100.0  63.5655    1.7769    0.3312
       0954+658 081714 58383.35170 24100.0  68.2112    0.7005    0.2691
          FLAGGED 3C273 154636 58383.66183 24100.0  19.8126   10.0734    0.8167
          3C279 155531 58383.66804 24100.0  16.9148    7.5662    0.7379
       1334-127 160428 58383.67614 24100.0  15.7472    2.7412    0.4383
       1354+195 161649 58383.68470 24100.0  41.5572    1.2873    0.1907
       1510-089 162902 58383.69319 24100.0  28.0930    3.2707    0.4408
       1611+343 171458 58383.72509 24100.0  64.4431    4.6429    0.5772
       1633+382 172635 58383.73316 24100.0  68.1232    7.8860    0.8836
          3C345 173813 58383.74123 24100.0  68.1037    7.6851    0.8665
         MRK501 174759 58383.74895 24100.0  68.0418    1.2880    0.1594
       1741-038 183754 58383.78267 24100.0  35.2606    3.5334    0.4145
          3C380 185059 58383.79177 24100.0  75.2707    3.1469    0.3662
       1807+698 190323 58383.80045 24100.0  60.7173    2.7305    0.3197
          BLLAC 192012 58383.81205 24100.0  71.4899    2.8231    0.3300
        3C454.3 193226 58383.82055 24100.0  49.0900   23.7447    2.7008
       2230+114 194403 58383.82862 24100.0  49.9968    3.8868    0.4458
       2223-052 195556 58383.83687 24100.0  36.7437    3.3907    0.4029
       2344+092 200759 58383.84523 24100.0  41.3091    1.3721    0.1903
     PG1553+113 140604 58403.58873 24100.0  56.3819    0.2180    0.1178
     PG1553+113 140836 58403.59566 24100.0  55.9279    0.2036    0.0572
       1606+105 142012 58403.60371 24100.0  55.2924    0.9817    0.0665
       1611+343 144945 58403.62424 24100.0  75.1666    3.6459    0.1765
       1633+382 152755 58403.65074 24100.0  75.0844    5.7050    0.2692
          3C345 153935 58403.65885 24100.0  75.1887    5.5681    0.1838
         MRK501 154922 58403.66658 24100.0  75.1226    0.8553    0.0620
       1730-130 162727 58403.69208 24100.0  30.0072    3.9543    0.1564
       1741-038 163910 58403.70022 24100.0  38.8448    2.9358    0.1182
       1807+698 165407 58403.71067 24100.0  63.3129    2.0764    0.0785
          BLLAC 171927 58403.72819 24100.0  63.9924    2.1075    0.0834
        3C454.3 173747 58403.74093 24100.0  43.3846   16.7252    0.5589
       2230+114 174923 58403.74898 24100.0  45.1218    2.8411    0.1118
       2223-052 180113 58403.75719 24100.0  33.2113    2.6483    0.1127
       2344+092 181314 58403.76555 24100.0  35.6697    0.9696    0.0753
       0336-019 014047 58406.07635 24100.0  43.2882    2.0030    0.2446
           3C84 021110 58406.09369 24100.0  76.1620   23.8213    2.1780
       0420-014 024158 58406.11883 24100.0  42.9747    3.2532    0.3178
       0528+134 032140 58406.14640 24100.0  58.7523    1.2376    0.1518
       0735+178 033415 58406.15514 24100.0  56.5572    0.6072    0.1173
       0736+017 034608 58406.16340 24100.0  43.1881    2.9009    0.2915
       0829+046 035753 58406.17155 24100.0  41.4468    1.4558    0.1664
       1156+295 042231 58406.18866 24100.0  28.7860    2.4253    0.2577
       1219+285 043407 58406.19671 24100.0  26.3689    0.6413    0.1544
       0716+714 044701 58406.20576 24100.0  63.1996    4.0602    0.3767
       0836+710 045851 58406.21396 24100.0  62.1298    2.2231    0.2444
       0954+658 051045 58406.22220 24100.0  61.7033    0.8738    0.1217
          3C273 103806 58435.44760 24100.0  36.0079   15.6586    0.4720
          3C279 104702 58435.45380 24100.0  31.4621   13.8095    0.4246
       1334-127 105601 58435.46192 24100.0  27.8776    3.2514    0.1183
       1354+195 110827 58435.47057 24100.0  57.7815    1.3996    0.0582
       1510-089 112042 58435.47906 24100.0  35.8166    5.6429    0.1688
       1606+105 115519 58435.50310 24100.0  55.8341    0.9202    0.0506
       1611+343 124202 58435.53554 24100.0  75.4257    3.8236    0.1882
       1730-130 133048 58435.56940 24100.0  32.1578    4.4691    0.2261
       1741-038 134229 58435.57752 24100.0  41.3533    3.4086    0.1197
       1807+698 135748 58435.58824 24100.0  64.5951    2.0909    0.0793
          BLLAC 142247 58435.60553 24100.0  55.0851    2.0784    0.0790
        3C454.3 144115 58435.61833 24100.0  34.7456   16.1631    0.5479
       2230+114 145250 58435.62640 24100.0  37.2068    2.7669    0.1039
       2223-052 150439 58435.63457 24100.0  26.8439    2.5060    0.1100
       2344+092 151635 58435.64192 24100.0  26.8790    0.9000    0.1944
          3C345 153026 58435.65250 24100.0  54.4556    5.6017    0.1806
         MRK501 154012 58435.65787 24100.0  54.9370    0.8921    0.0561
          3C66A 231308 58438.97382 24100.0  74.0473    0.7571    0.0437
       0235+164 232545 58438.98256 24100.0  56.8898    0.7744    0.0486
       0336-019 233747 58438.98881 24100.0  43.1300    1.8123    0.0559
       0235+164 235955 58434.00630 24100.0  55.1455    0.7611    0.0665
       0336-019 001158 58434.01467 24100.0  42.3722    1.9219    0.1025
       0323+342 002423 58434.02330 24100.0  71.8090    0.2760    0.0845
           3C84 003618 58434.02780 24100.0  73.4527   26.0413    1.0387
        NRAO150 005057 58434.04175 24100.0  76.6684    8.5556    0.3474
       0420-014 010439 58434.05126 24100.0  42.2511    3.3586    0.1474
       0440-003 011614 58434.05931 24100.0  43.7229    0.8466    0.0636
       0528+134 014422 58434.07883 24100.0  58.2633    1.0393    0.0689
       0735+178 015658 58434.08758 24100.0  58.0811    0.5952    0.0563
       0736+017 020852 58434.09584 24100.0  44.2406    2.0183    0.0995
       0829+046 022037 58434.10401 24100.0  42.9693    0.8781    0.0760
       1156+295 024518 58434.12114 24100.0  31.0232    1.6920    0.1049
       1219+285 025652 58434.12918 24100.0  28.6057    0.5123    0.1067
       0716+714 030952 58434.13829 24100.0  63.2076    3.8392    0.2059
       0836+710 032142 58434.14651 24100.0  62.6142    1.8428    0.1100
       0954+658 033339 58434.15477 24100.0  62.8415    0.7467    0.0686
           3C84 045214 58434.20554 24100.0  29.8496   23.6888    1.2603
        NRAO150 045835 58434.21372 24100.0  38.8240    9.3382    0.6215
       0735+178 055717 58434.25328 24100.0  47.4987    0.5982    0.0898
     PG1553+113 084022 58467.37619 24100.0  55.8753    0.2065    0.0235
       1510-089 090437 58467.37985 24100.0  36.2009    5.2241    0.1848
       1606+105 090951 58467.38348 24100.0  55.0740    0.7947    0.0907
       1611+343 092155 58467.39141 24100.0  78.2658    3.9021    0.1719
       1730-130 111442 58467.47019 24100.0  32.3745    4.6373    0.1513
       1741-038 112004 58467.47392 24100.0  41.6383    3.5890    0.1197
       1807+698 112823 58467.47971 24100.0  64.6220    2.2294    0.0957
    1ES1959+650 125454 58467.57209 24100.0  69.2981    0.2861    0.0168
          3C380 134724 58467.57624 24100.0  72.0076    2.0709    0.0723
          BLLAC 135514 58467.58167 24100.0  71.2380    2.3674    0.0675
       2223-052 140615 58467.58932 24100.0  34.2788    2.7959    0.0941
       2230+114 141119 58467.59284 24100.0  48.8305    3.4025    0.0884
        3C454.3 141609 58467.59620 24100.0  50.1698   17.2233    0.3367
       2344+092 184841 58467.78546 24100.0  50.3375    1.3247    0.0816
       0235+164 185451 58467.78974 24100.0  57.6031    0.5975    0.0567
           3C84 190037 58467.79374 24100.0  68.9787   26.6368    0.3724
       0336-019 190622 58467.79774 24100.0  35.6840    1.6387    0.0750
        NRAO150 191234 58467.80205 24100.0  65.4537    9.0416    0.1335
       0420-014 191836 58467.80624 24100.0  32.0804    3.4301    0.0925
       0440-003 192325 58467.80957 24100.0  30.9173    0.8930    0.0710
    TXS0506+056 192632 58467.81457 24100.0  32.7247    0.9813    0.0451
       0528+134 194847 58467.82908 24100.0  38.5198    0.9862    0.0524
    1ES2344+514 195947 58467.86692 24100.0  55.9247    0.1869    0.0149
       0716+714 013109 58468.06689 24100.0  62.8528    2.2998    0.0618
       0736+017 014200 58468.07248 24100.0  46.5761    1.1140    0.0685
       0735+178 014708 58468.07981 24100.0  61.8190    0.5815    0.0343
       0827+243 015745 58468.08531 24100.0  69.5703    1.1764    0.0496
       0829+046 020403 58468.09155 24100.0  49.8928    1.0927    0.0495
          3C207 021240 58468.09471 24100.0  58.6097    1.3379    0.0635
       0836+710 022223 58468.10055 24100.0  63.6834    1.9415    0.0764
          OJ287 023048 58468.10637 24100.0  65.5063    7.0634    0.1892
         MRK421 030505 58468.13582 24100.0  72.8712    0.3082    0.0782
       1156+295 031819 58468.14031 24100.0  59.4961    1.9895    0.0904
       1219+285 032244 58468.14810 24100.0  57.0372    0.8173    0.1224
    PKS1222+216 055520 58468.24841 24100.0  66.7431    2.3928    0.0789
     PKS1441+25 055937 58468.28337 24100.0  63.1005    0.1746    0.0140
          3C273 065141 58468.28754 24100.0  46.0349   15.9522    0.3801
          3C279 065631 58468.29089 24100.0  39.2145   16.1141    0.3838
       1334-127 070123 58468.29428 24100.0  32.3883    3.2652    0.1102
       1354+195 070704 58468.29822 24100.0  64.2589    1.5046    0.0660
  PKSJ1153-1105 053540 58464.24040 24100.0  34.2853    0.2876    0.0351
  PKSJ1153-1105 054646 58464.24810 24100.0  34.2124    0.2409    0.0390
  PKSJ1153-1105 055751 58464.25580 24100.0  34.0256    0.2640    0.0872
      S40444+63 192547 58136.81256  8520.0  70.3393    0.8382    0.0198 
    TXS0506+056 193528 58136.81968  8520.0  49.7152    0.7414    0.0206 
       0829+046 015559 58137.08320  8520.0  41.3090    1.4305    0.0729 
          3C207 020222 58137.08764  8520.0  49.0784    1.5750    0.0656 
          OJ287 020844 58137.09206  8520.0  55.7576    5.9535    0.0541 
       1156+295 022434 58137.10306  8520.0  71.3837    3.1241    0.0357 
       1219+285 023054 58137.10746  8520.0  68.6544    0.5363    0.0229 
       0716+714 024637 58137.11849  8520.0  50.8759    1.5402    0.0222 
       0836+710 025317 58137.12311  8520.0  56.5686    2.6244    0.0240 
       0954+658 025955 58137.12768  8520.0  64.9044    0.7023    0.0259 
       1354+195 030914 58137.13407  8520.0  53.6791    1.7593    0.0377 
          3C273 031613 58137.13892  8520.0  46.9161   22.3160    0.0881 
          3C279 032237 58137.14338  8520.0  38.3123   14.0990    0.0894 
       1334-127 032903 58137.14783  8520.0  29.1985    3.9046    0.0434 
       1510-089 033541 58137.15244  8520.0  23.4094    2.5715    0.0280 
       1606+105 034834 58137.16138  8520.0  32.3158    1.1410    0.0290 
       1741-038 114120 58159.49068  8520.0  16.5296    3.8090    0.0281 
       1611+343 121933 58159.51722  8520.0  20.4022    5.1392    0.0358 
       1633+382 122718 58159.52260  8520.0  25.0533    2.2556    0.0338 
          3C345 123502 58159.52701  8520.0  26.2945    6.0520    0.0319 
         MRK501 123930 58159.53205  8520.0  26.8175    1.1654    0.0209 
       1807+698 124911 58159.53793  8520.0  46.8033    1.5668    0.0187 
          3C380 125734 58159.54267  8520.0  43.7288    3.6193    0.0388 
          BLLAC 130453 58159.54871  8520.0  76.4595    1.5130    0.0211 
        3C454.3 132034 58159.55958  8520.0  60.5949   17.7537    0.0420 
       2223-052 132848 58159.56530  8520.0  37.8508    3.7453    0.0240 
       2230+114 133650 58159.57087  8520.0  53.4597    3.5777    0.0212 
       2344+092 134459 58159.57653  8520.0  55.0450    1.0107    0.0176 
          3C66A 140215 58159.58855  8520.0  66.8509    1.0726    0.0253 
       0235+164 141035 58159.59431  8520.0  50.1539    1.0364    0.0187 
       0336-019 141851 58159.60005  8520.0  27.6590    2.2475    0.0226 
       0323+342 142715 58159.60590  8520.0  56.7982    0.3697    0.0185 
           3C84 143502 58159.61034  8520.0  61.8901   31.8604    0.0683 
        NRAO150 144610 58159.61907  8520.0  59.2507   10.2493    0.0281 
       0420-014 145459 58159.62514  8520.0  26.8786    1.0811    0.0295 
       0440-003 150242 58159.63051  8520.0  25.9096    1.4531    0.0214 
       0528+134 151037 58159.63601  8520.0  29.3141    1.1127    0.0212 
      S40444+63 183234 58159.77585  8520.0  70.6599    0.8814    0.0195 
    TXS0506+056 184308 58159.78527  8520.0  51.1615    0.7222    0.0152 
       0735+178 235607 58159.99997  8520.0  48.7383    0.7078    0.0338 
       0736+017 000238 58160.00450  8520.0  35.0426    0.9580    0.0281 
       0827+243 000936 58160.00933  8520.0  59.6303    1.1005    0.0329 
       0829+046 002816 58160.02229  8520.0  40.9925    1.3333    0.0285 
          3C207 003440 58160.02674  8520.0  48.7067    1.5107    0.0254 
          OJ287 004102 58160.03116  8520.0  55.3614    6.5326    0.0304 
       1156+295 005654 58160.04218  8520.0  71.6872    3.4904    0.0284 
       1219+285 010315 58160.04660  8520.0  69.0206    0.5675    0.0214 
       0716+714 011905 58160.05770  8520.0  50.6439    1.2272    0.0306 
       0836+710 012551 58160.06240  8520.0  56.3476    2.7065    0.0239 
       0954+658 013242 58160.06712  8520.0  64.6613    0.7166    0.0290 
       1354+195 014209 58160.07360  8520.0  54.1730    1.7682    0.0258 
          3C273 014908 58160.07845  8520.0  47.0259   22.5508    0.0578 
          3C279 015533 58160.08291  8520.0  38.4743   14.1141    0.0406 
       1334-127 020158 58160.08736  8520.0  29.4394    3.9410    0.0265 
       1510-089 020837 58160.09198  8520.0  23.8527    2.9442    0.0280 
     PG1553+113 021514 58160.09657  8520.0  34.5277    0.1893    0.0330 
       1606+105 022133 58160.10096  8520.0  32.9185    1.2188    0.0254 
      S40444+63 150902 58187.63599  8520.0  66.4151    0.8261    0.0143 
    TXS0506+056 152027 58187.64864  8520.0  45.6825    0.7831    0.0116 
       0735+178 234030 58187.98912  8520.0  32.6765    0.7009    0.0270 
       0736+017 234658 58187.99361  8520.0  20.3301    0.8316    0.0327 
       0827+243 235354 58187.99843  8520.0  43.8458    1.0062    0.0420 
       0829+046 000028 58188.00298  8520.0  28.9216    1.3568    0.0432 
          3C207 000649 58188.00740  8520.0  35.8232    1.6537    0.0452 
          OJ287 001309 58188.01180  8520.0  41.9700    6.4187    0.0329 
         MRK421 003036 58188.02393  8520.0  72.2548    0.5464    0.0309 
       1156+295 003747 58188.02890  8520.0  72.6091    3.6618    0.0274 
       1219+285 004415 58188.03339  8520.0  72.8340    0.6627    0.0312 
       0716+714 010124 58188.04541  8520.0  43.2503    1.4166    0.0299 
       0836+710 010800 58188.05000  8520.0  49.0548    2.6876    0.0255 
       0954+658 011437 58188.05456  8520.0  56.2392    0.7400    0.0263 
       1354+195 012457 58188.06166  8520.0  63.9874    1.7170    0.0225 
          3C273 013149 58188.06642  8520.0  45.0245   22.5479    0.0734 
          3C279 013808 58188.07081  8520.0  38.5904   13.4073    0.0508 
       1611+343 084731 58224.36998  8520.0  13.7580    5.5021    0.0397 
       1633+382 085516 58224.37536  8520.0  18.4951    2.7507    0.0327 
          3C345 090302 58224.37979  8520.0  19.8203    6.2875    0.0464 
         MRK501 090730 58224.38484  8520.0  20.3046    1.2291    0.0265 
       1807+698 091717 58224.39078  8520.0  43.0650    1.6716    0.0283 
          3C380 092536 58224.39548  8520.0  37.2025    3.9131    0.0319 
          BLLAC 093252 58224.40149  8520.0  68.6669    1.8662    0.0230 
        3C454.3 094818 58224.41218  8520.0  56.8606   19.1021    0.0752 
       2223-052 095633 58224.41791  8520.0  33.9377    3.9672    0.0285 
       2230+114 100436 58224.42350  8520.0  48.4576    3.9395    0.0273 
       2344+092 101241 58224.42911  8520.0  53.2050    1.0580    0.0263 
       0235+164 103850 58224.44727  8520.0  56.0940    1.1330    0.0214 
       0336-019 104708 58224.45303  8520.0  33.6838    2.2486    0.0251 
       0323+342 105537 58224.45894  8520.0  64.5501    0.3495    0.0205 
           3C84 110329 58224.46344  8520.0  69.7075   32.1005    0.1216 
        NRAO150 111012 58224.46910  8520.0  65.4673    9.7854    0.0429 
       0420-014 111913 58224.47531  8520.0  32.5409    1.0584    0.0243 
       0440-003 112656 58224.48067  8520.0  31.8162    1.3211    0.0236 
       0528+134 113453 58224.48620  8520.0  36.2016    1.1392    0.0365 
      S40444+63 120808 58224.51036  8520.0  63.2307    0.8886    0.0388 
    TXS0506+056 121913 58224.51794  8520.0  40.5141    0.7606    0.0207 
       1611+343 064733 58254.28667  8520.0  14.0651    5.4713    0.0435 
       1633+382 065517 58254.29204  8520.0  18.7987    3.0337    0.0340 
          3C345 070302 58254.29645  8520.0  20.1224    6.4372    0.0347 
         MRK501 070730 58254.30149  8520.0  20.6115    1.2462    0.0275 
       1807+698 071716 58254.30743  8520.0  43.2452    1.7597    0.0212 
          3C380 072535 58254.31213  8520.0  37.5099    3.9614    0.0282 
          BLLAC 073252 58254.31814  8520.0  69.0401    2.0721    0.0193 
        3C454.3 074816 58254.32882  8520.0  57.0966   19.6757    0.0573 
       2223-052 075630 58254.33454  8520.0  34.1706    4.0528    0.0270 
       2230+114 080431 58254.34010  8520.0  48.7463    3.9035    0.0217 
       2344+092 081237 58254.34573  8520.0  53.3591    1.0542    0.0198 
       0235+164 083840 58254.36382  8520.0  55.8290    1.0899    0.0196 
       0336-019 084657 58254.36956  8520.0  33.4004    2.1842    0.0251 
           3C84 090317 58254.37996  8520.0  69.3039   31.9997    0.0803 
        NRAO150 090959 58254.38561  8520.0  65.1090   10.3166    0.0318 
       0420-014 091857 58254.39179  8520.0  32.2275    1.1932    0.0244 
       0440-003 092640 58254.39715  8520.0  31.4874    1.3934    0.0248 
       0528+134 093438 58254.40268  8520.0  35.8045    1.0864    0.0226 
       1807+698 100712 58254.42544  8520.0  30.8353    1.6881    0.0258 
          3C380 101524 58254.43005  8520.0  15.9189    3.6232    0.0370 
       0735+178 170602 58254.71518  8520.0  54.1487    0.6767    0.0682 
       0736+017 171235 58254.71973  8520.0  39.6355    0.6510    0.1360 
       0827+243 171932 58254.72457  8520.0  64.6080    0.8482    0.0464 
       0829+046 172614 58254.72922  8520.0  46.2113    1.0309    0.0265 
          3C207 173238 58254.73366  8520.0  54.5205    1.5549    0.0348 
          OJ287 173900 58254.73809  8520.0  61.5442    5.3747    0.0316 
         MRK421 175457 58254.74917  8520.0  79.5563    0.4460    0.0236 
       1156+295 180134 58254.75376  8520.0  66.1305    3.0519    0.0212 
       1219+285 180754 58254.75816  8520.0  63.0096    0.6090    0.0240 
       0716+714 182313 58254.76891  8520.0  53.9112    1.6612    0.0228 
       0836+710 182953 58254.77352  8520.0  59.2052    2.5681    0.0241 
       0954+658 183630 58254.77808  8520.0  67.3937    0.6478    0.0214 
       1354+195 184526 58254.78422  8520.0  47.3868    1.7126    0.0211 
          3C273 185223 58254.78904  8520.0  44.6546   21.6057    0.0624 
          3C279 185848 58254.79350  8520.0  35.5717   13.0838    0.0420 
       1334-127 190515 58254.79798  8520.0  25.6779    4.3348    0.0319 
       1510-089 191151 58254.80255  8520.0  17.7380    2.1518    0.0365 
     PG1553+113 191826 58254.80714  8520.0  27.0903    0.1981    0.0333 
       1606+105 192446 58254.81153  8520.0  25.4292    1.3233    0.0295 
      S40444+63 194233 58254.82320  8520.0  31.2020    0.8843    0.0371 
       0735+178 164947 58289.70390  8520.0  34.3854    0.6712    0.0316 
       0736+017 165615 58289.70839  8520.0  21.9578    0.9030    0.0336 
       0827+243 170311 58289.71321  8520.0  45.5555    0.8941    0.0287 
       0829+046 170945 58289.71776  8520.0  30.4749    0.8786    0.0367 
          3C207 171607 58289.72219  8520.0  37.4450    1.4725    0.0265 
          OJ287 172228 58289.72660  8520.0  43.6313    5.6952    0.0309 
         MRK421 174000 58289.73879  8520.0  73.8940    0.4741    0.0232 
       1156+295 174715 58289.74382  8520.0  73.4083    2.8791    0.0223 
       1219+285 175345 58289.74832  8520.0  73.3096    0.6400    0.0379 
       0716+714 181044 58289.76024  8520.0  44.0006    1.8746    0.0229 
       0836+710 181720 58289.76481  8520.0  49.8373    2.4855    0.0263 
       0954+658 182357 58289.76937  8520.0  57.1961    0.6444    0.0199 
       1354+195 183410 58289.77640  8520.0  63.4422    1.7707    0.0224 
          3C273 184104 58289.78118  8520.0  45.6725   21.3163    0.0537 
          3C279 184725 58289.78560  8520.0  38.9752   12.9917    0.0424 
       1334-127 185349 58289.79003  8520.0  32.4319    4.0964    0.0310 
       1510-089 190031 58289.79469  8520.0  32.7211    2.3782    0.0245 
       1606+105 191327 58289.80367  8520.0  45.7640    1.2942    0.0253 
       0827+243 193533 58289.81902  8520.0  18.5938    0.9346    0.0341 
       1730-130 015227 58290.08076  8520.0  18.8241    6.6016    0.0463 
       1611+343 020400 58290.08975  8520.0  37.0888    5.3895    0.0275 
       1633+382 021145 58290.09515  8520.0  41.5162    3.2516    0.0375 
          3C345 021932 58290.09958  8520.0  42.5616    6.0765    0.0776 
         MRK501 022400 58290.10463  8520.0  43.1497    1.2592    0.0590 
       1807+698 023356 58290.11068  8520.0  55.2897    1.9202    0.0816 
        3C454.3 025207 58290.12315  8520.0  57.5873   20.6531    0.0688 
       2223-052 030013 58290.12877  8520.0  39.8607    4.1801    0.0751 
       2230+114 030814 58290.13435  8520.0  56.3240    3.8271    0.0442 
       2344+092 031618 58290.13995  8520.0  48.5557    1.0943    0.0239 
          3C66A 033249 58290.15144  8520.0  47.0787    1.2113    0.0369 
       0235+164 034057 58290.15707  8520.0  30.9539    1.6296    0.0340 
       0323+342 034859 58290.16267  8520.0  35.0219    0.3689    0.0308 
           3C84 035644 58290.16709  8520.0  40.6736   35.5687    0.0944 
        NRAO150 040313 58290.17257  8520.0  39.8920   10.3128    0.0354 
       1611+343 043721 58290.19625  8520.0  12.4048    5.3155    0.0408 
       1633+382 044506 58290.20163  8520.0  17.1559    3.2547    0.0381 
          3C345 045250 58290.20603  8520.0  18.5025    6.1375    0.0509 
         MRK501 045717 58290.21108  8520.0  18.9775    1.2551    0.0410 
       1807+698 050706 58290.21703  8520.0  42.2878    1.9476    0.0547 
      S40444+63 115614 58290.50037  8520.0  65.1732    0.7633    0.0191 
    TXS0506+056 120516 58290.50753  8520.0  44.5871    0.7921    0.0247 
       1611+343 221003 58382.92730  8520.0  15.5821    4.9472    0.0523 
       1633+382 221748 58382.93267  8520.0  20.2963    3.6632    0.0606 
          3C345 222533 58382.93709  8520.0  21.5966    5.1794    0.1348 
         MRK501 223000 58382.94213  8520.0  22.0934    1.1729    0.0295 
       1807+698 223945 58382.94805  8520.0  44.0951    1.9114    0.0334 
          3C380 224805 58382.95275  8520.0  39.0085    3.7030    0.0410 
          BLLAC 225522 58382.95877  8520.0  70.8669    2.0726    0.0635 
        3C454.3 231050 58382.96949  8520.0  58.1374   19.5419    0.0887 
       2223-052 231903 58382.97519  8520.0  35.1951    3.8751    0.0304 
       2230+114 232704 58382.98076  8520.0  50.0381    3.3044    0.0297 
       2344+092 233511 58382.98639  8520.0  53.9636    1.0217    0.0228 
          3C66A 235240 58382.99857  8520.0  72.3790    0.9296    0.0366 
       0235+164 000108 58383.00442  8520.0  54.5143    0.9357    0.0181 
       0336-019 000926 58383.01017  8520.0  32.0443    2.0001    0.0242 
       0323+342 001753 58383.01606  8520.0  62.3221    0.3034    0.0170 
           3C84 002542 58383.02053  8520.0  67.4351   31.6013    0.1310 
        NRAO150 003222 58383.02615  8520.0  63.4497   10.2771    0.0470 
       0420-014 004117 58383.03230  8520.0  30.7854    1.5165    0.0221 
       0440-003 004900 58383.03767  8520.0  29.9794    1.3701    0.0250 
       0528+134 005657 58383.04318  8520.0  33.9956    1.0891    0.0225 
      S40444+63 052332 58383.22939  8520.0  67.3004    0.7417    0.0185 
    TXS0506+056 053514 58383.23522  8520.0  47.4029    0.8764    0.0364 
       0735+178 104524 58383.45086  8520.0  33.4692    0.7237    0.0279 
       0736+017 105152 58383.45535  8520.0  21.0820    1.6973    0.0404 
       0827+243 105848 58383.46017  8520.0  44.6322    1.0322    0.0256 
       0829+046 110522 58383.46472  8520.0  29.6383    1.1720    0.0351 
          3C207 111144 58383.46914  8520.0  36.5744    1.5995    0.0250 
          OJ287 111805 58383.47356  8520.0  42.7343    6.5013    0.0392 
         MRK421 113534 58383.48571  8520.0  73.0002    0.4057    0.0288 
       1156+295 114246 58383.49070  8520.0  72.9934    2.4857    0.0260 
       1219+285 114914 58383.49519  8520.0  73.0731    0.6591    0.0253 
       0716+714 120619 58383.50717  8520.0  43.5921    2.4745    0.0265 
       0836+710 121255 58383.51174  8520.0  49.4162    2.3983    0.0247 
       0954+658 121931 58383.51629  8520.0  56.6835    0.6520    0.0265 
       1354+195 122946 58383.52334  8520.0  63.7534    1.5894    0.0284 
          3C273 123639 58383.52811  8520.0  45.3392   21.3317    0.0868 
          3C279 124259 58383.53252  8520.0  38.7806   13.0649    0.0594 
       1334-127 124922 58383.53695  8520.0  32.4203    4.0905    0.0316 
       1510-089 125604 58383.54160  8520.0  33.1163    2.6703    0.0329 
       1606+105 130859 58383.55057  8520.0  46.4553    1.2152    0.0260 
       0827+243 133110 58383.56598  8520.0  17.7028    0.9203    0.0415 
          3C207 133733 58383.57041  8520.0  10.8582    1.4197    0.0492 
          OJ287 134355 58383.57483  8520.0  16.8973    5.8325    0.0520 
         MRK421 135856 58383.58527  8520.0  47.5896    0.4491    0.0287 
       1156+295 140531 58383.58984  8520.0  51.4785    2.3777    0.0315 
       1219+285 141151 58383.59423  8520.0  53.6042    0.7060    0.0273 
       0716+714 142635 58383.60457  8520.0  33.6453    2.4502    0.0371 
       0836+710 143309 58383.60913  8520.0  38.2397    2.3654    0.0317 
       0954+658 143941 58383.61363  8520.0  42.2846    0.6022    0.0393 
       1354+195 144759 58383.61932  8520.0  56.6007    1.5729    0.0269 
          3C273 145457 58383.62415  8520.0  28.8349   21.0071    0.1382 
          3C279 150117 58383.62856  8520.0  25.5632   12.4606    0.0578 
       1334-127 150742 58383.63301  8520.0  23.8004    3.9637    0.0319 
       1510-089 151419 58383.63761  8520.0  34.8651    2.5750    0.0300 
     PG1553+113 152108 58383.64040  8520.0  56.4037    0.2451    0.0468 
       1741-038 205111 58383.87251  8520.0  17.4102    3.6007    0.0339 
       1730-130 184042 58403.78020  8520.0  16.3017    5.4465    0.0514 
       1741-038 184650 58403.78446  8520.0  24.5082    3.1354    0.0381 
       1611+343 185328 58403.79077  8520.0  34.0283    4.8122    0.0339 
       1633+382 190111 58403.79445  8520.0  38.5026    3.5777    0.0413 
        NRAO150 000553 58406.00777  8520.0  73.4543   10.4644    0.0486 
       0420-014 001515 58406.01422  8520.0  38.6263    1.7893    0.0214 
       0440-003 002257 58406.01956  8520.0  38.3403    1.5330    0.0259 
       0528+134 003057 58406.02512  8520.0  44.5922    1.1046    0.0250 
       1741-038 193241 58406.81798  8520.0  15.4521    3.2829    0.0306 
       1741-038 200222 58406.83839  8520.0  10.0625    3.2245    0.0332 
       1611+343 203226 58406.85951  8520.0  16.0694    4.9911    0.0330 
       1633+382 204012 58406.86490  8520.0  20.7749    3.8239    0.0338 
          3C345 204757 58406.86930  8520.0  22.0718    5.1976    0.0402 
         MRK501 205224 58406.87435  8520.0  22.5726    1.1962    0.0342 
       1807+698 210208 58406.88025  8520.0  44.3760    1.9377    0.0232 
          3C380 211058 58406.88530  8520.0  39.4207    3.7643    0.0360 
          BLLAC 211814 58406.89131  8520.0  71.3707    1.9832    0.0223 
        3C454.3 213343 58406.90205  8520.0  58.4033   19.7828    0.0831 
       2223-052 214350 58406.90906  8520.0  35.2813    3.9000    0.0299 
       2230+114 215152 58406.91465  8520.0  50.1413    3.2582    0.0230 
       2344+092 215959 58406.92028  8520.0  54.0115    1.0028    0.0195 
          3C66A 221728 58406.93246  8520.0  72.2276    0.8732    0.0403 
       0235+164 222556 58406.93831  8520.0  54.4027    0.8670    0.0182 
       0336-019 223414 58406.94407  8520.0  31.9331    2.0701    0.0230 
       0323+342 224241 58406.94996  8520.0  62.1747    0.2690    0.0185 
           3C84 225032 58406.95444  8520.0  67.2893   32.1217    0.1320 
        NRAO150 225919 58406.96153  8520.0  63.6548   10.2738    0.0461 
       0420-014 230815 58406.96768  8520.0  30.9682    1.7787    0.0228 
       0440-003 231604 58406.97313  8520.0  30.1835    1.4190    0.0272 
       0528+134 232402 58406.97864  8520.0  34.2430    1.0701    0.0214 
       0735+178 062239 58434.26839  8520.0  44.2137    0.7460    0.0471 
       0736+017 062909 58434.27290  8520.0  31.0338    1.8423    0.0296 
       0827+243 063606 58434.27774  8520.0  55.2598    1.0705    0.0446 
       0829+046 064243 58434.28232  8520.0  38.9163    1.0412    0.0306 
          3C207 064905 58434.28675  8520.0  46.4528    1.5641    0.0252 
          OJ287 065527 58434.29118  8520.0  52.9842    5.9928    0.0345 
       1156+295 071131 58434.30233  8520.0  73.1689    2.1250    0.0227 
       1219+285 073823 58435.32099  8520.0  72.8374    0.6513    0.0226 
       0716+714 075442 58435.33243  8520.0  47.3604    2.8434    0.0271 
       0836+710 080117 58435.33699  8520.0  53.2386    2.4428    0.0300 
       0954+658 080754 58435.34156  8520.0  61.2352    0.5890    0.0242 
       1354+195 081739 58435.34825  8520.0  59.5432    1.6233    0.0239 
          3C273 082438 58435.35310  8520.0  47.3290   22.6939    0.0929 
          3C279 083059 58435.35751  8520.0  39.5662   14.1479    0.0615 
       1334-127 083721 58435.36193  8520.0  31.6306    4.0531    0.0333 
       1510-089 084401 58435.36656  8520.0  28.7159    3.8558    0.0320 
     PG1553+113 085038 58435.37115  8520.0  41.0663    0.2170    0.0256 
       1606+105 085657 58435.37554  8520.0  39.5084    1.2508    0.0237 
       0827+243 095117 58435.41159  8520.0  20.3648    1.1267    0.0534 
       1730-130 161921 58435.68374  8520.0  18.5057    5.9343    0.0378 
       1741-038 162709 58435.68915  8520.0  26.5966    3.4157    0.0309 
       1730-130 165628 58435.70951  8520.0  13.2621    5.9142    0.0424 
       1741-038 170416 58435.71493  8520.0  21.0078    3.4326    0.0330 
       1611+343 183430 58438.77760  8520.0  14.8900    5.0518    0.0470 
       1633+382 184214 58438.78299  8520.0  19.6069    4.1545    0.0380 
          3C345 185000 58438.78740  8520.0  20.9176    5.1106    0.0459 
         MRK501 185427 58438.79245  8520.0  21.4096    1.1752    0.0480 
       1807+698 190413 58438.79836  8520.0  43.7022    1.9815    0.0255 
          3C380 191232 58438.80306  8520.0  38.3212    3.8681    0.0407 
          BLLAC 191949 58438.80908  8520.0  70.0405    2.1130    0.0234 
        3C454.3 193516 58438.81979  8520.0  57.6807   20.7704    0.0908 
       2223-052 194329 58438.82549  8520.0  34.7376    4.0370    0.0495 
          3C66A 201708 58438.84889  8520.0  73.2032    0.8176    0.0653 
       0235+164 202537 58438.85474  8520.0  55.1163    0.7853    0.0230 
       0336-019 203352 58438.86049  8520.0  32.6566    2.0643    0.0314 
       0323+342 204221 58438.86639  8520.0  63.1366    0.3016    0.0257 
           3C84 205012 58438.87087  8520.0  68.2645   32.4049    0.1185 
        NRAO150 205653 58438.87651  8520.0  64.1848   10.7292    0.0446 
       0420-014 210550 58438.88270  8520.0  31.4434    1.9133    0.0224 
       0440-003 211335 58438.88805  8520.0  30.6645    1.4238    0.0211 
       0528+134 212131 58438.89357  8520.0  34.8117    1.1259    0.0211 
       1611+343 115148 58467.49601  8520.0  64.5394    4.8692    0.0305 
       1633+382 115459 58467.49822  8520.0  69.7218    4.0919    0.0323 
          3C345 115803 58467.50035  8520.0  71.2466    4.9259    0.0277 
         MRK501 120108 58467.50249  8520.0  72.6071    1.1390    0.0252 
       1730-130 120533 58467.50556  8520.0  31.0159    5.9064    0.0333 
       1741-038 120850 58467.50784  8520.0  40.4524    3.3405    0.0304 
       1807+698 121505 58467.51224  8520.0  64.3979    1.9498    0.0236 
    1ES1959+650 121848 58467.51879  8520.0  67.0039    0.3409    0.0134 
          BLLAC 122851 58467.52174  8520.0  55.8059    2.2421    0.0305 
          3C380 142354 58467.60164  8520.0  66.1618    3.5259    0.0270 
       2223-052 142953 58467.60579  8520.0  36.4637    3.8617    0.0332 
       2230+114 143319 58467.60817  8520.0  51.4204    3.1461    0.0259 
        3C454.3 143632 58467.61041  8520.0  52.9507   20.7989    0.0646 
       2344+092 173933 58467.73749  8520.0  54.9019    1.0108    0.0428 
          3C66A 174443 58467.74110  8520.0  65.8847    0.8076    0.0396 
           3C84 175346 58467.74738  8520.0  56.9633   32.4737    0.1171 
       0336-019 175751 58467.75020  8520.0  26.3035    1.9793    0.0497 
        NRAO150 181000 58467.75867  8520.0  55.4550   11.5129    0.0456 
       0420-014 181922 58467.76515  8520.0  23.1977    2.0925    0.0412 
    TXS0506+056 182239 58467.76936  8520.0  21.7345    1.0144    0.0649 
    1ES2344+514 233844 58467.99185  8520.0  30.4354    0.2218    0.0305 
       0528+134 235538 58467.99867  8520.0  57.2575    1.0390    0.0387 
       0716+714 000205 58468.00327  8520.0  62.3021    1.6791    0.0326 
       0736+017 000943 58468.00844  8520.0  44.7520    1.5032    0.0312 
       0735+178 001311 58468.01182  8520.0  60.4704    0.6543    0.0244 
       0827+243 001808 58468.01429  8520.0  60.0716    1.1699    0.0273 
       0829+046 002142 58468.01773  8520.0  43.9281    0.9896    0.0232 
          3C207 002616 58468.01993  8520.0  50.9083    1.5731    0.0336 
       0836+710 003140 58468.02380  8520.0  60.5872    2.3965    0.0290 
          OJ287 003709 58468.02749  8520.0  56.1919    6.5541    0.0348 
       0954+658 004205 58468.03197  8520.0  58.6903    0.8437    0.0384 
         MRK421 004733 58468.03862  8520.0  47.8760    0.4476    0.0180 
       1156+295 005639 58468.04104  8520.0  34.0834    2.0739    0.0339 
       1219+285 005949 58468.04712  8520.0  31.1583    0.6209    0.0229 
    PKS1222+216 072920 58468.31374  8520.0  60.1502    2.8870    0.0360 
          3C273 073253 58468.31620  8520.0  42.9927   22.7450    0.0825 
          3C279 073607 58468.31845  8520.0  37.4262   14.4252    0.0548 
       1510-089 075647 58468.33280  8520.0  35.1548    4.2720    0.0780 
  PKSJ1153-1105 043429 58464.19810  8520.0  32.6319    0.2725    0.0164 
  PKSJ1153-1105 044552 58464.20216  8520.0  32.9342    0.2602    0.0408 
       2344+092 170652 58499.71475 24100.0  47.6481    1.3289    0.0743
       0420-014 173716 58499.73586 24100.0  35.2194    3.7358    0.1563
    TXS0506+056 174513 58499.74421 24100.0  36.4838    1.0885    0.0803
       0528+134 180726 58499.75869 24100.0  42.4995    1.0552    0.0656
       1730-130 091929 58500.39018 24100.0  32.2252    3.0633    0.1211
       FLAGGED  1741-038 092425 58500.39360 24100.0  41.5353    0.3346    0.4039
    PKS1222+216 014443 58532.07436 24100.0  66.7459    1.9580    0.0647
     PKS1441+25 014900 58532.10936 24100.0  63.2409    0.1463    0.0127
          3C273 024106 58532.11352 24100.0  45.9748   15.6183    0.3367
          3C279 024557 58532.11690 24100.0  39.1827   14.1933    0.3039
       1334-127 025051 58532.12030 24100.0  32.3946    3.6619    0.1075
       1354+195 025631 58532.12423 24100.0  64.2965    1.3970    0.0594
     PG1553+113 042729 58532.20059 24100.0  55.9879    0.2128    0.0213
       1510-089 045145 58532.20425 24100.0  36.1570    3.2855    0.0957
       1606+105 045658 58532.20788 24100.0  55.1927    0.7867    0.0558
       1730-130 063145 58532.27371 24100.0  32.1660    4.4636    0.0837
       1741-038 063641 58532.27712 24100.0  41.2294    4.3097    0.0906
       1807+698 064439 58532.28268 24100.0  64.1347    2.2665    0.0620
    1ES1959+650 083649 58532.39289 24100.0  69.3155    0.3125    0.0234
          3C380 093047 58532.39803 24100.0  72.1852    2.1279    0.0666
          BLLAC 093837 58532.40347 24100.0  71.0543    2.0754    0.0762
       2223-052 094937 58532.41110 24100.0  34.1683    2.7572    0.1276
       2230+114 095442 58532.41464 24100.0  48.6950    3.0033    0.0890
        3C454.3 095932 58532.41799 24100.0  50.0151   16.7918    0.3029
       2344+092 144550 58532.61680 24100.0  48.9627    1.3160    0.0785
       0235+164 145158 58532.62107 24100.0  58.8860    0.4860    0.0617
           3C84 145748 58532.62513 24100.0  71.2645   26.2758    0.5256
       0336-019 150335 58532.62914 24100.0  37.1202    1.4601    0.0795
        NRAO150 150953 58532.63352 24100.0  67.4881    8.9834    0.2087
       0420-014 151559 58532.63775 24100.0  33.7896    3.8750    0.1199
       0440-003 152048 58532.64109 24100.0  32.7410    0.9531    0.0824
    TXS0506+056 152356 58532.64609 24100.0  34.7498    1.2766    0.0596
       0528+134 154612 58532.66062 24100.0  40.6638    1.0802    0.0582
    1ES2344+514 155714 58532.69852 24100.0  53.9269    0.1814    0.0148
       0716+714 211906 58532.89184 24100.0  62.7766    1.9456    0.0610
       0736+017 212954 58532.89741 24100.0  46.4537    0.6654    0.0794
       0735+178 213502 58532.90473 24100.0  61.5914    0.5584    0.0358
       0827+243 214538 58532.91021 24100.0  69.5880    1.1202    0.0472
       0829+046 215155 58532.91646 24100.0  49.8669    0.8675    0.0422
          3C207 220032 58532.91963 24100.0  58.6026    1.2904    0.0521
       0836+710 221014 58532.92544 24100.0  63.6663    1.8601    0.0651
          OJ287 221836 58532.93124 24100.0  65.4818    5.0708    0.1267
       0954+658 223953 58532.94793 24100.0  68.4916    1.3702    0.0523
         MRK421 225251 58532.96067 24100.0  73.4347    0.3602    0.0292
       1156+295 230606 58532.96516 24100.0  60.0525    1.5040    0.0559
       1219+285 231032 58532.97177 24100.0  57.4624    0.4955    0.0343
       2344+092 131557 58556.55440 24100.0  48.4444    1.3829    0.0996
       0235+164 132204 58556.55864 24100.0  59.3012    0.4418    0.0645
           3C84 132756 58556.56272 24100.0  72.0697   28.2161    0.5654
       0336-019 133714 58556.56917 24100.0  37.9652    1.5235    0.1088
        NRAO150 134335 58556.57359 24100.0  68.7554    9.0385    0.1881
       0420-014 134945 58556.57786 24100.0  34.8155    3.7295    0.1169
    TXS0506+056 135741 58556.58620 24100.0  35.9860    1.9124    0.1574
       0528+134 141955 58556.60071 24100.0  41.9736    0.9509    0.0642
    1ES2344+514 143101 58556.63504 24100.0  53.3546    0.1747    0.0196
       0716+714 201744 58556.84924 24100.0  61.7876    1.5079    0.0627
       0736+017 202938 58556.85556 24100.0  44.5903    0.9721    0.0724
       0735+178 203445 58556.86288 24100.0  58.5290    0.5960    0.0650
       0827+243 204513 58556.86826 24100.0  68.5003    1.0752    0.0547
       0829+046 205129 58556.87451 24100.0  48.8808    0.7921    0.0473
          3C207 210007 58556.87768 24100.0  57.6327    1.4100    0.0800
       0836+710 210921 58556.88317 24100.0  63.1720    1.9508    0.0900
          OJ287 211713 58556.88860 24100.0  64.2273    5.6847    0.1862
       0954+658 213817 58556.90515 24100.0  69.0369    1.6579    0.0686
       1156+295 215115 58556.91318 24100.0  63.2656    1.5384    0.0674
       1219+285 215540 58556.92096 24100.0  60.8466    0.4723    0.0310
    PKS1222+216 000130 58557.00269 24100.0  66.7054    1.8674    0.0722
     PKS1441+25 000545 58557.03764 24100.0  62.5392    0.1288    0.0160
          3C273 005751 58557.04182 24100.0  46.2389   15.8373    0.4361
          3C279 010243 58557.04520 24100.0  39.3078   13.2433    0.3667
       1334-127 010736 58557.04859 24100.0  32.3447    3.5642    0.1311
       1510-089 032114 58557.14139 24100.0  35.9930    2.8369    0.1005
     PG1553+113 034749 58557.17301 24100.0  56.0489    0.1724    0.0250
       1510-089 041205 58557.17671 24100.0  33.5761    2.7554    0.0910
       1606+105 041726 58557.18043 24100.0  55.4426    0.7518    0.0789
     PG1553+113 043838 58557.20807 24100.0  52.4348    0.1880    0.0249
       1730-130 053042 58557.23130 24100.0  32.2790    4.2249    0.1061
       1807+698 054358 58557.24053 24100.0  64.6824    2.2992    0.0710
    1ES1959+650 065914 58557.32508 24100.0  69.3149    0.2693    0.0187
          BLLAC 075947 58557.33483 24100.0  70.9515    1.9776    0.1156
       2223-052 081053 58557.34254 24100.0  34.1180    2.8216    0.0931
       2230+114 081705 58557.34685 24100.0  48.7786    3.3387    0.0805
        3C454.3 082155 58557.35020 24100.0  50.1121   18.0128    0.2486
           3C84 112007 58588.47396 24100.0  71.7230   27.4863    0.8382
        NRAO150 113213 58588.48236 24100.0  67.8844    8.5395    0.2775
       0528+134 120831 58588.50945 24100.0  41.0714    1.0242    0.0976
       0716+714 175224 58588.74829 24100.0  62.4372    1.7439    0.0800
       0736+017 180303 58588.75376 24100.0  45.8700    1.2381    0.0911
       0735+178 180811 58588.76109 24100.0  60.5608    0.5764    0.0452
       0827+243 181844 58588.76654 24100.0  69.4399    1.0857    0.0748
       0829+046 182501 58588.77278 24100.0  49.6492    0.8182    0.0592
          3C207 183338 58588.77595 24100.0  58.4252    1.5147    0.0902
       0836+710 184308 58588.78163 24100.0  63.5454    2.3630    0.1227
          OJ287 185118 58588.78727 24100.0  65.2118    6.6724    0.3013
       0954+658 191225 58588.80386 24100.0  68.8104    1.7019    0.0891
         MRK421 192515 58588.81297 24100.0  74.7522    0.4158    0.0490
       1156+295 193326 58588.81747 24100.0  61.3062    1.7629    0.0949
       1219+285 193751 58588.82384 24100.0  58.6613    0.5728    0.0468
    PKS1222+216 215518 58588.91505 24100.0  66.7012    1.8489    0.0868
     PKS1441+25 215933 58588.94999 24100.0  62.4832    0.1332    0.0184
          3C273 225138 58588.95418 24100.0  46.2586   16.5385    0.4826
          3C279 225630 58588.95756 24100.0  39.3170   12.5445    0.3692
       1334-127 230123 58588.96094 24100.0  32.3392    3.9649    0.1503
    PKS1222+216 231853 58588.97310 24100.0  61.8578    1.7236    0.0844
     PG1553+113 005232 58589.05131 24100.0  56.3061    0.2215    0.0242
       1510-089 011648 58589.05506 24100.0  35.9545    2.9975    0.1173
       FLAGGED 1606+105 012210 58589.05872 24100.0  55.5399    0.9681    0.8664
     PG1553+113 014331 58589.08670 24100.0  55.9882    0.2354    0.0235
       1510-089 020750 58589.09042 24100.0  33.4653    2.7799    0.1059
       1606+105 021311 58589.09414 24100.0  55.3861    0.8044    0.0999
       1730-130 031335 58589.13608 24100.0  32.3757    4.0203    0.1091
       1741-038 031830 58589.13950 24100.0  41.6292    4.6741    0.1064
       1807+698 032646 58589.14526 24100.0  64.6083    2.4151    0.0748
    1ES1959+650 051127 58589.25021 24100.0  69.0934    0.2697    0.0161
          3C380 060347 58589.25428 24100.0  69.3553    2.1834    0.0829
          BLLAC 061408 58589.26147 24100.0  74.5501    1.7909    0.0668
       2223-052 062005 58589.26560 24100.0  35.6127    2.8826    0.1057
       2230+114 062512 58589.26915 24100.0  50.5162    3.4872    0.0977
        3C454.3 063003 58589.27252 24100.0  52.1115   19.6698    0.4505
       0716+714 151719 58625.64060 24100.0  62.6914    2.7192    0.1553
       0736+017 152804 58625.64614 24100.0  46.3077    1.5983    0.1564
       0735+178 153311 58625.65347 24100.0  61.3249    0.5551    0.0838
       0827+243 154347 58625.65893 24100.0  69.5891    1.0091    0.1603
       0836+710 160820 58625.67412 24100.0  63.6402    2.3801    0.2183
          OJ287 161638 58625.67987 24100.0  65.4364    5.7268    0.2538
       0954+658 163750 58625.69651 24100.0  68.6012    1.5245    0.1473
       1156+295 170400 58625.71371 24100.0  60.6573    1.0295    0.0784
       1219+285 170826 58625.71891 24100.0  57.5972    0.4951    0.0624
       1156+295 171757 58625.72340 24100.0  62.9558    0.9518    0.0877
    PKS1222+216 192040 58625.80767 24100.0  66.5143    1.7805    0.1033
     PKS1441+25 192452 58625.84258 24100.0  61.1530    0.1605    0.0195
          3C273 201659 58625.84678 24100.0  46.6832   18.4812    0.6618
          3C279 202151 58625.85016 24100.0  39.4899   11.8375    0.4354
       1334-127 202643 58625.85353 24100.0  32.1912    4.0826    0.2031
       1354+195 203222 58625.85746 24100.0  63.5904    1.5583    0.0993
    PKS1222+216 204415 58625.86571 24100.0  62.8817    1.8975    0.1121
     PG1553+113 223403 58625.95513 24100.0  56.4760    0.2421    0.0319
       1510-089 225819 58625.95882 24100.0  35.7566    3.1587    0.1393
       1606+105 230337 58625.96250 24100.0  55.7293    0.7229    0.0855
       1730-130 235304 58625.99684 24100.0  31.2182    3.8548    0.1601
       1741-038 235758 58626.00023 24100.0  39.9648    5.1027    0.1330
       1807+698 000539 58626.00558 24100.0  63.1204    2.5825    0.0993
       1730-130 004300 58626.03151 24100.0  32.3835    3.8935    0.1400
       1741-038 004756 58626.03494 24100.0  41.6057    5.0745    0.1390
       1807+698 005609 58626.04066 24100.0  64.5458    2.6224    0.0932
    1ES1959+650 025950 58626.15885 24100.0  68.7276    0.2681    0.0246
       2223-052 040125 58626.16931 24100.0  36.2344    2.7080    0.2626
       2344+092 092017 58626.39074 24100.0  43.2941    1.4333    0.1265
       0235+164 092617 58626.39490 24100.0  61.7928    0.4403    0.1122
       0336-019 093141 58626.39866 24100.0  40.6518    1.2448    0.1407
        NRAO150 093815 58626.40321 24100.0  73.3990    8.1321    0.2269
       0420-014 094500 58626.40789 24100.0  38.2793    4.3029    0.1712
    TXS0506+056 095258 58626.41626 24100.0  40.3561    1.5796    0.0882
       0528+134 101516 58626.43080 24100.0  46.6954    1.1014    0.1057
          3C66A 111751 58626.47238 24100.0  70.9894    0.6372    0.0956
    PKS1222+216 174624 58658.74220 24100.0  66.4172    1.7052    0.1260
          3C273 175138 58658.74584 24100.0  47.1926   20.5526    0.9611
          3C279 175630 58658.74922 24100.0  39.5877   12.4921    0.5955
       1354+195 180152 58658.75294 24100.0  62.0444    1.5847    0.1245
     PKS1441+25 180519 58658.78734 24100.0  67.5416    0.1615    0.0247
       1334-127 185711 58658.79136 24100.0  32.2905    4.7110    0.2691
       1611+343 190334 58658.79579 24100.0  62.7253    3.5974    0.1971
     PG1553+113 205316 58658.88515 24100.0  56.4577    0.2374    0.0373
       1510-089 211735 58658.88885 24100.0  34.4394    3.0582    0.1957
       1730-130 234928 58658.99434 24100.0  29.9039    3.4558    0.2132
       1741-038 235424 58658.99776 24100.0  39.2063    4.8824    0.1977
       1633+382 000023 58659.00192 24100.0  62.3941    2.6678    0.1148
          3C345 000512 58659.00527 24100.0  63.5781    6.1562    0.2007
         MRK501 000811 58659.00828 24100.0  64.7266    0.9140    0.0872
       1807+698 001546 58659.01262 24100.0  63.2742    2.6303    0.1202
    1ES1959+650 023033 58659.13849 24100.0  62.1108    0.3394    0.0249
          3C380 033705 58659.15241 24100.0  48.5090    2.2966    0.1459
       2223-052 034406 58659.15727 24100.0  40.4645    2.9510    0.1427
       2230+114 034917 58659.16088 24100.0  57.1204    3.2630    0.1464
        3C454.3 035408 58659.16425 24100.0  61.7249   19.5905    0.5537
          BLLAC 041640 58659.18083 24100.0  76.2465    1.9130    0.1017
        NRAO150 064456 58659.28286 24100.0  66.6113    8.5447    0.2738
       0235+164 065508 58659.28993 24100.0  60.7051    0.6882    0.1563
       0336-019 070029 58659.29365 24100.0  38.7815    1.3349    0.1627
       2344+092 070651 58659.29807 24100.0  43.8163    1.7267    0.1410
       0420-014 072703 58659.31211 24100.0  37.4110    4.2309    0.2020
       0440-003 073153 58659.31546 24100.0  36.6681    1.1563    0.1589
    TXS0506+056 073501 58659.32046 24100.0  39.2225    1.5812    0.1063
       0528+134 074356 58659.32572 24100.0  43.4645    0.3515    0.1788
    1ES2344+514 075458 58659.36359 24100.0  51.3502    0.1689    0.0249
          3C66A 084638 58659.36737 24100.0  74.8298    0.6502    0.0949
       0336-019 091337 58659.38610 24100.0  43.1297    1.2149    0.1510
         MRK421 133945 58659.57658 24100.0  63.9623    0.3493    0.0632
           3C84 135544 58659.58202 24100.0  31.2866   19.7805    1.8187
       0716+714 140121 58659.58784 24100.0  60.5355    2.0053    0.2052
       0829+046 143515 58659.61324 24100.0  47.0429    0.6922    0.1021
          3C207 144354 58659.61642 24100.0  55.6161    1.2269    0.1494
       0836+710 145248 58659.62167 24100.0  62.2802    1.9732    0.2085
          OJ287 150016 58659.62684 24100.0  61.8624    6.1067    0.5560
       0954+658 152129 58659.64348 24100.0  68.7357    1.4923    0.1494
       1156+295 153340 58659.65097 24100.0  67.4762    0.7543    0.1058
       1219+285 153804 58659.65873 24100.0  65.1465    0.4867    0.0707
         MRK421 112822 58687.48533 24100.0  60.1565    0.4300    0.1375
           3C84 114419 58687.49076 24100.0  34.6483   27.2354    6.8535
       0716+714 115000 58687.49664 24100.0  61.5020    2.4033    0.6037
       0736+017 120024 58687.50193 24100.0  44.1624    2.4064    0.6432
       0827+243 121557 58687.51460 24100.0  68.1041    1.2354    0.3525
       0829+046 122213 58687.52083 24100.0  48.5873    0.9201    0.2714
          3C207 123049 58687.52400 24100.0  57.3119    1.4951    0.4436
       0836+710 124000 58687.52945 24100.0  63.0288    2.2550    0.5736
          OJ287 124746 58687.53482 24100.0  63.8403    6.7241    1.7167
       0954+658 130902 58687.55151 24100.0  69.0337    1.7419    0.4527
       1156+295 132130 58687.55918 24100.0  64.1265    0.6984    0.2522
    PKS1222+216 152351 58687.64321 24100.0  66.6840    1.9449    0.1709
          3C273 152907 58687.64688 24100.0  47.3953   20.1070    0.8155
          3C279 153402 58687.65028 24100.0  39.1332   12.8114    0.5273
       1354+195 153920 58687.65396 24100.0  59.0445    1.5789    0.1255
     PKS1441+25 154242 58687.68832 24100.0  64.2020    0.1612    0.0307
       1334-127 163430 58687.69228 24100.0  32.3771    4.7225    0.2794
       1611+343 164052 58687.69670 24100.0  57.6525    2.9985    0.1773
     PG1553+113 183954 58687.79254 24100.0  56.5994    0.2619    0.0394
       1510-089 190412 58687.79623 24100.0  35.4015    3.0968    0.1939
       1606+105 190930 58687.79991 24100.0  55.8872    0.7115    0.1172
     PG1553+113 193058 58687.82798 24100.0  55.1264    0.2765    0.0380
       1510-089 195517 58687.83170 24100.0  32.1712    2.9828    0.2037
       1606+105 200039 58687.83544 24100.0  54.5834    0.7212    0.1190
     PG1553+113 202158 58687.86341 24100.0  50.5294    0.2414    0.0466
       1510-089 204619 58687.86715 24100.0  26.9787    2.8944    0.2165
       1606+105 205143 58687.87090 24100.0  50.1535    0.6820    0.1492
       1730-130 213704 58687.90239 24100.0  30.9554    3.0637    0.1792
       1741-038 214201 58687.90583 24100.0  40.3069    4.7776    0.1921
       1633+382 214804 58687.91003 24100.0  65.6580    2.5452    0.1069
          3C345 215255 58687.91340 24100.0  66.8401    6.5742    0.1999
         MRK501 215554 58687.91640 24100.0  67.9892    0.9254    0.0972
       1807+698 220337 58687.92084 24100.0  63.9089    2.7306    0.1458
    1ES1959+650 004254 58688.06373 24100.0  61.5258    0.2923    0.0254
          3C380 014924 58688.07762 24100.0  47.5167    2.2413    0.1269
       2223-052 015623 58688.08246 24100.0  40.3297    2.7674    0.1521
       2230+114 020132 58688.08605 24100.0  56.9511    3.1750    0.1303
        3C454.3 020624 58688.08942 24100.0  61.6969   17.6490    0.5191
          BLLAC 022239 58688.10166 24100.0  76.2447    1.7138    0.0885
    1ES1959+650 022943 58688.10848 24100.0  55.1705    0.2674    0.0704
        NRAO150 045027 58688.20335 24100.0  66.5298    8.1859    0.3346
       0235+164 050039 58688.21043 24100.0  60.6718    0.7958    0.1044
       0336-019 050601 58688.21416 24100.0  38.7376    1.1213    0.1526
       2344+092 051220 58688.21856 24100.0  43.8854    1.3974    0.1393
       0420-014 053232 58688.23258 24100.0  37.3548    4.1386    0.2281
       0440-003 053721 58688.23592 24100.0  36.6073    1.1901    0.1586
    TXS0506+056 054029 58688.24093 24100.0  39.1540    1.6762    0.1106
       0528+134 054926 58688.24619 24100.0  43.3159    0.9144    0.0988
          3C66A 065208 58688.28786 24100.0  74.9139    0.5937    0.1116
         MRK421 095234 58709.41881 24100.0  58.4957    0.3697    0.0686
       0716+714 101415 58709.43015 24100.0  61.8650    1.3051    0.1044
       0735+178 102950 58709.44280 24100.0  58.8873    0.5157    0.1076
       0827+243 104018 58709.44818 24100.0  68.7123    1.0683    0.1348
          3C207 110003 58709.46096 24100.0  57.5609    1.3558    0.1277
       0836+710 110916 58709.46644 24100.0  63.1441    1.7513    0.1607
          OJ287 111706 58709.47185 24100.0  64.1372    5.0655    0.2334
       0954+658 113822 58709.48854 24100.0  69.0452    1.2826    0.0979
          3C273 140327 58709.58738 24100.0  47.3961   20.2943    0.8458
          3C279 140820 58709.59077 24100.0  39.1546   12.8167    0.5449
       1354+195 141340 58709.59447 24100.0  59.1397    1.6645    0.1104
       1334-127 150854 58709.63283 24100.0  32.3812    5.7296    0.2706
       1611+343 151515 58709.63724 24100.0  57.8075    3.1218    0.1592
    PKS1222+216 153825 58709.65332 24100.0  59.9782    1.6180    0.1217
          3C273 154338 58709.65696 24100.0  42.7102   19.3388    1.3643
          3C279 154831 58709.66034 24100.0  37.1188   12.1926    0.8609
     PG1553+113 174701 58709.75582 24100.0  56.0216    0.2500    0.0325
       1510-089 181217 58709.76018 24100.0  33.4538    2.9019    0.1491
       1510-089 190356 58709.79605 24100.0  28.7778    2.9194    0.1807
       1606+105 190929 58709.79990 24100.0  51.8102    0.2960    0.1110
       1730-130 200052 58709.83558 24100.0  31.3984    3.3875    0.1619
       1741-038 200548 58709.83901 24100.0  40.7651    5.4987    0.1639
       1633+382 201150 58709.84321 24100.0  67.3881    2.3968    0.0934
          3C345 201641 58709.84657 24100.0  68.5767    6.2788    0.1513
         MRK501 201940 58709.84959 24100.0  69.7214    0.9432    0.0679
       1807+698 202728 58709.85407 24100.0  64.1760    2.6991    0.0977
    1ES1959+650 231904 58710.00554 24100.0  61.2810    0.2725    0.0239
          3C380 002535 58710.01941 24100.0  47.1003    2.4839    0.1170
       2223-052 003234 58710.02426 24100.0  40.2630    2.9866    0.1479
       2230+114 003745 58710.02786 24100.0  56.8632    3.3669    0.1369
        3C454.3 004234 58710.03121 24100.0  61.6698   17.3241    0.4875
          BLLAC 005632 58710.04185 24100.0  76.1790    1.4773    0.0857
        NRAO150 033419 58710.15049 24100.0  68.1581    7.3085    0.2489
       0235+164 034426 58710.15751 24100.0  61.2824    0.9293    0.1167
       0336-019 034947 58710.16122 24100.0  39.6835    1.1604    0.1176
       2344+092 035607 58710.16562 24100.0  42.4179    1.6473    0.1348
       0420-014 041619 58710.17965 24100.0  38.4404    4.3380    0.2155
       0440-003 042108 58710.18299 24100.0  37.8094    1.0801    0.1409
       0528+134 043333 58710.19350 24100.0  44.9622    1.0005    0.0832
    1ES2344+514 044432 58710.23137 24100.0  49.8262    0.1971    0.0258
       0528+134 043333 58710.19350 24100.0  44.9622    1.0005    0.0832
    1ES2344+514 044432 58710.23137 24100.0  49.8262    0.1971    0.0258
       1510-089 143423 58757.60886 24100.0  35.1668    2.7088    0.1577
       1606+105 143942 58757.61255 24100.0  55.9118    0.6404    0.0931
       1730-130 172706 58757.72880 24100.0  29.4406    2.9964    0.1803
       1741-038 173201 58757.73222 24100.0  38.7127    5.4101    0.2088
       1633+382 173759 58757.73636 24100.0  61.1654    2.2520    0.1179
          3C345 174250 58757.73973 24100.0  62.3447    6.3242    0.2200
         MRK501 174549 58757.74275 24100.0  63.4893    0.9924    0.0856
       1807+698 175322 58757.74707 24100.0  62.9775    2.7116    0.1227
    1ES1959+650 200917 58757.87375 24100.0  61.3726    0.2624    0.0220
          3C380 211550 58757.88765 24100.0  47.2548    2.3570    0.1296
       2223-052 212249 58757.89249 24100.0  40.2879    2.7389    0.1346
       2230+114 212759 58757.89608 24100.0  56.8986    3.5468    0.1373
        3C454.3 213248 58757.89943 24100.0  61.6824   14.5354    0.4243
    1ES1959+650 215353 58757.92025 24100.0  54.6232    0.2688    0.0488
        NRAO150 002013 58758.01569 24100.0  67.3077    7.5204    0.2303
       0235+164 003023 58758.02275 24100.0  60.9849    0.9598    0.0943
       0336-019 003545 58758.02647 24100.0  39.2041    1.0520    0.1313
       2344+092 004206 58758.03089 24100.0  43.1846    1.5734    0.1263
       0420-014 010217 58758.04491 24100.0  37.8881    4.2600    0.1620
       0440-003 010707 58758.04826 24100.0  37.1984    1.1151    0.1268
    TXS0506+056 011016 58758.05327 24100.0  39.8439    1.8904    0.0912
       0528+134 011912 58758.05853 24100.0  44.0961    0.9909    0.1005
       0235+164 024337 58758.11527 24100.0  55.8036    0.9506    0.1602
       0336-019 024853 58758.11893 24100.0  42.9435    0.9967    0.1447
       0420-014 031402 58758.13639 24100.0  43.9517    4.0678    0.2078
    TXS0506+056 032158 58758.14474 24100.0  51.0812    1.9216    0.0959
           3C84 065246 58758.28829 24100.0  36.6438   23.3650    0.9025
     PG1553+113 130021 58776.55672 24100.0  56.5816    0.2932    0.0360
     PG1553+113 135124 58776.59217 24100.0  54.4112    0.3221    0.0881
          3C345 160512 58776.67193 24100.0  66.4385    6.1913    0.4000
    1ES1959+650 185145 58776.81990 24100.0  61.6314    0.2267    0.0252
          3C380 200320 58776.83730 24100.0  46.9131    2.2697    0.1298
       2230+114 201528 58776.84572 24100.0  56.8223    3.4795    0.1403
        3C454.3 202018 58776.84908 24100.0  61.6538   14.4810    0.4153
          BLLAC 203226 58776.85845 24100.0  76.2982    1.7003    0.0935
        NRAO150 230600 58776.96415 24100.0  67.3800    7.4755    0.3133
       0235+164 231608 58776.97118 24100.0  61.0137    0.8832    0.1304
       0336-019 232129 58776.97490 24100.0  39.2419    1.1374    0.1541
       2344+092 232750 58776.97931 24100.0  43.1243    1.5769    0.1560
       0420-014 234801 58776.99333 24100.0  37.9333    3.9247    0.2196
       0528+134 000454 58777.00694 24100.0  44.1552    0.8506    0.1070
    1ES2344+514 001554 58777.04006 24100.0  51.6493    0.1752    0.0309
        NRAO150 225845 58779.95912 24100.0  68.0964    7.9366    0.4650
       FLAGGED 0336-019 231413 58779.96986 24100.0  39.6558    0.3278    0.1809
       0420-014 234049 58779.98833 24100.0  38.4119    4.1181    0.3015
    TXS0506+056 020015 58780.08798 24100.0  51.1477    1.9853    0.2709
    PKS1222+216 102630 58781.43672 24100.0  63.3303    1.5112    0.1868
          3C273 103142 58781.44033 24100.0  45.1169   16.3104    0.8660
          3C279 103633 58781.44370 24100.0  38.7040   13.4112    0.7618
       1354+195 104203 58781.44752 24100.0  64.5514    1.8509    0.1518
     PKS1441+25 104533 58781.48197 24100.0  70.3134    0.1683    0.0396
       1334-127 113735 58781.48608 24100.0  30.7398    5.4411    0.3321
       1611+343 114357 58781.49051 24100.0  70.2304    3.2669    0.1993
    PKS1222+216 120531 58781.50548 24100.0  49.3377    1.4799    0.1429
       0716+714 073922 58784.32259 24100.0  53.3522    1.5566    0.1352
       0827+243 080414 58784.33981 24100.0  50.1936    1.2818    0.1232
       0829+046 081021 58784.34594 24100.0  34.2779    1.1871    0.1927
          3C207 081857 58784.34908 24100.0  41.7583    1.5874    0.1642
       0836+710 082652 58784.35366 24100.0  56.1088    2.6009    0.2079
          OJ287 083320 58784.35813 24100.0  46.9670    5.7070    0.4242
       0954+658 084602 58784.36887 24100.0  63.2290    1.9486    0.1559
       1156+295 085630 58784.37516 24100.0  74.4476    0.7035    0.0927
       1219+285 090107 58784.38308 24100.0  73.6037    0.6815    0.0656
        NRAO150 210536 58808.88054 24100.0  68.2290    7.5877    0.3473
       0336-019 212302 58808.89265 24100.0  39.8999    1.1272    0.2925
    TXS0506+056 215728 58808.91939 24100.0  40.8864    2.0571    0.1314
       0528+134 220812 58808.92591 24100.0  45.5585    1.1042    0.1255
    1ES2344+514 221911 58808.96375 24100.0  49.2509    0.1804    0.0365
          3C66A 231050 58808.96751 24100.0  72.3337    0.6867    0.0975
       0235+164 233231 58808.98256 24100.0  54.6120    0.9277    0.1167
         MRK421 032635 58809.15077 24100.0  59.7743    0.4324    0.0575
           3C84 034233 58809.15620 24100.0  34.9885   24.4041    1.3861
       0716+714 034815 58809.16209 24100.0  61.5931    1.4859    0.1089
       0736+017 035840 58809.16739 24100.0  44.3157    2.8044    0.1935
       0735+178 040346 58809.17471 24100.0  58.1136    0.6109    0.0734
       0836+710 043819 58809.19494 24100.0  63.0877    2.3037    0.2459
          OJ287 044606 58809.20033 24100.0  63.9788    5.2527    0.3154
       0954+658 050722 58809.21701 24100.0  69.0459    1.8424    0.1552
       1219+285 052416 58809.23250 24100.0  61.3967    0.4921    0.0668
       0716+714 060509 58809.25715 24100.0  53.0395    1.3114    0.1164
       0736+017 061431 58809.26173 24100.0  27.4879    2.1871    0.1749
       0735+178 061931 58809.26896 24100.0  37.3858    0.4611    0.0789
       0827+243 063000 58809.27436 24100.0  49.4933    0.8818    0.0827
       0829+046 063607 58809.28048 24100.0  33.6621    0.7956    0.0822
          3C207 064442 58809.28364 24100.0  41.1059    1.0616    0.1210
    PKS1222+216 073245 58809.31607 24100.0  66.7447    1.4727    0.1036
          3C273 073801 58809.31972 24100.0  47.4222   15.9965    0.6597
          3C279 074254 58809.32311 24100.0  39.3493   14.0424    0.5852
       1354+195 074812 58809.32679 24100.0  60.0245    1.5922    0.1277
     PKS1441+25 075136 58809.36114 24100.0  65.2856    0.1561    0.0241
       1334-127 084323 58809.36511 24100.0  32.4186    5.1820    0.2558
       FLAGGED 1611+343 084945 58809.36954 24100.0  59.2181    1.4202    0.1236
     PG1553+113 104844 58809.46533 24100.0  56.5988    0.2885    0.0353
       1510-089 111302 58809.46903 24100.0  35.0166    2.3579    0.1623
       1606+105 111820 58809.47271 24100.0  55.9101    0.5806    0.1037
     PG1553+113 113945 58809.50076 24100.0  54.5489    0.2566    0.0423
       1510-089 120406 58809.50449 24100.0  31.4282    2.2671    0.2320
       1606+105 120929 58809.50823 24100.0  54.0334    0.6185    0.1410
     PG1553+113 123044 58809.53617 24100.0  49.5276    0.2627    0.0501
          3C345 134801 58809.57666 24100.0  67.7655    6.6204    0.2498
       1807+698 135846 58809.58414 24100.0  64.0600    2.4156    0.1456
          3C380 175439 58808.74794 24100.0  47.3548    2.2549    0.1507
       2223-052 180137 58808.75277 24100.0  40.3049    2.4834    0.1680
       2230+114 180648 58808.75637 24100.0  56.9215    3.3846    0.1925
        3C454.3 181137 58808.75971 24100.0  61.6921   15.6176    0.7352
          BLLAC 182645 58808.77117 24100.0  76.2713    2.4547    0.1438
    FLAGGED 1ES1959+650 183348 58808.78061 24100.0  54.5936    0.2775    0.7909
       2344+092 155215 58499.66298  8520.0  54.2538    0.9760    0.0290 
          FLAGGED 3C66A 155732 58499.66667  8520.0  69.1893    2.8255    0.0951 
       0235+164 160125 58499.67032  8520.0  51.6196    0.5056    0.0217 
           3C84 160644 58499.67305  8520.0  60.2683   31.5579    0.1477 
       0336-019 161049 58499.67587  8520.0  29.0755    1.7510    0.0302 
        NRAO150 162254 58499.68429  8520.0  58.3771   10.9526    0.0594 
       0420-014 163212 58499.69073  8520.0  26.1098    2.2117    0.0352 
    TXS0506+056 163610 58499.69542  8520.0  25.0595    0.9532    0.0231 
    1ES2344+514 213951 58499.90929  8520.0  29.5544    0.2458    0.0277 
       0528+134 215641 58499.91607  8520.0  56.7519    0.9944    0.0364 
       0716+714 220304 58499.92061  8520.0  62.4991    1.8872    0.0319 
       0736+017 221037 58499.92573  8520.0  45.1966    1.0975    0.0387 
       0735+178 221404 58499.92911  8520.0  61.0267    0.6375    0.0309 
       0827+243 221903 58499.93160  8520.0  61.0550    1.1956    0.0258 
       0829+046 222238 58499.93504  8520.0  44.6367    0.9212    0.0251 
          3C207 222712 58499.93725  8520.0  51.7455    1.6235    0.0352 
       0836+710 223241 58499.94117  8520.0  60.9455    2.3675    0.0614 
          OJ287 223813 58499.94490  8520.0  57.1536    6.3083    0.0636 
       1219+285 230057 58499.96458  8520.0  32.3794    0.6205    0.0422 
    PKS1222+216 031114 58532.13450  8520.0  60.9679    2.6858    0.0338 
          3C273 031448 58532.13698  8520.0  43.5787   23.0809    0.0776 
          3C279 031802 58532.13923  8520.0  37.8184   14.1907    0.0537 
       1334-127 032119 58532.14150  8520.0  32.2165    3.9150    0.0342 
       1354+195 032521 58532.14430  8520.0  64.6691    1.6699    0.0291 
     PKS1441+25 032856 58532.15068  8520.0  69.4226    0.2357    0.0180 
       1510-089 033842 58532.15358  8520.0  34.8336    3.7806    0.0325 
     PG1553+113 034211 58532.15696  8520.0  50.9903    0.2357    0.0251 
       1606+105 034639 58532.15909  8520.0  49.2321    1.1945    0.0289 
       1611+343 073005 58532.31426  8520.0  65.6077    5.0587    0.0323 
       1633+382 073315 58532.31646  8520.0  70.8084    4.1136    0.0332 
          3C345 073618 58532.31859  8520.0  72.3433    5.0598    0.0313 
         MRK501 073925 58532.32074  8520.0  73.6968    1.1694    0.0280 
       1730-130 074350 58532.32382  8520.0  31.2996    5.9279    0.0379 
       1741-038 074708 58532.32611  8520.0  40.7326    3.7824    0.0299 
       1807+698 075442 58532.33141  8520.0  64.4892    2.1000    0.0290 
    1ES1959+650 075825 58532.33797  8520.0  66.7126    0.3708    0.0216 
          BLLAC 080826 58532.34091  8520.0  54.9687    2.1586    0.0259 
          3C380 101839 58532.43134  8520.0  64.4595    3.5974    0.0294 
       2223-052 102617 58532.43661  8520.0  37.4436    4.0397    0.0373 
       2230+114 102944 58532.43901  8520.0  52.7188    3.1724    0.0254 
        3C454.3 103256 58532.44125  8520.0  54.5247   21.4710    0.0710 
       2344+092 132503 58532.56076  8520.0  54.8744    0.9599    0.0270 
          3C66A 133014 58532.56437  8520.0  66.0803    0.7698    0.0373 
           3C84 133918 58532.57067  8520.0  57.1604   29.8111    0.0894 
       0336-019 134322 58532.57348  8520.0  26.4689    1.7457    0.0263 
        NRAO150 135531 58532.58194  8520.0  55.6255   10.2234    0.0399 
       0420-014 140453 58532.58842  8520.0  23.3699    2.2292    0.0359 
    TXS0506+056 140809 58532.59264  8520.0  21.9236    1.0418    0.0265 
    1ES2344+514 192923 58532.81870  8520.0  29.6387    0.1925    0.0203 
       0528+134 194615 58532.82549  8520.0  56.8043    0.9721    0.0262 
       0716+714 195238 58532.83003  8520.0  62.4780    1.3638    0.0314 
       0736+017 200011 58532.83516  8520.0  45.1528    0.8629    0.0269 
       0735+178 200339 58532.83853  8520.0  60.9725    0.6368    0.0209 
       0827+243 200837 58532.84102  8520.0  60.9573    1.1818    0.0251 
       0829+046 201211 58532.84447  8520.0  44.5670    0.8954    0.0211 
          3C207 201646 58532.84668  8520.0  51.6640    1.5847    0.0256 
       0836+710 202215 58532.85060  8520.0  60.9092    2.3666    0.0317 
          OJ287 202747 58532.85433  8520.0  57.0607    4.9923    0.0323 
       0954+658 203247 58532.85884  8520.0  59.2916    0.7209    0.0244 
         MRK421 203816 58532.86550  8520.0  48.9701    0.4816    0.0159 
       1156+295 204721 58532.86792  8520.0  35.1841    1.6757    0.0293 
       1219+285 205031 58532.87254  8520.0  32.3084    0.6334    0.0242 
       2344+092 114911 58556.49419  8520.0  54.9093    1.0208    0.0268 
          3C66A 115422 58556.49780  8520.0  65.8173    0.7330    0.0614 
       0235+164 120439 58556.50590  8520.0  49.7564    0.4945    0.0224 
           3C84 120955 58556.50860  8520.0  58.0357   31.8110    0.1016 
       0336-019 121400 58556.51142  8520.0  27.2182    1.7637    0.0283 
        NRAO150 122609 58556.51987  8520.0  56.4041   10.5565    0.0405 
       0420-014 123529 58556.52634  8520.0  24.1547    2.4907    0.0310 
    TXS0506+056 123845 58556.53054  8520.0  22.7803    1.1762    0.0227 
    1ES2344+514 181417 58556.76654  8520.0  27.2542    0.2331    0.0190 
       0528+134 183100 58556.77323  8520.0  55.1292    1.0080    0.0399 
       0716+714 183710 58556.77762  8520.0  62.9126    1.3173    0.0295 
       0736+017 184431 58556.78262  8520.0  46.1708    0.7733    0.0389 
       0735+178 184759 58556.78599  8520.0  62.2239    0.6288    0.0223 
       0827+243 185259 58556.78850  8520.0  63.5290    1.1856    0.0274 
       0829+046 185636 58556.79196  8520.0  46.3516    0.8259    0.0266 
          3C207 190110 58556.79418  8520.0  53.8110    1.5645    0.0270 
       0836+710 190651 58556.79824  8520.0  61.8154    2.3355    0.0336 
          OJ287 191236 58556.80212  8520.0  59.5722    5.2509    0.0327 
       0954+658 191747 58556.80676  8520.0  61.1106    0.7534    0.0238 
         MRK421 192322 58556.81349  8520.0  52.4045    0.4539    0.0178 
       1156+295 193228 58556.81592  8520.0  38.6414    1.6690    0.0288 
       1219+285 193538 58556.82200  8520.0  35.7054    0.5989    0.0190 
    1ES2344+514 194640 58556.82898  8520.0  17.0292    0.2055    0.0232 
    PKS1222+216 014740 58557.07647  8520.0  59.0583    2.5790    0.0300 
          3C273 015113 58557.07893  8520.0  42.1913   22.0151    0.0765 
          3C279 015427 58557.08117  8520.0  36.8678   13.3526    0.0501 
       1334-127 015743 58557.08344  8520.0  31.8353    3.8601    0.0355 
       1354+195 020145 58557.08625  8520.0  64.3244    1.6353    0.0345 
     PKS1441+25 020519 58557.09260  8520.0  70.1388    0.2231    0.0175 
       1510-089 021504 58557.09550  8520.0  35.4998    3.3917    0.0320 
     PG1553+113 021835 58557.09890  8520.0  52.5227    0.2173    0.0230 
       1606+105 022303 58557.10104  8520.0  50.8750    1.1132    0.0266 
       1611+343 062127 58557.26660  8520.0  60.4160    4.8396    0.0354 
       1633+382 062438 58557.26881  8520.0  65.5546    3.8541    0.0382 
          3C345 062741 58557.27093  8520.0  67.0626    4.9088    0.0294 
          3C380 083425 58557.35895  8520.0  65.4425    3.6000    0.0354 
       2223-052 084023 58557.36307  8520.0  36.8339    4.1073    0.0355 
       2230+114 084349 58557.36546  8520.0  51.9072    3.1801    0.0307 
        3C454.3 084701 58557.36769  8520.0  53.5337   21.8228    0.0723 
          3C66A 095227 58588.41314  8520.0  66.5067    0.7183    0.0902 
           3C84 100133 58588.41944  8520.0  57.5864   31.9193    0.0986 
       0336-019 100537 58588.42226  8520.0  26.8344    1.5662    0.0437 
        NRAO150 101745 58588.43071  8520.0  56.0071   11.1815    0.0437 
       0420-014 102706 58588.43719  8520.0  23.7694    2.8159    0.0674 
    TXS0506+056 103022 58588.44139  8520.0  22.3397    1.3787    0.0323 
       2344+092 103817 58588.44495  8520.0  51.8079    1.0147    0.0402 
    1ES2344+514 154230 58588.66114  8520.0  30.4881    0.1596    0.0223 
       0528+134 160346 58588.67098  8520.0  56.9769    0.9429    0.0255 
       0716+714 161011 58588.67554  8520.0  62.4127    1.1805    0.0275 
       0736+017 161745 58588.68069  8520.0  45.0072    0.6607    0.0282 
       0735+178 162113 58588.68407  8520.0  60.7924    0.6169    0.0202 
       0827+243 162611 58588.68654  8520.0  60.6311    1.0398    0.0252 
       0829+046 162945 58588.68998  8520.0  44.3297    0.7256    0.0228 
          3C207 163418 58588.69219  8520.0  51.3839    1.4323    0.0220 
       0836+710 163945 58588.69609  8520.0  60.7865    2.2177    0.0232 
          OJ287 164517 58588.69981  8520.0  56.7399    5.2477    0.0331 
       0954+658 165015 58588.70431  8520.0  59.0660    0.8007    0.0283 
         MRK421 165544 58588.71098  8520.0  48.5625    0.4324    0.0176 
       1156+295 170451 58588.71340  8520.0  34.7718    1.6186    0.0287 
       1219+285 170800 58588.71948  8520.0  31.8458    0.5372    0.0172 
    1ES2344+514 171901 58588.72768  8520.0  19.4574    0.2194    0.0251 
    PKS1222+216 234129 58588.98885  8520.0  59.1070    2.5571    0.0278 
          3C273 234503 58588.99131  8520.0  42.2271   22.2389    0.0753 
          3C279 234817 58588.99355  8520.0  36.8922   13.5736    0.0511 
       1334-127 235133 58588.99583  8520.0  31.8458    3.9551    0.0333 
       1354+195 235536 58588.99864  8520.0  64.3374    1.6586    0.0282 
     PKS1441+25 235910 58589.00501  8520.0  70.1284    0.2218    0.0147 
       1510-089 000856 58589.00790  8520.0  35.4861    3.1518    0.0332 
     PG1553+113 001226 58589.01130  8520.0  52.4903    0.2294    0.0305 
       1606+105 001654 58589.01344  8520.0  50.8391    1.0778    0.0275 
    PKS1222+216 002638 58589.02019  8520.0  52.3700    2.6249    0.0308 
       1611+343 040844 58589.17444  8520.0  61.6370    4.9541    0.0367 
       1633+382 041155 58589.17664  8520.0  66.7864    3.7904    0.0382 
          3C345 041458 58589.17877  8520.0  68.2967    4.9723    0.0336 
         MRK501 041803 58589.18091  8520.0  69.6665    1.2114    0.0312 
       1730-130 042227 58589.18395  8520.0  30.0943    5.7074    0.0381 
       1741-038 042543 58589.18622  8520.0  39.5141    3.9743    0.0341 
       1807+698 043147 58589.19051  8520.0  64.0161    2.3208    0.0268 
    1ES1959+650 043529 58589.19704  8520.0  67.8999    0.3477    0.0174 
          BLLAC 044539 58589.20008  8520.0  58.6780    1.8439    0.0270 
          3C380 063802 58589.27812  8520.0  63.8916    3.6529    0.0307 
       2223-052 064356 58589.28221  8520.0  37.5778    4.2810    0.0362 
       2230+114 064723 58589.28461  8520.0  52.8987    3.3033    0.0312 
        3C454.3 065036 58589.28684  8520.0  54.7453   22.6701    0.0711 
    1ES2344+514 132048 58625.56274  8520.0  30.0101    0.1793    0.0204 
       0528+134 134104 58625.57189  8520.0  56.7662    0.8303    0.0283 
       0716+714 134727 58625.57643  8520.0  62.4929    1.5763    0.0269 
       0736+017 135500 58625.58156  8520.0  45.1850    0.7026    0.0320 
       0735+178 135828 58625.58493  8520.0  61.0138    0.5693    0.0217 
       0827+243 140325 58625.58741  8520.0  61.0282    1.0024    0.0255 
       0829+046 140700 58625.59098  8520.0  44.6342    0.7738    0.0200 
          3C207 141145 58625.59319  8520.0  51.7442    1.4147    0.0239 
       0836+710 141714 58625.59710  8520.0  60.9422    2.2414    0.0263 
          OJ287 142246 58625.60086  8520.0  57.1545    5.0868    0.0328 
       0954+658 142747 58625.60537  8520.0  59.3569    0.8747    0.0253 
         MRK421 143316 58625.61205  8520.0  49.0938    0.4322    0.0173 
       1219+285 144533 58625.61957  8520.0  32.1330    0.6073    0.0688 
    PKS1222+216 211340 58625.88571  8520.0  59.5902    2.5174    0.0453 
    PKS1222+216 212122 58625.89153  8520.0  58.3727    2.5163    0.0314 
          3C273 212454 58625.89399  8520.0  41.6808   21.4988    0.0773 
          3C279 212809 58625.89624  8520.0  36.5022   12.9899    0.0517 
       1334-127 213125 58625.89852  8520.0  31.6610    3.9549    0.0373 
       1354+195 213528 58625.90133  8520.0  64.1270    1.5802    0.0290 
     PKS1441+25 213902 58625.90769  8520.0  70.2890    0.2245    0.0184 
       1510-089 214847 58625.91058  8520.0  35.6824    2.8416    0.0334 
     PG1553+113 215219 58625.91400  8520.0  53.0022    0.2362    0.0286 
       1606+105 215647 58625.91613  8520.0  51.3945    1.0526    0.0311 
    PKS1222+216 220629 58625.92287  8520.0  51.5088    2.5294    0.0394 
          3C273 220958 58625.92528  8520.0  36.2748   21.7972    0.0763 
       1611+343 014156 58626.07249  8520.0  61.8742    4.8158    0.0298 
       1633+382 014506 58626.07469  8520.0  67.0261    3.4255    0.0356 
          3C345 014810 58626.07682  8520.0  68.5357    4.7957    0.0344 
         MRK501 015115 58626.07897  8520.0  69.9012    1.2117    0.0288 
       1730-130 015539 58626.08202  8520.0  30.1761    5.5915    0.0482 
       1741-038 015857 58626.08429  8520.0  39.5992    4.0525    0.1040 
       1807+698 020502 58626.08859  8520.0  64.0513    2.3111    0.0295 
    1ES1959+650 020843 58626.09513  8520.0  67.8351    0.3087    0.0184 
          BLLAC 021853 58626.09816  8520.0  58.4490    2.0348    0.0277 
    PKS1222+216 191716 58658.80536  8305.0  57.5736    2.4230    0.0371 
          3C273 192048 58658.80781  8305.0  41.0794   21.2413    0.0776 
          3C279 192402 58658.81005  8305.0  36.0637   12.6737    0.0570 
       1334-127 192719 58658.81234  8305.0  31.4397    4.1252    0.0425 
       1354+195 193122 58658.81515  8305.0  63.8534    1.5915    0.0399 
     PKS1441+25 193455 58658.83313  8305.0  70.3065    0.2152    0.0137 
       1510-089 200124 58658.83600  8305.0  36.2167    2.7596    0.0396 
     PG1553+113 201146 58658.85095  8305.0  55.7720    0.2317    0.0236 
       1606+105 202601 58658.85309  8305.0  54.5585    0.9956    0.0625 
       1730-130 003935 58659.02919  8305.0  25.8056    5.2509    0.0501 
       1741-038 004252 58659.03147  8305.0  34.9916    3.9902    0.0406 
       1611+343 004700 58659.03435  8305.0  48.5444    4.8690    0.0421 
       1633+382 005011 58659.03656  8305.0  53.6814    3.2404    0.0408 
          3C345 005315 58659.03868  8305.0  55.2098    4.8140    0.0369 
         MRK501 005619 58659.04081  8305.0  56.5688    1.3068    0.0444 
       1807+698 010035 58659.04382  8305.0  61.1291    2.3639    0.0616 
          BLLAC 010554 58659.04748  8305.0  68.4782    1.8652    0.0360 
    1ES1959+650 011044 58659.06683  8305.0  68.8690    0.3714    0.0128 
       1730-130 014303 58659.07326  8305.0  18.3002    5.2663    0.0777 
       1741-038 014619 58659.07553  8305.0  27.0188    3.9970    0.0505 
       1611+343 015021 58659.07833  8305.0  37.3822    4.8898    0.0435 
       2223-052 043808 58659.19870  8305.0  37.7009    4.5933    0.0327 
       2230+114 044711 58659.20114  8305.0  53.6983    3.6423    0.0682 
        3C454.3 045021 58659.20333  8305.0  59.4084   23.3583    0.0814 
          3C380 045521 58659.20682  8305.0  36.8205    4.0174    0.0548 
          3C66A 050111 58659.21087  8305.0  64.3654    0.7748    0.0690 
           3C84 050433 58659.21321  8305.0  54.4670   35.7487    0.1145 
       2344+092 051246 58659.22276  8305.0  54.4679    1.1527    0.0317 
       0235+164 052247 58659.23553  8305.0  52.0470    0.3972    0.0175 
        NRAO150 054104 58659.23857  8305.0  56.3881   10.9254    0.0504 
       0336-019 054528 58659.24550  8305.0  30.4026    1.6463    0.0281 
       0420-014 055416 58659.24772  8305.0  24.7476    3.2856    0.0483 
       0440-003 055721 58659.25371  8305.0  23.8603    1.5220    0.0287 
    TXS0506+056 060605 58659.26268  8305.0  26.0725    1.5619    0.0348 
    1ES2344+514 103432 58659.46100  8305.0  31.6569    0.1503    0.0286 
       0528+134 110652 58659.46867  8305.0  57.7859    0.9554    0.0204 
       0716+714 111859 58659.47334  8305.0  62.0332    1.7483    0.0396 
       0736+017 112642 58659.48243  8305.0  44.5720    0.7612    0.0308 
       0735+178 113542 58659.49160  8305.0  60.9568    0.6085    0.0180 
       0827+243 114902 58659.49408  8305.0  60.9255    1.0378    0.0363 
       0829+046 120113 58659.50351  8305.0  45.4038    0.7256    0.0343 
          3C207 120548 58659.50572  8305.0  52.6616    1.5261    0.0368 
       0836+710 121122 58659.50971  8305.0  61.3345    2.3532    0.0341 
          OJ287 121700 58659.51351  8305.0  58.2208    5.5917    0.0374 
       0954+658 122204 58659.52406  8305.0  60.9208    1.0636    0.0229 
         MRK421 123616 58659.53078  8305.0  52.0318    0.4645    0.0204 
       1156+295 124522 58659.53321  8305.0  38.2671    1.0581    0.0451 
       1219+285 124832 58659.54849  8305.0  38.1124    0.5913    0.0152 
    1ES2344+514 080305 58687.35583  8305.0  37.1935    0.3327    0.1346 
       0528+134 083544 58687.36371  8305.0  59.0236    0.9813    0.0235 
       0716+714 084741 58687.36827  8305.0  60.2251    1.7278    0.0449 
       0736+017 085328 58687.37603  8305.0  40.6347    0.8813    0.0236 
       0735+178 090228 58687.38519  8305.0  56.4557    0.6201    0.0237 
       0827+243 091541 58687.38760  8305.0  54.1804    1.0344    0.0877 
       0829+046 092754 58687.39704  8305.0  40.5228    0.7456    0.0397 
       0836+710 094341 58687.40715  8305.0  59.2513    2.4215    0.0351 
          OJ287 094857 58687.41070  8305.0  52.7535    5.4208    0.0485 
       0954+658 095343 58687.42104  8305.0  57.2369    1.1570    0.0180 
         MRK421 100744 58687.42764  8305.0  45.2939    0.4430    0.0387 
       1156+295 101650 58687.43006  8305.0  31.4761    0.9451    0.0408 
       1219+285 102000 58687.44776  8305.0  31.4965    0.6927    0.0152 
    1ES2344+514 104745 58687.45669  8305.0  19.1084    0.2552    0.0336 
    PKS1222+216 170439 58687.71326  8305.0  60.1120    2.3414    0.0384 
          3C273 170813 58687.71573  8305.0  42.9622   21.3593    0.0841 
          3C279 171127 58687.71798  8305.0  37.4044   12.8694    0.0636 
       1334-127 171443 58687.72026  8305.0  32.0636    4.2424    0.0568 
       1354+195 171845 58687.72307  8305.0  64.5600    1.5985    0.0486 
     PKS1441+25 172221 58687.74108  8305.0  70.3694    0.2293    0.0129 
       1510-089 174852 58687.74397  8305.0  35.8093    2.6370    0.0437 
     PG1553+113 175910 58687.75887  8305.0  54.6732    0.2248    0.0209 
       1606+105 181324 58687.76100  8305.0  53.2560    0.9218    0.0494 
       1730-130 222811 58687.93794  8305.0  27.4456    5.1491    0.0505 
       1741-038 223128 58687.94022  8305.0  36.7336    4.1203    0.0474 
       1611+343 223539 58687.94313  8305.0  51.6369    4.6794    0.0470 
       1633+382 223850 58687.94534  8305.0  56.7631    3.0612    0.0375 
          3C345 224153 58687.94746  8305.0  58.2811    4.8544    0.0406 
         MRK501 224457 58687.94959  8305.0  59.6458    1.2310    0.0377 
       1807+698 224919 58687.95268  8305.0  62.0912    2.4585    0.0412 
          BLLAC 225433 58687.95627  8305.0  65.3989    1.7858    0.0438 
    1ES1959+650 225914 58687.97550  8305.0  69.2281    0.3156    0.0156 
       2223-052 024705 58688.12160  8305.0  37.4772    4.3288    0.0310 
       2230+114 025610 58688.12403  8305.0  53.4181    3.4579    0.0559 
        3C454.3 025919 58688.12622  8305.0  59.1648   21.8796    0.0853 
          3C380 030417 58688.12969  8305.0  36.3924    3.7906    0.0618 
          3C66A 031008 58688.13374  8305.0  64.8827    0.8275    0.0882 
           3C84 031330 58688.13608  8305.0  54.9796   34.6081    0.1299 
       2344+092 032140 58688.14562  8305.0  54.3448    1.1235    0.0207 
       0235+164 033143 58688.15841  8305.0  52.4666    0.3732    0.0160 
        NRAO150 035002 58688.16146  8305.0  56.8516   10.4901    0.0520 
       0336-019 035427 58688.16839  8305.0  30.8159    1.4506    0.0319 
       0420-014 040314 58688.17061  8305.0  25.2115    3.1681    0.0649 
       0440-003 040619 58688.17662  8305.0  24.3407    1.5833    0.0276 
    TXS0506+056 041504 58688.18559  8305.0  26.5792    1.4495    0.0283 
       0528+134 071025 58709.30446  8520.0  59.0228    0.6675    0.0257 
       0716+714 072223 58709.30902  8520.0  60.2868    0.8596    0.0326 
       0736+017 072810 58709.31678  8520.0  40.7617    0.7790    0.0257 
       0735+178 073709 58709.32594  8520.0  56.6036    0.4238    0.0279 
          3C207 080708 58709.33999  8520.0  47.1577    1.0948    0.0527 
       0836+710 081219 58709.34369  8520.0  58.9472    1.7141    0.0309 
          OJ287 081732 58709.34737  8520.0  52.0083    3.5407    0.0717 
       0954+658 082229 58709.35768  8520.0  56.7635    0.8559    0.0347 
         MRK421 083631 58709.36428  8520.0  44.4737    0.4103    0.0437 
       1156+295 084536 58709.36671  8520.0  30.6490    0.7345    0.0841 
       1219+285 084846 58709.38443  8520.0  30.6909    0.5434    0.0424 
    PKS1222+216 160127 58709.66936  8520.0  56.8940    2.1671    0.0251 
          3C273 160457 58709.67181  8520.0  40.5626   21.0744    0.0668 
          3C279 160812 58709.67406  8520.0  35.6797   12.0033    0.0498 
       1334-127 161128 58709.67633  8520.0  31.2360    4.4377    0.0422 
       1354+195 161531 58709.67915  8520.0  63.5889    1.4988    0.0271 
     PKS1441+25 161904 58709.69710  8520.0  70.1796    0.2056    0.0085 
       1510-089 164530 58709.69996  8520.0  36.2684    2.4874    0.0332 
     PG1553+113 165555 58709.71493  8520.0  55.9815    0.2294    0.0129 
       1606+105 171008 58709.71708  8520.0  54.8232    0.9479    0.0308 
    PKS1222+216 171500 58709.72045  8520.0  44.9957    2.3102    0.0340 
          3C273 171827 58709.72284  8520.0  30.7192   21.6295    0.0773 
          3C279 172141 58709.72412  8520.0  27.8216   12.5726    0.0708 
       1730-130 205600 58709.87392  8520.0  27.9377    4.8644    0.0415 
       1741-038 205917 58709.87620  8520.0  37.2556    4.3066    0.0326 
       1611+343 210329 58709.87912  8520.0  52.6510    4.5334    0.0306 
       1633+382 210639 58709.88132  8520.0  57.7747    2.7767    0.0252 
          3C345 210943 58709.88345  8520.0  59.2854    4.6890    0.0307 
         MRK501 211247 58709.88558  8520.0  60.6556    1.1833    0.0287 
       1807+698 211711 58709.88870  8520.0  62.3778    2.3423    0.0273 
          BLLAC 212223 58709.89225  8520.0  64.3922    1.5136    0.0284 
    1ES1959+650 212700 58709.91143  8520.0  69.2842    0.2732    0.0092 
       2223-052 012128 58710.06213  8520.0  37.4123    4.4348    0.0265 
       2230+114 013032 58710.06457  8520.0  53.3357    3.4813    0.0296 
        3C454.3 013341 58710.06676  8520.0  59.0921   21.4588    0.0704 
          3C380 013839 58710.07022  8520.0  36.2673    3.9648    0.0419 
          3C66A 014429 58710.07427  8520.0  65.0329    0.8218    0.0480 
           3C84 014751 58710.07661  8520.0  55.1285   35.3543    0.0977 
       2344+092 015602 58710.08616  8520.0  54.3075    1.1810    0.0182 
       0235+164 020606 58710.09921  8520.0  52.6409    0.4166    0.0119 
        NRAO150 022448 58710.10228  8520.0  57.0471   10.3153    0.0417 
       0336-019 022913 58710.10919  8520.0  30.9892    1.5268    0.0209 
       0420-014 023800 58710.11142  8520.0  25.4056    3.3874    0.0379 
       0440-003 024105 58710.11742  8520.0  24.5381    1.6421    0.0209 
    TXS0506+056 024949 58710.12640  8520.0  26.7916    1.5927    0.0222 
       1730-130 182345 58757.76819  8520.0  24.4056    4.1740    0.0949 
       1741-038 182701 58757.77046  8520.0  33.5024    4.3313    0.0843 
       1611+343 183108 58757.77333  8520.0  46.1590    4.6124    0.0935 
       1633+382 183419 58757.77554  8520.0  51.3100    2.5319    0.0756 
          3C345 183723 58757.77767  8520.0  52.8485    4.7522    0.0885 
         MRK501 184027 58757.77980  8520.0  54.1982    1.1677    0.0702 
       1807+698 184439 58757.78276  8520.0  60.2960    2.3560    0.0736 
          BLLAC 185003 58757.78646  8520.0  70.8669    1.6961    0.0761 
    1ES1959+650 185500 58757.80589  8520.0  68.4013    0.3002    0.0233 
       2223-052 221744 58757.93457  8520.0  37.0117    4.4194    0.0642 
       2230+114 222650 58757.93700  8520.0  52.8357    3.5676    0.0841 
        3C454.3 223000 58757.93921  8520.0  58.6490   19.6430    0.2045 
          3C380 223456 58757.94264  8520.0  35.5411    3.9436    0.0907 
          3C66A 224046 58757.94669  8520.0  65.9153    0.8158    0.1119 
           3C84 224409 58757.94903  8520.0  55.9990   35.5687    0.3483 
       2344+092 225217 58757.95855  8520.0  54.0677    1.2038    0.0480 
       0235+164 230221 58757.97134  8520.0  53.2737    0.5159    0.0316 
        NRAO150 232041 58757.97442  8520.0  57.7626    9.8775    0.1213 
       0336-019 232508 58757.98136  8520.0  31.6187    1.3733    0.0460 
       0420-014 233354 58757.98358  8520.0  26.1156    3.6604    0.0973 
       0440-003 233700 58757.98959  8520.0  25.2718    1.6385    0.0560 
    TXS0506+056 234545 58757.99858  8520.0  27.5715    1.8778    0.0454 
    1ES2344+514 033914 58758.17259  8520.0  35.1138    0.2661    0.0370 
       0528+134 041145 58758.18039  8520.0  58.8490    0.9971    0.0648 
       0827+243 045206 58758.20456  8520.0  56.7031    1.2153    0.0851 
       0829+046 050420 58758.21401  8520.0  42.4397    0.9183    0.1700 
       0836+710 051411 58758.22000  8520.0  59.8359    2.6378    0.0836 
          OJ287 051933 58758.22361  8520.0  54.2231    4.5637    0.1148 
       0954+658 052422 58758.23399  8520.0  58.2077    1.1152    0.0718 
         MRK421 053826 58758.24062  8520.0  47.0077    0.5973    0.0687 
       1156+295 054731 58758.24304  8520.0  33.2033    0.8770    0.0888 
       1219+285 055040 58758.25759  8520.0  32.8942    0.6439    0.0469 
       2223-052 205958 58776.88054  8305.0  37.2604    4.2052    0.0339 
       2230+114 210902 58776.88297  8305.0  53.1472    3.4563    0.0416 
        3C454.3 211212 58776.88516  8305.0  58.9278   19.1120    0.1142 
          3C380 211708 58776.88862  8305.0  35.9846    3.8107    0.0465 
          3C66A 212259 58776.89267  8305.0  65.3684    0.8580    0.0423 
           3C84 212621 58776.89501  8305.0  55.4582   34.1130    0.1989 
       2344+092 213431 58776.90453  8305.0  54.2214    1.1746    0.0248 
       0235+164 214434 58776.91733  8305.0  52.8500    0.5324    0.0192 
        NRAO150 220254 58776.92039  8305.0  57.2792    9.5725    0.0650 
       0336-019 220719 58776.92732  8305.0  31.1955    1.2533    0.0267 
       0420-014 221606 58776.92954  8305.0  25.6374    3.2799    0.0461 
       0440-003 221911 58776.93556  8305.0  24.7802    1.5360    0.0298 
    TXS0506+056 222756 58776.94454  8305.0  27.0466    1.9320    0.0252 
       1730-130 165429 58776.70620  8305.0  25.9187    4.4929    0.0676 
       1741-038 165745 58776.70847  8305.0  35.1129    4.4362    0.0634 
       1611+343 170154 58776.71135  8305.0  48.7441    4.8914    0.0650 
       1633+382 170504 58776.71356  8305.0  53.8829    2.5501    0.0468 
          3C345 170809 58776.71570  8305.0  55.4076    5.1614    0.0668 
         MRK501 171112 58776.71782  8305.0  56.7663    1.2898    0.0414 
          BLLAC 172048 58776.72449  8305.0  68.2746    1.7293    0.0420 
    1ES1959+650 172538 58776.74382  8305.0  68.8925    0.2825    0.0148 
       1730-130 175857 58776.75097  8305.0  18.3167    4.4189    0.0979 
       1741-038 180213 58776.75325  8305.0  27.0355    4.4179    0.0653 
       1611+343 180615 58776.75604  8305.0  37.4014    4.9252    0.0719 
       1633+382 180925 58776.75825  8305.0  42.6181    2.6487    0.0487 
          3C345 181229 58776.76038  8305.0  44.2158    5.2776    0.0955 
       1807+698 181931 58776.76531  8305.0  56.7531    2.5427    0.0659 
          BLLAC 182728 58776.77078  8305.0  80.1636    1.7171    0.0452 
    1ES1959+650 183257 58776.77987  8305.0  66.4393    0.2612    0.0428 
    1ES2344+514 024508 58780.13503  8305.0  30.8500    0.2479    0.0292 
       0528+134 031725 58780.14267  8305.0  57.3951    1.0591    0.0202 
       0716+714 032929 58780.14729  8305.0  62.2427    1.1305    0.0433 
       0736+017 033708 58780.15635  8305.0  44.9994    1.6120    0.0269 
       0735+178 034741 58780.16658  8305.0  61.5304    0.6182    0.0203 
       0829+046 041311 58780.17851  8305.0  46.1186    0.7475    0.0390 
          3C207 041748 58780.18072  8305.0  53.5256    1.5371    0.0465 
       0836+710 042327 58780.18476  8305.0  61.7032    2.4554    0.0367 
          OJ287 042910 58780.18861  8305.0  59.2318    3.8742    0.0411 
       0954+658 043418 58780.19922  8305.0  61.6474    1.1345    0.0297 
         MRK421 044832 58780.20595  8305.0  53.4446    0.5352    0.0263 
       1156+295 045737 58780.20838  8305.0  39.6887    0.7214    0.0481 
       1219+285 050046 58780.21348  8305.0  36.5047    0.5654    0.0356 
       1730-130 144242 58808.61469  8305.0  26.4989    4.3436    0.0448 
       1741-038 144559 58808.61698  8305.0  35.7194    4.2694    0.0473 
       1611+343 145009 58808.61987  8305.0  49.8002    4.6335    0.0413 
       1633+382 145320 58808.62207  8305.0  54.9330    2.3411    0.0385 
          3C345 145623 58808.62420  8305.0  56.4542    4.9137    0.0378 
         MRK501 145927 58808.62632  8305.0  57.8190    1.2312    0.0333 
          BLLAC 150902 58808.63299  8305.0  67.2193    2.0174    0.0365 
    1ES1959+650 151348 58808.65227  8305.0  69.0419    0.2621    0.0114 
       2223-052 185610 58808.79458  8305.0  37.0971    4.1438    0.0277 
       2230+114 190515 58808.79701  8305.0  52.9437    3.5953    0.0328 
        3C454.3 190824 58808.79920  8305.0  58.7461   18.5991    0.0523 
          3C380 191321 58808.80265  8305.0  35.6909    3.8285    0.0441 
          3C66A 191911 58808.80670  8305.0  65.7258    0.7419    0.1007 
           3C84 192233 58808.80904  8305.0  55.8109   33.6668    0.0897 
       2344+092 193042 58808.81855  8305.0  54.1235    1.1462    0.0241 
       0235+164 194045 58808.83133  8305.0  53.1236    0.5878    0.0145 
        NRAO150 195904 58808.83441  8305.0  57.5897    8.8042    0.0380 
       0336-019 200331 58808.84134  8305.0  31.4667    1.0619    0.0222 
       0420-014 201217 58808.84356  8305.0  25.9437    3.3657    0.0453 
       0440-003 201522 58808.84957  8305.0  25.0939    1.4662    0.0345 
    TXS0506+056 202407 58808.85856  8305.0  27.3799    1.8184    0.0272 
    1ES2344+514 001233 58809.02907  8305.0  35.9482    0.2472    0.0391 
       0528+134 004507 58809.03692  8305.0  58.9604    0.9771    0.0209 
       0716+714 005713 58809.04155  8305.0  60.6867    1.1164    0.0362 
       0736+017 010305 58809.04937  8305.0  41.6067    1.8885    0.0212 
       0735+178 011205 58809.05853  8305.0  57.5763    0.6326    0.0172 
       0827+243 012520 58809.06096  8305.0  55.6932    1.1131    0.0379 
       0829+046 013734 58809.07042  8305.0  41.6841    0.8235    0.0304 
          3C207 014208 58809.07263  8305.0  48.3084    1.6250    0.0395 
       0836+710 014722 58809.07638  8305.0  59.4557    2.4685    0.0421 
          OJ287 015240 58809.07995  8305.0  53.2548    4.1592    0.0373 
       0954+658 015727 58809.09029  8305.0  57.5727    1.0533    0.0191 
         MRK421 021129 58809.09691  8305.0  45.8828    0.5233    0.0402 
       1156+295 022035 58809.09933  8305.0  32.0709    0.7232    0.0427 
       1219+285 022345 58809.11707  8305.0  32.1033    0.5841    0.0162 
    1ES2344+514 025133 58809.12379  8305.0  19.5103    0.2447    0.1238 
    PKS1222+216 090300 58809.37879  8305.0  60.3629    2.2579    0.0341 
          3C273 090634 58809.38125  8305.0  43.1457   23.3543    0.0679 
          3C279 090948 58809.38350  8305.0  37.5287   12.6518    0.0514 
       1334-127 091304 58809.38578  8305.0  32.1124    5.0546    0.1916 
       1354+195 091707 58809.38859  8305.0  64.5962    1.6802    0.0472 
     PKS1441+25 092042 58809.40658  8305.0  70.3285    0.2455    0.0148 
       1510-089 094711 58809.40947  8305.0  35.7455    2.5814    0.0404 
     PG1553+113 095729 58809.42436  8305.0  54.5285    0.2926    0.0255 
       1606+105 101143 58809.42650  8305.0  53.0920    1.1964    0.0670 
    PKS1222+216 101640 58809.42993  8305.0  49.2656    2.3777    0.0435 
          3C273 102008 58809.43234  8305.0  34.4030   23.4603    0.0768 
    PKS1222+216 030026 58908.12678  6075.0  60.8856    2.5559    0.0148 
          3C273 030509 58908.13005  6075.0  45.2552   25.5174    0.1351 
          3C279 030937 58908.13315  6075.0  40.6027   12.2997    0.0335 
       1334-127 031408 58908.13631  6075.0  36.2997    4.1480    0.0178 
       1354+195 031928 58908.13999  6075.0  68.4852    1.7041    0.0115 
     PKS1441+25 032420 58908.14504  6075.0  75.3963    0.2424    0.0069 
       1510-089 033206 58908.14879  6075.0  40.8464    2.1739    0.0148 
     PG1553+113 034506 58908.15868  6075.0  58.8345    0.2546    0.0118 
       1606+105 035047 58908.16177  6075.0  57.3614    1.2315    0.0153 
       2223-052 133238 58908.56580  6075.0  35.2362    4.3781    0.0162 
       2230+114 133544 58908.56796  6075.0  49.1810    3.9640    0.0142 
        3C454.3 134010 58908.57104  6075.0  55.2102   18.5744    0.0578 
          3C380 134554 58908.57503  6075.0  24.4141    4.5429    0.0158 
          3C66A 135049 58908.57843  6075.0  74.6659    1.1021    0.0167 
           3C84 135444 58908.58119  6075.0  64.8413   32.4454    0.1355 
       2344+092 140314 58908.58705  6075.0  54.0922    1.1682    0.0152 
       0235+164 140905 58908.59200  6075.0  61.8899    0.9863    0.0077 
        NRAO150 141536 58908.59568  6075.0  61.2876    8.3535    0.0234 
       0336-019 142130 58908.59976  6075.0  39.8011    1.1800    0.0127 
       0420-014 142559 58908.60287  6075.0  34.5359    2.9130    0.0129 
       0440-003 142845 58908.60480  6075.0  32.7059    1.5953    0.0121 
    TXS0506+056 143312 58908.60874  6075.0  33.4581    1.8747    0.0120 
          BLLAC 170411 58908.71273  6075.0  23.0740    1.9669    0.0167 
    1ES1959+650 170905 58908.71798  6075.0  22.7035    0.2773    0.0091 
    1ES2344+514 171640 58908.72394  6075.0  40.6042    0.2535    0.0060 
       0528+134 172833 58908.72966  6075.0  61.8829    0.9137    0.0111 
       0716+714 173533 58908.73463  6075.0  52.6497    1.8862    0.0130 
       0735+178 174352 58908.74030  6075.0  48.9481    0.6971    0.0103 
       0827+243 174829 58908.74350  6075.0  43.6729    1.0215    0.0135 
       0829+046 180235 58908.75330  6075.0  33.6610    0.6987    0.0120 
          3C207 180702 58908.75638  6075.0  38.7937    1.6153    0.0103 
       0836+710 181301 58908.76065  6075.0  49.9954    2.6971    0.0168 
          OJ287 181723 58908.76357  6075.0  42.3591    4.2949    0.0231 
       0954+658 182257 58908.76748  6075.0  45.1678    0.9286    0.0123 
         MRK421 182754 58908.77174  6075.0  29.5022    0.5401    0.0091 
       1156+295 183353 58908.77503  6075.0  15.8795    0.7073    0.0136 
       1219+285 183643 58908.77872  6075.0  12.3680    0.5976    0.0111 
         MRK501 033726 58959.15249  6075.0  75.4161    1.8901    0.0178 
       1807+698 034242 58959.15626  6075.0  59.6439    2.9236    0.0265 
       1730-130 034944 58959.16104  6075.0  36.1892    4.5569    0.0548 
       1741-038 035242 58959.16308  6075.0  45.6431    4.3459    0.0337 
       1611+343 035743 58959.16656  6075.0  62.3681    6.0205    0.0468 
       1633+382 040032 58959.16853  6075.0  67.1375    2.8511    0.0246 
       2223-052 093907 58960.40371  6075.0  38.8666    4.4481    0.0276 
       2230+114 094220 58960.40588  6075.0  53.7000    3.8364    0.0274 
        3C454.3 094609 58960.40853  6075.0  59.6907   17.9234    0.0647 
          3C380 095125 58960.41220  6075.0  28.6917    4.6291    0.0274 
          3C66A 095625 58960.41569  6075.0  69.2112    1.1299    0.0258 
           3C84 100024 58960.41845  6075.0  59.2972   32.2557    0.1050 
       2344+092 100829 58960.42403  6075.0  57.3562    1.1277    0.0233 
       0235+164 101343 58960.42855  6075.0  57.4990    1.0540    0.0189 
        NRAO150 101959 58960.43206  6075.0  56.3997    8.3621    0.0280 
       0336-019 102506 58960.43559  6075.0  35.3041    1.1710    0.0179 
       0420-014 102857 58960.43827  6075.0  29.2779    3.2081    0.0185 
       0440-003 103143 58960.44019  6075.0  27.1946    1.7366    0.0138 
    TXS0506+056 103533 58960.44370  6075.0  27.4135    2.2684    0.0164 
          BLLAC 135934 58960.58452  6075.0  20.0479    2.1825    0.0199 
    1ES1959+650 140348 58960.58843  6075.0  21.4756    0.2555    0.0120 
    1ES2344+514 140927 58960.59308  6075.0  38.2052    0.2233    0.0148 
       0528+134 141938 58960.59847  6075.0  63.0180    0.9311    0.0191 
       0716+714 142608 58960.60310  6075.0  53.5877    1.4375    0.0182 
       0736+017 143208 58960.60715  6075.0  39.1151    1.9575    0.0172 
       0735+178 143511 58960.60927  6075.0  51.7756    0.7415    0.0136 
       0827+243 143910 58960.61204  6075.0  46.5980    1.0657    0.0135 
       0829+046 145217 58960.62115  6075.0  36.1079    0.7852    0.0175 
          3C207 145607 58960.62380  6075.0  41.2674    1.6787    0.0185 
       0836+710 150307 58960.62878  6075.0  51.0694    2.8247    0.0177 
          OJ287 150733 58960.63174  6075.0  45.1465    4.4435    0.0198 
       0954+658 151232 58960.63525  6075.0  46.6274    0.9741    0.0128 
         MRK421 151653 58960.63909  6075.0  31.8399    0.5641    0.0121 
       1156+295 152215 58960.64196  6075.0  18.1529    0.7426    0.0136 
       1219+285 152505 58960.64565  6075.0  14.6157    0.6657    0.0128 
    PKS1222+216 021103 58908.09236 23840.0  68.0522    1.6152    0.0114 
          3C273 021530 58908.09540 23840.0  50.2385   17.9382    0.0567 
          3C279 021932 58908.09820 23840.0  43.9193   14.9323    0.0628 
       1354+195 022416 58908.10148 23840.0  69.1944    1.7412    0.0125 
     PKS1441+25 022718 58908.11102 23840.0  71.4542    0.1400    0.0033 
       1334-127 024256 58908.11445 23840.0  37.3118    5.5003    0.0230 
       1611+343 024835 58908.11837 23840.0  62.8735    2.9871    0.0126 
     PG1553+113 040649 58908.17717 23840.0  60.8127    0.2471    0.0045 
       1510-089 041741 58908.18025 23840.0  41.1880    2.3050    0.0125 
       1606+105 042205 58908.18330 23840.0  59.8992    0.7727    0.0105 
          3C345 043652 58908.19360 23840.0  79.5419    5.1531    0.0236 
         MRK501 043919 58908.19530 23840.0  77.9236    0.9043    0.0087 
          3C380 150042 58908.62679 23840.0  14.6987    3.0003    0.0246 
       2223-052 151003 58908.63328 23840.0  19.7591    3.4610    0.0310 
       2230+114 151415 58908.63620 23840.0  31.5022    3.2279    0.0184 
        3C454.3 151816 58908.63899 23840.0  37.5430   14.5720    0.0623 
          BLLAC 152248 58908.64213 23840.0  39.7075    2.7364    0.0156 
           3C84 152845 58908.64629 23840.0  82.4595   28.1906    0.1239 
        NRAO150 153308 58908.64934 23840.0  72.7356    7.4085    0.0276 
       0235+164 154110 58908.65489 23840.0  66.9519    1.8665    0.0105 
       0336-019 154536 58908.65797 23840.0  47.7494    1.0253    0.0090 
       2344+092 155102 58908.66175 23840.0  36.9465    1.8112    0.0125 
       0420-014 160928 58908.67455 23840.0  46.9185    4.5244    0.0214 
       0440-003 161327 58908.67731 23840.0  46.6273    1.4665    0.0116 
    TXS0506+056 161603 58908.67986 23840.0  49.5218    2.5072    0.0123 
       0528+134 162111 58908.68268 23840.0  53.5450    1.0386    0.0096 
    1ES1959+650 162809 58908.69559 23840.0  25.0384    0.2354    0.0066 
    1ES2344+514 164420 58908.70648 23840.0  44.2815    0.1675    0.0041 
       0716+714 195207 58908.82926 23840.0  58.1067    3.4256    0.0141 
       0736+017 195953 58908.83454 23840.0  51.6309    2.7102    0.0135 
       0735+178 200415 58908.83831 23840.0  67.7767    0.6424    0.0079 
       0827+243 200956 58908.84153 23840.0  69.0933    1.0665    0.0109 
       0829+046 201251 58908.84429 23840.0  52.0616    0.7748    0.0088 
          3C207 201629 58908.84607 23840.0  59.4068    1.3301    0.0102 
       0836+710 202258 58908.85068 23840.0  57.5427    2.0047    0.0109 
          OJ287 202927 58908.85507 23840.0  65.2115    8.1833    0.0266 
       0954+658 204929 58908.86981 23840.0  59.2640    1.4514    0.0090 
         MRK421 205533 58908.87467 23840.0  56.6173    0.4455    0.0068 
       1156+295 210155 58908.87762 23840.0  43.4446    0.8808    0.0112 
       1219+285 210425 58908.88083 23840.0  39.6252    0.4871    0.0091 
       0716+714 213058 58908.89791 23840.0  56.5340    3.6983    0.0159 


Da qui sono le aggiunte 2020 dopo l’analisi massiva

           3C84 094828 59072.41031 24100.0  40.8693   28.8846    1.0815
       0716+714 095423 59072.41634 24100.0  62.7419    0.9292    0.0806
       0736+017 100509 59072.42190 24100.0  46.3775    2.6213    0.1516
       0735+178 101018 59072.42923 24100.0  61.4412    0.5929    0.0662
       0827+243 102054 59072.43471 24100.0  69.5963    0.7752    0.0802
       0829+046 102711 59072.44095 24100.0  49.8528    1.6214    0.0884
          3C207 103548 59072.44411 24100.0  58.5987    1.3855    0.0988
       0836+710 104528 59072.44991 24100.0  63.6637    1.3934    0.1394
          OJ287 105827 59072.45891 24100.0  65.3770    7.0768    0.2803
       0954+658 112901 59072.48204 24100.0  68.8892    1.3603    0.0958
       1156+295 114145 59072.48992 24100.0  60.5179    0.9774    0.1187
       1219+285 114610 59072.49770 24100.0  58.0659    0.5617    0.0586
       0716+714 122533 59072.52132 24100.0  54.6762    0.9512    0.0968
       0827+243 130438 59072.54842 24100.0  50.7677    0.7582    0.1080
       0829+046 131045 59072.55456 24100.0  34.7761    1.4537    0.1483
          3C207 131922 59072.55772 24100.0  42.2850    1.1358    0.1430
       0836+710 132719 59072.56230 24100.0  56.3490    1.4139    0.1614
          OJ287 133348 59072.56679 24100.0  47.5166    6.9441    0.5300
    PKS1222+216 135718 59072.58311 24100.0  66.4514    1.6902    0.1665
          3C273 140234 59072.58676 24100.0  47.2591   16.0477    1.1174
          3C279 140727 59072.59016 24100.0  38.8172   18.6051    1.2958
       1354+195 141248 59072.59387 24100.0  57.9375    1.8598    0.1899
     PKS1441+25 141610 59072.62817 24100.0  62.9776    0.1567    0.0340
       1334-127 150750 59072.63208 24100.0  32.2466    4.8362    0.3874
       1611+343 151410 59072.63649 24100.0  56.0410    2.6848    0.2290
       1510-089 175105 59072.74546 24100.0  35.2054    2.3244    0.2414
       1606+105 175624 59072.74915 24100.0  55.9140    0.9700    0.1445
     FLAGGED PG1553+113 181751 59072.77723 24100.0  54.8305    0.7754    0.0494
       1510-089 184212 59072.78095 24100.0  31.7833    2.5000    0.2590
       1606+105 184734 59072.78469 24100.0  54.3054    0.8400    0.1504
     PG1553+113 190853 59072.80537 24100.0  51.0586    0.3345    0.0632
       1730-130 201251 59072.84390 24100.0  31.2674    3.6411    0.2035
       1741-038 201748 59072.84734 24100.0  40.6300    5.6209    0.2302
       1633+382 202351 59072.85154 24100.0  66.8322    2.9619    0.1466
          3C345 202841 59072.85491 24100.0  68.0168    6.2220    0.2288
         MRK501 203140 59072.85792 24100.0  69.1638    1.0305    0.0914
       1807+698 203926 59072.86239 24100.0  64.0972    2.2394    0.1454
    1ES1959+650 231402 59073.00205 24100.0  62.5344    0.2071    0.0362
          3C380 002109 59073.01634 24100.0  49.1780    2.8020    0.1942
       2223-052 002812 59073.02123 24100.0  40.5427    2.6019    0.1962
       2230+114 003323 59073.02483 24100.0  57.2142    2.1256    0.1626
        3C454.3 003813 59073.02818 24100.0  61.7194   12.8684    0.4961
        NRAO150 033423 59073.15053 24100.0  66.7708    7.1877    0.2971
       0235+164 034434 59073.15759 24100.0  60.7786    2.6909    0.1621
       0336-019 034954 59073.16131 24100.0  38.8852    1.2956    0.1773
       2344+092 035615 59073.16571 24100.0  43.6788    1.9447    0.4256
       0420-014 041628 59073.17975 24100.0  37.5295    4.6553    0.2585
    TXS0506+056 042426 59073.18810 24100.0  39.3728    2.1662    0.1331
       0528+134 043321 59073.19336 24100.0  43.5607    0.9790    0.1419
          3C66A 053602 59073.23501 24100.0  74.6451    0.9915    0.3784

    PKS1222+216 152718 59072.64567  8305.0  62.4790    2.0916    0.0497 
          3C273 153054 59072.64815  8305.0  44.6371   20.8682    0.0656 
          3C279 153407 59072.65039  8305.0  38.4881   12.6390    0.0571 
       1334-127 153723 59072.65265  8305.0  32.3875    4.2985    0.0433 
       1354+195 154124 59072.65545  8305.0  64.6653    1.5764    0.0334 
     PKS1441+25 154500 59072.67347  8305.0  69.6491    0.2098    0.0126 
     PG1553+113 162146 59072.69124  8305.0  53.0606    0.2487    0.0214 
       1606+105 163600 59072.69338  8305.0  51.4604    1.1682    0.0368 
    PKS1222+216 164100 59072.69684  8305.0  52.1622    2.1628    0.0370 
          3C273 164429 59072.69926  8305.0  36.8082   21.5374    0.0688 
          3C279 164743 59072.70150  8305.0  32.7514   12.9137    0.0561 
       1334-127 165100 59072.70379  8305.0  29.4452    4.3918    0.0424 
       1354+195 165502 59072.70659  8305.0  61.0860    1.5968    0.0365 
     PKS1441+25 165828 59072.71042  8305.0  69.9534    0.2067    0.0290 
       1730-130 210558 59072.88084  8305.0  27.8435    4.4425    0.0436 
       1741-038 210915 59072.88312  8305.0  37.1555    4.6229    0.0599 
       1611+343 211326 59072.88604  8305.0  52.4494    4.3015    0.0460 
       1633+382 211637 59072.88825  8305.0  57.5751    2.3326    0.0424 
          3C345 211941 59072.89037  8305.0  59.0864    4.8339    0.0350 
         MRK501 212244 59072.89250  8305.0  60.4573    1.2680    0.0507 
       1807+698 212709 59072.89561  8305.0  62.3208    2.3066    0.0413 
          BLLAC 213220 59072.89917  8305.0  64.5873    2.7387    0.0814 
    1ES1959+650 213658 59072.91836  8305.0  69.2732    0.2369    0.0156 
       2223-052 011614 59073.05851  8305.0  38.4204    4.3342    0.0294 
       2230+114 012519 59073.06094  8305.0  54.6056    3.1866    0.0438 
        3C454.3 012828 59073.06313  8305.0  60.1769   16.6646    0.0594 
          3C380 013332 59073.06666  8305.0  38.3065    3.9758    0.0546 
          3C66A 013921 59073.07071  8305.0  62.5680    1.0455    0.0455 
           3C84 014243 59073.07304  8305.0  52.6923   35.1404    0.0983 
       2344+092 015059 59073.08264  8305.0  54.8216    1.4433    0.0279 
       0235+164 020100 59073.09539  8305.0  50.5769    1.9375    0.0196 
        NRAO150 021914 59073.09841  8305.0  54.7985    7.8921    0.0432 
       0336-019 022336 59073.10530  8305.0  28.9550    0.9772    0.0288 
       0420-014 023224 59073.10753  8305.0  23.1384    3.7025    0.0467 
       0440-003 023529 59073.11354  8305.0  22.2104    1.4304    0.0295 
    TXS0506+056 024413 59073.12251  8305.0  24.3398    2.2640    0.0300 
    1ES2344+514 063141 59073.29237  8305.0  38.5574    0.2181    0.0248 
       0528+134 070426 59073.30032  8305.0  58.9594    0.9164    0.0238 
       0736+017 072158 59073.31250  8305.0  39.5166    1.8116    0.0298 
       0735+178 073058 59073.32164  8305.0  55.1699    0.6728    0.0215 
       0827+243 074410 59073.32405  8305.0  52.5170    0.8212    0.0383 
       0829+046 075619 59073.33344  8305.0  39.2068    1.0267    0.0314 
          3C207 080053 59073.33564  8305.0  45.5081    1.4288    0.0413 
          OJ287 081106 59073.34274  8305.0  50.1567    4.5181    0.0682 
       0954+658 081544 59073.35300  8305.0  55.5810    1.0515    0.0243 
         MRK421 082942 59073.35956  8305.0  42.4435    0.4982    0.0248 
       1156+295 083848 59073.36199  8305.0  28.6038    0.7633    0.0470 
       1219+285 084158 59073.37852  8305.0  28.7739    0.6578    0.0197 
       1730-130 192520 59103.81096  8305.0  25.8747    4.5821    0.0458 
       1741-038 192837 59103.81323  8305.0  35.0661    4.7338    0.0422 
       1611+343 193245 59103.81611  8305.0  48.6656    4.2237    0.0344 
       1633+382 193555 59103.81832  8305.0  53.8014    2.4165    0.0369 
          3C345 193859 59103.82045  8305.0  55.3294    4.8475    0.0387 
         MRK501 194203 59103.82258  8305.0  56.6890    1.2432    0.0365 
          BLLAC 195139 59103.82924  8305.0  68.3536    2.7549    0.0409 
    1ES1959+650 195628 59103.84857  8305.0  68.8799    0.2774    0.0122 
       1741-038 203243 59103.85776  8305.0  27.0254    4.6922    0.0447 
       1611+343 203644 59103.86055  8305.0  37.3869    4.3403    0.0396 
       1633+382 203955 59103.86276  8305.0  42.6036    2.4756    0.0396 
          3C345 204258 59103.86489  8305.0  44.1999    4.9017    0.0415 
         MRK501 204602 59103.86701  8305.0  45.5162    1.2097    0.0363 
       1807+698 205000 59103.86981  8305.0  56.7461    2.2322    0.0473 
          BLLAC 205757 59103.87529  8305.0  80.1815    2.7102    0.0329 
       2223-052 232459 59103.98125  8305.0  37.6796    4.2900    0.0279 
       2230+114 233403 59103.98368  8305.0  53.6710    3.0534    0.0545 
        3C454.3 233713 59103.98587  8305.0  59.3876   16.7369    0.0538 
          3C380 234211 59103.98935  8305.0  36.7617    3.9548    0.0455 
          3C66A 234802 59103.99340  8305.0  64.4247    1.1466    0.0400 
           3C84 235124 59103.99574  8305.0  54.5252   34.4667    0.1020 
       2344+092 235936 59104.00529  8305.0  54.4630    1.4238    0.0250 
       0235+164 000938 59104.01808  8305.0  52.1087    2.3012    0.0166 
        NRAO150 002757 59104.02113  8305.0  56.4424    7.5719    0.0555 
       0336-019 003221 59104.02805  8305.0  30.4604    0.9193    0.0234 
       0420-014 004109 59104.03027  8305.0  24.8099    3.6129    0.0465 
       0440-003 004413 59104.03627  8305.0  23.9252    1.4777    0.0270 
    TXS0506+056 005257 59104.04524  8305.0  26.1421    2.0443    0.0271 
    1ES2344+514 044033 59104.21517  8305.0  37.0752    0.1911    0.0277 
       0528+134 051310 59104.22306  8305.0  59.0254    0.9736    0.0338 
       0716+714 052510 59104.22762  8305.0  60.2714    1.4220    0.0546 
       0736+017 053057 59104.23539  8305.0  40.7322    1.7687    0.0319 
       0735+178 053956 59104.24454  8305.0  56.5663    0.6816    0.0228 
       0827+243 055310 59104.24695  8305.0  54.3243    0.8372    0.0339 
       0829+046 060521 59104.25639  8305.0  40.6339    1.2353    0.0418 
          3C207 060955 59104.25858  8305.0  47.1117    1.4586    0.0472 
       0836+710 061504 59104.26228  8305.0  58.9271    2.1811    0.0523 
          OJ287 062018 59104.26580  8305.0  51.9206    5.1630    0.0414 
       0954+658 062501 59104.27611  8305.0  56.7098    0.9346    0.0172 
         MRK421 063901 59104.28270  8305.0  44.3769    0.5220    0.0267 
       1156+295 064807 59104.28512  8305.0  30.5504    0.9262    0.0440 
       1219+285 065117 59104.30282  8305.0  30.5647    0.6762    0.0160 
    PKS1222+216 133115 59104.56507  8305.0  61.3507    2.0753    0.0384 
          3C273 133449 59104.56754  8305.0  43.8490   21.4321    0.0655 
          3C279 133803 59104.56979  8305.0  37.9934   12.9503    0.0519 
       1334-127 134119 59104.57206  8305.0  32.2679    4.3855    0.0388 
       1354+195 134522 59104.57487  8305.0  64.6940    1.7089    0.0305 
     PKS1441+25 134857 59104.59287  8305.0  70.1006    0.2189    0.0132 
       1510-089 141527 59104.59577  8305.0  35.4531    2.1302    0.0512 
     PG1553+113 143111 59104.61442  8305.0  54.3384    0.2594    0.0156 
    PKS1222+216 145021 59104.62000  8305.0  49.6839    2.0347    0.0361 
          3C273 145349 59104.62241  8305.0  34.7522   20.9781    0.0786 
          3C279 145704 59104.62466  8305.0  31.0646   12.7270    0.0480 
       1730-130 183551 59103.77654 24100.0  29.9119    3.7417    0.1925
       1741-038 184047 59103.77997 24100.0  39.2153    5.5916    0.2021
       1633+382 184646 59103.78412 24100.0  62.4070    2.8805    0.1282
          3C345 185136 59103.78749 24100.0  63.5855    6.3280    0.2037
         MRK501 185435 59103.79050 24100.0  64.7328    0.9756    0.0829
       1807+698 190211 59103.79485 24100.0  63.2721    2.0818    0.1076
    1ES1959+650 211817 59103.92168 24100.0  61.9867    0.2333    0.0227
          3C380 222951 59103.93905 24100.0  47.5211    2.7879    0.1290
          3C380 223551 59103.94321 24100.0  46.5884    2.7254    0.1344
       2223-052 224248 59103.94804 24100.0  40.1783    2.9405    0.1417
       2230+114 224800 59103.95165 24100.0  56.7521    2.0257    0.1168
        3C454.3 225249 59103.95500 24100.0  61.6272   13.4198    0.3836
          BLLAC 230256 59103.96297 24100.0  76.2861    3.3116    0.1196
        NRAO150 013648 59104.06888 24100.0  67.4485    7.3884    0.2091
       0235+164 014656 59104.07591 24100.0  61.0440    2.7445    0.1199
       0336-019 015217 59104.07963 24100.0  39.2851    1.4973    0.1505
       2344+092 015840 59104.08406 24100.0  43.0696    1.6942    0.1136
       0420-014 021854 59104.09811 24100.0  37.9911    5.1901    0.1827
       0440-003 022501 59104.10235 24100.0  37.4596    0.9240    0.1221
    TXS0506+056 022847 59104.10780 24100.0  40.2336    2.0477    0.0973
       0528+134 023743 59104.11305 24100.0  44.5289    1.0510    0.0896
          3C66A 034027 59104.15474 24100.0  73.5158    0.9840    0.1184
       0235+164 040211 59104.16983 24100.0  55.4535    2.7842    0.2128
       0336-019 040739 59104.17364 24100.0  42.8208    1.1132    0.2009
         MRK421 075912 59104.34008 24100.0  59.1307    0.4561    0.0757
           3C84 081508 59104.34549 24100.0  35.5781   27.1785    1.5144
       0716+714 082051 59104.35139 24100.0  61.7441    1.8464    0.1188
       0736+017 083118 59104.35672 24100.0  44.5906    3.0073    0.2153
       0735+178 083624 59104.36402 24100.0  58.5173    0.6078    0.0745
       0827+243 084652 59104.36941 24100.0  68.4967    0.8057    0.0792
       0829+046 085309 59104.37566 24100.0  48.8822    2.1490    0.1323
          3C207 090147 59104.37883 24100.0  57.6324    1.3172    0.1118
       0836+710 091100 59104.38431 24100.0  63.1834    1.4464    0.1164
          OJ287 091852 59104.38975 24100.0  64.2206    7.2443    0.4146
       0954+658 094009 59104.40645 24100.0  69.0548    1.3306    0.1031
    PKS1222+216 120013 59104.50180 24100.0  66.6669    1.4582    0.1085
          3C273 120528 59104.50545 24100.0  47.3831   16.2816    0.6483
          3C279 121022 59104.50885 24100.0  39.1195   18.1982    0.7354
       1354+195 121542 59104.51256 24100.0  59.0149    1.9240    0.1194
       1334-127 131051 59104.55086 24100.0  32.3670    5.4994    0.2660
       1611+343 131713 59104.55527 24100.0  57.6156    2.7989    0.1455
     PG1553+113 152422 59104.65678 24100.0  56.6049    0.2562    0.0340
       1510-089 154842 59104.66047 24100.0  35.0448    2.3040    0.1816
       1606+105 155400 59104.66415 24100.0  55.9145    0.8617    0.1081

    PKS1222+216 115528 59130.49855  8305.0  60.5547    2.0739    0.0323 
          3C273 115902 59130.50102  8305.0  43.2819   22.9151    0.0795 
       1334-127 120532 59130.50554  8305.0  32.1432    4.7954    0.0564 
       1354+195 120934 59130.50835  8305.0  64.6217    1.9163    0.0448 
     PKS1441+25 121310 59130.52635  8305.0  70.2934    0.2005    0.0128 
       1510-089 123939 59130.52923  8305.0  35.6908    2.3111    0.0412 
     PG1553+113 124955 59130.54410  8305.0  54.4109    0.2719    0.0207 
       1606+105 130408 59130.54624  8305.0  52.9588    1.2168    0.0368 
    PKS1222+216 130905 59130.54967  8305.0  49.5229    2.1202    0.0332 
       1730-130 174104 59130.73855  8305.0  25.6844    4.5773    0.0445 
       1741-038 174421 59130.74084  8305.0  34.8603    4.5720    0.0400 
       1611+343 174830 59130.74373  8305.0  48.3215    4.1115    0.0376 
       1633+382 175141 59130.74593  8305.0  53.4599    2.4781    0.0359 
          3C345 175445 59130.74806  8305.0  54.9888    4.7853    0.0437 
         MRK501 175749 59130.75018  8305.0  56.3491    1.2285    0.0380 
          BLLAC 180723 59130.75684  8305.0  68.6936    2.7035    0.0333 
    1ES1959+650 181214 59130.77619  8305.0  68.8235    0.2596    0.0129 
       1730-130 184308 59130.78166  8305.0  18.3252    4.5898    0.0563 
       1741-038 184624 59130.78392  8305.0  27.0478    4.5969    0.0496 
       1611+343 185025 59130.78671  8305.0  37.4149    4.2094    0.0412 
       1633+382 185335 59130.78892  8305.0  42.6306    2.5118    0.0408 
          3C345 185639 59130.79105  8305.0  44.2269    4.8913    0.0387 
         MRK501 185943 59130.79317  8305.0  45.5414    1.2513    0.0412 
       1807+698 190341 59130.79598  8305.0  56.7562    2.2446    0.0589 
          BLLAC 191138 59130.80000  8305.0  80.1527    2.6283    0.0826 
       2223-052 214543 59130.91232  8305.0  37.1451    4.4583    0.0277 
       2230+114 215448 59130.91476  8305.0  53.0010    3.1417    0.0360 
        3C454.3 215758 59130.91695  8305.0  58.7970   17.6129    0.0613 
          3C380 220254 59130.92040  8305.0  35.7647    4.1316    0.0393 
          3C66A 220845 59130.92445  8305.0  65.6345    1.0722    0.0372 
           3C84 221207 59130.92678  8305.0  55.7202   36.3075    0.1014 
       2344+092 222015 59130.93629  8305.0  54.1548    1.5057    0.0262 
       0235+164 223018 59130.94909  8305.0  53.0601    2.3896    0.0167 
        NRAO150 224839 59130.95217  8305.0  57.5095    7.5252    0.0418 
       0336-019 225305 59130.95909  8305.0  31.4044    0.9898    0.0227 
       0420-014 230151 59130.96132  8305.0  25.8718    3.9835    0.0443 
       0440-003 230456 59130.96733  8305.0  25.0206    1.5317    0.0291 
    TXS0506+056 231342 59130.97629  8305.0  27.2946    2.5160    0.0727 
    TXS0506+056 232843 59130.98191  8305.0  28.6427    2.3798    0.0363 
          BLLAC 225123 59131.95406  8305.0  59.2004    2.6262    0.0359 
          BLLAC 225443 59131.95637  8305.0  58.6173    2.6407    0.0401 
    1ES2344+514 025456 59132.14183  8305.0  36.4626    0.3181    0.0810 
       0528+134 032732 59132.14968  8305.0  59.0038    0.8895    0.0224 
       0716+714 033933 59132.15428  8305.0  60.4988    1.0523    0.0412 
       0736+017 034523 59132.16207  8305.0  41.2111    1.8945    0.0218 
       0735+178 035422 59132.17123  8305.0  57.1181    0.6964    0.0190 
       0827+243 040737 59132.17365  8305.0  55.0663    0.7849    0.0340 
       0829+046 041950 59132.18311  8305.0  41.2072    1.1849    0.0309 
          3C207 042424 59132.18531  8305.0  47.7802    1.4826    0.0399 
       0836+710 042936 59132.18903  8305.0  59.2160    2.1018    0.0416 
          OJ287 043452 59132.19257  8305.0  52.6451    5.1541    0.0370 
       0954+658 043937 59132.20291  8305.0  57.1790    0.9082    0.0387 
         MRK421 045338 59132.20952  8305.0  45.1921    0.5470    0.0484 
       1156+295 050246 59132.21195  8305.0  31.3762    1.0094    0.0523 
       1219+285 050555 59132.22966  8305.0  31.3962    0.6329    0.0160

           3C84 083116 59130.35670 24100.0  17.9988   22.6448    1.3234
       0716+714 083708 59130.36270 24100.0  54.7117    0.9515    0.0833
       0736+017 084959 59130.36970 24100.0  30.3597    2.3593    0.2085
       0735+178 085500 59130.37694 24100.0  40.5897    0.5897    0.0713
       0827+243 090529 59130.38233 24100.0  52.6489    0.8060    0.0807
       0829+046 091137 59130.38847 24100.0  36.4082    2.0842    0.0937
          3C207 092013 59130.39163 24100.0  44.0231    1.2605    0.0911
       0836+710 092814 59130.39628 24100.0  57.1495    1.0918    0.0886
          OJ287 093449 59130.40082 24100.0  49.3276    6.1391    0.1951
       0954+658 094229 59130.40806 24100.0  64.7749    1.1615    0.0780
          3C273 102007 59130.43228 24100.0  47.3489   16.4264    0.4667
       1354+195 103021 59130.43939 24100.0  58.6392    1.9548    0.1229
     PKS1441+25 103343 59130.47369 24100.0  63.7474    0.1469    0.0196
       1334-127 112526 59130.47765 24100.0  32.3259    4.6811    0.1820
       1611+343 113146 59130.48204 24100.0  57.0414    2.8541    0.1231
     PG1553+113 133721 59130.58243 24100.0  56.6099    0.2906    0.0274
       1510-089 140140 59130.58614 24100.0  35.2650    2.2895    0.1206
       1606+105 140658 59130.58982 24100.0  55.9017    0.8475    0.0748
     PG1553+113 142823 59130.61787 24100.0  54.9210    0.2981    0.0306
       1510-089 145244 59130.62160 24100.0  31.9041    2.2008    0.1312
       1606+105 145806 59130.62532 24100.0  54.3930    0.8907    0.0911
     PG1553+113 151923 59130.65329 24100.0  50.1659    0.2721    0.0330
       1730-130 162107 59130.68298 24100.0  31.4232    3.8077    0.1775
       1741-038 162603 59130.68640 24100.0  40.7889    5.7097    0.1481
       1633+382 163207 59130.69062 24100.0  67.4793    3.2056    0.0976
          3C345 163658 59130.69399 24100.0  68.6692    6.0548    0.1346
         MRK501 163957 59130.69700 24100.0  69.8155    0.9595    0.0613
    1ES1959+650 193208 59130.84794 24100.0  61.9858    0.2288    0.0192
          3C380 204341 59130.86532 24100.0  47.5197    2.6568    0.1141
       2223-052 205040 59130.87017 24100.0  40.3392    2.7114    0.1137
       2230+114 205551 59130.87377 24100.0  56.9621    2.0532    0.0855
        3C454.3 210041 59130.87712 24100.0  61.7108   13.1675    0.3609
          BLLAC 213114 59130.89928 24100.0  73.7034    2.9978    0.0992
        NRAO150 235928 59131.00128 24100.0  68.8291    7.0885    0.2767
       0235+164 000611 59131.00594 24100.0  61.3416    2.8649    0.1196
       0336-019 001131 59131.00964 24100.0  39.7667    1.1625    0.0939
       2344+092 001750 59131.01403 24100.0  42.3013    1.4524    0.0961
       0420-014 003801 59131.02805 24100.0  38.5337    5.3214    0.1953
       0440-003 004250 59131.03139 24100.0  37.9131    0.9219    0.1019
    TXS0506+056 004558 59131.03639 24100.0  40.6817    2.2129    0.0940
       0528+134 005454 59131.04048 24100.0  44.9030    1.0893    0.0817
          3C380 223027 59131.93876 24100.0  31.1739    3.0894    0.2033
          BLLAC 223515 59131.94374 24100.0  61.6238    3.4512    0.1107
        NRAO150 234752 59131.99323 24100.0  67.6296    8.4172    0.1781
       0235+164 235800 59132.00026 24100.0  61.1132    3.3792    0.1125
       0336-019 000321 59132.00397 24100.0  39.3926    1.3112    0.1202
       2344+092 000941 59132.00838 24100.0  42.9111    1.7876    0.1239
       0420-014 002952 59132.02239 24100.0  38.1004    6.1488    0.1628
       0440-003 003441 59132.02573 24100.0  37.4341    1.0249    0.1289
    TXS0506+056 003749 59132.03074 24100.0  40.1155    2.7017    0.0880
       0528+134 004645 59132.03600 24100.0  44.3975    1.2626    0.0797
    1ES2344+514 005745 59132.07386 24100.0  50.3894    0.2433    0.0304
          3C66A 014925 59132.07763 24100.0  73.6946    1.1714    0.1062
       0235+164 021106 59132.09270 24100.0  55.5777    3.2386    0.1173
       0336-019 021622 59132.09634 24100.0  42.8804    1.4891    0.1225
       2344+092 022222 59132.10052 24100.0  20.9809    1.5185    0.2538
       0420-014 024129 59132.11379 24100.0  43.9169    6.0671    0.1677
       0440-003 024617 59132.11643 24100.0  45.0956    1.1426    0.1444
           3C84 063027 59132.27279 24100.0  34.7164   30.9474    0.7111
       0716+714 063609 59132.27869 24100.0  61.5270    1.2408    0.1250
       0736+017 064633 59132.28397 24100.0  44.1876    3.2055    0.2351
       0829+046 070821 59132.30289 24100.0  48.6033    2.6801    0.1462
       0836+710 072612 59132.31153 24100.0  63.0512    1.4469    0.0980
          OJ287 073359 59132.31691 24100.0  63.8614    7.7687    0.2209

       1730-130 151637 59164.63824  8305.0  26.7328    4.8102    0.0610 
       1741-038 151954 59164.64051  8305.0  35.9776    4.8287    0.0435 
       1611+343 152404 59164.64342  8305.0  50.2373    4.0528    0.0412 
       1633+382 152715 59164.64563  8305.0  55.3694    2.5923    0.0408 
          3C345 153018 59164.64776  8305.0  56.8877    4.7797    0.0363 
         MRK501 153322 59164.64988  8305.0  58.2524    1.2635    0.0308 
          BLLAC 154258 59164.65655  8305.0  66.7846    2.5616    0.0359 
    1ES1959+650 154743 59164.67583  8305.0  69.0902    0.2423    0.0155 
       1730-130 162144 59164.68346  8305.0  19.3487    4.7769    0.0501 
       1741-038 162500 59164.68572  8305.0  28.1307    4.8777    0.0475 
       1611+343 162901 59164.68853  8305.0  38.7539    4.0570    0.0430 
       1633+382 163212 59164.69074  8305.0  43.9570    2.5930    0.0376 
          3C345 163516 59164.69287  8305.0  45.5437    4.8743    0.0359 
         MRK501 163820 59164.69499  8305.0  46.8642    1.2762    0.0318 
       1807+698 164220 59164.69782  8305.0  57.3422    2.1642    0.0354 
          BLLAC 165021 59164.70334  8305.0  78.8049    2.4833    0.0634 
       2223-052 192112 59164.81196  8305.0  37.9654    4.3784    0.0233 
       2230+114 193016 59164.81439  8305.0  54.0320    3.0123    0.0416 
        3C454.3 193326 59164.81659  8305.0  59.6975   17.1722    0.0552 
          3C380 193827 59164.82008  8305.0  37.3260    4.0046    0.0415 
          3C66A 194417 59164.82413  8305.0  63.7347    1.0775    0.0431 
           3C84 194739 59164.82647  8305.0  53.8418   35.5473    0.1158 
       2344+092 195552 59164.83604  8305.0  54.6136    1.4987    0.0232 
       0235+164 200554 59164.83938  8305.0  49.5108    2.4080    0.0522 
       0235+164 200922 59164.85123  8305.0  52.0440    2.3860    0.0180 
        NRAO150 202741 59164.85427  8305.0  56.3710    7.1002    0.0356 
       0336-019 203205 59164.86118  8305.0  30.3950    0.9448    0.0315 
       0420-014 204051 59164.86340  8305.0  24.7369    3.8849    0.0539 
       0440-003 204356 59164.86941  8305.0  23.8520    1.5184    0.0275 
    TXS0506+056 205241 59164.87839  8305.0  26.0655    2.2491    0.0270 
         MRK421 003653 59165.03120  8305.0  24.2191    0.4945    0.0295 
       0528+134 012237 59165.06295  8305.0  58.9461    0.9823    0.0197 
       0716+714 013443 59165.06759  8305.0  60.7389    1.0312    0.0406 
       0736+017 014035 59165.07542  8305.0  41.7197    1.7135    0.0209 
       0735+178 014936 59165.08459  8305.0  57.7059    0.6978    0.0157 
       0827+243 020251 59165.08701  8305.0  55.8718    0.7213    0.0316 
       0829+046 021505 59165.09646  8305.0  41.8170    1.3688    0.0334 
          3C207 021938 59165.09866  8305.0  48.4585    1.5700    0.0379 
       0836+710 022452 59165.10241  8305.0  59.5231    2.1482    0.0349 
          OJ287 023011 59165.10599  8305.0  53.4214    6.2267    0.0528 
       0954+658 023458 59165.11633  8305.0  57.6812    0.8665    0.0222 
         MRK421 024859 59165.12294  8305.0  46.0708    0.5372    0.0658 
       1219+285 030114 59165.14307  8305.0  32.2861    0.6159    0.0180 
    PKS1222+216 093633 59165.40208  8305.0  60.7182    2.0677    0.0390 
          3C273 094006 59165.40455  8305.0  43.3995   23.1618    0.0692 
          3C279 094320 59165.40679  8305.0  37.6984   14.8678    0.0838 
       1334-127 094636 59165.40906  8305.0  32.1715    4.6102    0.0763 
     PKS1441+25 095413 59165.42988  8305.0  70.2586    0.1957    0.0120 
       1510-089 102044 59165.43277  8305.0  35.6454    2.3776    0.0364 
     PG1553+113 103101 59165.44763  8305.0  54.3118    0.2791    0.0176 
       1606+105 104513 59165.44976  8305.0  52.8459    1.1970    0.0334 
    PKS1222+216 105010 59165.45320  8305.0  49.7407    1.9769    0.0325 
          3C273 105339 59165.45562  8305.0  34.7994   22.6700    0.0714 
          3C279 105653 59165.45787  8305.0  31.1041   14.5287    0.0534 
       1334-127 110010 59165.45919  8305.0  28.4314    4.5428    0.0572 

          3C380 180745 59174.75703 24100.0  44.8440    2.4446    0.0955
       2230+114 181948 59174.76540 24100.0  56.2258    2.1927    0.0705
        3C454.3 182438 59174.76875 24100.0  61.3250   13.6827    0.2132
          BLLAC 183052 59174.77403 24100.0  75.0421    3.7584    0.0909
    1ES1959+650 183753 59174.81026 24100.0  50.0113    0.2205    0.0208
       2230+114 195544 59174.83203 24100.0  46.2852    2.1294    0.0935
        3C454.3 200035 59174.83540 24100.0  52.2128   13.5013    0.2231
          BLLAC 200614 59174.84026 24100.0  58.1187    3.8540    0.0743
    1ES1959+650 201259 59174.85681 24100.0  42.9942    0.2099    0.0315
       2344+092 211409 59174.88648 24100.0  43.8400    1.3327    0.1332
       0420-014 213422 59174.90051 24100.0  37.4154    5.7401    0.1114
       0440-003 213911 59174.90386 24100.0  36.6721    1.0346    0.0770
    TXS0506+056 214220 59174.90887 24100.0  39.2244    2.2887    0.0914

    1ES1959+650 150904 59197.66524 24100.0  61.9455    0.1971    0.0175
          3C380 161535 59197.67914 24100.0  48.2399    2.7048    0.1067
       2223-052 162235 59197.68400 24100.0  40.4404    2.6664    0.1160
       2230+114 162746 59197.68759 24100.0  57.0918    2.4107    0.0977
        3C454.3 163235 59197.69095 24100.0  61.7362   13.3408    0.3460
          BLLAC 165630 59197.70850 24100.0  75.7168    3.9651    0.1164
          BLLAC 170314 59197.71317 24100.0  74.5140    4.0205    0.1168
        NRAO150 193352 59197.81684 24100.0  68.4866    7.5177    0.2229
       0235+164 194357 59197.82384 24100.0  61.4029    3.0439    0.1156
       0336-019 194918 59197.82755 24100.0  39.8708    0.9863    0.1133
       2344+092 195538 59197.83195 24100.0  42.1200    1.3705    0.0955
       0420-014 201549 59197.84596 24100.0  38.6541    5.5691    0.1803
       0440-003 202037 59197.84930 24100.0  38.0480    0.9249    0.0943
    TXS0506+056 202346 59197.85432 24100.0  40.8445    2.0546    0.0789
       0528+134 203242 59197.85958 24100.0  45.2256    1.2535    0.0707
          3C66A 213520 59197.90119 24100.0  72.7295    1.0288    0.0760
       0235+164 215702 59197.91626 24100.0  54.8958    2.9133    0.1113
       0336-019 220220 59197.91993 24100.0  42.6239    0.9349    0.0954
       2344+092 220820 59197.92410 24100.0  20.0120    1.1770    0.1591
       0420-014 222726 59197.93736 24100.0  43.7673    5.6317    0.1861
         MRK421 014540 59198.08068 24100.0  58.4120    0.3982    0.0360
           3C84 020136 59198.08610 24100.0  36.2142   27.9017    0.8232
       0716+714 020723 59198.09204 24100.0  61.8901    0.6554    0.0499
       0736+017 021752 59198.09739 24100.0  44.8555    2.1335    0.0948
       0735+178 022300 59198.10471 24100.0  58.9285    0.6404    0.0537
       0827+243 023328 59198.11011 24100.0  68.7260    0.9135    0.0664
       0829+046 023944 59198.11635 24100.0  49.0562    1.5763    0.0922
          3C207 024822 59198.11952 24100.0  57.8180    1.2708    0.0887
       0836+710 025739 59198.12504 24100.0  63.2736    1.1954    0.0961
          OJ287 030535 59198.13053 24100.0  64.4474    7.3618    0.3632
       0954+658 032651 59198.14720 24100.0  69.0414    1.2832    0.0805
       1156+295 033925 59198.15496 24100.0  62.6584    1.0107    0.0790
       1219+285 034350 59198.16273 24100.0  60.2287    0.5095    0.0417
    PKS1222+216 055037 59198.24513 24100.0  66.6595    1.2842    0.1077
          3C273 055552 59198.24878 24100.0  47.3788   15.7382    0.8230
          3C279 060046 59198.25218 24100.0  39.1172   19.1322    1.0014
       1354+195 060606 59198.25588 24100.0  59.0078    1.9936    0.1388
       1334-127 070116 59198.29419 24100.0  32.3625    4.1002    0.2028
       1611+343 070736 59198.29860 24100.0  57.6119    2.7852    0.1294
     PG1553+113 101001 59198.43844 24100.0  54.2800    0.2694    0.0548
     PG1553+113 110102 59198.47387 24100.0  49.0808    0.2694    0.0396
       1510-089 112523 59198.47761 24100.0  25.5116    2.5001    0.1434
       1606+105 113048 59198.48137 24100.0  48.7490    0.8944    0.1158
       1730-130 121007 59198.50868 24100.0  30.6394    4.1227    0.1400
       1741-038 121503 59198.51210 24100.0  39.9796    7.3251    0.1677
       1633+382 122105 59198.51630 24100.0  64.5720    3.2596    0.0946
          3C345 122555 59198.51965 24100.0  65.7538    5.5574    0.1299
         MRK501 122853 59198.52266 24100.0  66.9016    1.0159    0.0783
       1807+698 123634 59198.52707 24100.0  63.7184    1.9395    0.0922

       2223-052 171959 59197.72777  8305.0  37.3280    4.0497    0.0325 
       2230+114 172903 59197.73020  8305.0  53.2308    2.8720    0.0338 
        3C454.3 173212 59197.73239  8305.0  59.0026   15.8070    0.0534 
          3C380 173709 59197.73585  8305.0  36.0943    3.9792    0.0518 
          3C66A 174300 59197.73990  8305.0  65.2243    1.0293    0.0485 
           3C84 174622 59197.74224  8305.0  55.3154   33.5218    0.0953 
       2344+092 175432 59197.75177  8305.0  54.2647    1.4451    0.0285 
       0235+164 180434 59197.76455  8305.0  52.7383    2.4635    0.0157 
        NRAO150 182253 59197.76761  8305.0  57.1426    6.5238    0.0353 
       0336-019 182718 59197.77453  8305.0  31.0812    0.9707    0.0233 
       0420-014 183605 59197.77676  8305.0  25.5084    3.7763    0.0457 
       0440-003 183910 59197.78277  8305.0  24.6465    1.4402    0.0246 
    TXS0506+056 184756 59197.79175  8305.0  26.9015    2.0848    0.0282 
       2223-052 190838 59197.79960  8305.0  25.0936    4.2771    0.0504 
    1ES2344+514 225300 59197.97382  8305.0  34.0900    0.2260    0.0131 
       0528+134 232528 59197.98158  8305.0  58.6377    1.0181    0.0199 
       0716+714 233742 59197.98633  8305.0  61.3185    0.6999    0.0413 
       0736+017 234341 59197.99423  8305.0  42.9448    1.7113    0.0238 
       0735+178 235241 59198.00340  8305.0  59.1156    0.7418    0.0179 
       0827+243 000558 59198.00584  8305.0  57.9108    0.7072    0.0364 
       0829+046 001813 59198.01532  8305.0  43.3195    1.3267    0.0320 
          3C207 002247 59198.01752  8305.0  50.1956    1.6119    0.0376 
          OJ287 003334 59198.02501  8305.0  55.3807    6.1942    0.1085 
         MRK421 005232 59198.04207  8305.0  48.3891    0.5307    0.0211 
       1156+295 010137 59198.04450  8305.0  34.5987    0.9211    0.0503 
       1219+285 010447 59198.05687  8305.0  33.6979    0.6242    0.0170 
    PKS1222+216 073057 59198.31486  8305.0  60.1906    2.0741    0.0359 
          3C273 073430 59198.31733  8305.0  43.0183   23.9891    0.0762 
          3C279 073745 59198.31958  8305.0  37.4405   15.9463    0.0665 
       1334-127 074101 59198.32185  8305.0  32.0750    4.3509    0.0854 
       1354+195 074504 59198.32466  8305.0  64.5633    1.9995    0.0348 
     PKS1441+25 074839 59198.34267  8305.0  70.3471    0.2139    0.0132 
       1510-089 081509 59198.34555  8305.0  35.7823    2.6969    0.0439 
     PG1553+113 082526 59198.36043  8305.0  54.6174    0.2929    0.0172 
       1606+105 083939 59198.36258  8305.0  53.1936    1.2225    0.0342 
    PKS1222+216 084436 59198.36600  8305.0  49.0456    2.0732    0.0506 
          3C273 084804 59198.36841  8305.0  34.2148   23.8448    0.0805 
          3C279 085118 59198.37066  8305.0  30.6170   15.8222    0.0971 
       1334-127 085435 59198.37197  8305.0  28.0905    4.3782    0.0850 
       1730-130 130056 59198.54402  8305.0  26.9185    4.9206    0.0487 
       1741-038 130413 59198.54630  8305.0  36.1738    4.7312    0.0408 
       1611+343 130824 59198.54921  8305.0  50.5917    3.8450    0.0345 
       1633+382 131135 59198.55142  8305.0  55.7196    2.6284    0.0283 
          3C345 131439 59198.55355  8305.0  57.2381    4.6692    0.0358 
         MRK501 131743 59198.55567  8305.0  58.6028    1.2226    0.0342 
          BLLAC 132718 59198.56234  8305.0  66.4342    2.5940    0.0366 
    1ES1959+650 133202 59198.58161  8305.0  69.1301    0.2223    0.0128 
       1730-130 140603 59198.58923  8305.0  19.6097    4.9491    0.0715 
       1741-038 140919 59198.59150  8305.0  28.4048    4.7001    0.0441 
       1611+343 141321 59198.59430  8305.0  39.1003    3.8541    0.0376 
       1633+382 141631 59198.59652  8305.0  44.2999    2.6131    0.0364 
          3C345 141936 59198.59865  8305.0  45.8846    4.6529    0.0371 

         MRK421 020542 59201.09365 24100.0  63.8612    0.3604    0.0602

    1ES2344+514 224958 59200.97169  8305.0  32.9323    0.3129    0.0634 
       0528+134 232220 59200.97941  8305.0  58.2945    0.9723    0.0328 
       0716+714 233435 59200.98417  8305.0  61.6769    0.6885    0.0376 
       0736+017 234223 59200.99333  8305.0  43.8450    1.6022    0.0232 
       0735+178 235124 59201.00251  8305.0  60.1418    0.6609    0.0177 
       0827+243 000443 59201.00497  8305.0  59.5241    0.7848    0.0702 
       0829+046 001656 59201.01443  8305.0  44.4564    1.2458    0.0324 
          3C207 002130 59201.01664  8305.0  51.5313    1.3313    0.0375 
       0836+710 002659 59201.02055  8305.0  60.8583    1.9897    0.0314 
          OJ287 003231 59201.02428  8305.0  56.9098    5.7176    0.0546 
       0954+658 003730 59201.03477  8305.0  60.0149    0.8248    0.0525 
         MRK421 005139 59201.04145  8305.0  50.3049    0.4785    0.0257 
       1156+295 010044 59201.04388  8305.0  36.5302    0.9062    0.0512 
       1219+285 010354 59201.05626  8305.0  35.6315    0.5964    0.0414 

       0528+134 210628 59229.88506  8305.0  58.9543    0.9280    0.0204 
       0716+714 211832 59229.88968  8305.0  60.7029    0.7321    0.0367 
       0736+017 212424 59229.89751  8305.0  41.6523    1.5265    0.0212 
       0735+178 213325 59229.90668  8305.0  57.6296    0.7391    0.0155 
       0827+243 214640 59229.90910  8305.0  55.7657    0.6783    0.0372 
       0829+046 215852 59229.91855  8305.0  41.7337    1.2330    0.0311 
          3C207 220325 59229.92074  8305.0  48.3649    1.5237    0.0317 
       0836+710 220840 59229.92449  8305.0  59.4775    2.0117    0.0392 
          OJ287 221358 59229.92807  8305.0  53.3172    6.3504    0.0507 
       0954+658 221845 59229.93840  8305.0  57.6089    0.7382    0.0199 
         MRK421 224050 59229.95062  8305.0  47.3568    0.5805    0.0333 
       1156+295 224956 59229.95304  8305.0  33.5568    0.9667    0.0406 
       1219+285 225305 59229.96323  8305.0  31.7463    0.5606    0.0215 
    PKS1222+216 052105 59230.22467  8305.0  60.7069    2.0726    0.0357 
          3C273 052439 59230.22716  8305.0  43.3881   24.5803    0.0860 
          3C279 052754 59230.22940  8305.0  37.6890   16.3836    0.0667 
       1334-127 053110 59230.23168  8305.0  32.1665    4.1381    0.0751 
       1354+195 053512 59230.23448  8305.0  64.6339    2.1313    0.0616 
     PKS1441+25 053848 59230.25248  8305.0  70.2557    0.2291    0.0150 
       1510-089 060517 59230.25536  8305.0  35.6458    2.8550    0.0393 
     PG1553+113 061533 59230.27023  8305.0  54.3139    0.2788    0.0225 
       1606+105 062946 59230.27237  8305.0  52.8507    1.2656    0.0464 
    PKS1222+216 063443 59230.27581  8305.0  49.7231    2.0868    0.0734 
          3C273 063811 59230.27821  8305.0  34.7872   25.3131    0.1023 
       1830-211 104227 59230.44786  8305.0  23.8106   14.8930    0.0809 
       1730-130 110308 59230.46222  8305.0  26.1542    5.2456    0.0509 
       1741-038 110625 59230.46449  8305.0  35.3634    5.1308    0.0436 
       1611+343 111034 59230.46737  8305.0  49.1696    3.9377    0.0438 
       1633+382 111344 59230.46957  8305.0  54.3048    2.7902    0.0355 
          3C345 111648 59230.47171  8305.0  55.8276    4.8227    0.0437 
         MRK501 111952 59230.47383  8305.0  57.1890    1.1862    0.0395 
          BLLAC 112927 59230.48049  8305.0  67.8508    2.7525    0.0309 
    1ES1959+650 113415 59230.49981  8305.0  68.9575    0.2344    0.0137 
       1741-038 121316 59230.51092  8305.0  27.0386    5.0834    0.0493 
    1ES1959+650 121918 59230.51814  8305.0  67.9957    0.2556    0.0395 
       2223-052 150616 59230.63492  8305.0  37.6298    4.0495    0.0290 
        3C454.3 151830 59230.63955  8305.0  59.3339   14.5269    0.0560 
          3C380 152329 59230.64303  8305.0  36.6591    3.7165    0.0559 
          3C66A 152920 59230.64707  8305.0  64.5355    0.9007    0.0564 
           3C84 153242 59230.64941  8305.0  54.6329   30.8127    0.1057 
       2344+092 154053 59230.65896  8305.0  54.4361    1.3689    0.0235 
       0235+164 155056 59230.67175  8305.0  52.1940    2.1550    0.0149 
        NRAO150 160914 59230.67479  8305.0  56.5351    5.8243    0.0433 
       0336-019 161339 59230.68171  8305.0  30.5419    0.8840    0.0233 
       0420-014 162225 59230.68393  8305.0  24.8996    3.6934    0.0613 
       0440-003 162530 59230.68994  8305.0  24.0190    1.3018    0.0223 
    TXS0506+056 163415 59230.69892  8305.0  26.2427    1.9716    0.0302 
       2223-052 165500 59230.71041  8305.0  25.3241    4.0253    0.0325 
       2230+114 170359 59230.71280  8305.0  39.0132    2.7131    0.0337 

         MRK421 233225 59229.98814 24100.0  57.0829    0.4617    0.0317
           3C84 234820 59229.99355 24100.0  37.4184   25.3473    0.5684
       0716+714 235408 59229.99950 24100.0  62.1500    0.7318    0.0415
       0736+017 000455 59230.00506 24100.0  45.3143    1.7092    0.0768
       0735+178 001003 59230.01240 24100.0  59.6474    0.6769    0.0335
       0827+243 002035 59230.01782 24100.0  69.0871    0.8643    0.0409
       0829+046 002651 59230.02407 24100.0  49.3406    1.2958    0.0448
          3C207 003529 59230.02724 24100.0  58.1164    1.2343    0.0497
       0836+710 004453 59230.03284 24100.0  63.4087    1.2538    0.0583
          OJ287 005255 59230.03840 24100.0  64.8154    7.5731    0.1731
       0954+658 011448 59230.05551 24100.0  68.9898    1.3969    0.0448
       1156+295 012727 59230.06333 24100.0  61.6495    1.2827    0.0507
       1219+285 013153 59230.07112 24100.0  59.2102    0.4515    0.0283
       0716+714 023503 59230.11125 24100.0  52.3496    0.6741    0.0426
       0736+017 024422 59230.11580 24100.0  26.0509    1.6051    0.0882
       0735+178 024922 59230.12302 24100.0  35.8127    0.6185    0.0428
       0827+243 030008 59230.12863 24100.0  47.8888    0.8250    0.0446
       0829+046 030615 59230.13474 24100.0  32.2331    1.1696    0.0527
          3C207 031450 59230.13790 24100.0  39.5987    1.2573    0.0583
    PKS1222+216 034519 59230.15812 24100.0  66.6649    1.3307    0.0519
          3C273 035036 59230.16179 24100.0  47.3806   15.8909    0.3115
          3C279 035530 59230.16519 24100.0  39.1309   20.3592    0.4014
       1354+195 040049 59230.16889 24100.0  59.0673    2.0781    0.0684
     PKS1441+25 040412 59230.20326 24100.0  64.2339    0.1331    0.0132
       1334-127 045606 59230.20727 24100.0  32.3656    4.2065    0.1043
       1611+343 050226 59230.21168 24100.0  57.7215    2.8211    0.0763
     PG1553+113 070521 59230.31022 24100.0  56.6063    0.3002    0.0184
       1510-089 072940 59230.31392 24100.0  35.2111    2.4942    0.0795
       1606+105 073458 59230.31760 24100.0  55.9025    0.8749    0.0525
     PG1553+113 080242 59230.35004 24100.0  54.3900    0.3074    0.0228
       1510-089 082704 59230.35378 24100.0  31.2336    2.4638    0.0934
       1606+105 083227 59230.35752 24100.0  53.8864    0.9052    0.0567
     PG1553+113 085344 59230.38546 24100.0  49.2641    0.2833    0.0207
       1730-130 095712 59230.41637 24100.0  31.0076    4.1218    0.1219
       1741-038 100209 59230.41981 24100.0  40.3593    7.5769    0.1506
       1830-211 100718 59230.42339 24100.0  24.4249    9.4426    0.2000
       1830-211 101048 59230.42582 24100.0  24.4051    9.2750    0.1949
       1633+382 101712 59230.43026 24100.0  64.2245    3.3039    0.0768
          3C345 102203 59230.43363 24100.0  65.4056    5.7055    0.1105
         MRK501 102501 59230.43664 24100.0  66.5528    1.0451    0.0461
       1807+698 103242 59230.44105 24100.0  63.6568    1.8224    0.0601
    1ES1959+650 124348 59230.53589 24100.0  66.4506    0.1944    0.0288
    1ES1959+650 130052 59230.57624 24100.0  61.8137    0.2057    0.0136
          3C380 141619 59230.59632 24100.0  46.6119    2.7644    0.0943
       2223-052 142316 59230.60114 24100.0  40.1820    2.6619    0.0927
       2230+114 142827 59230.60474 24100.0  56.7587    2.5186    0.0869
        3C454.3 143316 59230.60808 24100.0  61.6314   12.2813    0.3158
          BLLAC 144308 59230.61588 24100.0  76.3613    4.5988    0.1248
        NRAO150 173210 59230.73233 24100.0  69.7463    7.9805    0.1452
       0235+164 174209 59230.73925 24100.0  61.7419    2.6198    0.0709
       0336-019 174729 59230.74296 24100.0  40.5267    0.8676    0.0671
       2344+092 175350 59230.74737 24100.0  40.9364    1.3676    0.0636
       0420-014 181359 59230.76136 24100.0  39.4241    5.9411    0.1212
       0440-003 181848 59230.76471 24100.0  38.9138    0.9233    0.0580
    TXS0506+056 182157 59230.76972 24100.0  41.8798    1.8299    0.0489
       0528+134 183053 59230.77498 24100.0  46.4157    1.1840    0.0447
    1ES2344+514 184150 59230.81279 24100.0  48.4007    0.1572    0.0175
          3C66A 193327 59230.81655 24100.0  71.3224    0.9711    0.0562

       0528+134 185744 59260.79567  8305.0  59.0191    1.0260    0.0230
       0736+017 191532 59260.80803  8305.0  40.9250    1.4617    0.0618
       0735+178 192432 59260.81717  8305.0  56.7898    0.7451    0.0204
       0827+243 193746 59260.81959  8305.0  54.6233    0.7390    0.0693
       0829+046 194958 59260.82904  8305.0  40.8648    1.1712    0.0311
          3C207 195432 59260.83124  8305.0  47.3750    1.6151    0.0493
          OJ287 200820 59260.84083  8305.0  52.7396    6.1771    0.0971
       0954+658 201306 59260.85116  8305.0  57.2351    1.2131    0.0460
         MRK421 202707 59260.85777  8305.0  45.2971    0.6134    0.0698
       1219+285 203923 59260.87790  8305.0  31.4997    0.5887    0.0316
    PKS1222+216 031902 59261.13992  8305.0  60.7281    2.0126    0.0543
          3C273 032236 59261.14239  8305.0  43.4034   23.7930    0.0832
          3C279 032550 59261.14463  8305.0  37.6996   16.1781    0.0627
       1334-127 032906 59261.14690  8305.0  32.1690    3.6706    0.0481
       1354+195 033308 59261.14970  8305.0  64.6357    2.0102    0.0408
     PKS1441+25 033643 59261.16771  8305.0  70.2491    0.2151    0.0145
       1510-089 040313 59261.17059  8305.0  35.6370    2.5563    0.0563
     PG1553+113 041329 59261.18550  8305.0  54.3017    0.3281    0.0187
       1606+105 042745 59261.18763  8305.0  52.8371    1.1943    0.0446
    PKS1222+216 043242 59261.19107  8305.0  49.7474    2.0247    0.0492
          3C273 043611 59261.19349  8305.0  34.8042   24.2803    0.0826
          3C279 043925 59261.19549  8305.0  30.8648   16.4712    0.0728
       1830-211 092539 59261.39450  8305.0  21.6270   14.4953    0.0684
       1730-130 094441 59261.40773  8305.0  21.3371    5.5070    0.0560
       1741-038 094758 59261.41000  8305.0  30.2389    5.4993    0.0505
       1611+343 095201 59261.41282  8305.0  41.4906    4.0471    0.0423
       1633+382 095511 59261.41503  8305.0  46.6737    3.0236    0.0499
          3C345 095815 59261.41716  8305.0  48.2414    4.9284    0.0364
       1807+698 100522 59261.42215  8305.0  58.5009    2.1090    0.0418
       2223-052 131641 59261.55881  8305.0  36.6455    4.1364    0.0284
       2230+114 132544 59261.56123  8305.0  52.3770    2.7758    0.0378
        3C454.3 132854 59261.56344  8305.0  58.2355   15.0042    0.0552
          3C380 133348 59261.56685  8305.0  34.9032    4.0220    0.0515
          3C66A 133938 59261.57091  8305.0  66.6941    1.0888    0.0529
           3C84 134301 59261.57325  8305.0  56.7700   33.5023    0.1109
       2344+092 135108 59261.58275  8305.0  53.8340    1.4704    0.0263
       0235+164 140113 59261.59555  8305.0  53.8713    2.4458    0.0185
        NRAO150 141935 59261.59865  8305.0  58.4500    6.2106    0.0446
       0336-019 142403 59261.60560  8305.0  32.2121    1.0038    0.0235
       0420-014 143249 59261.60782  8305.0  26.7865    4.1979    0.0521
       0440-003 143553 59261.61383  8305.0  25.9624    1.4260    0.0265
    TXS0506+056 144439 59261.62280  8305.0  28.2983    1.9752    0.0227
       2223-052 150520 59261.63427  8305.0  23.5363    4.1489    0.0312
       2230+114 151420 59261.63666  8305.0  37.0109    2.8214    0.0467
        3C454.3 151732 59261.63888  8305.0  43.2468   15.1812    0.0622

        NRAO150 144740 59260.61809 24100.0  62.4301    8.1464    0.1301
        NRAO150 151816 59260.63934 24100.0  67.2501    8.1327    0.1273
       0235+164 152825 59260.64638 24100.0  60.9732    2.5423    0.0775
       0336-019 153347 59260.65012 24100.0  39.1732    0.8234    0.0748
       0420-014 160602 59260.67251 24100.0  38.4458    5.9914    0.1232
       0528+134 162255 59260.68611 24100.0  44.9080    1.2166    0.0462
          3C66A 172721 59260.72898 24100.0  72.7728    1.0275    0.0653
       0235+164 174903 59260.74405 24100.0  54.9260    2.3961    0.0740
       0336-019 175420 59260.74771 24100.0  42.6344    0.8599    0.0648
       2344+092 180020 59260.75189 24100.0  20.0561    1.1984    0.1176
         MRK421 213748 59260.90855 24100.0  58.3864    0.4329    0.0396
           3C84 215344 59260.91397 24100.0  36.2387   25.3243    0.7706
       0716+714 215930 59260.91989 24100.0  61.8919    0.8999    0.0460
       0736+017 220958 59260.92524 24100.0  44.8676    1.7304    0.1722
       0735+178 221506 59260.93257 24100.0  58.9463    0.6575    0.0385
       0827+243 222535 59260.93798 24100.0  68.7347    0.7938    0.0462
       0829+046 223152 59260.94420 24100.0  49.0617    1.2404    0.0517
          3C207 224028 59260.94737 24100.0  57.8250    1.2366    0.1002
       0836+710 224946 59260.95289 24100.0  63.2745    1.3112    0.0695
          OJ287 225740 59260.95836 24100.0  64.4592    6.8243    0.2082
       0954+658 231857 59260.97505 24100.0  69.0374    2.6029    0.0860
       1156+295 233130 59260.98280 24100.0  62.6181    1.6719    0.0727
       1219+285 233555 59260.99058 24100.0  60.1901    0.4500    0.0339
          3C207 001336 59261.01204 24100.0  48.6480    1.2489    0.0582
       0836+710 002153 59261.01687 24100.0  59.2264    1.3884    0.0763
          OJ287 002843 59261.02159 24100.0  54.2034    6.8344    0.1934
       0716+714 004050 59261.03193 24100.0  51.7471    0.8914    0.0474
       0736+017 005006 59261.03644 24100.0  24.8191    1.5707    0.1088
       0827+243 010536 59261.04908 24100.0  46.6149    0.8042    0.0529
       0829+046 011142 59261.05519 24100.0  31.0867    1.1601    0.0529
          3C207 012017 59261.05836 24100.0  38.3922    1.2571    0.0706
    PKS1222+216 014646 59261.07579 24100.0  66.7086    1.2842    0.0692
          3C273 015201 59261.07944 24100.0  47.4021   15.7514    0.4191
          3C279 015655 59261.08284 24100.0  39.2221   20.0122    0.5329
       1354+195 020213 59261.08652 24100.0  59.4537    2.0908    0.0799
     PKS1441+25 020537 59261.12086 24100.0  64.6522    0.1473    0.0158
       1334-127 025722 59261.12483 24100.0  32.3898    3.6449    0.1319
       1611+343 030344 59261.12924 24100.0  58.2828    2.7611    0.0955
       1510-089 053227 59261.23252 24100.0  34.9911    2.5164    0.1081
       1606+105 053746 59261.23621 24100.0  55.9026    0.9582    0.0729
       1510-089 062328 59261.26795 24100.0  31.3877    2.1066    0.1806
       1606+105 062852 59261.27170 24100.0  54.0045    0.8478    0.0634
     PG1553+113 065008 59261.29964 24100.0  49.4719    0.2851    0.0290
       1510-089 071430 59261.30338 24100.0  25.9065    2.2663    0.1191
       1606+105 071955 59261.30714 24100.0  49.1274    0.8961    0.0618
     PG1553+113 074108 59261.33506 24100.0  42.4520    0.3252    0.0304
       1730-130 084140 59261.36392 24100.0  27.8789    4.6748    0.1204
       1741-038 084636 59261.36734 24100.0  37.0443    7.9217    0.1595
       1830-211 085235 59261.37150 24100.0  23.3473    9.3250    0.2282
       1633+382 090227 59261.37836 24100.0  55.8121    3.3813    0.0930
          3C345 090716 59261.38170 24100.0  57.0180    5.5745    0.1264
         MRK501 091014 59261.38471 24100.0  58.1567    1.0091    0.0688
       1807+698 091735 59261.38888 24100.0  61.4824    1.9277    0.0836
    1ES1959+650 110114 59261.49313 24100.0  61.6113    0.1931    0.0162
          3C380 120745 59261.50703 24100.0  47.6585    2.6237    0.1115
       2223-052 121445 59261.51189 24100.0  40.3671    2.5796    0.1079
       2230+114 121956 59261.51549 24100.0  56.9956    2.6482    0.1068
        3C454.3 122446 59261.51884 24100.0  61.7239   10.8472    0.3007
          BLLAC 124110 59261.53120 24100.0  76.3749    4.5796    0.1346

       0528+134 170522 59291.71763  8305.0  58.9099    1.0057    0.0211 
       0716+714 171728 59291.72228  8305.0  60.8314    1.0005    0.0364 
       0736+017 172321 59291.73012  8305.0  41.9244    1.3674    0.0238 
       0735+178 173221 59291.73928  8305.0  57.9452    0.7081    0.0143 
       0827+243 174537 59291.74171  8305.0  56.2061    0.6652    0.0371 
       0829+046 175751 59291.75118  8305.0  42.0662    1.0058    0.0288 
          3C207 180225 59291.75338  8305.0  48.7484    1.4831    0.0337 
       0836+710 180741 59291.75715  8305.0  59.6446    1.7904    0.0376 
          OJ287 181301 59291.76074  8305.0  53.7455    5.8589    0.0468 
       0954+658 181748 59291.77108  8305.0  57.8868    1.0388    0.0210 
         MRK421 183150 59291.77771  8305.0  46.4431    0.5546    0.0800 
       1156+295 184056 59291.78013  8305.0  32.6354    1.5400    0.0470 
       1219+285 184406 59291.79782  8305.0  32.6594    0.5486    0.0151 
    PKS1222+216 011301 59292.05240  8305.0  61.2383    1.9779    0.0341 
          3C273 011635 59292.05487  8305.0  43.7672   24.3271    0.0865 
          3C279 011948 59292.05712  8305.0  37.9376   16.5717    0.0730 
       1334-127 012305 59292.05940  8305.0  32.2473    3.6565    0.0375 
       1354+195 012708 59292.06220  8305.0  64.6799    2.1319    0.0466 
     PKS1441+25 013043 59292.08021  8305.0  70.1230    0.2202    0.0122 
       1510-089 015714 59292.08311  8305.0  35.4836    2.2472    0.0583 
     PG1553+113 020728 59292.09796  8305.0  53.9733    0.2977    0.0200 
       1606+105 022142 59292.10010  8305.0  52.4682    1.1944    0.0377 
    PKS1222+216 022639 59292.10354  8305.0  50.4352    2.0481    0.0345 
          3C273 023008 59292.10595  8305.0  35.3814   24.9843    0.0928 
          3C279 023322 59292.10820  8305.0  31.5839   16.8314    0.0679 
       1334-127 023639 59292.11048  8305.0  28.6529    3.7569    0.0426 
       1830-211 063421 59292.27556  8305.0  23.9398   15.3282    0.0706 
       1730-130 065502 59292.28992  8305.0  26.5744    6.0069    0.0469 
       1741-038 065819 59292.29219  8305.0  35.8096    6.4414    0.0413 
       1611+343 070228 59292.29508  8305.0  49.9460    4.1143    0.0365 
       1633+382 070538 59292.29729  8305.0  55.0762    3.3528    0.0400 
          3C345 070842 59292.29942  8305.0  56.5970    5.3025    0.0401 
         MRK501 071146 59292.30155  8305.0  57.9602    1.2964    0.0400 
          BLLAC 072122 59292.30822  8305.0  67.0824    3.2447    0.0444 
       2223-052 110555 59292.46802  8305.0  37.3678    4.0019    0.0232 
       2230+114 111500 59292.47045  8305.0  53.2791    2.6792    0.0364 
        3C454.3 111810 59292.47265  8305.0  59.0429   13.7453    0.0517 
          3C380 112308 59292.47611  8305.0  36.1692    3.8095    0.0494 
          3C66A 112858 59292.48016  8305.0  65.1412    1.0961    0.0618 
           3C84 113220 59292.48250  8305.0  55.2321   31.5930    0.1106 
       2344+092 114030 59292.49204  8305.0  54.2849    1.4024    0.0247 
       0235+164 115034 59292.50482  8305.0  52.6729    2.4544    0.0161 
        NRAO150 120853 59292.50788  8305.0  57.0740    5.6500    0.0354 
       0336-019 121318 59292.51479  8305.0  31.0141    0.9173    0.0260 
       0420-014 122203 59292.51701  8305.0  25.4308    3.8733    0.0371 
       0440-003 122508 59292.52301  8305.0  24.5635    1.3134    0.0306 
    TXS0506+056 123353 59292.53199  8305.0  26.8164    1.4260    0.0281

         MRK421 203749 59291.86689 24100.0  69.4106    0.4004    0.0295
           3C84 205351 59291.87238 24100.0  26.5941   25.1119    0.8427
       0716+714 205935 59291.87829 24100.0  58.8295    1.2997    0.0547
       0736+017 211202 59291.88501 24100.0  38.7246    1.8975    0.0899
       0735+178 211707 59291.89230 24100.0  50.5320    0.7238    0.0415
       0827+243 212734 59291.89768 24100.0  62.1316    0.6829    0.0362
       0829+046 213346 59291.90387 24100.0  44.1363    1.2918    0.0490
          3C207 214224 59291.90704 24100.0  52.4059    1.2266    0.0551
       0836+710 215056 59291.91204 24100.0  60.8923    1.2887    0.0617
          OJ287 215802 59291.91695 24100.0  58.2761    6.3856    0.1821
       0954+658 221913 59291.93357 24100.0  67.6701    1.8643    0.0610
       1156+295 223055 59291.94072 24100.0  71.3485    2.5294    0.0789
       1219+285 223522 59291.94853 24100.0  69.2412    0.4666    0.0284
       0716+714 231244 59291.97075 24100.0  49.0616    1.2752    0.0539
    PKS1222+216 234037 59291.98819 24100.0  66.6492    1.3115    0.0572
          3C273 234553 59291.99185 24100.0  47.3692   16.2016    0.4342
          3C279 235047 59291.99524 24100.0  39.0974   20.0177    0.5379
       1354+195 235606 59291.99894 24100.0  58.9484    2.0508    0.0774
     PKS1441+25 235928 59292.03325 24100.0  64.0922    0.1499    0.0141
       1334-127 005112 59292.03720 24100.0  32.3542    3.6174    0.1372
       1611+343 005733 59292.04162 24100.0  57.5166    2.6283    0.1028
     PG1553+113 030252 59292.14181 24100.0  56.6037    0.3018    0.0212
       1510-089 032710 59292.14551 24100.0  35.1533    2.2956    0.0844
       1606+105 033227 59292.14918 24100.0  55.9055    0.8710    0.0585
     PG1553+113 035353 59292.17725 24100.0  54.7519    0.2854    0.0274
     PG1553+113 044455 59292.21269 24100.0  49.8738    0.2689    0.0252
       1510-089 050917 59292.21643 24100.0  26.3113    2.1631    0.1063
       1606+105 051441 59292.22017 24100.0  49.5208    0.8829    0.0932
       1730-130 055323 59292.24705 24100.0  31.0085    5.2915    0.1562
       1741-038 055819 59292.25048 24100.0  40.3634    8.2453    0.2186
       1830-211 060327 59292.25405 24100.0  24.4260    9.2239    0.2505
       1633+382 060950 59292.25848 24100.0  64.8721    3.2477    0.1065
          3C345 061440 59292.26184 24100.0  66.0570    5.5046    0.1521
         MRK501 061739 59292.26485 24100.0  67.2052    0.9885    0.0560
       1807+698 062520 59292.26926 24100.0  63.7853    2.0002    0.0694
    1ES1959+650 085929 59292.40858 24100.0  61.6085    0.1819    0.0285
        NRAO150 131607 59292.55451 24100.0  67.8274    7.4054    0.1958
       0235+164 132614 59292.56153 24100.0  61.1845    2.6637    0.1022
       0336-019 133136 59292.56526 24100.0  39.5046    0.7095    0.0938
       2344+092 133757 59292.56967 24100.0  42.7237    1.1712    0.0977
       0420-014 135808 59292.58368 24100.0  38.2337    5.2517    0.1771
       0440-003 140258 59292.58704 24100.0  37.5772    0.7681    0.0756
    TXS0506+056 140607 59292.59205 24100.0  40.2860    1.2821    0.0569
       0528+134 141503 59292.59731 24100.0  44.5961    1.1631    0.0585

    PKS1222+216 010144 59297.04457  8305.0  60.1906    1.8855    0.0384
          3C273 010517 59297.04703  8305.0  43.0172   23.5346    0.0839
          3C279 010831 59297.04928  8305.0  37.4371   16.1228    0.0729
       1334-127 011148 59297.05156  8305.0  32.0704    3.5896    0.0625
       1354+195 011550 59297.05437  8305.0  64.5602    2.0832    0.0485
     PKS1441+25 011926 59297.07237  8305.0  70.3431    0.2185    0.0136
       1510-089 014555 59297.07525  8305.0  35.7779    2.1405    0.0368
     PG1553+113 015613 59297.09014  8305.0  54.6111    0.3023    0.0142
       1606+105 021026 59297.09228  8305.0  53.1881    1.1358    0.0410
       1830-211 062152 59297.26688  8305.0  23.7194   14.5031    0.0660
       1730-130 064253 59297.28147  8305.0  25.8444    5.7097    0.0496
       1741-038 064609 59297.28375  8305.0  35.0322    6.0877    0.0486
       1611+343 065018 59297.28663  8305.0  48.6090    3.9697    0.0472
       1633+382 065328 59297.28884  8305.0  53.7473    3.2755    0.0352
          3C345 065632 59297.29097  8305.0  55.2727    5.1506    0.0391
         MRK501 065936 59297.29309  8305.0  56.6342    1.2632    0.0392
       1807+698 071424 59297.30343  8305.0  60.5031    2.1430    0.0360
          BLLAC 071948 59297.30712  8305.0  70.3052    3.1512    0.0665
    1ES1959+650 072444 59297.32480  8305.0  68.7894    0.2296    0.0119
       2223-052 105103 59297.45767  8305.0  36.9881    4.2830    0.0295
       2230+114 110006 59297.46010  8305.0  52.8032    2.8560    0.0384
        3C454.3 110316 59297.46229  8305.0  58.6194   14.4426    0.0581
          3C380 110811 59297.46573  8305.0  35.4890    4.0928    0.0461
           3C84 111725 59297.47214  8305.0  56.0605   33.7654    0.1121
       2344+092 112533 59297.48165  8305.0  54.0539    1.4805    0.0299
       0235+164 113537 59297.49443  8305.0  53.3220    2.6855    0.0191
        NRAO150 115357 59297.49752  8305.0  57.8118    6.2022    0.0459
       0336-019 115824 59297.50446  8305.0  31.6654    0.9672    0.0278
       0420-014 120711 59297.50668  8305.0  26.1658    4.0779    0.0546
       0440-003 121016 59297.51269  8305.0  25.3222    1.3915    0.0296
    TXS0506+056 121901 59297.52166  8305.0  27.6175    1.6502    0.0315
       0528+134 164335 59297.70250  8305.0  58.8742    1.0025    0.0313
       0716+714 165543 59297.70717  8305.0  60.9180    1.1284    0.0503
       0736+017 170137 59297.71502  8305.0  42.1084    1.4402    0.0239
       0735+178 171037 59297.72418  8305.0  58.1546    0.7699    0.0229
       0827+243 172353 59297.72661  8305.0  56.5023    0.6564    0.0461
       0829+046 173606 59297.73607  8305.0  42.2861    1.1300    0.0423
          3C207 174040 59297.73828  8305.0  49.0015    1.5761    0.0398
       0836+710 174557 59297.74205  8305.0  59.7544    1.9127    0.0340
          OJ287 175118 59297.74566  8305.0  54.0310    5.8377    0.0467
       0954+658 175607 59297.75604  8305.0  58.0779    1.0637    0.0361
       1156+295 181915 59297.76507  8305.0  32.9709    1.8308    0.0458
       1219+285 182225 59297.78278  8305.0  33.0002    0.5349    0.0158
    1ES2344+514 185012 59297.79711  8305.0  17.5309    0.2011    0.0230

    PKS1222+216 233623 59296.98525 24100.0  66.7111    1.2787    0.0642
          3C273 234139 59296.98890 24100.0  47.3898   16.2040    0.4627
          3C279 234631 59296.99228 24100.0  39.4531   19.9701    0.5703
       1354+195 235150 59296.99597 24100.0  60.6876    2.1154    0.0807
     PKS1441+25 235514 59297.03029 24100.0  66.0169    0.1531    0.0135
       1334-127 004700 59297.03429 24100.0  32.4091    3.8399    0.1301
       1611+343 005323 59297.03872 24100.0  60.2683    2.8096    0.0956
     PG1553+113 023816 59297.12472 24100.0  56.5940    0.2988    0.0217
       1510-089 030233 59297.12842 24100.0  35.3690    2.3098    0.0963
       1606+105 030752 59297.13211 24100.0  55.8796    0.8782    0.0604
     PG1553+113 032918 59297.16018 24100.0  55.0785    0.2722    0.0225
       1510-089 035339 59297.16391 24100.0  32.1144    2.1611    0.0795
       1606+105 035901 59297.16764 24100.0  54.5396    0.8518    0.0592
     PG1553+113 042020 59297.19559 24100.0  50.4518    0.2802    0.0234
       1510-089 044439 59297.19932 24100.0  26.9047    2.1084    0.0867
       1606+105 045003 59297.20307 24100.0  50.0829    0.8523    0.0630
       1730-130 053847 59297.23692 24100.0  30.7490    5.0257    0.1130
       1741-038 054344 59297.24036 24100.0  40.0936    7.9332    0.1559
       1830-211 054852 59297.24392 24100.0  24.3940    8.8425    0.1746
       1633+382 055515 59297.24835 24100.0  63.9667    3.3579    0.0834
          3C345 060005 59297.25170 24100.0  65.1499    5.4852    0.1050
         MRK501 060303 59297.25472 24100.0  66.2976    0.9408    0.0513
       1807+698 061042 59297.25910 24100.0  63.6128    1.9870    0.0650
    1ES1959+650 084231 59297.37211 24100.0  64.4446    0.1908    0.0250
    1ES1959+650 085833 59297.39774 24100.0  61.1972    0.1932    0.0176
          3C380 095838 59297.41738 24100.0  45.7362    2.6778    0.1037
          3C380 100353 59297.42101 24100.0  44.9293    2.5735    0.1099
       2230+114 102133 59297.43329 24100.0  55.9340    2.8941    0.1043
        3C454.3 102622 59297.43663 24100.0  61.1178   10.1533    0.2736
          BLLAC 103234 59297.44188 24100.0  74.0690    4.0485    0.1158
        NRAO150 131922 59297.55678 24100.0  71.4128    7.1203    0.2827
       0235+164 132914 59297.56362 24100.0  62.0535    2.6474    0.1121
       0336-019 133434 59297.56732 24100.0  41.3186    0.6559    0.0740
       2344+092 134053 59297.57170 24100.0  39.3424    1.0688    0.0994
       0420-014 140102 59297.58571 24100.0  40.3723    5.0056    0.1695
       0440-003 140551 59297.58905 24100.0  39.9956    0.7746    0.0703
    TXS0506+056 140900 59297.59405 24100.0  43.1969    1.2006    0.0563
       0528+134 141757 59297.59932 24100.0  47.9515    1.0493    0.0536
         MRK421 194637 59297.83135 24100.0  64.5096    0.3734    0.0295
           3C84 200236 59297.83679 24100.0  30.8087   24.1609    0.7369
       0716+714 200814 59297.84263 24100.0  60.3814    1.3309    0.0542
       0736+017 202027 59297.84918 24100.0  41.8220    2.0390    0.0875
       0735+178 202532 59297.85650 24100.0  54.5738    0.6067    0.0546
       0827+243 203559 59297.86186 24100.0  65.6456    0.6321    0.0439
       0829+046 204214 59297.86807 24100.0  46.7769    1.3422    0.0593
          3C207 205051 59297.87124 24100.0  55.3253    1.1660    0.0695
       0836+710 205941 59297.87646 24100.0  62.1674    1.2549    0.0660
          OJ287 210707 59297.88159 24100.0  61.5363    5.6456    0.1757
       0954+658 212822 59297.89826 24100.0  68.6752    1.9199    0.0677
       1156+295 214029 59297.90571 24100.0  67.9065    2.5100    0.0870
       1219+285 214454 59297.91347 24100.0  65.5926    0.4259    0.0345

    PKS1222+216 211108 59353.88444  8305.0  61.0074    1.8660    0.0364 
          3C273 211443 59353.88691  8305.0  43.6021   23.3124    0.1048 
          3C279 211757 59353.88916  8305.0  37.8301   17.4114    0.0680 
       1334-127 212113 59353.89143  8305.0  32.2124    3.6621    0.0488 
       1354+195 212515 59353.89424  8305.0  64.6656    2.1587    0.0337 
     PKS1441+25 212851 59353.91224  8305.0  70.1873    0.2165    0.0122 
     PG1553+113 220536 59353.93000  8305.0  54.1252    0.2492    0.0185 
       1606+105 221950 59353.93213  8305.0  52.6376    1.1370    0.0383 
    PKS1222+216 222447 59353.93558  8305.0  50.1223    1.8806    0.0396 
          3C273 222815 59353.93799  8305.0  35.1192   23.9430    0.0839 
          3C279 223130 59353.94024  8305.0  31.3673   17.8223    0.0686 
       1334-127 223447 59353.94228  8305.0  28.3272    3.7439    0.0544 
       1830-211 023351 59354.10855  8305.0  23.8456   13.2988    0.0654 
       1730-130 025433 59354.12291  8305.0  26.2626    5.9032    0.0443 
       1741-038 025750 59354.12519  8305.0  35.4760    6.4097    0.0468 
       1611+343 030159 59354.12808  8305.0  49.3650    3.9873    0.0413 
       1633+382 030509 59354.13028  8305.0  54.4989    3.4968    0.0423 
          3C345 030813 59354.13241  8305.0  56.0234    5.5056    0.0383 
         MRK501 031116 59354.13454  8305.0  57.3857    1.3686    0.0365 
          BLLAC 032053 59354.14121  8305.0  67.6600    4.0809    0.0384 
    1ES1959+650 032540 59354.16053  8305.0  68.9895    0.2410    0.0165 
       1830-211 035440 59354.16467  8305.0  18.9712   13.5988    0.0633 
       1730-130 040229 59354.17009  8305.0  18.3226    5.9429    0.0674 
       1741-038 040545 59354.17236  8305.0  27.0416    6.4945    0.0404 
       1611+343 040946 59354.17515  8305.0  37.4082    4.1773    0.0414 
       1633+382 041256 59354.17736  8305.0  42.6244    3.5604    0.0404 
          3C345 041601 59354.17950  8305.0  44.2187    5.5871    0.0433 
         MRK501 041905 59354.18163  8305.0  45.5316    1.4114    0.0408 
       1807+698 042303 59354.18443  8305.0  56.7581    2.2476    0.0524 
       2223-052 070105 59354.29798  8305.0  37.4556    4.2345    0.0276 
       2230+114 071009 59354.30041  8305.0  53.3871    2.9068    0.0448 
        3C454.3 071318 59354.30261  8305.0  59.1385   13.5460    0.0529 
          3C380 071818 59354.30608  8305.0  36.3295    4.1203    0.0782 
          3C66A 072408 59354.31013  8305.0  64.9514    1.0860    0.0604 
           3C84 072730 59354.31248  8305.0  55.0458   34.1487    0.1122 
       2344+092 073541 59354.32201  8305.0  54.3343    1.5555    0.0293 
       0235+164 074543 59354.33479  8305.0  52.5246    2.6112    0.0177 
        NRAO150 080402 59354.33786  8305.0  56.9075    6.4142    0.0420 
       0336-019 080827 59354.34476  8305.0  30.8699    0.8638    0.0251 
       0420-014 081713 59354.34699  8305.0  25.2693    3.9873    0.0439 
       0440-003 082018 59354.35300  8305.0  24.3981    1.3799    0.0276 
    TXS0506+056 082903 59354.36197  8305.0  26.6397    1.3848    0.0384 
       0528+134 125243 59354.54218  8305.0  58.9840    0.9705    0.0197 
       0716+714 130446 59354.54679  8305.0  60.5923    1.1433    0.0343 
       0736+017 131037 59354.55460  8305.0  41.4162    1.8511    0.0229 
       0735+178 131936 59354.56375  8305.0  57.3583    0.6562    0.0185 
       0829+046 134506 59354.57565  8305.0  41.4556    1.0830    0.0280 
          3C207 134939 59354.57785  8305.0  48.0470    1.4261    0.0335 
       0836+710 135452 59354.58158  8305.0  59.3367    1.5816    0.0328 
          OJ287 140009 59354.58514  8305.0  52.9622    4.3655    0.0357 
       0954+658 140455 59354.59549  8305.0  57.3778    0.7343    0.0185 
         MRK421 141857 59354.60210  8305.0  45.5467    0.4586    0.0261 
       1156+295 142804 59354.60452  8305.0  31.7299    2.0342    0.0384 
       1219+285 143113 59354.62223  8305.0  31.7520    0.5269    0.0122 
    1ES2344+514 145859 59354.63484  8305.0  18.8447    0.1920    0.0167 

     PG1553+113 230142 59353.97434 24100.0  56.5973    0.2782    0.0234
       1510-089 232600 59353.97804 24100.0  35.0313    2.4235    0.0972
     PG1553+113 235452 59354.01125 24100.0  54.4168    0.2601    0.0253
       1510-089 001912 59354.01499 24100.0  31.2648    2.3072    0.1067
       1606+105 002436 59354.01873 24100.0  53.9129    0.7620    0.0661
     PG1553+113 004715 59354.04764 24100.0  49.1358    0.2460    0.0262
       1510-089 011136 59354.05043 24100.0  25.7342    2.3320    0.1590
       1730-130 014421 59354.07412 24100.0  31.2549    4.8653    0.1474
       1741-038 014919 59354.07756 24100.0  40.6158    7.8738    0.1956
       1830-211 015431 59354.08117 24100.0  24.4352    7.7657    0.2047
       1633+382 020055 59354.08563 24100.0  65.7949    3.2542    0.0957
          3C345 020547 59354.08900 24100.0  66.9738    5.6140    0.1422
         MRK501 020846 59354.09201 24100.0  68.1223    1.0258    0.0598
       1807+698 021630 59354.09646 24100.0  63.9397    2.0257    0.0834
    1ES1959+650 045403 59354.23814 24100.0  61.7559    0.2143    0.0174
          3C380 060534 59354.25551 24100.0  47.1254    2.4658    0.1053
       2223-052 061232 59354.26036 24100.0  40.2823    2.7054    0.1367
       2230+114 061743 59354.26395 24100.0  56.8834    3.5595    0.1285
        3C454.3 062232 59354.26729 24100.0  61.6873   10.0017    0.2864
          BLLAC 063602 59354.27761 24100.0  76.2962    5.0269    0.1489
        NRAO150 091216 59354.38517 24100.0  67.8205    7.4682    0.1794
       0235+164 092223 59354.39219 24100.0  61.1815    2.6769    0.0934
       2344+092 093406 59354.40033 24100.0  42.7371    1.2116    0.0970
       0420-014 100135 59354.41942 24100.0  38.9643    5.2741    0.1453
       0440-003 100624 59354.42276 24100.0  38.3962    1.0166    0.1677
    TXS0506+056 100933 59354.42777 24100.0  41.2568    1.1680    0.1227
       0528+134 101829 59354.43303 24100.0  45.6959    1.4211    0.0667
          3C66A 112106 59354.47464 24100.0  72.1787    0.9086    0.0755
       0235+164 114249 59354.48971 24100.0  54.5007    2.6725    0.1280
       0336-019 114805 59354.49338 24100.0  42.4674    0.5994    0.1458
           3C84 160809 59354.67398 24100.0  32.4235   23.5242    1.1798
       0716+714 161346 59354.67981 24100.0  60.8946    1.5537    0.0884
       0736+017 162553 59354.68630 24100.0  42.8274    1.8366    0.1664
       0735+178 163100 59354.69360 24100.0  55.9641    0.6630    0.0547
       0827+243 164125 59354.69896 24100.0  66.7418    0.5403    0.0633
       0829+046 164740 59354.70517 24100.0  47.5848    1.7391    0.1141
          3C207 165616 59354.70833 24100.0  56.2183    1.0957    0.0855
       0836+710 170513 59354.71363 24100.0  62.5532    1.3451    0.1045
          OJ287 171248 59354.71887 24100.0  62.5559    5.1531    0.3230
       0954+658 173404 59354.73555 24100.0  68.8851    0.7979    0.0663
       1156+295 174620 59354.74310 24100.0  66.4447    3.1729    0.2032
       1219+285 175045 59354.75087 24100.0  64.0861    0.4426    0.0457
       0716+714 182532 59354.77130 24100.0  52.1889    1.4804    0.1018
    PKS1222+216 192735 59354.81247 24100.0  66.5293    1.1492    0.0714
          3C273 193251 59354.81613 24100.0  47.2996   17.0630    0.5754
          3C279 193746 59354.81954 24100.0  38.9189   21.3464    0.7193
       1354+195 194306 59354.82325 24100.0  58.3014    1.9888    0.0912
     PKS1441+25 194628 59354.85757 24100.0  63.3811    0.1346    0.0166
       1334-127 203812 59354.86151 24100.0  32.2793    3.7318    0.1519
       1611+343 204432 59354.86591 24100.0  56.5676    2.5897    0.1009
    PKS1222+216 210528 59354.88045 24100.0  61.1231    1.1527    0.0732
          3C273 211039 59354.88405 24100.0  43.5478   17.1924    0.5392
          3C279 211530 59354.88742 24100.0  37.6990   21.4444    0.6719
       1354+195 212102 59354.89126 24100.0  64.6606    2.0807    0.0900
     PKS1441+25 212433 59354.90477 24100.0  70.0031    0.1383    0.0250

    PKS1222+216 190307 59390.79553  8305.0  58.7287    1.6696    0.0364 
          3C273 190640 59390.79799  8305.0  41.9425   21.5355    0.0831 
          3C279 190954 59390.80024  8305.0  36.6864   16.4954    0.0734 
       1334-127 191311 59390.80252  8305.0  31.7438    3.1135    0.0419 
       1354+195 191714 59390.80534  8305.0  64.2267    1.9802    0.0667
     PKS1441+25 192049 59390.82333  8305.0  70.4151    0.1846    0.0129 
       1510-089 194718 59390.82622  8305.0  36.0659    1.7262    0.0415 
     PG1553+113 195739 59390.84114  8305.0  55.3289    0.2793    0.0263 
       1606+105 201153 59390.84328  8305.0  54.0219    1.0905    0.0324 
    PKS1222+216 201647 59390.84668  8305.0  47.1951    1.7775    0.0397 
          3C273 202014 59390.84909  8305.0  32.6314   22.7607    0.0960 
          3C279 202328 59390.85133  8305.0  29.2801   17.3099    0.0801 
       1334-127 202645 59390.85361  8305.0  27.0002    3.3051    0.0442 
       1830-211 235812 59391.00046  8305.0  24.1165   11.8699    0.0690 
       1730-130 001856 59391.01485  8305.0  27.2130    5.5906    0.0508 
       1741-038 002213 59391.01712  8305.0  36.4873    6.2760    0.0485 
       1611+343 002623 59391.02003  8305.0  51.1693    3.8342    0.0432 
       1633+382 002934 59391.02224  8305.0  56.2970    3.3028    0.0398 
          3C345 003238 59391.02437  8305.0  57.8135    5.3493    0.0402 
         MRK501 003542 59391.02650  8305.0  59.1778    1.2977    0.0358 
       1807+698 004003 59391.02958  8305.0  61.9524    2.2518    0.0502 
          BLLAC 004518 59391.03317  8305.0  65.8635    3.3218    0.0376 
    1ES1959+650 005000 59391.05240  8305.0  69.1890    0.2534    0.0136 
       2223-052 043355 59391.19579  8305.0  37.5860    4.1861    0.0323
       2230+114 044300 59391.19822  8305.0  53.5518    2.8864    0.0696 
        3C454.3 044609 59391.20041  8305.0  59.2831   13.0103    0.0585 
          3C380 045108 59391.20388  8305.0  36.5763    4.5045    0.0737 
          3C66A 045658 59391.20794  8305.0  64.6520    1.1289    0.0564 
           3C84 050020 59391.21028  8305.0  54.7487   35.3595    0.1323 
       2344+092 050832 59391.21982  8305.0  54.4105    1.4825    0.0305 
       0235+164 051834 59391.23261  8305.0  52.2888    2.3313    0.0184 
        NRAO150 053653 59391.23566  8305.0  56.6430    5.8325    0.0422 
       0336-019 054118 59391.24258  8305.0  30.6403    0.8872    0.0247 
       0420-014 055004 59391.24481  8305.0  25.0101    4.1845    0.0491 
       0440-003 055309 59391.25081  8305.0  24.1325    1.3954    0.0262 
    TXS0506+056 060154 59391.25978  8305.0  26.3571    1.3459    0.0241 
       0528+134 100950 59391.42907  8305.0  58.9544    1.0164    0.0225 
       0716+714 102141 59391.43353  8305.0  59.6665    1.3124    0.0624 
       0736+017 102722 59391.44124  8305.0  39.4665    1.6209    0.0237 
       0735+178 103621 59391.45040  8305.0  55.1156    0.6976    0.0174 
       0827+243 104934 59391.45280  8305.0  52.4486    0.6277    0.0373 
       0829+046 110143 59391.46218  8305.0  39.1483    1.1050    0.0383 
          3C207 110616 59391.46438  8305.0  45.4431    1.4464    0.0590 
       0836+710 111120 59391.46802  8305.0  58.1790    1.6700    0.0697 
          OJ287 111629 59391.47148  8305.0  50.0851    4.3629    0.0371 
       0954+658 112107 59391.48172  8305.0  55.5321    0.5947    0.0241 
         MRK421 113503 59391.48828  8305.0  42.3653    0.4370    0.0262 
       1156+295 114410 59391.49071  8305.0  28.5326    2.3395    0.0498 
       1219+285 114719 59391.50842  8305.0  28.5262    0.5184    0.0163
    1ES2344+514 121505 59391.52813  8305.0  19.2499    0.1700    0.0360  

    PKS1222+216 172733 59390.72911 24100.0  66.7081    1.1378    0.1195
          3C273 173248 59390.73276 24100.0  47.3902   17.6338    0.2699
          3C279 173742 59390.73617 24100.0  39.4704   23.4517    0.3233
       1354+195 174302 59390.73987 24100.0  60.7787    2.0371    0.0918
     PKS1441+25 174634 59390.77428 24100.0  66.1332    0.1297    0.0221
       1334-127 183820 59390.77827 24100.0  32.4119    3.8432    0.1452
       1611+343 184848 59390.78554 24100.0  61.1571    2.6702    0.0904
     PG1553+113 211319 59390.89906 24100.0  55.4638    0.2907    0.0288
       1510-089 213738 59390.90279 24100.0  32.6452    3.5306    0.1285
       1606+105 214300 59390.90651 24100.0  54.9044    0.7478    0.0894
     PG1553+113 220419 59390.93449 24100.0  51.1766    0.2732    0.0378
       1510-089 222847 59390.93830 24100.0  27.6404    3.5255    0.1551
       1606+105 223411 59390.94205 24100.0  50.7780    0.8882    0.0924
       1730-130 231309 59390.96912 24100.0  31.4965    4.3869    0.1488
       1741-038 231806 59390.97255 24100.0  40.8641    7.0785    0.1486
       1830-211 232316 59390.97614 24100.0  24.4209    7.0009    0.1815
       1633+382 232940 59390.98059 24100.0  66.8230    3.1747    0.0924
          3C345 233431 59390.98396 24100.0  68.0078    5.9525    0.1155
         MRK501 233730 59390.98697 24100.0  69.1538    1.0676    0.0681
       1807+698 234517 59390.99145 24100.0  64.1011    2.2525    0.0898
    1ES1959+650 013211 59391.09795 24100.0  66.2887    0.2090    0.0239
          3C380 023210 59391.10733 24100.0  57.9443    2.6163    0.0998
       2223-052 023931 59391.11243 24100.0  39.7880    2.4488    0.1427
       2230+114 024441 59391.11601 24100.0  56.0640    4.0332    0.1068
        3C454.3 024931 59391.11937 24100.0  59.1090    9.8748    0.1537
    1ES1959+650 025756 59391.15751 24100.0  58.9637    0.2103    0.0221
          3C380 040420 59391.17133 24100.0  43.3838    2.5622    0.1423
       2223-052 041111 59391.17608 24100.0  39.3330    2.6065    0.1071
       2230+114 041621 59391.17967 24100.0  55.6528    3.7266    0.1072
        3C454.3 042112 59391.18305 24100.0  60.9059    9.6255    0.1470
        NRAO150 064300 59391.28151 24100.0  67.2226    8.4406    0.1497
       0235+164 065309 59391.28856 24100.0  60.9651    2.5386    0.1208
       0336-019 065832 59391.29230 24100.0  39.1597    0.6086    0.1159
       2344+092 070453 59391.29670 24100.0  43.2839    1.1298    0.1012
       0420-014 072504 59391.31073 24100.0  37.8355    5.4935    0.1444
       0440-003 072954 59391.31408 24100.0  37.1403    1.0285    0.1802
    TXS0506+056 073303 59391.31909 24100.0  39.7717    1.0909    0.0808
       0528+134 074159 59391.32436 24100.0  44.0076    1.3502    0.0789
    1ES2344+514 075302 59391.36224 24100.0  50.7605    0.1299    0.0252
          3C66A 084441 59391.36601 24100.0  74.1404    1.0605    0.0909
       0235+164 090212 59391.37817 24100.0  56.3921    1.9778    0.0939
       0336-019 090728 59391.38184 24100.0  43.1561    0.4744    0.1504
       2344+092 091332 59391.38604 24100.0  22.1574    1.0741    0.1884
       0420-014 093242 59391.39936 24100.0  44.0593    5.4456    0.1309
       0440-003 093732 59391.40272 24100.0  45.2320    0.9187    0.0991
    TXS0506+056 094040 59391.40771 24100.0  51.0021    1.0588    0.0706
       0528+134 094935 59391.41108 24100.0  58.1450    1.4441    0.1022
           3C84 132424 59391.56027 24100.0  35.3283   18.4965    0.5138 
       0716+714 133015 59391.56625 24100.0  61.6759    1.2477    0.0652
       0736+017 134040 59391.57156 24100.0  44.4591    1.6263    0.1409
       0735+178 134553 59391.57895 24100.0  58.3171    0.6752    0.0543
       0827+243 135624 59391.58437 24100.0  68.3655    0.6736    0.0718
       0829+046 140352 59391.59142 24100.0  48.7222    2.5237    0.0996
          3C207 141229 59391.59459 24100.0  57.4615    1.1317    0.0979
       0836+710 142141 59391.60007 24100.0  63.1076    1.5749    0.0924
          OJ287 142931 59391.60548 24100.0  64.0184    4.9874    0.1150
       1156+295 150317 59391.62988 24100.0  63.7304    3.4481    0.0979
       1219+285 150743 59391.63766 24100.0  61.3158    0.3877    0.0433
       0827+243 161327 59391.67954 24100.0  49.5750    0.5166    0.0956
       0836+710 163605 59391.69197 24100.0  55.8628    1.6681    0.1821

       1830-211 231143 59415.96817  8305.0  21.9156   12.0364    0.0631
       1730-130 233049 59415.98144  8305.0  21.8836    5.7735    0.0544
       1741-038 233406 59415.98371  8305.0  30.8201    6.3787    0.0551
       1633+382 234120 59415.98876  8305.0  47.4513    3.3722    0.0454
          3C345 234425 59415.99088  8305.0  49.0138    5.6485    0.0474
         MRK501 234729 59415.99301  8305.0  50.3513    1.3653    0.0393
       1807+698 235134 59415.99590  8305.0  58.8167    2.3139    0.0418
          BLLAC 235943 59416.00151  8305.0  75.2622    3.5049    0.0420
    1ES1959+650 000455 59416.02109  8305.0  67.1814    0.2371    0.0141
       1830-211 003554 59416.02664  8305.0  14.4229   11.5743    0.0749
       1730-130 003923 59416.02904  8305.0  12.5319    5.6024    0.0632
       2223-052 025100 59416.12432  8305.0  37.9286    4.2704    0.0402
       2230+114 030004 59416.12675  8305.0  53.9815    3.0750    0.0399
        3C454.3 030313 59416.12893  8305.0  59.6551   12.7889    0.0564
          3C380 030814 59416.13243  8305.0  37.2465    4.1389    0.0647
          3C66A 031404 59416.13648  8305.0  63.8381    1.2510    0.0564
           3C84 031726 59416.13882  8305.0  53.9470   36.0065    0.1611
       2344+092 032540 59416.14840  8305.0  54.5940    1.5068    0.0329
       0235+164 033543 59416.16118  8305.0  51.6362    2.0458    0.0208
        NRAO150 035400 59416.16421  8305.0  55.9245    6.4903    0.0480
       0336-019 035823 59416.17111  8305.0  29.9926    0.8616    0.0291
       0420-014 040710 59416.17334  8305.0  24.2895    4.1798    0.0481
       0440-003 041014 59416.17934  8305.0  23.3903    1.5058    0.0378
    TXS0506+056 041859 59416.18808  8305.0  25.9170    1.3878    0.0240
       0528+134 083248 59416.36168  8305.0  58.9721    1.0387    0.0250
       0716+714 084439 59416.36615  8305.0  59.7366    0.9508    0.0525
       0736+017 085021 59416.37386  8305.0  39.6147    1.5493    0.0277
       0735+178 085919 59416.38301  8305.0  55.2821    0.7827    0.0223
       0829+046 092441 59416.39481  8305.0  39.3195    1.2515    0.0413
          3C207 092914 59416.39701  8305.0  45.6461    1.5945    0.0556
       0836+710 093419 59416.40065  8305.0  58.2651    1.9036    0.0447
          OJ287 093928 59416.40411  8305.0  50.2937    4.0128    0.1023
       0954+658 094407 59416.41437  8305.0  55.6686    0.5330    0.0314
         MRK421 095805 59416.42093  8305.0  42.5919    0.4686    0.0302
       1156+295 100711 59416.42336  8305.0  28.7506    2.7454    0.0765
       1219+285 101020 59416.44106  8305.0  28.7549    0.5672    0.0210
    1ES2344+514 103806 59416.45536  8305.0  19.9481    0.2053    0.0251
    PKS1222+216 171152 59416.71827  8305.0  59.9382    1.6684    0.0392
          3C273 171525 59416.72073  8305.0  42.8336   22.1900    0.0811
          3C279 171839 59416.72298  8305.0  37.3111   16.9152    0.0741
       1334-127 172155 59416.72526  8305.0  32.0202    3.0363    0.0439
       1354+195 172558 59416.72807  8305.0  64.5190    2.0921    0.0392
     PKS1441+25 172933 59416.74607  8305.0  70.3786    0.2164    0.0145
       1510-089 175603 59416.74895  8305.0  35.8374    2.0177    0.0510
     PG1553+113 180620 59416.76383  8305.0  54.7512    0.2806    0.0170
       1606+105 182033 59416.76597  8305.0  53.3467    1.0908    0.0380
          3C273 182857 59416.77180  8305.0  33.9391   22.5238    0.0863
          3C279 183211 59416.77404  8305.0  30.3864   17.2052    0.0912
       1830-211 222220 59416.93388  8305.0  23.9575   11.6053    0.0626
       1730-130 224303 59416.94826  8305.0  26.6269    5.5602    0.0522
       1741-038 224620 59416.95054  8305.0  35.8650    6.2376    0.0514
       1611+343 225030 59416.95344  8305.0  50.0392    3.8832    0.0466
       1633+382 225340 59416.95565  8305.0  55.1710    3.3223    0.0411
          3C345 225644 59416.95778  8305.0  56.6910    5.5064    0.0444
         MRK501 225948 59416.95991  8305.0  58.0537    1.3432    0.0408
          BLLAC 230925 59416.96658  8305.0  66.9886    3.4926    0.0443
    1ES1959+650 231410 59416.98588  8305.0  69.0704    0.2509    0.0143
       1830-211 234314 59416.99006  8305.0  19.2960   11.6240    0.1076
       1730-130 235412 59416.99767  8305.0  18.4012    5.5935    0.0737
       1741-038 235729 59416.99995  8305.0  27.1252    6.2303    0.0708
       1611+343 000130 59417.00202  8305.0  37.2722    3.9223    0.0695

          3C380 020222 59416.08663 24100.0  47.0327    2.5812    0.2257 
       2223-052 020919 59416.09145 24100.0  40.2613    2.4601    0.2165 
       2230+114 021430 59416.09505 24100.0  56.8575    3.9147    0.2307 
        3C454.3 021921 59416.09842 24100.0  61.6755    9.2131    0.3983 
          BLLAC 022538 59416.10373 24100.0  77.4738    3.7586    0.1879 
        NRAO150 045636 59416.20763 24100.0  65.9397    7.4990    0.3119 
       0235+164 050308 59416.21217 24100.0  60.1528    1.7644    0.1550 
       2344+092 051450 59416.22029 24100.0  44.9165    1.1512    0.2997 
       0420-014 053502 59416.23431 24100.0  36.5367    5.4163    0.2868 
       0440-003 053951 59416.23766 24100.0  35.7023    1.0584    0.2153 
    TXS0506+056 054300 59416.24268 24100.0  38.1081    1.3793    0.1569 
       0528+134 055156 59416.24793 24100.0  42.1509    1.4848    0.1568 
         MRK421 112426 59416.47790 24100.0  57.1736    0.4041    0.2056 
           3C84 114504 59416.49128 24100.0  35.4901   24.4516    2.5565 
       0716+714 115047 59416.49717 24100.0  61.7246    0.9570    0.1495 
       0736+017 120112 59416.50249 24100.0  44.5456    1.6859    0.2629 
       0827+243 143650 59416.61245 24100.0  49.2820    0.5929    0.1408 
       0829+046 144257 59416.61858 24100.0  33.4670    1.8728    0.2162 
          3C207 145134 59416.62174 24100.0  40.8998    1.1775    0.2068 
       0836+710 145927 59416.62628 24100.0  55.7234    1.6281    0.2579 
          OJ287 150554 59416.63074 24100.0  46.0857    3.9806    0.4620 
          3C273 154857 59416.66065 24100.0  47.4006   17.2515    1.5637 
          3C279 155351 59416.66404 24100.0  39.4388   19.9241    1.8184 
       1354+195 155910 59416.66773 24100.0  60.6068    1.6777    0.2366 
     PKS1441+25 160235 59416.70210 24100.0  65.9346    0.1622    0.0409 
       1334-127 165424 59416.70609 24100.0  32.4170    3.1604    0.4544 
       1611+343 170047 59416.71053 24100.0  60.1326    2.2617    0.2533 
     PG1553+113 185836 59416.80550 24100.0  56.5590    0.3088    0.0554 
       1510-089 192253 59416.80921 24100.0  34.7973    3.4203    0.3305 
       1606+105 192812 59416.81289 24100.0  55.8866    0.8388    0.1712 
       1510-089 201359 59416.84469 24100.0  31.0349    3.3823    0.2702 
       1510-089 210501 59416.88013 24100.0  25.4253    3.3662    0.3400 
       1730-130 214108 59416.90522 24100.0  31.0414    4.1186    0.2890 
       1741-038 214604 59416.90864 24100.0  40.4035    6.5348    0.3441 
       1830-211 215112 59416.91221 24100.0  24.4265    6.2576    0.4117 
       1633+382 215736 59416.91666 24100.0  65.0080    2.8161    0.2093 
          3C345 220227 59416.92002 24100.0  66.1882    5.8080    0.2880 
         MRK501 220526 59416.92304 24100.0  67.3366    1.0280    0.1373 
       1807+698 221308 59416.92745 24100.0  63.7969    2.1408    0.1998 

       2223-052 001904 59455.01880  8305.0  37.8298    4.1690    0.0734 
        3C454.3 003117 59455.02342  8305.0  59.5488   12.2585    0.0845 
          3C380 003617 59455.02691  8305.0  37.0423    4.0961    0.0618 
          3C66A 004207 59455.03096  8305.0  64.0792    1.1959    0.0560 
           3C84 004529 59455.03330  8305.0  54.1846   36.7977    0.1403 
       2344+092 005342 59455.04286  8305.0  54.5450    1.4812    0.0310 
       0235+164 010344 59455.05563  8305.0  51.8283    1.5106    0.0304 
        NRAO150 012201 59455.05868  8305.0  56.1333    6.7186    0.1432 
       0336-019 012625 59455.06557  8305.0  30.1841    0.9638    0.0573 
    TXS0506+056 014701 59455.08278  8305.0  25.8071    1.2760    0.0669 
       0528+134 062116 59455.27034  8305.0  58.8983    1.1811    0.0252 
       0716+714 063324 59455.27500  8305.0  60.8735    1.1865    0.0390 
       0736+017 063918 59455.28285  8305.0  42.0029    1.4139    0.0229 
       0735+178 064817 59455.29202  8305.0  58.0332    0.8904    0.0162 
       0827+243 070134 59455.29445  8305.0  56.3307    0.7024    0.0385 
       0829+046 071348 59455.30391  8305.0  42.1610    1.5095    0.0296 
          3C207 071822 59455.30612  8305.0  48.8561    1.5805    0.0354 
       0836+710 072338 59455.30990  8305.0  59.6990    1.8416    0.0356 
          OJ287 072859 59455.31349  8305.0  53.8693    4.6407    0.0398 
       0954+658 073348 59455.32386  8305.0  57.9749    0.5298    0.0249 
         MRK421 074800 59455.33060  8305.0  46.6224    0.5455    0.0485 
       1156+295 075706 59455.33303  8305.0  32.8155    3.0805    0.0441 
       1219+285 080016 59455.34834  8305.0  32.6559    0.6379    0.0163 
    PKS1222+216 143316 59455.60814  8305.0  60.6104    1.5390    0.0349 
          3C273 143650 59455.61062  8305.0  43.3176   22.2186    0.0834 
          3C279 144004 59455.61285  8305.0  37.6422   16.7692    0.0723 
       1334-127 144320 59455.61513  8305.0  32.1473    3.1823    0.0442 
       1354+195 144722 59455.61793  8305.0  64.6251    2.1154    0.0368 
     PKS1441+25 145058 59455.63593  8305.0  70.2788    0.2713    0.0107 
       1510-089 151728 59455.63883  8305.0  35.6702    2.5685    0.0437 
     PG1553+113 152745 59455.65373  8305.0  54.3770    0.3037    0.0172 
       1606+105 154200 59455.65587  8305.0  52.9205    1.1354    0.0398 
    PKS1222+216 154658 59455.65931  8305.0  49.5849    1.5252    0.0386 
          3C273 155026 59455.66172  8305.0  34.6689   22.1822    0.0901 
          3C279 155340 59455.66397  8305.0  30.9939   16.8148    0.0756 
       1334-127 155657 59455.66625  8305.0  28.2413    3.0535    0.0440 
       1354+195 160057 59455.66903  8305.0  59.3644    2.0872    0.0365 
     PKS1441+25 160419 59455.67234  8305.0  68.7388    0.2688    0.0300 
       1830-211 201802 59455.84756  8305.0  22.8307   10.8941    0.0636 
       1730-130 203711 59455.86086  8305.0  23.7852    5.5491    0.0590 
       1741-038 204028 59455.86313  8305.0  32.8429    6.2900    0.0495 
       1611+343 204434 59455.86598  8305.0  45.1607    3.7509    0.0339 
       1633+382 204744 59455.86819  8305.0  50.3167    3.0905    0.0387 
          3C345 205048 59455.87032  8305.0  51.8621    5.5788    0.0407 
       1807+698 205802 59455.87539  8305.0  59.9294    2.2486    0.0366 
          BLLAC 210328 59455.87911  8305.0  71.8691    4.0132    0.0387 
    1ES1959+650 210828 59455.89858  8305.0  68.1583    0.2218    0.0126 
       1830-211 213714 59455.90255  8305.0  16.7280   11.0301    0.0684 
       1730-130 214144 59455.90568  8305.0  15.5129    5.5893    0.0601 
       1741-038 214500 59455.90795  8305.0  24.0785    6.3812    0.0555 
       1611+343 214859 59455.91072  8305.0  33.9144    3.8364    0.0419 
       1633+382 215210 59455.91292  8305.0  39.1622    3.1728    0.0344 
          3C345 215513 59455.91505  8305.0  40.7863    5.7118    0.0429 
         MRK501 215817 59455.91718  8305.0  42.0792    1.3357    0.0394 
       1807+698 220210 59455.91993  8305.0  55.1525    2.2977    0.0373 
    1ES1959+650 220547 59455.92767  8305.0  65.6998    0.2576    0.0218 
       2223-052 001955 59456.01941  8305.0  37.4697    4.0077    0.0300 
       2230+114 002900 59456.02183  8305.0  53.4064    3.0348    0.0378 
        3C454.3 003209 59456.02403  8305.0  59.1561   11.9551    0.0736 
          3C380 003708 59456.02750  8305.0  36.3486    3.9552    0.0455 
          3C66A 004258 59456.03155  8305.0  64.9212    1.1452    0.0638 
           3C84 004620 59456.03389  8305.0  55.0150   35.1484    0.2020 
       2344+092 005431 59456.04341  8305.0  54.3480    1.4647    0.0230 
       0235+164 010433 59456.05620  8305.0  52.5021    1.4675    0.0156 
        NRAO150 012251 59456.05925  8305.0  56.8756    6.5835    0.0548 
       0336-019 012716 59456.06616  8305.0  30.8483    0.8316    0.0255 
       0420-014 013602 59456.06838  8305.0  25.2452    3.9461    0.0502 
       0440-003 013907 59456.07440  8305.0  24.3755    1.3608    0.0256 
    TXS0506+056 014752 59456.08337  8305.0  26.6133    1.1746    0.0297 

        NRAO150 023230 59455.10755 24100.0  67.3859    7.0835    0.4906 
       0235+164 024239 59455.11460 24100.0  61.0271    1.3028    0.2217 
       0336-019 024800 59455.11831 24100.0  39.2606    0.9744    0.2347 
       2344+092 025420 59455.12272 24100.0  43.1252    1.1363    0.2006 
       0420-014 031434 59455.13676 24100.0  37.9494    5.5773    0.4259 
    TXS0506+056 032232 59455.14513 24100.0  39.9144    0.8967    0.1581 
       0528+134 033130 59455.15040 24100.0  44.1811    1.3733    0.1810 
    1ES2344+514 034229 59455.18827 24100.0  50.5983    0.1677    0.0629 
          3C66A 043411 59455.19206 24100.0  73.9353    1.3626    0.2250 
       0235+164 050557 59455.21411 24100.0  54.4720    1.5065    0.2740 
       0420-014 053858 59455.23704 24100.0  43.5750    5.0774    0.5299 
         MRK421 084739 59455.37373 24100.0  57.7723    0.4907    0.0874 
           3C84 090336 59455.37915 24100.0  36.7998   26.6575    1.3830 
       0716+714 090922 59455.38509 24100.0  62.0184    1.3392    0.1146 
       0736+017 091954 59455.39047 24100.0  45.0966    1.7839    0.2227 
       0735+178 092501 59455.39778 24100.0  59.3008    0.7998    0.0926 
       0827+243 093529 59455.40318 24100.0  68.9210    0.6899    0.0914 
       0829+046 094146 59455.40941 24100.0  49.2088    2.3977    0.1472 
          3C207 095023 59455.41259 24100.0  57.9785    1.2997    0.1396 
       0836+710 095943 59455.41814 24100.0  63.3479    1.8251    0.1622 
          OJ287 100741 59455.42365 24100.0  64.6469    5.8341    0.4564 
       0954+658 102858 59455.44034 24100.0  69.0181    0.7173    0.1017 
       1156+295 104135 59455.44813 24100.0  62.1012    4.0548    0.2285 
       1219+285 104600 59455.45592 24100.0  59.6676    0.5141    0.0789 
       0716+714 113315 59455.48501 24100.0  53.3562    1.3971    0.1314 
       0736+017 114237 59455.48958 24100.0  28.1394    1.3417    0.2241 
       0827+243 115806 59455.50222 24100.0  50.2072    0.8848    0.2043 
       0829+046 120414 59455.50835 24100.0  34.2887    1.8933    0.1500 
          3C207 121250 59455.51151 24100.0  41.7672    1.0921    0.1267 
       0836+710 122045 59455.51608 24100.0  56.1249    1.8974    0.1348 
          OJ287 122714 59455.52056 24100.0  46.9785    5.5566    0.4101 
          3C273 130419 59455.54632 24100.0  47.3987   17.7430    0.9233 
          3C279 130914 59455.54973 24100.0  39.1969   22.4572    1.1257 
       1354+195 131435 59455.55344 24100.0  59.3490    2.1164    0.1642 
     PKS1441+25 131758 59455.58782 24100.0  64.5434    0.1802    0.0423 
       1611+343 141609 59455.59620 24100.0  58.1282    2.3832    0.1610 
     PG1553+113 163202 59455.70372 24100.0  56.4475    0.2774    0.0422 
       1510-089 165620 59455.70744 24100.0  34.4181    5.1474    0.2942 
       1606+105 170140 59455.71114 24100.0  55.7946    1.1029    0.1616 
       1510-089 183825 59455.77832 24100.0  24.5711    4.8150    0.3752 
       1606+105 184350 59455.78209 24100.0  47.8354    0.9820    0.4051 
       1730-130 192219 59455.80881 24100.0  30.2591    3.7972    0.2499 
       1741-038 192714 59455.81223 24100.0  39.5817    5.5939    0.3169 
       1830-211 193221 59455.81578 24100.0  24.2947    5.9047    0.2964 
       1633+382 193843 59455.82020 24100.0  62.4270    2.9172    0.1579 
          3C345 194332 59455.82356 24100.0  63.6089    6.2521    0.2468 
         MRK501 194631 59455.82656 24100.0  64.7604    1.0815    0.1059 
       1807+698 195405 59455.83089 24100.0  63.2747    2.1217    0.1355 
          3C380 232857 59455.98009 24100.0  46.4285    2.3191    0.1756 
       2223-052 233555 59455.98492 24100.0  40.1466    2.5474    0.2346 
       2230+114 234105 59455.98851 24100.0  56.7105    3.8516    0.1976 
        3C454.3 234555 59455.99186 24100.0  61.6075    9.0323    0.3636 
          BLLAC 235210 59455.99716 24100.0  76.7939    4.7980    0.2078 

       1830-211 191042 59481.80079  8305.0  20.6551   10.3352    0.1001 
       1730-130 192746 59481.81264  8305.0  19.8300    5.4703    0.0667 
       1741-038 193102 59481.81492  8305.0  28.6389    5.9326    0.0645 
       1611+343 193504 59481.81773  8305.0  39.3938    3.7239    0.0508 
       1633+382 193815 59481.81994  8305.0  44.5922    2.9704    0.0406 
          3C345 194119 59481.82207  8305.0  46.1754    5.5923    0.0579 
         MRK501 194423 59481.82419  8305.0  47.4998    1.3026    0.0382 
       1807+698 194824 59481.82703  8305.0  57.6183    2.1740    0.0445 
          BLLAC 195626 59481.83257  8305.0  78.1579    3.3195    0.0434 
    1ES1959+650 200149 59481.85155  8305.0  66.2300    0.2225    0.0229 
       2223-052 224324 59481.95236  8305.0  37.0197    4.0691    0.0401 
       2230+114 225227 59481.95479  8305.0  52.8425    3.1116    0.0400 
        3C454.3 225537 59481.95698  8305.0  58.6571   11.8169    0.0982 
          3C380 230032 59481.96043  8305.0  35.5336    4.0187    0.0531 
          3C66A 230623 59481.96448  8305.0  65.9171    1.0342    0.0388 
           3C84 230945 59481.96682  8305.0  56.0000   35.9673    0.2805 
       2344+092 231754 59481.97633  8305.0  54.0789    1.4531    0.0271 
       0235+164 232757 59481.98912  8305.0  53.2815    1.4911    0.0187 
        NRAO150 234622 59481.99224  8305.0  57.7679    6.3937    0.0586 
       0336-019 235048 59481.99918  8305.0  31.6368    0.7909    0.0202 
       0420-014 235935 59482.00141  8305.0  26.1331    4.4390    0.0521 
       0440-003 000239 59482.00741  8305.0  25.2867    1.2797    0.0283 
    TXS0506+056 001125 59482.01639  8305.0  27.5801    1.2714    0.0220 
    1ES2344+514 035852 59482.18622  8305.0  35.9243    0.2200    0.0202 
       0528+134 043126 59482.19406  8305.0  58.9612    1.2500    0.0227 
       0716+714 044330 59482.19869  8305.0  60.6937    1.2292    0.0336 
       0736+017 044921 59482.20649  8305.0  41.6225    1.4558    0.0255 
       0735+178 045821 59482.21565  8305.0  57.5914    0.8783    0.0186 
       0829+046 052355 59482.22761  8305.0  41.7107    1.4980    0.0452 
          3C207 052829 59482.22981  8305.0  48.3405    1.5684    0.0370 
       0836+710 053343 59482.23356  8305.0  59.4708    2.0061    0.0567 
          OJ287 053901 59482.23713  8305.0  53.2875    5.6718    0.0558 
       0954+658 054348 59482.24746  8305.0  57.5941    0.6404    0.0222 
         MRK421 055749 59482.25409  8305.0  45.9199    0.5281    0.0625 
       1156+295 060656 59482.25652  8305.0  32.1087    3.2943    0.0448 
       1219+285 061005 59482.27422  8305.0  32.1337    0.6529    0.0156 
    PKS1222+216 124626 59482.53395  8305.0  60.6939    1.5791    0.0400 
          3C273 125000 59482.53643  8305.0  43.3779   24.1668    0.2422 
          3C279 125315 59482.53867  8305.0  37.6812   18.2756    0.1814 
       1334-127 125631 59482.54094  8305.0  32.1623    3.0699    0.0629 
       1354+195 130033 59482.54374  8305.0  64.6349    2.2059    0.0504 
     PKS1441+25 130408 59482.56177  8305.0  70.2622    0.2923    0.0125 
       1510-089 133040 59482.56466  8305.0  35.6479    3.3551    0.0496 
     PG1553+113 134056 59482.57955  8305.0  54.3284    0.3323    0.0174 
       1606+105 135511 59482.58169  8305.0  52.8651    1.1861    0.0344 
    PKS1222+216 140008 59482.58512  8305.0  49.6968    1.5509    0.0422 
          3C273 140336 59482.58753  8305.0  34.7620   23.2416    0.2281 
          3C279 140651 59482.58979  8305.0  31.0711   17.6401    0.1741 
       1334-127 141008 59482.59207  8305.0  28.2946    3.0985    0.0503 
       1830-211 181938 59482.76534  8305.0  23.3835   10.4105    0.0778 
       1730-130 183850 59482.77866  8305.0  25.1050    5.5764    0.0550 
       1741-038 184206 59482.78094  8305.0  34.2466    6.0416    0.0552 
       1611+343 184614 59482.78381  8305.0  47.3210    3.7580    0.0465 
       1633+382 184924 59482.78602  8305.0  52.4639    3.0258    0.0411 
          3C345 185228 59482.78814  8305.0  53.9971    5.6785    0.0482 
         MRK501 185532 59482.79027  8305.0  55.3541    1.3526    0.0377 
       1807+698 185946 59482.79327  8305.0  60.7021    2.2543    0.0464 
          BLLAC 190508 59482.79695  8305.0  69.7016    3.4748    0.0416 
    1ES1959+650 191003 59482.81011  8305.0  68.7602    0.2565    0.0135 

    1ES1959+650 203239 59481.88997 24100.0  61.5696    0.2786    0.0352 
          3C380 214412 59481.90734 24100.0  46.8205    2.5558    0.1754 
       2223-052 215110 59481.91219 24100.0  40.2271    2.4371    0.1911 
       2230+114 215622 59481.91579 24100.0  56.8148    4.4086    0.2040 
        3C454.3 220111 59481.91914 24100.0  61.6578    9.5300    0.3464 
          BLLAC 220728 59481.92444 24100.0  77.2394    4.1139    0.1769 
    1ES1959+650 221433 59481.93792 24100.0  54.7467    0.2353    0.0880 
        NRAO150 005359 59482.03914 24100.0  68.5874    7.5033    0.3017 
       0235+164 010402 59482.04612 24100.0  61.4361    1.5628    0.1512 
       2344+092 011542 59482.05422 24100.0  42.0338    1.3262    0.2455 
       0420-014 013556 59482.06827 24100.0  38.7238    6.1880    0.2865 
       0440-003 014045 59482.07162 24100.0  38.1251    0.7840    0.2079 
    TXS0506+056 014354 59482.07662 24100.0  40.9334    1.0836    0.1104 
       0528+134 015250 59482.08190 24100.0  45.3301    1.4081    0.1400 
    1ES2344+514 020350 59482.11976 24100.0  49.4727    0.2408    0.0390 
       2344+092 032956 59482.14744 24100.0  19.6376    1.2778    0.3593 
       0420-014 034904 59482.16072 24100.0  43.7017    6.0067    0.5262 
           3C84 073059 59482.31483 24100.0  34.6301   27.5525    1.4407 
       0716+714 073641 59482.32072 24100.0  61.5082    1.7361    0.1295 
       0736+017 074705 59482.32601 24100.0  44.1444    1.8027    0.1891 
       0735+178 075212 59482.33333 24100.0  57.8571    0.8418    0.0857 
       0827+243 080237 59482.33868 24100.0  68.0843    0.6584    0.0928 
       0829+046 080853 59482.34490 24100.0  48.5732    2.3684    0.1953 
          3C207 081729 59482.34807 24100.0  57.2988    1.3538    0.1406 
       0836+710 082640 59482.35353 24100.0  63.0390    2.0230    0.1828 
          OJ287 083427 59482.35891 24100.0  63.8230    7.9043    0.5944 
       1156+295 090812 59482.38329 24100.0  64.1639    4.7572    0.3673 
       1219+285 091238 59482.39107 24100.0  61.7576    0.5417    0.0734 
           3C84 094128 59482.40544 24100.0  15.6162   20.6669    1.6223 
       0716+714 094722 59482.41147 24100.0  53.3475    1.5326    0.1527 
       0829+046 101819 59482.43480 24100.0  34.2529    2.1357    0.2303 
          3C207 102655 59482.43795 24100.0  41.7307    1.2551    0.2141 
       0836+710 103450 59482.44253 24100.0  56.1135    1.8628    0.2296 
          OJ287 104119 59482.44701 24100.0  46.9450    7.4115    0.6889 
       0954+658 105400 59482.45774 24100.0  63.2277    0.9101    0.1653 
          3C273 112602 59482.47807 24100.0  47.4186   19.9230    1.7543 
          3C279 113057 59482.48148 24100.0  39.3830   23.8071    2.0975 
       1354+195 113616 59482.48517 24100.0  60.2435    1.9209    0.2311 
     PKS1441+25 113941 59482.51954 24100.0  65.5311    0.2402    0.0518 
       1334-127 123130 59482.52353 24100.0  32.4152    3.0141    0.3632 
       1611+343 123752 59482.52795 24100.0  59.5306    2.4717    0.2741 
     PG1553+113 144001 59482.62595 24100.0  56.5493    0.3986    0.0712 
       1510-089 150420 59482.62966 24100.0  34.7460    4.5763    0.3287 
       1606+105 150940 59482.63336 24100.0  55.8781    0.9816    0.2101 
       1510-089 155524 59482.66512 24100.0  30.9485    4.7067    0.3515 
       1730-130 173136 59482.73193 24100.0  30.5263    3.7352    0.3078 
       1741-038 173750 59482.73625 24100.0  39.7864    5.6163    0.3167 
       1830-211 174302 59482.73987 24100.0  24.3383    5.9613    0.5823 
       1633+382 174925 59482.74431 24100.0  62.9850    2.8988    0.2071 
          3C345 175415 59482.74766 24100.0  64.1674    6.3972    0.3002 
         MRK501 175738 59482.75095 24100.0  65.2443    1.1520    0.1387 
       1807+698 180533 59482.75552 24100.0  63.3656    2.2888    0.1971 

    PKS1222+216 110948 59506.46684  8305.0  60.9763    1.4271    0.0352 
          3C273 111322 59506.46931  8305.0  43.5815   22.3442    0.0912 
          3C279 111636 59506.47155  8305.0  37.8169   17.0826    0.0758 
       1354+195 112354 59506.47662  8305.0  64.6624    2.0361    0.0352 
     PKS1441+25 112729 59506.49464  8305.0  70.1955    0.2847    0.0106 
       1510-089 115400 59506.49753  8305.0  35.5649    3.7540    0.0415 
     PG1553+113 120415 59506.51240  8305.0  54.1465    0.2931    0.0166 
       1606+105 121829 59506.51454  8305.0  52.6621    1.1219    0.0312 
    PKS1222+216 122326 59506.51798  8305.0  50.0821    1.4452    0.0399 
          3C273 122655 59506.52039  8305.0  35.0859   22.7024    0.0964 
          3C279 123009 59506.52264  8305.0  31.3416   17.2049    0.0750 
       1354+195 123727 59506.52770  8305.0  59.7088    2.0652    0.0332 
     PKS1441+25 124049 59506.52908  8305.0  69.1645    0.2945    0.0557 
       1830-211 163830 59506.69510  8305.0  23.6403    9.7349    0.0583 
       1730-130 165742 59506.70844  8305.0  25.7957    5.3184    0.0498 
       1741-038 170059 59506.71071  8305.0  34.9817    5.7116    0.0439 
       1611+343 170507 59506.71359  8305.0  48.5197    3.5555    0.0383 
       1633+382 170818 59506.71580  8305.0  53.6577    2.7909    0.0389 
          3C345 171122 59506.71794  8305.0  55.1840    5.7545    0.0404 
         MRK501 171426 59506.72006  8305.0  56.5429    1.2675    0.0367 
          BLLAC 172401 59506.72673  8305.0  68.4984    3.4736    0.0351 
    1ES1959+650 172852 59506.74606  8305.0  68.8522    0.2349    0.0102 
       1830-211 175747 59506.75016  8305.0  18.5520    9.9500    0.0592 
       1730-130 180115 59506.75257  8305.0  18.2762    5.3222    0.0679 
       1741-038 180431 59506.75484  8305.0  26.9930    5.7387    0.0511 
       1611+343 180833 59506.75764  8305.0  37.3431    3.6866    0.0403 
       1633+382 181143 59506.75985  8305.0  42.5603    2.9518    0.0405 
          3C345 181447 59506.76197  8305.0  44.1580    5.8998    0.0590 
         MRK501 181751 59506.76410  8305.0  45.4711    1.3135    0.0343 
       1807+698 182149 59506.76691  8305.0  56.7216    2.2074    0.0421 
          BLLAC 182946 59506.77237  8305.0  80.2233    3.4630    0.0376 
    1ES1959+650 183516 59506.78320  8305.0  66.2159    0.2260    0.0230 
       2223-052 205826 59506.87947  8305.0  37.5455    4.1219    0.0322 
       2230+114 210729 59506.88190  8305.0  53.5022    3.2821    0.0409 
        3C454.3 211039 59506.88409  8305.0  59.2406   11.7690    0.0596 
          3C380 211538 59506.88757  8305.0  36.4879    4.1954    0.0490 
          3C66A 212128 59506.89161  8305.0  64.7445    1.2157    0.0518 
           3C84 212450 59506.89395  8305.0  54.8400   37.2695    0.1442 
       2344+092 213301 59506.90349  8305.0  54.3925    1.4954    0.0226 
       0235+164 214303 59506.91627  8305.0  52.3629    1.5099    0.0164 
        NRAO150 220121 59506.91933  8305.0  56.7191    5.8098    0.0423 
       0336-019 220546 59506.92623  8305.0  30.7107    0.7829    0.0271 
       0420-014 221432 59506.92845  8305.0  25.0889    4.3858    0.0470 
       0440-003 221736 59506.93447  8305.0  24.2148    1.2777    0.0246 
    TXS0506+056 222622 59506.94152  8305.0  25.9787    1.3937    0.0243 
    1ES2344+514 021857 59507.11682  8305.0  36.1492    0.2366    0.0388 
       0528+134 025130 59507.12466  8305.0  58.9822    1.2382    0.0208 
       0716+714 030333 59507.12928  8305.0  60.6110    1.1888    0.0420 
       0736+017 030923 59507.13710  8305.0  41.4518    1.5512    0.0233 
       0735+178 031824 59507.14627  8305.0  57.3986    0.9510    0.0144 
       0827+243 033140 59507.14869  8305.0  55.4481    0.7211    0.0368 
       0829+046 034353 59507.15815  8305.0  41.4967    1.6051    0.0335 
          3C207 034827 59507.16035  8305.0  48.0941    1.6622    0.0393 
       0836+710 035341 59507.16409  8305.0  59.3632    2.1528    0.0361 
          OJ287 035859 59507.16765  8305.0  53.0165    7.0812    0.0505 
       0954+658 040344 59507.17799  8305.0  57.4183    0.8071    0.0201 
         MRK421 041746 59507.18459  8305.0  45.6074    0.6279    0.0459 
       1156+295 042651 59507.18702  8305.0  31.7942    3.5288    0.0415 
       1219+285 043000 59507.20472  8305.0  31.8155    0.7072    0.0141 

    PKS1222+216 092828 59506.39642 24100.0  66.4814    0.8779    0.1127 
          3C273 093344 59506.40007 24100.0  47.2719   20.1453    0.6110 
          3C279 093838 59506.40348 24100.0  38.8612   24.3532    0.7428 
       1354+195 094358 59506.40719 24100.0  58.1140    1.9329    0.1353 
     PKS1441+25 094720 59506.44152 24100.0  63.1796    0.2123    0.0288 
       1334-127 103905 59506.44546 24100.0  32.2567    2.9944    0.1895 
       1611+343 104526 59506.44987 24100.0  56.3106    2.2712    0.1241 
     PG1553+113 130507 59506.56004 24100.0  56.5475    0.2710    0.0439 
       1510-089 132925 59506.56375 24100.0  34.7730    4.6973    0.2797 
       1510-089 142028 59506.59920 24100.0  30.9981    4.5520    0.2775 
       1510-089 151128 59506.63461 24100.0  25.3829    4.5442    0.2963 
       1730-130 154530 59506.65824 24100.0  31.1287    3.7472    0.2498 
       1830-211 155536 59506.66526 24100.0  24.4269    6.0672    0.3440 
       1633+382 160159 59506.66970 24100.0  65.3164    2.7957    0.1640 
          3C345 160649 59506.67305 24100.0  66.5020    6.5390    0.2444 
         MRK501 160948 59506.67606 24100.0  67.6509    1.2167    0.3073 
          3C380 200534 59506.83885 24100.0  46.8701    2.0884    0.1819 
       2223-052 201232 59506.84368 24100.0  40.2349    2.4432    0.2389 
       2230+114 201743 59506.84729 24100.0  56.8245    4.2011    0.1864 
        3C454.3 202232 59506.85064 24100.0  61.6614    9.3232    0.3570 
          BLLAC 202848 59506.85593 24100.0  77.3012    4.9926    0.2008 
    1ES1959+650 203553 59506.86609 24100.0  55.1528    0.2343    0.0747 
        NRAO150 225852 59506.95920 24100.0  65.9344    6.8301    0.3013 
       0235+164 230523 59506.96372 24100.0  60.1529    1.5001    0.1446 
       2344+092 231704 59506.97184 24100.0  44.9165    1.0556    0.1509 
       0420-014 233718 59506.98589 24100.0  36.5398    5.9567    0.3280 
       0440-003 234208 59506.98924 24100.0  35.7149    0.7710    0.1897 
    TXS0506+056 234516 59506.99424 24100.0  38.1150    1.0314    0.1220 
       0528+134 235411 59506.99950 24100.0  42.1553    1.3746    0.1195 
          3C66A 005656 59507.04119 24100.0  76.2221    1.0367    0.1329 
       0235+164 011840 59507.05628 24100.0  57.2396    1.5818    0.1490 
       0420-014 014917 59507.07755 24100.0  44.1483    5.9381    0.3137 
       0440-003 015406 59507.08089 24100.0  45.2025    0.9571    0.1421 
    TXS0506+056 015715 59507.08589 24100.0  50.7924    1.1372    0.1022 
       0528+134 020609 59507.09114 24100.0  57.8892    1.4423    0.1124 
           3C84 054231 59507.23952 24100.0  36.2549   27.6538    1.6036 
       0716+714 054816 59507.24543 24100.0  61.8951    1.2041    0.1169 
       0736+017 055846 59507.25079 24100.0  44.8714    2.6057    0.2251 
       0735+178 060354 59507.25812 24100.0  58.9510    0.9575    0.1109 
       0827+243 061422 59507.26351 24100.0  68.7450    0.6936    0.1521 
       0829+046 062039 59507.26975 24100.0  49.0715    2.4708    0.2408 
          3C207 062916 59507.27291 24100.0  57.8340    1.3291    0.1977 
       0836+710 063833 59507.27845 24100.0  63.2802    2.2315    0.2514 
          OJ287 064629 59507.28393 24100.0  64.4586    9.4301    0.8482 
       0954+658 070746 59507.30062 24100.0  69.0415    1.1150    0.1289 
       1156+295 072020 59507.30837 24100.0  62.6207    4.8385    0.6855 
       1219+285 072445 59507.31616 24100.0  60.1941    0.5923    0.1083 
       0716+714 080212 59507.33820 24100.0  53.7162    1.2181    0.2063 
       1156+295 081341 59507.34542 24100.0  70.4195    4.6015    0.6580 
       1219+285 081807 59507.35320 24100.0  68.2345    0.6369    0.1110 

       2223-052 181553 59547.76661  8305.0  37.6440    3.9694    0.0453 
       2230+114 182458 59547.76904  8305.0  53.6259    3.2218    0.0478 
        3C454.3 182959 59547.77253  8305.0  59.1940   11.2278    0.1074 
          3C380 183640 59547.77718  8305.0  36.1590    3.8706    0.0588 
          3C66A 184230 59547.78123  8305.0  65.1428    1.1754    0.0417 
           3C84 184553 59547.78357  8305.0  55.2331   35.8293    0.3248 
       2344+092 185404 59547.79311  8305.0  54.2907    1.4059    0.0292 
       0235+164 190407 59547.80590  8305.0  52.6832    1.8065    0.0237 
        NRAO150 192226 59547.80896  8305.0  57.0724    6.6586    0.0693 
       0336-019 192651 59547.81588  8305.0  31.0253    0.7324    0.0266 
       0420-014 193537 59547.81810  8305.0  25.4414    4.1890    0.0526 
       0440-003 193842 59547.82411  8305.0  24.5765    1.2328    0.0283 
    TXS0506+056 194727 59547.83309  8305.0  26.8310    1.2300    0.0268 
       0528+134 001309 59548.01469  8305.0  58.9433    1.1703    0.0248 
       0716+714 002514 59548.01934  8305.0  60.7487    1.3857    0.0459 
       0736+017 003107 59548.02717  8305.0  41.7455    1.9872    0.0290 
       0735+178 004006 59548.03632  8305.0  57.7333    0.9810    0.0207 
       0829+046 010535 59548.04821  8305.0  41.8457    1.4676    0.0326 
          3C207 011008 59548.05041  8305.0  48.4933    1.6152    0.0382 
       0836+710 011523 59548.05416  8305.0  59.5370    2.1334    0.0456 
          OJ287 012042 59548.05775  8305.0  53.4632    7.5114    0.0772 
       0954+658 012530 59548.06810  8305.0  57.7089    0.9184    0.0311 
       1156+295 014838 59548.07714  8305.0  32.3125    3.7812    0.0493 
       1219+285 015147 59548.09487  8305.0  32.3420    0.6839    0.0202 
    PKS1222+216 083849 59548.36199  8305.0  59.1446    1.4475    0.0372 
          3C273 084222 59548.36444  8305.0  42.2532   23.5186    0.2143 
          3C279 084535 59548.36669  8305.0  36.9077   18.0618    0.1681 
       1334-127 084852 59548.36897  8305.0  31.8469    2.8506    0.0471 
       1354+195 085255 59548.37178  8305.0  64.3378    2.1084    0.0411 
     PKS1441+25 085629 59548.38976  8305.0  70.4165    0.2740    0.0158 
       1510-089 092257 59548.39264  8305.0  35.9957    4.0366    0.0484 
     PG1553+113 093318 59548.40755  8305.0  55.1402    0.3218    0.0207 
       1606+105 094731 59548.40970  8305.0  53.7995    1.2197    0.0418 
    PKS1222+216 095226 59548.41311  8305.0  47.7191    1.4193    0.0354 
       1830-211 135126 59548.57908  8305.0  23.7076    8.4264    0.0883 
       1730-130 141206 59548.59344  8305.0  25.8411    4.6936    0.0595 
       1741-038 141523 59548.59571  8305.0  35.0301    5.0248    0.0587 
       1611+343 141931 59548.59859  8305.0  48.6007    3.3252    0.0548 
       1633+382 142242 59548.60080  8305.0  53.7381    2.5055    0.0387 
          3C345 142545 59548.60292  8305.0  55.2661    5.3009    0.0582 
         MRK501 142849 59548.60505  8305.0  56.6266    1.2532    0.0384 
          BLLAC 143824 59548.61171  8305.0  68.4156    3.9053    0.0481 
    1ES1959+650 144314 59548.63104  8305.0  68.8663    0.2025    0.0182


    1ES1959+650 160622 59547.70505 24100.0  62.1827    0.1899    0.0316 
          3C380 171257 59547.71898 24100.0  48.6507    2.0303    0.1148 
       2223-052 171957 59547.72384 24100.0  40.4989    2.3453    0.1293 
       2230+114 172526 59547.72765 24100.0  57.1520    4.5709    0.1223 
        3C454.3 173023 59547.73108 24100.0  61.7423    8.9650    0.1921 
          BLLAC 173642 59547.73641 24100.0  79.2416    6.3503    0.1349 
    1ES1959+650 174351 59547.75373 24100.0  55.3327    0.1966    0.0422 
        NRAO150 203107 59547.85660 24100.0  68.0512    6.8417    0.1836 
       0235+164 204114 59547.86363 24100.0  61.2657    1.9048    0.1000 
       2344+092 205313 59547.87193 24100.0  42.4760    1.4030    0.1213 
       0420-014 211324 59547.88596 24100.0  38.4131    6.3659    0.1797 
       0440-003 211813 59547.88930 24100.0  37.7786    0.8136    0.1091 
    TXS0506+056 212121 59547.89430 24100.0  40.5212    1.0064    0.0809 
       0528+134 213017 59547.89957 24100.0  44.8587    1.6061    0.0909 
         MRK421 024833 59548.12435 24100.0  58.9327    0.4255    0.0446 
           3C84 030430 59548.12977 24100.0  35.7479   26.5115    0.7014 
       0716+714 031014 59548.13568 24100.0  61.7832    1.4772    0.0920 
       0736+017 032041 59548.14101 24100.0  44.6541    2.5323    0.1442 
       0735+178 032547 59548.14832 24100.0  58.6225    0.9268    0.0508 
       0836+710 040023 59548.16861 24100.0  63.2093    2.1777    0.1243 
          OJ287 040816 59548.17406 24100.0  64.2754    8.5633    0.2358 
       0954+658 042931 59548.19073 24100.0  69.0492    0.8754    0.0630 
       1156+295 044204 59548.19847 24100.0  63.0846    5.2267    0.1548 
       1219+285 044629 59548.20622 24100.0  60.6561    0.5260    0.0480 
       0716+714 053134 59548.23383 24100.0  53.0724    1.3390    0.0806 
       0735+178 054555 59548.24564 24100.0  37.4208    0.9062    0.1030 
       0827+243 055625 59548.25104 24100.0  49.5297    0.7919    0.0803 
       0829+046 060231 59548.25718 24100.0  33.6875    1.5284    0.0755 
          3C207 061108 59548.26032 24100.0  41.1354    1.3438    0.0938 
       0836+710 061901 59548.26489 24100.0  55.8306    2.0511    0.1301 
          OJ287 062528 59548.26934 24100.0  46.3239    8.6260    0.2701 
    PKS1222+216 071201 59548.30166 24100.0  66.6013    0.8927    0.0776 
          3C273 071718 59548.30533 24100.0  47.3120   19.3720    0.5175 
          3C279 072212 59548.30873 24100.0  39.5290   24.4209    0.6492 
       1354+195 072732 59548.31243 24100.0  61.3469    1.8262    0.1093 
     PKS1441+25 073058 59548.34682 24100.0  66.7645    0.1904    0.0231 
       1334-127 082249 59548.35082 24100.0  32.3640    2.7651    0.1336 
       1611+343 082911 59548.35525 24100.0  61.4363    2.3564    0.1012 
     PG1553+113 101804 59548.44405 24100.0  56.5687    0.3712    0.0389 
       1510-089 104224 59548.44776 24100.0  34.8706    3.7249    0.1198 
     PG1553+113 110908 59548.47950 24100.0  54.3377    0.3761    0.0380 
       1606+105 113852 59548.48698 24100.0  53.8343    1.0775    0.0977 
     PG1553+113 120009 59548.51492 24100.0  49.1830    0.3632    0.0416 
       1510-089 122429 59548.51865 24100.0  25.6117    3.6442    0.1194 
       1730-130 130355 59548.54604 24100.0  30.9572    3.4774    0.1456 
       1741-038 130851 59548.54946 24100.0  40.3122    4.5800    0.1232 
       1830-211 131400 59548.55303 24100.0  24.4195    5.2892    0.1692 
       1633+382 132022 59548.55746 24100.0  64.6911    2.5875    0.0911 
          3C345 132512 59548.56082 24100.0  65.8713    6.2013    0.1246 
         MRK501 132811 59548.56383 24100.0  67.0191    1.0345    0.0734 
       1807+698 133551 59548.56823 24100.0  63.7360    2.2068    0.0887 


       1830-211 122432 59568.51874  8305.0  23.9605    9.1196    0.0772 
       1730-130 124515 59568.53312  8305.0  26.6405    5.1893    0.0583 
       1741-038 124832 59568.53539  8305.0  35.8799    4.9775    0.0521 
       1611+343 125241 59568.53829  8305.0  50.0634    3.6248    0.0403 
       1633+382 125552 59568.54050  8305.0  55.1944    2.8551    0.0416 
          3C345 125855 59568.54263  8305.0  56.7136    6.0776    0.0506 
         MRK501 130200 59568.54476  8305.0  58.0755    1.3678    0.0474 
          BLLAC 131136 59568.55144  8305.0  66.9622    4.2059    0.0429 
    1ES1959+650 131621 59568.57072  8305.0  69.0689    0.2112    0.0169 
       1830-211 134524 59568.57490  8305.0  19.3117    9.2364    0.0791 
       1730-130 135622 59568.58251  8305.0  18.4254    5.1037    0.0592 
       1741-038 135938 59568.58478  8305.0  27.1512    5.0511    0.0555 
       1611+343 140339 59568.58757  8305.0  37.5366    3.7300    0.0450 
       1633+382 140650 59568.58979  8305.0  42.7500    2.8971    0.0397 
          3C345 140954 59568.59191  8305.0  44.3459    6.1465    0.0538 
         MRK501 141257 59568.59403  8305.0  45.6620    1.2872    0.0402 
       1807+698 141655 59568.59684  8305.0  56.8071    2.2963    0.0438 
          BLLAC 142453 59568.60232  8305.0  80.0323    4.0736    0.0451 
    1ES1959+650 143023 59568.61388  8305.0  65.8379    0.2300    0.0253 
       2223-052 165719 59568.71204  8305.0  37.3374    3.9447    0.0366 
       2230+114 170624 59568.71447  8305.0  53.2411    3.3242    0.0412 
        3C454.3 170934 59568.71667  8305.0  59.0110   11.3577    0.0820 
          3C380 171431 59568.72013  8305.0  36.0977    3.8012    0.0471 
          3C66A 172021 59568.72418  8305.0  65.2150    1.1702    0.0494 
           3C84 172343 59568.72652  8305.0  55.3049   36.3652    0.2462 
       2344+092 173153 59568.73605  8305.0  54.2719    1.4412    0.0326 
       0235+164 174156 59568.74885  8305.0  52.7398    1.7474    0.0216 
        NRAO150 180017 59568.75191  8305.0  57.1364    6.4457    0.0584 
       0336-019 180442 59568.75883  8305.0  31.0813    0.7697    0.0244 
       0420-014 181328 59568.76106  8305.0  25.5075    4.1756    0.0533 
       0440-003 181633 59568.76705  8305.0  24.6401    1.2064    0.0328 
    TXS0506+056 182517 59568.77602  8305.0  26.8950    1.3856    0.0324 
       2223-052 184559 59568.78460  8305.0  25.3780    3.9690    0.0474 
       0528+134 225255 59568.95898  8305.0  58.9016    1.3461    0.0299 
       0716+714 230502 59568.96365  8305.0  60.8610    1.1694    0.0575 
       0736+017 231056 59568.97150  8305.0  41.9837    2.0594    0.0267 
       0735+178 231957 59568.98067  8305.0  58.0102    0.9964    0.0212 
       0827+243 233313 59568.98309  8305.0  56.2975    0.7531    0.0506 
       0829+046 234527 59568.99255  8305.0  42.1360    1.3927    0.0332 
          3C207 235000 59568.99475  8305.0  48.8258    1.5879    0.0362 
       0836+710 235516 59568.99852  8305.0  59.6832    1.9987    0.0408 
          OJ287 000036 59569.00211  8305.0  53.8319    6.9799    0.0591 
       0954+658 000524 59569.01248  8305.0  57.9513    0.9128    0.0273 
         MRK421 001927 59569.01910  8305.0  46.5500    0.4994    0.0435 
       1156+295 002833 59569.02152  8305.0  32.7438    4.2190    0.0477 
       1219+285 003142 59569.03755  8305.0  32.4140    0.6323    0.0178 
    PKS1222+216 071129 59569.30135  8305.0  59.7796    1.4292    0.0362 
          3C273 071503 59569.30381  8305.0  42.7183   23.5071    0.1580 
          3C279 071816 59569.30606  8305.0  37.2317   18.1357    0.1244 
       1334-127 072133 59569.30835  8305.0  31.9868    2.6918    0.0413 
       1354+195 072537 59569.31116  8305.0  64.4815    2.1023    0.0392 
     PKS1441+25 072912 59569.32914  8305.0  70.3866    0.2426    0.0150 
       1510-089 075541 59569.33203  8305.0  35.8710    3.8324    0.0531 
     PG1553+113 080600 59569.34694  8305.0  54.8325    0.3125    0.0182 
       1606+105 082013 59569.34908  8305.0  53.4427    1.2552    0.0400 
          3C273 082837 59569.35491  8305.0  33.7630   23.7497    0.1674 
          3C279 083151 59569.35716  8305.0  30.2369   18.1896    0.1276 
       1334-127 083509 59569.35847  8305.0  27.8193    2.6809    0.0573 


       1730-130 113427 59568.48392 24100.0  31.4468    3.7947    0.1883 
       1741-038 113925 59568.48736 24100.0  40.8121    4.5383    0.1243 
       1830-211 114436 59568.49095 24100.0  24.4240    5.5104    0.1592 
       1633+382 115059 59568.49539 24100.0  66.6047    2.7984    0.1185 
          3C345 115549 59568.49874 24100.0  67.7959    6.5172    0.1380 
         MRK501 115847 59568.50175 24100.0  68.9441    1.0161    0.0946 
       1807+698 120633 59568.50622 24100.0  64.0634    2.2702    0.1587 
    1ES1959+650 145226 59568.65370 24100.0  61.3955    0.2040    0.0402 
          3C380 160357 59568.67107 24100.0  46.5302    2.1513    0.1473 
       2223-052 161056 59568.67591 24100.0  40.1703    2.5444    0.1568 
       2230+114 161606 59568.67951 24100.0  56.7407    4.8456    0.1435 
        3C454.3 162057 59568.68287 24100.0  61.6252    8.6359    0.1681 
          BLLAC 162713 59568.68816 24100.0  76.9097    5.2953    0.1265 
        NRAO150 191440 59568.80350 24100.0  69.0092    7.2745    0.1596 
       0235+164 192442 59568.81047 24100.0  61.5586    1.8186    0.1267 
       2344+092 193622 59568.81857 24100.0  41.6339    1.0062    0.1734 
       0420-014 195632 59568.83258 24100.0  38.9813    6.4031    0.2031 
       0440-003 200121 59568.83592 24100.0  38.4168    0.7979    0.1570 
    TXS0506+056 200430 59568.84093 24100.0  41.2807    1.1318    0.1126 
       0528+134 201325 59568.84619 24100.0  45.7279    1.6220    0.1069 
    1ES2344+514 202423 59568.88401 24100.0  49.0842    0.1573    0.0510 
          3C66A 211601 59568.88778 24100.0  72.1413    0.9850    0.1184 
       0235+164 213743 59568.90284 24100.0  54.4744    1.6792    0.1306 
       2344+092 214859 59568.91067 24100.0  19.4460    1.5813    0.2470 
       0420-014 220805 59568.92393 24100.0  43.6652    6.4276    0.1984 
           3C84 013614 59569.06848 24100.0  36.6658   27.4072    0.5934 
       0716+714 014200 59569.07442 24100.0  61.9883    0.9682    0.0878 
       0736+017 015231 59569.07979 24100.0  45.0382    2.4907    0.1987 
       0735+178 015738 59569.08710 24100.0  59.2161    1.0022    0.0846 
       0829+046 021423 59569.09872 24100.0  49.1650    1.4128    0.1014 
          3C207 022259 59569.10189 24100.0  57.9335    1.5145    0.1201 
       0836+710 023219 59569.10745 24100.0  63.3342    2.2016    0.1282 
          OJ287 024017 59569.11297 24100.0  64.5965    8.0421    0.1949 
       0954+658 030135 59569.12966 24100.0  69.0288    1.0957    0.1018 
       1156+295 031412 59569.13745 24100.0  62.2233    5.8229    0.1530 
       1219+285 031837 59569.14524 24100.0  59.7930    0.5438    0.0687 
         MRK421 035002 59569.16210 24100.0  81.9900    0.4893    0.1193 
           3C84 035916 59569.16782 24100.0  15.6341   22.6566    0.5915 
       0736+017 041434 59569.17843 24100.0  28.1166    2.1170    0.1798 
       0836+710 045239 59569.20490 24100.0  56.1225    2.0809    0.1263 
          OJ287 045908 59569.20939 24100.0  46.9600    7.4362    0.2233 
       0954+658 051151 59569.22012 24100.0  63.2416    0.9560    0.0857 
    PKS1222+216 053831 59569.23673 24100.0  66.7331    1.2502    0.2028 
          3C273 054347 59569.24039 24100.0  47.4096   18.6192    0.4183 
          3C279 054840 59569.24379 24100.0  39.3733   24.2432    0.5389 
       1354+195 055359 59569.24747 24100.0  60.2071    1.9985    0.1145 
     PKS1441+25 055723 59569.28184 24100.0  65.4933    0.1843    0.0288 
       1334-127 064912 59569.28582 24100.0  32.4114    2.4860    0.1934 
       1611+343 065534 59569.29024 24100.0  59.4845    2.4965    0.1359 
     PG1553+113 085932 59569.38950 24100.0  56.5221    0.3784    0.0464 
       1510-089 092350 59569.39320 24100.0  34.6580    3.0949    0.2211 
     PG1553+113 095035 59569.42495 24100.0  54.0278    0.3274    0.0470 
       1510-089 101455 59569.42867 24100.0  30.7991    3.4296    0.1843 
       1606+105 102018 59569.43242 24100.0  53.5423    1.2156    0.1317 
     PG1553+113 104136 59569.45826 24100.0  48.9617    0.4182    0.0590 

 
         MRK421 234940 59592.99966 24100.0  58.5945    0.4612    0.0507 
         MRK421 000014 59593.00746 24100.0  60.4664    0.4209    0.0471 
           3C84 001611 59593.01289 24100.0  34.3701   26.8821    0.5551 
       0716+714 002152 59593.01877 24100.0  61.4345    0.8045    0.0762 
       0736+017 003215 59593.02404 24100.0  44.0103    2.3761    0.1126 
       0735+178 003721 59593.03134 24100.0  57.6708    0.9904    0.0635 
       0827+243 004746 59593.03670 24100.0  67.9579    0.8650    0.1144 
       0829+046 005401 59593.04293 24100.0  48.4742    1.1900    0.0871 
          3C207 010239 59593.04610 24100.0  57.1924    1.2472    0.0994 
       0836+710 011148 59593.05153 24100.0  62.9947    2.0337    0.1050 
          OJ287 011933 59593.05690 24100.0  63.7028    8.0928    0.1927 
       0954+658 014050 59593.07359 24100.0  69.0469    1.1938    0.0774 
       1156+295 015316 59593.08125 24100.0  64.3790    6.0181    0.1079 
       1219+285 015741 59593.08902 24100.0  61.9756    0.5061    0.0422 
       0716+714 023225 59593.10942 24100.0  53.2361    0.6748    0.0711 
       0736+017 024147 59593.11400 24100.0  27.8683    2.1369    0.1850 
       0829+046 030321 59593.13274 24100.0  34.0298    1.0424    0.0845 
          3C207 031157 59593.13589 24100.0  41.4981    1.2061    0.1025 
       0836+710 031952 59593.14047 24100.0  56.0071    1.9997    0.1052 
          OJ287 032620 59593.14493 24100.0  46.7000    7.9799    0.1454 
    PKS1222+216 035333 59593.16384 24100.0  66.6447    0.8580    0.0937 
          3C273 035850 59593.16750 24100.0  47.3666   18.3525    0.2580 
          3C279 040344 59593.17091 24100.0  39.1028   23.8152    0.3366 
       1354+195 040904 59593.17461 24100.0  58.9864    1.9472    0.0867 
     PKS1441+25 041226 59593.20894 24100.0  64.1389    0.2387    0.0271 
       1334-127 050411 59593.21289 24100.0  32.3490    2.3713    0.1071 
       1611+343 051032 59593.21730 24100.0  57.5830    2.4132    0.1015 
     PG1553+113 071901 59593.31969 24100.0  56.5830    0.3566    0.0485 
       1510-089 074318 59593.32339 24100.0  34.9788    3.5267    0.1418 
       1606+105 074837 59593.32708 24100.0  55.9016    1.0928    0.0928 
     PG1553+113 081000 59593.35509 24100.0  54.4994    0.3412    0.0397 
       1510-089 083420 59593.35883 24100.0  31.3717    3.2476    0.1616 
       1606+105 083944 59593.36258 24100.0  53.9888    1.1391    0.1089 
     PG1553+113 090103 59593.39055 24100.0  49.4483    0.3731    0.0505 
       1510-089 092523 59593.39428 24100.0  25.8814    3.1664    0.1306 
       1606+105 093047 59593.39802 24100.0  49.1065    1.1569    0.1286 
       1730-130 100431 59593.42145 24100.0  31.0798    3.5500    0.1878 
       1741-038 100927 59593.42488 24100.0  40.4350    4.2161    0.1529 
       1830-211 101436 59593.42845 24100.0  24.4291    5.4626    0.1768 
       1633+382 102058 59593.43287 24100.0  65.1321    2.7406    0.0998 
          3C345 102547 59593.43622 24100.0  66.3168    6.1831    0.1295 
         MRK501 102846 59593.43923 24100.0  67.4648    1.0788    0.0773 
       1807+698 103627 59593.44364 24100.0  63.8244    2.2219    0.0991 
    1ES1959+650 131122 59593.58349 24100.0  61.6555    0.1557    0.0317 
          3C380 142252 59593.60087 24100.0  46.9624    2.0062    0.1216 
          3C380 142820 59593.60466 24100.0  46.1112    2.0777    0.1183 
       2223-052 143517 59593.60948 24100.0  40.0831    2.4652    0.1402 
       2230+114 144027 59593.61308 24100.0  56.6276    5.1975    0.1270 
        3C454.3 144517 59593.61642 24100.0  61.5659    8.7267    0.1860 
          BLLAC 145131 59593.62170 24100.0  76.4438    4.9611    0.1093 
        NRAO150 173811 59593.73650 24100.0  69.2935    7.4140    0.1571 
       0235+164 174812 59593.74345 24100.0  61.6372    1.7151    0.0943 
       2344+092 175951 59593.75155 24100.0  41.3616    1.2345    0.1099 
       0420-014 182002 59593.76556 24100.0  39.1562    6.9241    0.1790 
    TXS0506+056 183114 59593.77617 24100.0  41.9383    1.1365    0.0707 
       0528+134 184010 59593.78143 24100.0  46.4771    1.5116    0.0853 
    1ES2344+514 185226 59593.82015 24100.0  48.1377    0.1332    0.0308 
          3C66A 194404 59593.82392 24100.0  71.0091    1.1023    0.0930 
       0235+164 200547 59593.83900 24100.0  53.6277    1.6615    0.0929 
       0336-019 201104 59593.84267 24100.0  42.1038    0.4806    0.1018 
       2344+092 201702 59593.84681 24100.0  18.3033    0.8626    0.2023 

    1ES2344+514 211007 59592.88693  8305.0  34.7723    0.2015    0.0351
       0528+134 212032 59592.89483  8305.0  58.8608    1.3608    0.0292
       0716+714 213241 59592.89951  8305.0  60.9528    0.9076    0.0776
       0736+017 213836 59592.90737  8305.0  42.1802    2.1493    0.0413
       0735+178 214736 59592.91653  8305.0  58.2370    1.0336    0.0282
       0827+243 220052 59592.91897  8305.0  56.6202    0.7011    0.0380
       0829+046 221307 59592.92844  8305.0  42.3771    1.2095    0.0368
          3C207 221741 59592.93064  8305.0  49.1033    1.5425    0.0412
       0836+710 222258 59592.93443  8305.0  59.8028    2.0524    0.0497
          OJ287 222819 59592.93805  8305.0  54.1487    7.1967    0.1152
       0954+658 223309 59592.94841  8305.0  58.1561    0.9503    0.0435
       1156+295 225618 59592.95747  8305.0  33.1160    4.8383    0.0869
       1219+285 225927 59592.97323  8305.0  32.6510    0.6263    0.0227
    PKS1222+216 053553 59593.23495  8305.0  59.9424    1.4193    0.0571
    PKS1222+216 054035 59593.23822  8305.0  59.3198    1.4224    0.0434
          3C273 054408 59593.24068  8305.0  42.3804   24.2823    0.2880
          3C279 054723 59593.24293  8305.0  36.9969   19.7658    0.2321
       1334-127 055040 59593.24521  8305.0  31.8852    2.6544    0.0579
       1354+195 055442 59593.24802  8305.0  64.3780    2.2059    0.0469
     PKS1441+25 055817 59593.26603  8305.0  70.4097    0.2795    0.0163
       1510-089 062447 59593.26891  8305.0  35.9630    4.1141    0.0679
     PG1553+113 063507 59593.28383  8305.0  55.0590    0.3329    0.0189
       1606+105 064921 59593.28597  8305.0  53.7054    1.3457    0.0424
       1830-211 105345 59593.45569  8305.0  23.7330    8.9400    0.1171
       1730-130 111549 59593.47102  8305.0  25.7767    4.9509    0.0730
       1741-038 111906 59593.47329  8305.0  34.9610    5.2808    0.0741
       1611+343 112314 59593.47617  8305.0  48.4879    3.5934    0.0586
       1633+382 112624 59593.47837  8305.0  53.6275    2.9143    0.0556
          3C345 112927 59593.48050  8305.0  55.1542    5.9907    0.0798
         MRK501 113231 59593.48262  8305.0  56.5140    1.2675    0.0369
          BLLAC 114206 59593.48928  8305.0  68.5305    3.7021    0.0692
    1ES1959+650 114657 59593.50863  8305.0  68.8503    0.1984    0.0200
       1830-211 121553 59593.51273  8305.0  18.5363    8.8535    0.1143
       1730-130 121921 59593.51514  8305.0  18.2544    5.0362    0.0818
       1741-038 122237 59593.51741  8305.0  26.9694    5.2070    0.0750
       1611+343 122638 59593.52020  8305.0  37.3137    3.6414    0.0548
       1633+382 122949 59593.52241  8305.0  42.5309    2.8474    0.0563
          3C345 123252 59593.52453  8305.0  44.1285    6.0593    0.0807
         MRK501 123556 59593.52666  8305.0  45.4422    1.2917    0.0544
          BLLAC 124750 59593.53493  8305.0  80.2548    3.7000    0.0577
       2223-052 151218 59593.63911  8305.0  37.8442    3.9002    0.0512
       2230+114 152122 59593.64154  8305.0  53.8781    3.3543    0.0514
        3C454.3 152431 59593.64373  8305.0  59.5662   11.2090    0.1316
          3C380 152932 59593.64721  8305.0  37.0691    3.7207    0.0677
          3C66A 153522 59593.65127  8305.0  64.0361    1.1117    0.0454
           3C84 153844 59593.65360  8305.0  54.1372   36.2228    0.4054
       2344+092 154656 59593.66316  8305.0  54.5542    1.3760    0.0278
       0235+164 155658 59593.67595  8305.0  51.7971    1.6797    0.0256
        NRAO150 161516 59593.67899  8305.0  56.0921    6.7147    0.0871
       0336-019 161940 59593.68589  8305.0  30.1472    0.7686    0.0333
       0420-014 162826 59593.68811  8305.0  24.4585    4.3037    0.0688
       0440-003 163131 59593.69412  8305.0  23.5646    1.2642    0.0325
    TXS0506+056 164016 59593.70309  8305.0  25.7600    1.3157    0.0373
       2223-052 170101 59593.71459  8305.0  25.7348    4.0141    0.0556
       2230+114 171001 59593.71699  8305.0  39.4750    3.4694    0.0610


        NRAO150 130302 59662.54543 22664.0  68.6984    8.3088    0.1334 
       0235+164 131306 59662.55241 22664.0  61.4741    1.8136    0.1729 
    TXS0506+056 135257 59662.58291 22664.0  41.0263    0.9915    0.0652 
       0528+134 140153 59662.58817 22664.0  45.4385    1.5001    0.0846 


         MRK421 234940 59592.99966 24100.0  58.5945    0.4612    0.0507 
         MRK421 000014 59593.00746 24100.0  60.4664    0.4209    0.0471 
           3C84 001611 59593.01289 24100.0  34.3701   26.8821    0.5551 
       0716+714 002152 59593.01877 24100.0  61.4345    0.8045    0.0762 
       0736+017 003215 59593.02404 24100.0  44.0103    2.3761    0.1126 
       0735+178 003721 59593.03134 24100.0  57.6708    0.9904    0.0635 
       0827+243 004746 59593.03670 24100.0  67.9579    0.8650    0.1144 
       0829+046 005401 59593.04293 24100.0  48.4742    1.1900    0.0871 
          3C207 010239 59593.04610 24100.0  57.1924    1.2472    0.0994 
       0836+710 011148 59593.05153 24100.0  62.9947    2.0337    0.1050 
          OJ287 011933 59593.05690 24100.0  63.7028    8.0928    0.1927 
       0954+658 014050 59593.07359 24100.0  69.0469    1.1938    0.0774 
       1156+295 015316 59593.08125 24100.0  64.3790    6.0181    0.1079 
       1219+285 015741 59593.08902 24100.0  61.9756    0.5061    0.0422 
       0716+714 023225 59593.10942 24100.0  53.2361    0.6748    0.0711 
       0736+017 024147 59593.11400 24100.0  27.8683    2.1369    0.1850 
       0829+046 030321 59593.13274 24100.0  34.0298    1.0424    0.0845 
          3C207 031157 59593.13589 24100.0  41.4981    1.2061    0.1025 
       0836+710 031952 59593.14047 24100.0  56.0071    1.9997    0.1052 
          OJ287 032620 59593.14493 24100.0  46.7000    7.9799    0.1454 
    PKS1222+216 035333 59593.16384 24100.0  66.6447    0.8580    0.0937 
          3C273 035850 59593.16750 24100.0  47.3666   18.3525    0.2580 
          3C279 040344 59593.17091 24100.0  39.1028   23.8152    0.3366 
       1354+195 040904 59593.17461 24100.0  58.9864    1.9472    0.0867 
     PKS1441+25 041226 59593.20894 24100.0  64.1389    0.2387    0.0271 
       1334-127 050411 59593.21289 24100.0  32.3490    2.3713    0.1071 
       1611+343 051032 59593.21730 24100.0  57.5830    2.4132    0.1015 
     PG1553+113 071901 59593.31969 24100.0  56.5830    0.3566    0.0485 
       1510-089 074318 59593.32339 24100.0  34.9788    3.5267    0.1418 
       1606+105 074837 59593.32708 24100.0  55.9016    1.0928    0.0928 
     PG1553+113 081000 59593.35509 24100.0  54.4994    0.3412    0.0397 
       1510-089 083420 59593.35883 24100.0  31.3717    3.2476    0.1616 
       1606+105 083944 59593.36258 24100.0  53.9888    1.1391    0.1089 
     PG1553+113 090103 59593.39055 24100.0  49.4483    0.3731    0.0505 
       1510-089 092523 59593.39428 24100.0  25.8814    3.1664    0.1306 
       1606+105 093047 59593.39802 24100.0  49.1065    1.1569    0.1286 
       1730-130 100431 59593.42145 24100.0  31.0798    3.5500    0.1878 
       1741-038 100927 59593.42488 24100.0  40.4350    4.2161    0.1529 
       1830-211 101436 59593.42845 24100.0  24.4291    5.4626    0.1768 
       1633+382 102058 59593.43287 24100.0  65.1321    2.7406    0.0998 
          3C345 102547 59593.43622 24100.0  66.3168    6.1831    0.1295 
         MRK501 102846 59593.43923 24100.0  67.4648    1.0788    0.0773 
       1807+698 103627 59593.44364 24100.0  63.8244    2.2219    0.0991 
    1ES1959+650 131122 59593.58349 24100.0  61.6555    0.1557    0.0317 
          3C380 142252 59593.60087 24100.0  46.9624    2.0062    0.1216 
          3C380 142820 59593.60466 24100.0  46.1112    2.0777    0.1183 
       2223-052 143517 59593.60948 24100.0  40.0831    2.4652    0.1402 
       2230+114 144027 59593.61308 24100.0  56.6276    5.1975    0.1270 
        3C454.3 144517 59593.61642 24100.0  61.5659    8.7267    0.1860 
          BLLAC 145131 59593.62170 24100.0  76.4438    4.9611    0.1093 
        NRAO150 173811 59593.73650 24100.0  69.2935    7.4140    0.1571 
       0235+164 174812 59593.74345 24100.0  61.6372    1.7151    0.0943 
       2344+092 175951 59593.75155 24100.0  41.3616    1.2345    0.1099 
       0420-014 182002 59593.76556 24100.0  39.1562    6.9241    0.1790 
    TXS0506+056 183114 59593.77617 24100.0  41.9383    1.1365    0.0707 
       0528+134 184010 59593.78143 24100.0  46.4771    1.5116    0.0853 
    1ES2344+514 185226 59593.82015 24100.0  48.1377    0.1332    0.0308 
          3C66A 194404 59593.82392 24100.0  71.0091    1.1023    0.0930 
       0235+164 200547 59593.83900 24100.0  53.6277    1.6615    0.0929 
       0336-019 201104 59593.84267 24100.0  42.1038    0.4806    0.1018 
       2344+092 201702 59593.84681 24100.0  18.3033    0.8626    0.2023 

         MRK421 211411 59631.89216 24100.0  58.1965    0.4733    0.0613 
           3C84 213008 59631.89758 24100.0  36.4031   26.7599    0.6893 
       0716+714 213554 59631.90351 24100.0  61.9306    0.9364    0.0841 
       0736+017 214624 59631.90888 24100.0  44.9277    1.7945    0.1803 
       0735+178 215131 59631.91619 24100.0  59.0447    0.9496    0.0666 
       0827+243 220339 59631.92273 24100.0  68.6980    0.8653    0.0966 
       0829+046 220955 59631.92896 24100.0  49.0319    1.0600    0.1018 
          3C207 221832 59631.93212 24100.0  57.7938    1.5079    0.1076 
       0836+710 222841 59631.93825 24100.0  63.2450    2.2614    0.1323 
          OJ287 223635 59631.94372 24100.0  64.3637    8.1026    0.2310 
       0954+658 225751 59631.96039 24100.0  69.0465    1.8524    0.0868 
       1156+295 231024 59631.96721 24100.0  62.6345    6.1750    0.1918 
       1156+295 231332 59631.97033 24100.0  63.3609    6.4477    0.1882 
       1219+285 231757 59631.97811 24100.0  60.9427    0.4535    0.0506 
       1510-089 055858 59632.25094 24100.0  31.5530    3.2715    0.1599 
       FLAGGED 1606+105 060421 59632.25466 24100.0  54.1329    0.2713    0.2520 
     PG1553+113 062549 59632.28275 24100.0  49.6781    0.3972    0.0397 
       1510-089 065009 59632.28648 24100.0  26.1108    3.1130    0.1905 
       1606+105 065534 59632.29024 24100.0  49.3316    1.0081    0.0958 
       1730-130 073305 59632.31629 24100.0  30.9866    3.7769    0.2233 
       1633+382 074933 59632.32773 24100.0  64.7876    2.3051    0.1137 
          3C345 075422 59632.33107 24100.0  65.9724    5.9301    0.1434 
         MRK501 075721 59632.33409 24100.0  67.1181    1.0994    0.0873 
          3C380 114407 59632.49062 24100.0  47.8128    1.9796    0.1488 
       2223-052 115106 59632.49547 24100.0  40.3936    2.2860    0.1252 
       2230+114 115616 59632.49906 24100.0  57.0285    5.5006    0.1327 
        3C454.3 120106 59632.50242 24100.0  61.7341    8.2334    0.1679 
        NRAO150 145259 59632.62179 24100.0  67.4404    7.6152    0.2249 
       0235+164 150309 59632.62884 24100.0  61.0523    1.8204    0.1125 
       0336-019 150830 59632.63256 24100.0  39.2901    0.5706    0.1173 
       2344+092 151451 59632.63696 24100.0  43.0752    1.2117    0.1633 
       0420-014 153504 59632.65101 24100.0  37.9864    6.9574    0.2195 
       0440-003 153954 59632.65436 24100.0  37.3074    0.9781    0.1191 
    TXS0506+056 154303 59632.65937 24100.0  39.9669    0.9933    0.0735 
       0528+134 155159 59632.66463 24100.0  44.2361    1.2951    0.0886 
    1ES2344+514 160258 59632.70245 24100.0  50.5470    0.2038    0.0343 
          3C66A 165436 59632.70623 24100.0  73.8820    0.9038    0.1017 
       0235+164 171618 59632.72130 24100.0  55.7108    1.6020    0.1131 
       2344+092 172735 59632.72913 24100.0  21.1729    1.1539    0.1782 

    PKS1222+216 005210 59634.03788 24100.0  65.9352    0.8446    0.1045 
          3C273 005725 59634.04152 24100.0  46.9359   18.1234    0.3679 
          3C279 010220 59634.04493 24100.0  38.2886   25.2454    0.5052 
       1334-127 020920 59634.09146 24100.0  32.1256    2.3659    0.1412 
       1611+343 021540 59634.09586 24100.0  55.1402    2.5541    0.1153 
    PKS1222+216 023630 59634.11033 24100.0  62.0711    0.9276    0.1259 
          3C273 024143 59634.11396 24100.0  44.2230   18.2623    0.3812 
          3C279 024634 59634.11732 24100.0  38.1443   25.3812    0.5225 
       1354+195 025205 59634.12115 24100.0  64.6831    2.0967    0.1550 
     PKS1441+25 025536 59634.14053 24100.0  69.9742    0.2454    0.0317 

         MRK421 192030 59661.81321 24100.0  58.9591    0.5467    0.0633 
           3C84 193629 59661.81866 24100.0  35.7075   27.6512    0.7938 
       0716+714 194213 59661.82457 24100.0  61.7703    0.8496    0.0814 
       0736+017 195241 59661.82990 24100.0  44.6306    1.8056    0.1240 
       0735+178 195748 59661.83722 24100.0  58.5943    1.0816    0.0620 
       0827+243 200816 59661.84260 24100.0  68.5372    0.9333    0.0760 
       0829+046 201432 59661.84884 24100.0  48.9068    1.1271    0.0771 
          3C207 202309 59661.85200 24100.0  57.6612    1.2769    0.0907 
       0836+710 203223 59661.85749 24100.0  63.2012    2.3216    0.1296 
          OJ287 204015 59661.86294 24100.0  64.2623    8.7387    0.2656 
       0954+658 210131 59661.87961 24100.0  69.0465    2.0422    0.0860 
       1156+295 211403 59661.88734 24100.0  63.1094    5.5565    0.1316 
       1219+285 211828 59661.89512 24100.0  60.6874    0.5260    0.0435 
           3C84 215736 59661.91665 24100.0  15.1162   22.5024    0.5736 
       0829+046 223931 59661.94952 24100.0  32.8942    1.4136    0.1311 
          3C207 224806 59661.95267 24100.0  40.2976    1.4004    0.1923 
       0836+710 225704 59661.95726 24100.0  55.3915    2.1853    0.1321 
    PKS1222+216 232029 59661.97421 24100.0  66.6111    0.9462    0.0941 
          3C273 232545 59661.97786 24100.0  47.3441   17.2601    0.3518 
          3C279 233643 59661.98549 24100.0  39.2202   23.8781    0.4838 
       1354+195 234202 59661.98917 24100.0  59.4867    1.8507    0.0926 
     PKS1441+25 234526 59662.02349 24100.0  64.6877    0.2092    0.0266 
       1334-127 003710 59662.02745 24100.0  32.3818    2.3494    0.1283 
       1611+343 004331 59662.03187 24100.0  58.3385    2.4929    0.0970 
     PG1553+113 024438 59662.12916 24100.0  56.5953    0.4033    0.0333 
       1510-089 030918 59662.13311 24100.0  35.1084    2.7704    0.1261 
       1606+105 031436 59662.13678 24100.0  55.9016    1.1372    0.0924 
     PG1553+113 033601 59662.16483 24100.0  54.6913    0.3542    0.0341 
       1510-089 040021 59662.16855 24100.0  31.6162    2.6804    0.1306 
       1606+105 040542 59662.17227 24100.0  54.1811    1.1865    0.0914 
     PG1553+113 042700 59662.20023 24100.0  49.7806    0.3315    0.0366 
       1510-089 045120 59662.20396 24100.0  26.2176    2.5982    0.1721 
       1606+105 045643 59662.20771 24100.0  49.4316    1.0899    0.0881 
       1730-130 053220 59662.23243 24100.0  31.1188    3.4987    0.1390 
       1741-038 053716 59662.23587 24100.0  40.4753    3.9868    0.1149 
       1830-211 054225 59662.23944 24100.0  24.4283    6.0318    0.1694 
       1633+382 054847 59662.24386 24100.0  65.2920    2.5950    0.0985 
          3C345 055335 59662.24720 24100.0  66.4811    6.6593    0.1969 
         MRK501 055634 59662.25022 24100.0  67.6270    1.1766    0.0795 
       1807+698 060417 59662.25464 24100.0  63.8561    2.2996    0.0963 
    1ES1959+650 083938 59662.39479 24100.0  61.7008    0.2045    0.0419 
          3C380 095108 59662.41216 24100.0  47.0412    1.9631    0.1163 
       2223-052 095807 59662.41701 24100.0  40.2669    2.3733    0.1300 
       2230+114 100318 59662.42061 24100.0  56.8660    6.1020    0.1498 
        3C454.3 100807 59662.42395 24100.0  61.6806    8.5555    0.1733 
          BLLAC 101424 59662.42926 24100.0  77.4878    5.5364    0.1239 
    1ES1959+650 102128 59662.44013 24100.0  55.1953    0.2052    0.0577 
       0336-019 145033 59662.62009 24100.0  43.7494    1.1781    0.2925 
       0336-019 145413 59662.62264 24100.0  43.7133    0.6031    0.1273 
       2344+092 150021 59662.62689 24100.0  26.3168    1.1085    0.1690 
       0420-014 151955 59662.64047 24100.0  44.1495    6.5556    0.1555 
       0440-003 152444 59662.64382 24100.0  44.9518    0.7909    0.1043 
    TXS0506+056 152752 59662.64883 24100.0  50.1359    1.0186    0.0700 
       0528+134 153648 59662.65409 24100.0  56.8219    1.5315    0.0747 
          3C66A 162004 59662.68225 24100.0  59.1445    0.8344    0.1036 

         MRK421 173548 59688.74050 24100.0  59.2212    0.3975    0.0592 
           3C84 175144 59688.74592 24100.0  35.4816   24.8074    0.8391 
       0716+714 175727 59688.75181 24100.0  61.7161    0.9076    0.0944 
       0736+017 180754 59688.75714 24100.0  44.5329    1.0187    0.1505 
       0735+178 181302 59688.76446 24100.0  58.4489    1.1410    0.0821 
       0827+243 182328 59688.76983 24100.0  68.4512    0.9622    0.0918 
       0829+046 182945 59688.77608 24100.0  48.8416    1.1944    0.0955 
          3C207 183823 59688.77925 24100.0  57.5909    1.1476    0.1253 
       0836+710 184737 59688.78474 24100.0  63.1660    2.1225    0.1584 
          OJ287 185528 59688.79017 24100.0  64.1749    8.4141    0.3023 
       0954+658 191645 59688.80686 24100.0  69.0480    2.2137    0.1176 
       1156+295 192915 59688.81458 24100.0  63.3336    4.5592    0.1503 
       1219+285 193341 59688.82236 24100.0  60.9142    0.4379    0.0531 
       0716+714 201842 59688.84990 24100.0  52.9454    1.0530    0.0910 
       0827+243 204330 59688.86708 24100.0  49.2822    0.9607    0.1114 
       0829+046 204937 59688.87320 24100.0  33.4678    1.0705    0.1243 
       0836+710 210607 59688.88092 24100.0  55.7249    2.2049    0.1454 
          OJ287 211234 59688.88537 24100.0  46.0787    8.4737    0.2500 
          3C273 215150 59688.91265 24100.0  47.4053   16.1768    0.4152 
          3C279 215644 59688.91605 24100.0  39.3635   24.1671    0.6107 
       1354+195 220203 59688.91973 24100.0  60.1825    1.8148    0.1716 
     PKS1441+25 220527 59688.95410 24100.0  65.4651    0.1501    0.0352 
       1611+343 230337 59688.96250 24100.0  59.4512    2.3795    0.1514 
     PG1553+113 024706 59689.13087 24100.0  49.0208    0.4229    0.0867 
       1510-089 031127 59689.13460 24100.0  25.4530    2.4797    0.3267 
          3C380 082349 59689.35152 24100.0  44.1320    1.6825    0.2411 
       2230+114 083553 59689.35990 24100.0  55.9630    6.0404    0.1752 
        3C454.3 084043 59689.36326 24100.0  61.1364    8.7138    0.2191 
          BLLAC 084654 59689.36850 24100.0  74.1547    6.3861    0.1528 
    1ES1959+650 085354 59689.37908 24100.0  53.3740    0.4266    0.0888 
        NRAO150 112317 59689.47616 24100.0  69.7045    7.3494    0.2990 
       0336-019 113836 59689.48679 24100.0  40.5095    0.9484    0.2141 
       0420-014 120504 59689.50516 24100.0  39.3982    6.9309    0.2708 
    TXS0506+056 121303 59689.51353 24100.0  41.8516    1.0839    0.1899 
       0528+134 122159 59689.51880 24100.0  46.3742    1.3764    0.1025 
          3C66A 132147 59689.55844 24100.0  71.8719    0.8543    0.1123 
          3C66A 132526 59689.56098 24100.0  71.2196    0.8428    0.1596 

         MRK421 153453 59717.65653 24100.0  57.9903    0.5548    0.0811 
           3C84 155049 59717.66194 24100.0  36.6015   27.0053    0.9524 
       0716+714 155634 59717.66786 24100.0  61.9719    0.9634    0.1135 
       0735+178 161211 59717.68055 24100.0  59.1706    1.4512    0.1110 
       0827+243 162241 59717.68594 24100.0  68.8503    0.9392    0.1162 
       0829+046 162857 59717.69218 24100.0  49.1478    1.2941    0.1206 
          3C207 163734 59717.69535 24100.0  57.9171    1.3037    0.2137 
       0836+710 164653 59717.70090 24100.0  63.3181    2.5853    0.1669 
          OJ287 165451 59717.70640 24100.0  64.5763    7.6152    0.2930 
       0954+658 171610 59717.72313 24100.0  69.0224    2.3224    0.1412 
       1156+295 172847 59717.73090 24100.0  62.2890    3.8275    0.1739 
       1219+285 173312 59717.73870 24100.0  59.8580    0.4298    0.0637 
           3C84 181310 59717.76079 24100.0  15.6645   21.4574    0.8084 
       0827+243 184837 59717.78730 24100.0  49.4301    0.8948    0.1045 
       0829+046 185444 59717.79343 24100.0  33.5979    1.3120    0.1197 
          3C207 190321 59717.79658 24100.0  41.0411    1.3546    0.1701 
       0836+710 191115 59717.80115 24100.0  55.7861    2.3863    0.2391 
          OJ287 191742 59717.80561 24100.0  46.2202    7.4560    0.2701 
       0954+658 193023 59717.81395 24100.0  63.0128    2.3085    0.1717 
          3C273 195917 59717.83449 24100.0  47.4015   16.2486    0.5180 
          3C279 200410 59717.83788 24100.0  39.3917   26.0342    0.8181 
       1354+195 200928 59717.84156 24100.0  60.3463    1.7763    0.1582 
     PKS1441+25 201253 59717.87594 24100.0  65.6490    0.1862    0.0409 
       1334-127 210443 59717.87992 24100.0  32.4085    2.5385    0.2134 
       1611+343 211105 59717.88435 24100.0  59.7175    2.5645    0.1592 
     PG1553+113 230446 59717.97741 24100.0  56.5968    0.3386    0.0717 
       1510-089 232844 59717.98087 24100.0  35.0669    2.5166    0.1731 
       1606+105 233342 59717.98433 24100.0  55.9055    1.3641    0.1348 
       1510-089 001823 59718.01537 24100.0  31.6563    2.6080    0.2359 
       1606+105 002326 59718.01887 24100.0  54.2316    1.1902    0.1335 
     PG1553+113 004401 59718.04633 24100.0  49.9605    0.3436    0.0472 
       1606+105 011305 59718.05333 24100.0  49.6868    1.2153    0.1190 
       1730-130 015847 59718.08508 24100.0  30.7227    3.0036    0.1613 
       1741-038 020322 59718.08827 24100.0  40.0872    3.5499    0.1473 
       1830-211 020810 59718.09160 24100.0  24.3960    6.7901    0.2165 
       1633+382 021411 59718.09579 24100.0  64.0594    2.8347    0.1223 
          3C345 021834 59718.09882 24100.0  65.3252    5.9826    0.1562 
         MRK501 022255 59718.10279 24100.0  66.2249    1.0954    0.0840 
       1807+698 023013 59718.10693 24100.0  63.6054    2.2835    0.1211 
    1ES1959+650 045853 59718.24151 24100.0  61.7560    0.2298    0.0426 
          3C380 060857 59718.25881 24100.0  47.1411    1.9106    0.1753 
       2223-052 061535 59718.26341 24100.0  40.2922    2.3027    0.1831 
       2230+114 062023 59718.26675 24100.0  56.9105    6.8321    0.2028 
        3C454.3 062451 59718.26985 24100.0  61.7004    8.6909    0.2185 
          BLLAC 063046 59718.27491 24100.0  77.8631    7.3074    0.1786 
        NRAO150 092919 59718.39795 24100.0  69.9262    8.7222    0.3026 
       0235+164 093856 59718.40463 24100.0  61.7766    1.5864    0.1181 
       2344+092 094955 59718.41226 24100.0  40.9354    1.0235    0.1489 
       0420-014 100925 59718.42580 24100.0  39.3759    6.7066    0.2566 
       0440-003 101349 59718.42886 24100.0  38.8136    0.9668    0.1745 
    TXS0506+056 101820 59718.43480 24100.0  41.9309    0.7449    0.1081 
       0528+134 102654 59718.43982 24100.0  46.4214    1.4731    0.1017 
          3C66A 112732 59718.48005 24100.0  71.6690    0.9512    0.1323 

          3C273 153940 59786.65419 24100.0  47.2833   14.7573    0.5965 
          3C279 154434 59786.65760 24100.0  39.5479   21.6548    0.8413 
       1354+195 154956 59786.66133 24100.0  61.5543    1.8558    0.2256 
     PKS1441+25 155326 59786.69570 24100.0  66.9925    0.2505    0.0568 
       1334-127 164513 59786.69971 24100.0  32.3441    1.5424    0.3354 
       1611+343 165138 59786.70417 24100.0  61.8170    1.7991    0.1958 
       1830-211 213844 59786.90354 24100.0  24.3923    6.5522    0.4123 
       1633+382 214507 59786.90798 24100.0  63.9109    2.7908    0.1994 
          3C345 214953 59786.91129 24100.0  65.0992    5.5197    0.2629 
         MRK501 215255 59786.91435 24100.0  66.2361    1.0594    0.1548 
       1807+698 220036 59786.91875 24100.0  63.5916    2.0734    0.2433 
    1ES1959+650 004225 59787.06335 24100.0  60.3808    0.1762    0.0798 
          3C380 014854 59787.07728 24100.0  45.6101    1.7945    0.2560 
        NRAO150 045511 59787.20665 24100.0  69.2626    9.7632    0.3296 
       0235+164 050515 59787.21362 24100.0  61.6360    1.9447    0.1717 
       0420-014 053709 59787.23577 24100.0  39.1527    8.3415    0.3775 
       0440-003 054154 59787.23908 24100.0  38.5963    1.2788    0.2496 
    TXS0506+056 054506 59787.24411 24100.0  41.5003    1.1619    0.1289 
       0528+134 055402 59787.24938 24100.0  45.9799    1.5631    0.1513 
        NRAO150 071854 59787.30644 24100.0  82.1779    8.9758    0.3984 
       0235+164 072537 59787.31110 24100.0  53.2836    2.4675    0.2045 
         MRK421 110433 59787.46878 24100.0  58.8612    0.3556    0.1012 
           3C84 112030 59787.47422 24100.0  35.8124   29.0656    1.8184 
       0736+017 113644 59787.48549 24100.0  44.6788    1.4025    0.2272 
       0735+178 114152 59787.49280 24100.0  58.6619    1.1120    0.1242 
       0827+243 115220 59787.49821 24100.0  68.5788    1.2105    0.1610 
       0829+046 115840 59787.50448 24100.0  48.9407    1.0848    0.1201 
          3C207 120720 59787.50768 24100.0  57.6925    1.4772    0.1739 
       0836+710 121636 59787.51320 24100.0  63.2160    2.3987    0.2519 
          OJ287 122431 59787.51867 24100.0  64.2866    6.2619    0.4218 
       0954+658 124551 59787.53540 24100.0  69.0549    1.9696    0.1740 
       1156+295 125824 59787.54315 24100.0  63.0842    2.4227    0.2461 

    1ES2344+514 211007 59592.88693  8305.0  34.7723    0.2015    0.0351
       0528+134 212032 59592.89483  8305.0  58.8608    1.3608    0.0292
       0716+714 213241 59592.89951  8305.0  60.9528    0.9076    0.0776
       0736+017 213836 59592.90737  8305.0  42.1802    2.1493    0.0413
       0735+178 214736 59592.91653  8305.0  58.2370    1.0336    0.0282
       0827+243 220052 59592.91897  8305.0  56.6202    0.7011    0.0380
       0829+046 221307 59592.92844  8305.0  42.3771    1.2095    0.0368
          3C207 221741 59592.93064  8305.0  49.1033    1.5425    0.0412
       0836+710 222258 59592.93443  8305.0  59.8028    2.0524    0.0497
          OJ287 222819 59592.93805  8305.0  54.1487    7.1967    0.1152
       0954+658 223309 59592.94841  8305.0  58.1561    0.9503    0.0435
       1156+295 225618 59592.95747  8305.0  33.1160    4.8383    0.0869
       1219+285 225927 59592.97323  8305.0  32.6510    0.6263    0.0227
    PKS1222+216 053553 59593.23495  8305.0  59.9424    1.4193    0.0571
    PKS1222+216 054035 59593.23822  8305.0  59.3198    1.4224    0.0434
          3C273 054408 59593.24068  8305.0  42.3804   24.2823    0.2880
          3C279 054723 59593.24293  8305.0  36.9969   19.7658    0.2321
       1334-127 055040 59593.24521  8305.0  31.8852    2.6544    0.0579
       1354+195 055442 59593.24802  8305.0  64.3780    2.2059    0.0469
     PKS1441+25 055817 59593.26603  8305.0  70.4097    0.2795    0.0163
       1510-089 062447 59593.26891  8305.0  35.9630    4.1141    0.0679
     PG1553+113 063507 59593.28383  8305.0  55.0590    0.3329    0.0189
       1606+105 064921 59593.28597  8305.0  53.7054    1.3457    0.0424
       1830-211 105345 59593.45569  8305.0  23.7330    8.9400    0.1171
       1730-130 111549 59593.47102  8305.0  25.7767    4.9509    0.0730
       1741-038 111906 59593.47329  8305.0  34.9610    5.2808    0.0741
       1611+343 112314 59593.47617  8305.0  48.4879    3.5934    0.0586
       1633+382 112624 59593.47837  8305.0  53.6275    2.9143    0.0556
          3C345 112927 59593.48050  8305.0  55.1542    5.9907    0.0798
         MRK501 113231 59593.48262  8305.0  56.5140    1.2675    0.0369
          BLLAC 114206 59593.48928  8305.0  68.5305    3.7021    0.0692
    1ES1959+650 114657 59593.50863  8305.0  68.8503    0.1984    0.0200
       1830-211 121553 59593.51273  8305.0  18.5363    8.8535    0.1143
       1730-130 121921 59593.51514  8305.0  18.2544    5.0362    0.0818
       1741-038 122237 59593.51741  8305.0  26.9694    5.2070    0.0750
       1611+343 122638 59593.52020  8305.0  37.3137    3.6414    0.0548
       1633+382 122949 59593.52241  8305.0  42.5309    2.8474    0.0563
          3C345 123252 59593.52453  8305.0  44.1285    6.0593    0.0807
         MRK501 123556 59593.52666  8305.0  45.4422    1.2917    0.0544
          BLLAC 124750 59593.53493  8305.0  80.2548    3.7000    0.0577
       2223-052 151218 59593.63911  8305.0  37.8442    3.9002    0.0512
       2230+114 152122 59593.64154  8305.0  53.8781    3.3543    0.0514
        3C454.3 152431 59593.64373  8305.0  59.5662   11.2090    0.1316
          3C380 152932 59593.64721  8305.0  37.0691    3.7207    0.0677
          3C66A 153522 59593.65127  8305.0  64.0361    1.1117    0.0454
           3C84 153844 59593.65360  8305.0  54.1372   36.2228    0.4054
       2344+092 154656 59593.66316  8305.0  54.5542    1.3760    0.0278
       0235+164 155658 59593.67595  8305.0  51.7971    1.6797    0.0256
        NRAO150 161516 59593.67899  8305.0  56.0921    6.7147    0.0871
       0336-019 161940 59593.68589  8305.0  30.1472    0.7686    0.0333
       0420-014 162826 59593.68811  8305.0  24.4585    4.3037    0.0688
       0440-003 163131 59593.69412  8305.0  23.5646    1.2642    0.0325
    TXS0506+056 164016 59593.70309  8305.0  25.7600    1.3157    0.0373
       2223-052 170101 59593.71459  8305.0  25.7348    4.0141    0.0556
       2230+114 171001 59593.71699  8305.0  39.4750    3.4694    0.0610


       0528+134 181726 59631.76767  8305.0  58.8657    1.2732    0.0284 
       0716+714 182911 59631.77208  8305.0  59.3750    0.8538    0.0381 
       0736+017 184659 59631.78819  8305.0  40.2722    1.9649    0.0384 
       0735+178 185559 59631.79736  8305.0  56.0429    0.9990    0.0240 
       0827+243 190913 59631.79977  8305.0  53.6374    0.6086    0.0336 
       0829+046 192124 59631.80919  8305.0  40.0937    0.9095    0.0319 
          3C207 192557 59631.81138  8305.0  46.5027    1.3925    0.0400 
       0836+710 193104 59631.81506  8305.0  58.6507    1.8426    0.0496 
          OJ287 193617 59631.81856  8305.0  51.2504    6.4537    0.1109 
       0954+658 194058 59631.82884  8305.0  56.2723    1.0945    0.0294 
         MRK421 195456 59631.83541  8305.0  43.6268    0.4804    0.0222 
       1156+295 200402 59631.83783  8305.0  29.7946    4.3264    0.0802 
       1219+285 200711 59631.85552  8305.0  29.8060    0.5701    0.0208 
    PKS1222+216 030621 59632.13111  8305.0  59.4429    1.3654    0.0423 
          3C273 030954 59632.13357  8305.0  42.4690   23.1521    0.3795 
          3C279 031308 59632.13582  8305.0  37.0568   18.8855    0.3097 
       1334-127 031625 59632.13810  8305.0  31.9114    2.5016    0.0542 
       1354+195 032027 59632.14090  8305.0  64.4062    2.0308    0.0464 
     PKS1441+25 032402 59632.15889  8305.0  70.4039    0.2444    0.0160 
       1510-089 035030 59632.16177  8305.0  35.9361    3.9259    0.0756 
     PG1553+113 040050 59632.17669  8305.0  54.9960    0.3486    0.0202 
       1606+105 041505 59632.17883  8305.0  53.6321    1.2964    0.0403 
       1830-211 081529 59632.34579  8305.0  23.8866    9.2866    0.1188 
       1730-130 083610 59632.36014  8305.0  26.3997    4.6847    0.0655 
       1741-038 083926 59632.36242  8305.0  35.6212    5.6384    0.0724 
       1611+343 084335 59632.36531  8305.0  49.6114    3.6037    0.0567 
       1633+382 084646 59632.36752  8305.0  54.7446    2.7328    0.0472 
          3C345 084949 59632.36965  8305.0  56.2665    6.2327    0.0780 
         MRK501 085254 59632.37177  8305.0  57.6303    1.2749    0.0356 
       1807+698 090934 59632.38340  8305.0  60.7352    2.2531    0.0498 
          BLLAC 091455 59632.38707  8305.0  69.6274    3.6434    0.0609 
    1ES1959+650 091950 59632.40648  8305.0  68.6582    0.1970    0.0181 
       1830-211 094844 59632.41054  8305.0  17.9636    9.1362    0.1110 
       1730-130 095212 59632.41296  8305.0  17.4147    4.5939    0.0952 
       1741-038 095529 59632.41522  8305.0  26.0822    5.5452    0.0755 
       1611+343 095929 59632.41801  8305.0  36.2460    3.6395    0.0537 
       1633+382 100239 59632.42022  8305.0  41.4722    2.7991    0.0474 
          3C345 100543 59632.42235  8305.0  43.0768    6.2566    0.0831 
         MRK501 100847 59632.42447  8305.0  44.3845    1.3265    0.0518 
       2223-052 124949 59632.54016  8305.0  37.0059    3.3223    0.0669 
       2230+114 125853 59632.54259  8305.0  52.8254    3.2402    0.0485 
        3C454.3 130203 59632.54478  8305.0  58.6410    9.9781    0.1163 
          3C380 130658 59632.54823  8305.0  35.5067    3.3148    0.0586 
          3C66A 131249 59632.55228  8305.0  65.9447    0.8034    0.0389 
           3C84 131611 59632.55462  8305.0  56.0245   32.3529    0.3663 
       2344+092 132420 59632.56413  8305.0  54.0697    1.2227    0.0291 
       0235+164 133423 59632.57694  8305.0  53.3056    1.5866    0.0240 
        NRAO150 135245 59632.58002  8305.0  57.7812    5.6793    0.0719 
       0336-019 135712 59632.58695  8305.0  31.6446    0.6324    0.0239 
       0420-014 140558 59632.58917  8305.0  26.1418    3.7292    0.0560 
       0440-003 140903 59632.59518  8305.0  25.2960    1.1230    0.0271 
    TXS0506+056 141748 59632.60415  8305.0  27.5881    1.1500    0.0248 

       0528+134 162903 59661.69241  8305.0  59.0057    1.3202    0.0242 
       0716+714 164056 59661.69690  8305.0  59.9174    0.8841    0.0504 
       0736+017 164640 59661.70464  8305.0  40.0079    1.9927    0.0280 
       0735+178 165539 59661.71378  8305.0  55.7350    1.1384    0.0218 
       0829+046 172153 59661.72621  8305.0  39.8939    1.0544    0.0364 
          3C207 172628 59661.72841  8305.0  46.2798    1.5874    0.0422 
       0836+710 173135 59661.73209  8305.0  58.5502    2.0910    0.0450 
          OJ287 173647 59661.73558  8305.0  51.0057    6.8094    0.0657 
       0954+658 174127 59661.74585  8305.0  56.1161    1.2109    0.0291 
         MRK421 175525 59661.75243  8305.0  43.3620    0.6463    0.0270 
       1156+295 180432 59661.75486  8305.0  29.5278    4.8412    0.0573 
       1219+285 180744 59661.77258  8305.0  29.5457    0.6071    0.0201 
    PKS1222+216 010725 59662.04851  8305.0  59.5740    1.6096    0.0372 
          3C273 011058 59662.05098  8305.0  42.5646   27.5781    0.2207 
          3C279 011412 59662.05322  8305.0  37.1240   22.7377    0.1855 
       1334-127 011729 59662.05551  8305.0  31.9389    2.7185    0.0512 
       1354+195 012132 59662.05832  8305.0  64.4362    2.3976    0.0453 
     PKS1441+25 012506 59662.07630  8305.0  70.3973    0.2760    0.0175 
       1510-089 015135 59662.07919  8305.0  35.9101    4.4344    0.0541 
     PG1553+113 020153 59662.09408  8305.0  54.9295    0.4363    0.0235 
       1606+105 021607 59662.09623  8305.0  53.5550    1.5362    0.0374 
    PKS1222+216 022102 59662.09892  8305.0  48.0100    1.6418    0.0558 
       1830-211 062100 59662.26628  8305.0  23.7815   11.2448    0.0984 
       1730-130 064550 59662.28353  8305.0  25.6466    5.5873    0.0669 
       1741-038 064907 59662.28580  8305.0  34.8220    5.8148    0.0662 
       1611+343 065315 59662.28869  8305.0  48.2575    4.3522    0.0536 
       1633+382 065626 59662.29089  8305.0  53.3969    3.3195    0.0477 
          3C345 070008 59662.29347  8305.0  54.8115    7.5347    0.0713 
         MRK501 070315 59662.29563  8305.0  56.1617    1.5265    0.0449 
       1807+698 070730 59662.29863  8305.0  60.9894    2.6518    0.0521 
    1ES1959+650 071741 59662.32162  8305.0  68.7972    0.2274    0.0228 
       1830-211 074635 59662.32572  8305.0  18.3570   10.9742    0.1049 
       1730-130 075044 59662.32860  8305.0  17.8952    5.3459    0.0836 
       1741-038 075401 59662.33087  8305.0  26.5887    5.7919    0.0677 
       1611+343 075801 59662.33367  8305.0  36.8550    4.2479    0.0621 
       1633+382 080112 59662.33588  8305.0  42.0744    3.2642    0.0545 
          3C345 080416 59662.33800  8305.0  43.6753    7.5638    0.0736 
       2223-052 104357 59662.45275  8305.0  37.6274    4.0169    0.0405 
       2230+114 105301 59662.45518  8305.0  53.6035    3.8612    0.0474 
        3C454.3 105610 59662.45738  8305.0  59.3285   11.4958    0.0971 
          3C380 110109 59662.46085  8305.0  36.6458    3.7931    0.0570 
           3C84 111022 59662.46723  8305.0  54.6503   37.6201    0.2970 
       2344+092 111833 59662.47679  8305.0  54.4356    1.4708    0.0361 
       0235+164 112836 59662.48958  8305.0  52.2146    1.9124    0.0246 
        NRAO150 114655 59662.49262  8305.0  56.5526    6.7116    0.0619 
       0336-019 115119 59662.49953  8305.0  30.5599    0.7090    0.0300 
       0420-014 120005 59662.50176  8305.0  24.9206    4.6983    0.0550 
       0440-003 120310 59662.50777  8305.0  24.0397    1.2166    0.0306 
    TXS0506+056 121155 59662.51674  8305.0  26.2612    1.1013    0.0247 
       2223-052 123239 59662.52654  8305.0  25.2462    3.7523    0.0452 

       0528+134 150805 59688.63619  8305.0  58.7311    1.3509    0.0239 
       0716+714 152018 59688.64091  8305.0  61.1820    0.9656    0.0440 
       0736+017 152615 59688.64880  8305.0  42.6666    1.5892    0.0266 
       0735+178 153516 59688.65796  8305.0  58.7977    1.1253    0.0214 
       0827+243 154832 59688.66041  8305.0  57.4352    0.6500    0.0383 
       0829+046 160046 59688.66987  8305.0  42.9710    0.9774    0.0322 
          3C207 160520 59688.67207  8305.0  49.7914    1.5443    0.0375 
       0836+710 161041 59688.67589  8305.0  60.1012    2.0556    0.0584 
          OJ287 161605 59688.67953  8305.0  54.9242    7.0162    0.0820 
         MRK421 163501 59688.69657  8305.0  47.8354    0.5416    0.0323 
       1156+295 164407 59688.69900  8305.0  34.0397    3.9750    0.0590 
       1219+285 164716 59688.70628  8305.0  31.4889    0.5389    0.0276 
    1ES2344+514 170005 59688.71551  8305.0  19.5572    0.1959    0.0265 
    PKS1222+216 232121 59688.97486  8305.0  59.5618    1.4940    0.0374 
          3C273 232454 59688.97732  8305.0  42.5563   25.0412    0.2322 
          3C279 232808 59688.97957  8305.0  37.1182   21.1386    0.1947 
       1334-127 233125 59688.98184  8305.0  31.9362    2.4200    0.0495 
       1354+195 233527 59688.98465  8305.0  64.4351    2.1840    0.0430 
     PKS1441+25 233901 59689.00263  8305.0  70.3988    0.2554    0.0175 
       1510-089 000530 59689.00552  8305.0  35.9111    3.9741    0.0546 
     PG1553+113 001549 59689.02043  8305.0  54.9363    0.3926    0.0223 
       1606+105 003003 59689.02258  8305.0  53.5627    1.4408    0.0429 
    PKS1222+216 003459 59689.02599  8305.0  48.2442    1.6641    0.0630 
          3C273 003827 59689.02840  8305.0  33.5294   25.6391    0.2410 
       1830-211 044520 59689.19985  8305.0  23.4024   10.0008    0.1038 
       1730-130 050431 59689.21317  8305.0  25.1509    4.8164    0.0690 
       1741-038 050748 59689.21545  8305.0  34.2945    5.1989    0.0917 
       1611+343 051156 59689.21832  8305.0  47.3990    3.9548    0.0644 
       1633+382 051506 59689.22052  8305.0  52.5441    3.1198    0.0465 
          3C345 051810 59689.22265  8305.0  54.0760    6.9408    0.0725 
         MRK501 052113 59689.22478  8305.0  55.4321    1.4836    0.0418 
       1807+698 052527 59689.22777  8305.0  60.7386    2.5118    0.0507 
          BLLAC 053049 59689.23144  8305.0  69.6229    4.4808    0.0540 
    1ES1959+650 053543 59689.25082  8305.0  68.6626    0.2315    0.0191 
       1830-211 060436 59689.25489  8305.0  17.9692    9.9727    0.1035 
       1730-130 060804 59689.25730  8305.0  17.4221    4.6521    0.0869 
       1741-038 061120 59689.25957  8305.0  26.0911    5.2056    0.0715 
       1611+343 061520 59689.26235  8305.0  36.2588    3.9464    0.0618 
       1633+382 061830 59689.26456  8305.0  41.4831    3.1011    0.0501 
          3C345 062134 59689.26668  8305.0  43.0887    6.9803    0.0746 
         MRK501 062438 59689.26881  8305.0  44.3959    1.5085    0.0417 
       1807+698 062834 59689.27160  8305.0  56.2399    2.5102    0.0550 
    1ES1959+650 064206 59689.29694  8305.0  64.8199    0.2281    0.0201 
       2223-052 091843 59689.39355  8305.0  35.8785    3.8357    0.0458 
       2230+114 092745 59689.39597  8305.0  51.4227    4.0434    0.0506 
        3C454.3 093055 59689.39818  8305.0  57.3589   11.5544    0.1136 
          3C380 093547 59689.40156  8305.0  33.6703    3.6737    0.0528 
          3C66A 094138 59689.40562  8305.0  68.2333    1.0219    0.0531 
           3C84 094500 59689.40796  8305.0  58.2946   37.6764    0.3446 
       2344+092 095304 59689.41743  8305.0  53.3033    1.3453    0.0272 
       0235+164 100310 59689.43024  8305.0  55.0060    1.7225    0.0264 
        NRAO150 102135 59689.43338  8305.0  59.8149    5.9866    0.0647 
       0336-019 102605 59689.44035  8305.0  33.3593    0.6600    0.0283 
       0420-014 103451 59689.44257  8305.0  28.1004    4.6219    0.0607 
       0440-003 103756 59689.44858  8305.0  27.3206    1.2484    0.0345 
    TXS0506+056 104641 59689.45611  8305.0  29.8276    1.1289    0.0283 

       0528+134 123737 59717.53169  8305.0  58.8292    1.4405    0.0247 
       0716+714 124922 59717.53610  8305.0  59.2932    0.9927    0.0504 
       0716+714 125322 59717.53887  8305.0  59.5105    0.9008    0.0515 
       0736+017 125902 59717.54656  8305.0  39.1502    1.3431    0.0293 
       0735+178 130801 59717.55570  8305.0  54.7490    1.2468    0.0238 
       0827+243 132112 59717.55809  8305.0  51.9850    0.6563    0.0367 
       0829+046 133320 59717.56748  8305.0  38.7784    0.9243    0.0339 
          3C207 133753 59717.56968  8305.0  45.0301    1.6311    0.0538 
          OJ287 134804 59717.57674  8305.0  49.6343    6.2301    0.0599 
       0954+658 135241 59717.58699  8305.0  55.2466    1.3522    0.0334 
         MRK421 140638 59717.59353  8305.0  41.8804    0.5756    0.0268 
       1156+295 141543 59717.59596  8305.0  28.0314    3.7104    0.0510 
       1219+285 141853 59717.61077  8305.0  27.3100    0.5286    0.0228 
    1ES2344+514 144232 59717.63323  8305.0  19.9854    0.2020    0.0240 
    PKS1222+216 213146 59717.89876  8305.0  58.9655    1.4226    0.0364 
          3C273 213519 59717.90123  8305.0  42.1144   24.1191    0.1798 
          3C279 213834 59717.90348  8305.0  36.8073   20.6569    0.1540 
       1334-127 214151 59717.90577  8305.0  31.7971    2.3516    0.0442 
       1354+195 214554 59717.90857  8305.0  64.2874    2.0894    0.0433 
     PKS1441+25 214928 59717.92658  8305.0  70.4142    0.2643    0.0158 
       1510-089 221559 59717.92946  8305.0  36.0232    3.6957    0.0454 
     PG1553+113 222620 59717.94440  8305.0  55.2225    0.3562    0.0194 
       1606+105 224035 59717.94654  8305.0  53.8965    1.3286    0.0357 
       1830-211 024036 59718.11323  8305.0  23.7897    9.8521    0.0925 
       1730-130 030556 59718.13082  8305.0  25.6218    4.6452    0.0553 
       1741-038 030913 59718.13309  8305.0  34.7946    4.8883    0.0527 
       1611+343 031321 59718.13597  8305.0  48.2138    3.9171    0.0459 
       1633+382 031631 59718.13818  8305.0  53.3532    3.1229    0.0441 
          3C345 031937 59718.14033  8305.0  54.8751    6.6782    0.0623 
         MRK501 032243 59718.14248  8305.0  56.2288    1.4759    0.0386 
       1807+698 032658 59718.14548  8305.0  61.0112    2.4808    0.0751 
          BLLAC 033218 59718.14913  8305.0  68.8179    4.1785    0.0478 
    1ES1959+650 033709 59718.16848  8305.0  68.8081    0.2156    0.0224 
       1830-211 040604 59718.17258  8305.0  18.3918   10.0272    0.0918 
       1730-130 040932 59718.17499  8305.0  18.0374    4.7413    0.0735 
       1741-038 041248 59718.17726  8305.0  26.7405    4.9853    0.0549 
       1611+343 041649 59718.18005  8305.0  37.0378    3.8920    0.0528 
       1633+382 041959 59718.18226  8305.0  42.2553    3.1505    0.0443 
          3C345 042305 59718.18440  8305.0  43.8505    6.8205    0.0642 
         MRK501 042611 59718.18656  8305.0  45.1563    1.4530    0.0518 
       1807+698 043008 59718.18936  8305.0  56.5859    2.4562    0.0475 
          BLLAC 043805 59718.19482  8305.0  80.5499    4.1192    0.0472 
    1ES1959+650 044336 59718.20317  8305.0  65.9160    0.1687    0.0274 
       2223-052 072241 59718.31299  8305.0  36.0620    3.7733    0.0392 
       2230+114 073145 59718.31542  8305.0  51.6484    4.1739    0.0473 
        3C454.3 073456 59718.31762  8305.0  57.5677   11.2644    0.0899 
          3C380 073947 59718.32102  8305.0  33.9508    3.6370    0.0529 
          3C66A 074539 59718.32507  8305.0  67.8839    0.9406    0.0420 
           3C84 074901 59718.32741  8305.0  57.9478   37.7264    0.2735 
       2344+092 075705 59718.33688  8305.0  53.4348    1.3100    0.0240 
       0235+164 080710 59718.34970  8305.0  54.7555    1.6281    0.0225 
        NRAO150 082536 59718.35283  8305.0  59.5053    6.3655    0.0614 
       0336-019 083006 59718.35979  8305.0  33.1041    0.6374    0.0252 
       0420-014 083851 59718.36201  8305.0  27.8072    4.7350    0.0536 
       0440-003 084156 59718.36802  8305.0  27.0170    1.2178    0.0280 
    TXS0506+056 085041 59718.37699  8305.0  29.4176    0.9846    0.0284 

    PKS1222+216 170851 59786.71618  8305.0  57.7983    1.2546    0.0375 
       1334-127 171903 59786.72326  8305.0  31.4862    2.0677    0.0419 
       1354+195 172309 59786.72611  8305.0  63.9147    1.8517    0.0377 
     PKS1441+25 172646 59786.74412  8305.0  70.3233    0.2836    0.0187 
       1510-089 175317 59786.74704  8305.0  36.1849    3.3810    0.0443 
     PG1553+113 180345 59786.76204  8305.0  55.7004    0.3874    0.0239 
       1606+105 181802 59786.76422  8305.0  54.4762    1.1986    0.0387 
          3C273 182628 59786.77008  8305.0  31.5736   23.3851    0.1603 
          3C279 182945 59786.77235  8305.0  28.3687   20.5715    0.1445 
       1334-127 183305 59786.77370  8305.0  26.4469    2.2471    0.0663 
       1830-211 221119 59786.92623  8305.0  23.7243    9.1387    0.0763 
       1730-130 223259 59786.94127  8305.0  25.7891    4.3443    0.0517 
       1741-038 223619 59786.94358  8305.0  34.9696    4.5061    0.0487 
       1611+343 224031 59786.94650  8305.0  48.4886    3.6450    0.0456 
       1633+382 224344 59786.94875  8305.0  53.6170    3.0914    0.0438 
          3C345 224651 59786.95091  8305.0  55.1368    6.2996    0.0571 
         MRK501 224958 59786.95308  8305.0  56.4863    1.4419    0.0397 
          BLLAC 225940 59786.95982  8305.0  68.5786    5.5024    0.0541 
    1ES1959+650 230434 59786.97920  8305.0  68.8401    0.1993    0.0213 
       1741-038 234737 59786.99309  8305.0  25.8636    4.5681    0.0553 
       1611+343 235140 59786.99591  8305.0  35.9749    3.7598    0.0453 
       1633+382 235453 59786.99816  8305.0  41.1933    3.0850    0.0459 
          3C345 235801 59787.00033  8305.0  42.7932    6.3780    0.0582 
         MRK501 000107 59787.00249  8305.0  44.0911    1.4457    0.0440 
       1807+698 000506 59787.00530  8305.0  56.0908    2.3167    0.0437 
          BLLAC 001304 59787.01079  8305.0  81.6535    5.4871    0.0527 
    1ES1959+650 001844 59787.02523  8305.0  64.8467    0.1981    0.0235 
       2223-052 023920 59787.11620  8305.0  37.1043    3.8279    0.0376 
       2230+114 024826 59787.11866  8305.0  52.9383    4.8027    0.0495 
        3C454.3 025139 59787.12090  8305.0  58.7383   11.3381    0.0845 
          3C380 025638 59787.12438  8305.0  35.6493    3.6150    0.0494 
          3C66A 030232 59787.12847  8305.0  65.7867    0.9524    0.0382 
           3C84 030557 59787.13085  8305.0  55.8806   40.0503    0.2688 
       2344+092 031410 59787.14039  8305.0  54.1151    1.3004    0.0270 
       0235+164 032415 59787.15322  8305.0  53.2038    2.0443    0.0243 
        NRAO150 034239 59787.15634  8305.0  57.6842    6.7927    0.0627 
       0336-019 034709 59787.16331  8305.0  31.5634    0.6952    0.0255 
       0440-003 035906 59787.17160  8305.0  25.2167    1.4222    0.0319 
    TXS0506+056 040754 59787.18060  8305.0  27.5116    1.0450    0.0277 
       2223-052 042841 59787.18828  8305.0  25.0471    3.8212    0.0509 
       0528+134 075724 59787.33710  8305.0  58.6918    1.3722    0.0268 
       0716+714 080909 59787.34150  8305.0  58.9905    0.9671    0.0423 
       0736+017 081448 59787.34917  8305.0  38.0616    1.1385    0.0239 
       0735+178 082349 59787.35833  8305.0  53.5083    1.2905    0.0241 
       0829+046 084912 59787.37016  8305.0  37.5502    1.0348    0.0508 
          OJ287 090357 59787.37944  8305.0  48.1757    5.9559    0.0739 
       0954+658 090834 59787.38969  8305.0  54.3599    1.6880    0.0310 
         MRK421 092232 59787.39624  8305.0  40.3674    0.5598    0.0319 
       1156+295 093141 59787.39871  8305.0  26.5150    2.4745    0.0495 
       1219+285 093454 59787.41645  8305.0  26.5172    0.5383    0.0210 
    1ES2344+514 100242 59787.43886  8305.0  20.4780    0.2242    0.0250 
       0528+134 103808 59787.44606  8305.0  47.2378    1.2870    0.0320 

          3C273 133452 59811.56753 24100.0  47.3363   16.5055    0.7146 
          3C279 133948 59811.57095 24100.0  39.0096   26.6958    1.1373 
       1354+195 134509 59811.57467 24100.0  58.6414    1.8078    0.1754 
     PKS1441+25 134835 59811.60898 24100.0  63.7547    0.2537    0.0462 
       1334-127 144015 59811.61293 24100.0  32.3157    2.3810    0.3282 
       1611+343 144637 59811.61736 24100.0  57.0807    2.1564    0.1833 
     PG1553+113 165227 59811.71788 24100.0  56.6037    0.2818    0.0668 
       1510-089 171642 59811.72158 24100.0  35.2419    2.6831    0.2302 
       1606+105 172202 59811.72528 24100.0  55.8992    1.1544    0.2493 
     PG1553+113 174336 59811.75340 24100.0  54.8847    0.4799    0.0711 
       1510-089 180754 59811.75714 24100.0  31.8473    2.3410    0.3020 
     PG1553+113 183444 59811.78891 24100.0  50.0797    0.6165    0.0783 
       1510-089 185903 59811.79266 24100.0  26.5237    2.3610    0.3104 
       1730-130 193824 59811.81998 24100.0  31.3091    2.5677    0.2348 
       1741-038 194320 59811.82341 24100.0  40.6720    3.2789    0.2442 
       1830-211 194832 59811.82702 24100.0  24.4312    7.0666    0.3828 
       1633+382 195457 59811.83148 24100.0  66.0249    2.9928    0.1739 
          3C345 195944 59811.83480 24100.0  67.2145    6.1855    0.2343 
         MRK501 200246 59811.83785 24100.0  68.3516    1.2295    0.1401 
         MRK501 200804 59811.84153 24100.0  67.4099    1.1246    0.1337 
       1807+698 201547 59811.84597 24100.0  63.8006    2.3008    0.1603 
          3C380 000249 59812.00361 24100.0  46.8175    1.7225    0.1856 
       2223-052 000949 59812.00846 24100.0  40.2270    2.5161    0.2037 
       2230+114 001501 59812.01207 24100.0  56.8156    5.5684    0.2065 
        3C454.3 001950 59812.01542 24100.0  61.6593    7.5618    0.2488 
          BLLAC 002608 59812.02074 24100.0  77.2278    8.8069    0.2402 
        NRAO150 031124 59812.13457 24100.0  68.3949    9.9659    0.3983 
       0235+164 032129 59812.14157 24100.0  61.3833    1.7529    0.1648 
       2344+092 033313 59812.14972 24100.0  42.2005    1.4730    0.2101 
       0420-014 035329 59812.16379 24100.0  38.6212    8.3066    0.3614 
       0440-003 035816 59812.16712 24100.0  38.0003    0.8367    0.1808 
    TXS0506+056 040128 59812.17215 24100.0  40.7901    0.8699    0.1320 
       0528+134 041025 59812.17742 24100.0  45.1700    1.3893    0.1370 
    1ES2344+514 042126 59812.21524 24100.0  49.6407    0.1675    0.0651 
          3C66A 051301 59812.21903 24100.0  72.7984    0.7466    0.1896 
        NRAO150 053519 59812.23451 24100.0  82.6347    9.7767    0.4137 
       0235+164 054213 59812.23930 24100.0  53.9764    1.5651    0.1908 
       2344+092 055331 59812.24714 24100.0  18.7655    1.2258    0.5003 
       0420-014 061240 59812.26045 24100.0  43.5356    8.6384    0.3737 
           3C84 102210 59812.43371 24100.0  29.5346   28.6609    1.4272 
       0736+017 104009 59812.44620 24100.0  40.9524    1.7581    0.2942 
       0735+178 104515 59812.45349 24100.0  53.4011    1.4360    0.1440 
       0827+243 105542 59812.45888 24100.0  64.6612    1.1319    0.1358 
       0829+046 110159 59812.46512 24100.0  46.0454    1.0486    0.1563 
          3C207 111039 59812.46832 24100.0  54.5100    1.2974    0.1840 
          OJ287 112647 59812.47858 24100.0  60.6039    6.3824    0.3580 
       0954+658 114801 59812.49525 24100.0  68.4424    2.3398    0.1646 
       1156+295 120003 59812.50263 24100.0  69.0633    3.1372    0.2068 
       1219+285 120432 59812.51043 24100.0  66.8040    0.6486    0.0811 

    PKS1222+216 151148 59811.63489  8305.0  60.3347    1.2309    0.0384 
          3C273 151524 59811.63739  8305.0  43.1139   21.8376    0.1744 
          3C279 151841 59811.63967  8305.0  37.4980   18.6839    0.1514 
       1354+195 152606 59811.64482  8305.0  64.5787    1.8890    0.0389 
     PKS1441+25 152944 59811.66287  8305.0  70.3270    0.3239    0.0178 
       1510-089 155618 59811.66579  8305.0  35.7469    3.2399    0.0452 
     PG1553+113 160641 59811.68073  8305.0  54.5579    0.3538    0.0216 
       1606+105 162057 59811.68291  8305.0  53.1301    1.1652    0.0386 
    PKS1222+216 162556 59811.68613  8305.0  48.7807    1.2426    0.0386 
       1830-211 202655 59811.85373  8305.0  23.9142    8.7393    0.0853 
       1730-130 204746 59811.86820  8305.0  26.4675    4.2295    0.0538 
       1741-038 205106 59811.87052  8305.0  35.6905    4.2340    0.0541 
       1611+343 205519 59811.87345  8305.0  49.7196    3.5023    0.0447 
       1633+382 205832 59811.87569  8305.0  54.8431    2.9483    0.0390 
          3C345 210139 59811.87786  8305.0  56.3539    6.3580    0.0628 
         MRK501 210446 59811.88002  8305.0  57.7083    1.4142    0.0630 
          BLLAC 211428 59811.88676  8305.0  67.3501    5.3132    0.0568 
    1ES1959+650 211918 59811.90609  8305.0  69.0193    0.2078    0.0197 
       1830-211 214822 59811.91028  8305.0  19.1184    9.3454    0.0878 
         MRK501 220811 59811.92406  8305.0  46.6016    1.4350    0.0467 
       1807+698 221214 59811.92692  8305.0  57.2220    2.2675    0.0439 
       2223-052 005211 59812.04156  8305.0  37.6281    3.8829    0.0396 
       0528+134 064317 59812.28563  8305.0  59.0237    1.3514    0.0268 
       0716+714 065520 59812.29024  8305.0  60.3524    0.9655    0.0450 
       0736+017 070111 59812.29805  8305.0  40.9145    1.2108    0.0264 
       0735+178 071014 59812.30724  8305.0  56.7836    1.2957    0.0239 
       0827+243 072331 59812.30969  8305.0  54.6220    0.7420    0.0403 
       0829+046 073549 59812.31921  8305.0  40.8772    0.9384    0.0359 
          3C207 074026 59812.32144  8305.0  47.3959    1.5903    0.0371 
       0836+710 074540 59812.32519  8305.0  59.0561    2.3781    0.0449 
          OJ287 075058 59812.32876  8305.0  52.2544    5.7832    0.0577 
       0954+658 075545 59812.33911  8305.0  56.9280    1.7166    0.0305 
         MRK421 080948 59812.34574  8305.0  44.7649    0.6141    0.0448 
       1156+295 081858 59812.34821  8305.0  30.9528    2.7263    0.0483 
       1219+285 082210 59812.36595  8305.0  30.9826    0.5278    0.0204 
    1ES2344+514 085000 59812.38373  8305.0  18.1298    0.2074    0.0190 

    1ES1959+650 185148 59870.81988 24100.0  62.2497    0.1779    0.0335 
          3C380 200320 59870.83730 24100.0  47.9903    2.1819    0.1531 
       2223-052 201022 59870.84218 24100.0  40.4171    2.5989    0.1907 
       2230+114 201534 59870.84579 24100.0  57.0626    5.5201    0.1705 
        3C454.3 202024 59870.84914 24100.0  61.7449    7.7782    0.1939 
          BLLAC 203927 59870.86332 24100.0  76.2868    6.2773    0.1477 
        NRAO150 232806 59870.97949 24100.0  69.7497   10.5170    0.2784 
       0235+164 233806 59870.98644 24100.0  61.7543    2.3881    0.1800 
       0336-019 234327 59870.99016 24100.0  40.5496    1.4571    0.1572 
       2344+092 234949 59870.99457 24100.0  40.9360    1.3268    0.1410 
       0420-014 001000 59871.00859 24100.0  39.4484    8.3801    0.2628 
       0440-003 001447 59871.01191 24100.0  38.9334    1.1387    0.1324 
       0528+134 002656 59871.02223 24100.0  46.4454    1.3772    0.1073 
    1ES2344+514 003754 59871.06001 24100.0  48.3817    0.1803    0.0366 
          3C66A 012929 59871.06379 24100.0  71.2958    0.8089    0.0980 
        NRAO150 022507 59871.10243 24100.0  77.6943   10.5154    0.3361 
       0235+164 023111 59871.10664 24100.0  48.0203    1.7617    0.1432 
       0336-019 023628 59871.11031 24100.0  39.1984    1.3548    0.1719 
       0420-014 030143 59871.12784 24100.0  41.1523    8.0092    0.2863 
       0440-003 030630 59871.13117 24100.0  43.1823    1.4216    0.1514 
    TXS0506+056 030943 59871.13621 24100.0  50.1263    1.0259    0.0838 
       0528+134 031841 59871.14149 24100.0  58.4529    1.4785    0.1160 
        NRAO150 043229 59871.19087 24100.0  57.9814   10.3123    0.3413 
       0235+164 043808 59871.19481 24100.0  26.2747    2.0557    0.4193 
           3C84 051935 59871.22358 24100.0  40.8136   30.1361    0.8604 
       0716+714 052532 59871.22964 24100.0  62.7357    0.8751    0.1006 
       0735+178 054130 59871.24255 24100.0  61.4016    1.3478    0.0891 
       0827+243 055205 59871.24803 24100.0  69.5834    0.8122    0.0919 
       0829+046 055825 59871.25430 24100.0  49.8374    1.5261    0.0976 
          3C207 060705 59871.25750 24100.0  58.5833    1.4487    0.1165 
       0836+710 061645 59871.26331 24100.0  63.6707    2.2716    0.1401 
          OJ287 062506 59871.26908 24100.0  65.4412    5.6057    0.2155 
       0954+658 064634 59871.28590 24100.0  68.6000    2.1022    0.0951 
       1156+295 065928 59871.29388 24100.0  58.3048    3.8857    0.1393 
       1219+285 070356 59871.30169 24100.0  55.8420    0.4428    0.0554 
           3C84 074704 59871.32600 24100.0  18.4042   27.1301    0.8344 
       0716+714 075259 59871.33203 24100.0  54.9384    0.6973    0.0863 
       0736+017 080550 59871.33903 24100.0  30.8008    2.0956    0.1765 
       0735+178 081052 59871.34628 24100.0  41.0851    1.3384    0.0945 
       0827+243 082120 59871.35168 24100.0  53.1288    1.0376    0.1106 
       0829+046 082731 59871.35786 24100.0  36.8099    1.8281    0.1151 
          3C207 083611 59871.36104 24100.0  44.4472    1.6940    0.1632 
       0836+710 084414 59871.36572 24100.0  57.3524    2.6320    0.1756 
          OJ287 085051 59871.37030 24100.0  49.7659    5.7661    0.2073 

    TXS0506+056 001759 59871.01695 24100.0  41.9046    1.1699    0.1010 
          3C273 092859 59871.39678 24100.0  47.1522   15.9195    0.4855 
          3C279 093356 59871.40021 24100.0  38.6338   26.4683    0.7806 
       1354+195 093917 59871.40393 24100.0  57.3829    1.5759    0.1361 
     PKS1441+25 094241 59871.43822 24100.0  62.3764    0.2996    0.0318 
       1334-127 103420 59871.44216 24100.0  32.1437    2.4108    0.1845 
       1611+343 104040 59871.44657 24100.0  55.2891    1.9316    0.1239 
    PKS1222+216 110135 59871.46108 24100.0  61.9744    1.0171    0.1368 
          3C273 110648 59871.46471 24100.0  44.1550   14.5826    0.3923 
          3C279 111141 59871.46810 24100.0  38.0974   24.6478    0.6552 
       1354+195 111713 59871.47194 24100.0  64.6857    1.7662    0.1474 
     PG1553+113 130147 59871.55768 24100.0  56.5885    0.3748    0.0429 
       1510-089 132603 59871.56140 24100.0  34.9941    2.0718    0.1400 
       1606+105 133122 59871.56510 24100.0  55.9026    1.2695    0.1524 
     PG1553+113 135253 59871.59318 24100.0  54.5170    0.3105    0.0478 
       1510-089 141712 59871.59693 24100.0  31.3884    2.1011    0.1962 
       1606+105 142236 59871.60068 24100.0  54.0111    0.9532    0.1312 
       1741-038 154900 59871.66067 24100.0  40.6051    3.1968    0.1694 
       1830-211 155410 59871.66427 24100.0  24.4329    6.0109    0.2199 
       1633+382 160035 59871.66872 24100.0  65.7454    2.8091    0.1074 
          3C345 160522 59871.67205 24100.0  66.9342    5.9412    0.1482 
         MRK501 160825 59871.67511 24100.0  68.0705    0.9594    0.0846 
       1807+698 161610 59871.67956 24100.0  63.9195    2.0763    0.1193 

       2223-052 211959 59870.89371  8305.0  35.8808    3.9520    0.0416 
          BLLAC 212904 59870.89689  8305.0  67.8482    4.5149    0.0501 
       2230+114 213334 59870.90001  8305.0  51.2741    4.9857    0.0544 
        3C454.3 213648 59870.90225  8305.0  57.2174   11.4784    0.1008 
          3C380 214141 59870.90567  8305.0  33.4612    3.6472    0.0550 
          3C66A 214736 59870.90976  8305.0  68.4954    0.9991    0.0407 
           3C84 215101 59870.91214  8305.0  58.5627   42.9516    0.3450 
       2344+092 215908 59870.92162  8305.0  53.2044    1.3356    0.0249 
       0235+164 220915 59870.93447  8305.0  55.2138    2.2590    0.0251 
        NRAO150 222744 59870.93765  8305.0  60.0738    7.2210    0.0663 
       0336-019 223218 59870.94466  8305.0  33.5847    0.6955    0.0265 
       0420-014 224107 59870.94692  8305.0  28.3713    5.8391    0.0674 
       0440-003 224416 59870.95296  8305.0  27.6072    1.7518    0.0287 
    TXS0506+056 225304 59870.95980  8305.0  29.9289    1.1576    0.0243 
    PKS1222+216 112653 59871.47870  8305.0  58.8778    1.3334    0.0375 
          3C273 113029 59871.48120  8305.0  42.0476   24.6271    0.1996 
          3C279 113346 59871.48348  8305.0  36.7561   21.1181    0.1724 
       1354+195 114112 59871.48865  8305.0  64.2561    2.0381    0.0474 
     PKS1441+25 114450 59871.50668  8305.0  70.4126    0.4077    0.0166 
       1510-089 121123 59871.50960  8305.0  36.0445    3.1506    0.0471 
     PG1553+113 122150 59871.52459  8305.0  55.2832    0.3667    0.0209 
       1606+105 123605 59871.52676  8305.0  53.9717    1.1825    0.0360 
       1830-211 162909 59871.68862  8305.0  23.9655    8.6643    0.0838 
       1730-130 165001 59871.70310  8305.0  26.6402    4.3267    0.0548 
       1741-038 165321 59871.70542  8305.0  35.8746    4.1653    0.0509 
       1611+343 165734 59871.70835  8305.0  50.0428    3.4567    0.0435 
       1633+382 170047 59871.71059  8305.0  55.1643    2.9552    0.0439 
          3C345 170354 59871.71275  8305.0  56.6760    6.6006    0.0617 
          BLLAC 171644 59871.72166  8305.0  67.0250    4.4327    0.0485 
    1ES1959+650 172132 59871.74098  8305.0  69.0560    0.2122    0.0168 
       1830-211 175037 59871.74519  8305.0  19.2743    9.0512    0.0857 
       1741-038 181236 59871.76045  8305.0  25.9785    4.1232    0.0563 
       1611+343 181639 59871.76278  8305.0  36.1468    3.5613    0.0703 

        Name    HHMMSS       # MJD    Freq     Elev   flux_0  e_flux_0 
                                       MHz      deg       Jy        Jy 
    PKS1222+216 085034 59907.37014  8305.0  60.8098   1.3666    0.0384 
          3C273 085411 59907.37265  8305.0  43.4558  24.8060    0.1788 
          3C279 085728 59907.37493  8305.0  37.7277  20.7974    0.1510 
       1334-127 090047 59907.37724  8305.0  32.1733   2.1886    0.0483 
       1354+195 090453 59907.38009  8305.0  64.6368   1.9292    0.0396 
     PKS1441+25 090831 59907.39814  8305.0  70.2346   0.3875    0.0164 
       1510-089 093505 59907.40106  8305.0  35.6190   2.9989    0.0438 
     PG1553+113 094527 59907.41600  8305.0  54.2762   0.3633    0.0183 
       1606+105 095943 59907.41817  8305.0  52.8116   1.1977    0.0477 
    PKS1222+216 100443 59907.42165  8305.0  49.7752   1.3428    0.0439 
          3C273 100815 59907.42410  8305.0  34.8194  23.8562    0.1767 
          3C279 101133 59907.42639  8305.0  31.1123  20.0041    0.1471 
       1334-127 101453 59907.42798  8305.0  28.0204   2.1596    0.0521 
       1830-211 141104 59907.59272  8305.0  23.8664   8.6375    0.0750 
       1730-130 143155 59907.60719  8305.0  26.3116   4.4238    0.0486 
       1741-038 143515 59907.60950  8305.0  35.5243   3.8402    0.0459 
       1611+343 143927 59907.61243  8305.0  49.4294   3.2816    0.0387 
       1633+382 144241 59907.61467  8305.0  54.5543   2.8395    0.0388 
          3C345 144547 59907.61683  8305.0  56.0692   6.3258    0.0573 
         Mrk501 144854 59907.61900  8305.0  57.4228   1.5764    0.0386 
          BLLAC 145836 59907.62573  8305.0  67.6332   4.1737    0.0460 
    1ES1959+650 150326 59907.64509  8305.0  68.9766   0.2280    0.0176 
       1741-038 155122 59907.66237  8305.0  25.9304   3.8893    0.0479 
       1611+343 155526 59907.66519  8305.0  36.0521   3.3271    0.0446 
       1633+382 155839 59907.66744  8305.0  41.2705   2.8708    0.0390 
          3C345 160146 59907.66960  8305.0  42.8705   6.5157    0.0595 
         Mrk501 160453 59907.67176  8305.0  44.1668   1.4087    0.0420 
       2223-052 184154 59907.78466  8305.0  37.2374   3.8312    0.0366 
       2230+114 185101 59907.78712  8305.0  53.1094   4.9450    0.0491 
        3C454.3 185413 59907.78935  8305.0  58.8923  11.4243    0.0886 
          3C380 185913 59907.79284  8305.0  35.8824   3.6573    0.0449 
          3C66A 190507 59907.79693  8305.0  65.4834   0.9059    0.0441 
           3C84 190832 59907.79930  8305.0  55.5804  43.6791    0.3103 
       2344+092 191645 59907.80885  8305.0  54.2012   1.3258    0.0301 
       0235+164 192650 59907.82167  8305.0  52.9698   1.8416    0.0215 
        NRAO150 194512 59907.82477  8305.0  57.3979   7.1698    0.0664 
       0336-019 194941 59907.83173  8305.0  31.3247   0.6463    0.0268 
       0420-014 195831 59907.83399  8305.0  25.7878   5.4766    0.0554 
       0440-003 200139 59907.84003  8305.0  24.9384   1.8914    0.0289 
    TXS0506+056 201026 59907.84904  8305.0  27.2173   1.0001    0.0283 
    1ES2344+514 000322 59908.02266  8305.0  35.4801   0.2139    0.0178 
       0528+134 003556 59908.03053  8305.0  58.9074   1.5294    0.0248 
       0716+714 004807 59908.03522  8305.0  60.8533   0.7924    0.0404 
       0736+017 005404 59908.04310  8305.0  41.9718   1.5518    0.0257 
       0735+178 010307 59908.05229  8305.0  57.9989   1.4677    0.0216 
       0827+243 011624 59908.05475  8305.0  56.2908   0.9248    0.0340 
       0829+046 012844 59908.06429  8305.0  42.1436   1.3623    0.0350 
          3c207 013321 59908.06653  8305.0  48.8424   1.8631    0.0377 
       0836+710 013841 59908.07034  8305.0  59.6951   2.5437    0.0508 
          OJ287 014405 59908.07398  8305.0  53.8699   4.9938    0.0516 
       0954+658 014856 59908.08438  8305.0  57.9833   1.8595    0.0822 
         MRK421 020303 59908.09104  8305.0  46.6147   0.5921    0.0321 
       1156+295 021212 59908.09350  8305.0  32.8187   3.5160    0.0475 
       1219+285 021524 59908.10883  8305.0  32.6635   0.5558    0.0205 

        Name    HHMMSS       # MJD    Freq     Elev    flux_0  e_flux_0 
                                       MHz      deg        Jy        Jy 
    PKS1222+216 072348 59907.30984 24100.0  66.7251    1.0867    0.1491 
          3C273 072906 59907.31353 24100.0  47.4070   15.0229    0.8719 
          3C279 073402 59907.31694 24100.0  39.3310   26.6483    1.5416 
       1354+195 073922 59907.32065 24100.0  60.0062    1.5765    0.1785 
     PKS1441+25 074249 59907.35499 24100.0  65.2667    0.2788    0.0387 
       1334-127 083433 59907.35898 24100.0  32.4030    2.8376    0.2472 
       1611+343 084056 59907.36341 24100.0  59.1677    2.1335    0.1800 
     PG1553+113 104023 59907.45949 24100.0  56.5857    0.3324    0.0534 
     PG1553+113 113131 59907.49500 24100.0  54.5051    0.3691    0.0424 
       1606+105 120113 59907.50250 24100.0  53.9938    1.0571    0.1357 
     PG1553+113 122236 59907.53049 24100.0  49.4486    0.2763    0.0788 
       1730-130 132448 59907.56053 24100.0  31.1416    3.5349    0.2758 
       1741-038 132945 59907.56398 24100.0  40.4967    3.4936    0.2200 
       1830-211 133455 59907.56757 24100.0  24.4346    6.4264    0.2411 
       1633+382 134121 59907.57202 24100.0  65.3338    2.9029    0.1147 
          3C345 134608 59907.57535 24100.0  66.5239    5.7335    0.1448 
         Mrk501 134910 59907.57841 24100.0  67.6614    1.1202    0.0814 
       1807+698 135655 59907.58286 24100.0  63.8446    2.0439    0.1146 
          3C380 174343 59907.74035 24100.0  47.0626    1.8691    0.1050 
       2223-052 175044 59907.74522 24100.0  40.2740    2.1340    0.1267 
       2230+114 175556 59907.74882 24100.0  56.8760    4.7923    0.1234 
        3C454.3 180044 59907.75216 24100.0  61.6874    8.2650    0.1654 
          BLLAC 181437 59907.76274 24100.0  76.1677    5.7697    0.1181 
    1ES1959+650 182146 59907.77080 24100.0  54.8383    0.3553    0.0608 
        NRAO150 205121 59907.87065 24100.0  67.9814   10.2399    0.2237 
       0235+164 210129 59907.87768 24100.0  61.2455    1.3945    0.0949 
       0336-019 210651 59907.88141 24100.0  39.6140    1.4340    0.1290 
       2344+092 211312 59907.88582 24100.0  42.5773    1.1997    0.1244 
       0420-014 213328 59907.89989 24100.0  38.3548    7.0364    0.1967 
       0440-003 213815 59907.90321 24100.0  37.7046    1.2659    0.1279 
    TXS0506+056 214126 59907.90824 24100.0  40.4403    1.0152    0.0914 
       0528+134 215022 59907.91351 24100.0  44.7713    1.3271    0.0738 
    1ES2344+514 220124 59907.95134 24100.0  50.0270    0.1237    0.0310 
           3C84 031813 59908.13930 24100.0  36.8727   28.2951    0.9230 
       0716+714 032401 59908.14525 24100.0  62.0466    0.4822    1.9964 

        Name    HHMMSS       # MJD    Freq     Elev   flux_0   e_flux_0 
                                       MHz      deg       Jy         Jy 
       2223-052 171729 59932.72604  8305.0  36.0568   3.8375     0.0397 
       2230+114 172635 59932.72850  8305.0  51.6382   4.8154     0.0513 
        3C454.3 172949 59932.73074  8305.0  57.5544  11.3750     0.0989 
          3C380 173443 59932.73416  8305.0  33.9089   3.5697     0.0499 
          3C66A 174037 59932.73825  8305.0  67.9261   0.9121     0.0396 
           3C84 174403 59932.74063  8305.0  57.9975  43.9868     0.3548 
       2344+092 175210 59932.75012  8305.0  53.4177   1.2843     0.0244 
       0235+164 180217 59932.76297  8305.0  54.8078   1.3772     0.0193 
        NRAO150 182046 59932.76614  8305.0  59.5882   7.3347     0.0737 
       0336-019 182519 59932.77313  8305.0  33.1698   0.6469     0.0243 
       0420-014 183408 59932.77540  8305.0  27.8899   4.9409     0.0574 
       0440-003 183716 59932.78143  8305.0  27.1079   1.8528     0.0278 
    TXS0506+056 184603 59932.79044  8305.0  29.5231   1.1015     0.0219 
       2223-052 190648 59932.79687  8305.0  23.1619   3.8775     0.0795 
    1ES2344+514 222653 59932.95565  8305.0  35.2357   0.2132     0.0217 
       0528+134 225925 59932.96349  8305.0  58.8718   1.3795     0.0230 
       0736+017 231733 59932.97609  8305.0  42.1454   1.5928     0.0310 
       0735+178 232637 59932.98528  8305.0  58.2007   1.3568     0.0209 
       0827+243 233955 59932.98776  8305.0  56.5794   0.8509     0.0382 
       0829+046 235216 59932.99730  8305.0  42.3580   1.2540     0.0364 
          3c207 235653 59932.99954  8305.0  49.0900   1.8233     0.0352 
       0836+710 000214 59933.00336  8305.0  59.8029   2.5344     0.0433 
          OJ287 000739 59933.00701  8305.0  54.1478   4.6997     0.0513 
       0954+658 001231 59933.01742  8305.0  58.1649   1.6725     0.0327 
         MRK421 002637 59933.02408  8305.0  46.9361   0.5742     0.0490 
       1156+295 003546 59933.02654  8305.0  33.1452   3.9662     0.0542 
       1219+285 003859 59933.04259  8305.0  32.8227   0.5049     0.0170 
    PKS1222+216 061821 59933.26444  8305.0  65.6131   1.2639     0.0386 
          3C273 062202 59933.26700  8305.0  46.7133  23.8553     0.1917 
          3C279 062519 59933.26928  8305.0  39.5063  20.3476     0.1678 
       1354+195 063240 59933.27438  8305.0  63.1876   1.9276     0.0365 
     PKS1441+25 063616 59933.29241  8305.0  66.5875   0.3940     0.0146 
       1510-089 070249 59933.29532  8305.0  32.7292   2.7368     0.0424 
     PG1553+113 071306 59933.31020  8305.0  49.1879   0.3968     0.0162 
       1606+105 072722 59933.31237  8305.0  47.3411   1.4015     0.0373 
    PKS1222+216 073225 59933.31587  8305.0  57.5786   1.2559     0.0367 
          3C273 073600 59933.31836  8305.0  41.0722  24.1200     0.1953 
          3C279 073917 59933.32064  8305.0  36.0497  20.4108     0.1690 
       1334-127 074237 59933.32296  8305.0  31.4229   2.3402     0.0458 
       1354+195 074643 59933.32581  8305.0  63.8288   1.8859     0.0359 
     PKS1441+25 075019 59933.34384  8305.0  70.2830   0.4027     0.0171 
       1510-089 081652 59933.34675  8305.0  36.2049   2.7309     0.0439 
     PG1553+113 082721 59933.35451  8305.0  55.5771   0.3489     0.0331 
       1830-211 135728 59933.58327  8305.0  18.3291   8.5374     0.0819 
       1730-130 140811 59933.59071  8305.0  16.9526   4.4325     0.0789 
       1741-038 141130 59933.59302  8305.0  25.5867   3.7651     0.0527 
       1611+343 141533 59933.59584  8305.0  35.6461   3.2753     0.0459 
       1633+382 141847 59933.59808  8305.0  40.8690   2.9481     0.0444 
          3C345 142154 59933.60025  8305.0  42.4677   6.0761     0.0626 
         Mrk501 142501 59933.60241  8305.0  43.7648   1.3552     0.0431 
       1807+698 142859 59933.60522  8305.0  55.9345   2.1204     0.0491 
    1ES1959+650 144239 59933.63065  8305.0  64.5081   0.2024     0.0187 

        Name    HHMMSS       # MJD    Freq     Elev      flux_0  e_flux_0 
                                       MHz      deg          Jy        Jy 
          3C380 162943 59932.68896 24100.0  43.3252      1.6116    0.1947 
       2223-052 163636 59932.69373 24100.0  39.3247      2.0538    0.2304 
       2230+114 164148 59932.69735 24100.0  55.6359      4.5559    0.1623 
        3C454.3 164638 59932.70070 24100.0  60.8958      8.2204    0.1669 
          BLLAC 165249 59932.70594 24100.0  73.2184      5.0455    0.1256 
       0235+164 194129 59932.82212 24100.0  61.9884      1.0475    0.1272 
       0336-019 194649 59932.82583 24100.0  41.0905      1.3085    0.1315 
       2344+092 195310 59932.83023 24100.0  39.8532      0.7394    0.1264 
       0420-014 201321 59932.84426 24100.0  40.0967      6.3709    0.1510 
       0440-003 201808 59932.84757 24100.0  39.6707      1.3680    0.1407 
    TXS0506+056 202120 59932.85261 24100.0  42.8005      1.2031    0.0931 
       0528+134 203016 59932.85787 24100.0  47.4834      1.2353    0.0897 
     PG1553+113 103527 59933.45606 24100.0  50.0407      0.4517    0.0700 
       1730-130 113258 59933.48288 24100.0  31.5441      2.7177    0.2578 
       1741-038 113756 59933.48633 24100.0  40.9148      3.0334    0.1545 
       1830-211 114307 59933.48992 24100.0  24.4171      5.7859    0.1965 
       1633+382 114932 59933.49438 24100.0  67.0405      2.5303    0.1365 
          3C345 115419 59933.49771 24100.0  68.2359      5.2386    0.1223 
       1807+698 120510 59933.50526 24100.0  64.1303      1.9870    0.1093 
       1741-038 124338 59933.53195 24100.0  36.3860      2.7149    0.1829 
       1830-211 124842 59933.53547 24100.0  23.0833      5.8588    0.3826 
       1633+382 125502 59933.53986 24100.0  55.3523      2.8637    0.1631 
          3C345 125948 59933.54318 24100.0  56.5707      5.4649    0.2288 

        Name    HHMMSS       # MJD    Freq     Elev     flux_0  e_flux_0 
                                       MHz      deg         Jy        Jy 

          3C380 131507 59972.55382 24100.0  49.1044     1.9431    0.0805 
          BLLAC 135848 59972.58510 24100.0  76.2061     7.2074    0.0958 
        NRAO150 165508 59972.70661 24100.0  71.0087    10.4498    0.1363 
       0235+164 170502 59972.71348 24100.0  62.0034     1.0798    0.1274 
       0336-019 171023 59972.71719 24100.0  41.1430     1.7224    0.1164 
       0420-014 173653 59972.73559 24100.0  40.1652     6.4061    0.1171 
       0440-003 174138 59972.73890 24100.0  39.7497     1.4605    0.1128 
    TXS0506+056 174450 59972.74393 24100.0  42.8980     1.1089    0.0621 
       0528+134 175347 59972.74921 24100.0  47.5960     1.2842    0.0600 
       1633+382 084153 59973.36407 24100.0  72.3853     2.7154    0.0728 
          3C345 084640 59973.36740 24100.0  73.6321     4.8878    0.0799 
           3C84 223458 59975.94259 24100.0  39.4615    35.2276    0.5787 
       0827+243 230716 59975.96691 24100.0  69.4820     0.9749    0.0581 
       0829+046 231336 59975.97318 24100.0  49.6931     2.2081    0.0611 
          3c207 232215 59975.97637 24100.0  58.4629     1.6884    0.0711 
       0836+710 233150 59975.98211 24100.0  63.5957     2.1405    0.0821 
          OJ287 234004 59975.98781 24100.0  65.2684     5.7692    0.1205 
       0954+658 000127 59976.00457 24100.0  68.7901     1.3104    0.0669 
       1156+295 001417 59976.01250 24100.0  59.5900     7.8729    0.2928 
       1219+285 001845 59976.02030 24100.0  57.1343     0.4034    0.0424 
    PKS1222+216 022407 59977.10172 24100.0  66.1494     0.8149    0.0651 
          3C273 022923 59977.10539 24100.0  47.0696    14.5356    0.2061 
          3C279 023420 59977.10882 24100.0  38.4993    23.8477    0.3380 
       1354+195 023941 59977.11253 24100.0  56.9937     1.4834    0.0771 
     PKS1441+25 024305 59977.14684 24100.0  61.9571     0.1980    0.0231 
       1334-127 033444 59977.15076 24100.0  32.0704     3.1046    0.1083 
       1611+343 034104 59977.15516 24100.0  54.7698     2.0126    0.0758 
    PKS1222+216 040156 59977.16966 24100.0  62.2983     0.8056    0.0752 
          3C273 040710 59977.17329 24100.0  44.3824    14.4411    0.2377 
     PG1553+113 060310 59977.26699 24100.0  56.5926     0.4185    0.0386 

        Name    HHMMSS       # MJD    Freq     Elev   flux_0   e_flux_0 
                                       MHz      deg       Jy         Jy 
       2223-052 144841 59972.62270  8305.0  35.2613   3.8067     0.0673 
       2230+114 145747 59972.62516  8305.0  50.6550   4.8183     0.0885 
        3C454.3 150101 59972.62741  8305.0  56.6373  11.4981     0.1916 
          3C380 150553 59972.63080  8305.0  32.7184   3.5994     0.0854 
           3C84 151513 59972.63728  8305.0  59.4865  45.7491     0.7277 
       0235+164 153326 59972.65959  8305.0  55.8632   1.1841     0.0294 
        NRAO150 155158 59972.66280  8305.0  60.9005   7.6521     0.1259 
       0336-019 155633 59972.66983  8305.0  34.2477   0.6480     0.0284 
       0420-014 160523 59972.67210  8305.0  29.1413   4.9601     0.0873 
       0440-003 160831 59972.67814  8305.0  28.4061   1.8456     0.0379 
    TXS0506+056 161719 59972.68618  8305.0  30.6875   1.1772     0.0284 
       1730-130 095006 59973.41148  8305.0  28.3022   4.6503     0.0863 
       1741-038 095326 59973.41380  8305.0  37.6345   3.7061     0.0717 
       1611+343 095741 59973.41676  8305.0  53.4071   3.2344     0.0676 
       1633+382 100055 59973.41902  8305.0  58.5169   2.9529     0.0557 
          3C345 100403 59973.42118  8305.0  60.0168   6.0481     0.1055 
         Mrk501 100710 59973.42335  8305.0  61.3757   1.3914     0.0392 
       1807+698 101139 59973.42652  8305.0  62.5710   2.0752     0.0513 
          BLLAC 101653 59973.43010  8305.0  63.6956   4.1567     0.0748 
    1ES1959+650 102131 59973.44731  8305.0  69.3088   0.2128     0.0173 
       0528+134 195322 59975.83431  8305.0  59.0231   1.2824     0.0277 
       0716+714 200522 59975.83887  8305.0  60.0724   0.7262     0.0396 
       0736+017 201110 59975.84665  8305.0  40.3382   1.4346     0.0297 
       0735+178 202012 59975.85584  8305.0  56.1206   1.3214     0.0271 
       0827+243 203329 59975.85828  8305.0  53.7468   0.8544     0.0336 
       0829+046 204546 59975.86778  8305.0  40.1940   1.2883     0.0358 
          3c207 205022 59975.87001  8305.0  46.6237   1.8892     0.0449 
       0836+710 205534 59975.87373  8305.0  58.7095   2.5014     0.0519 
          OJ287 210049 59975.87727  8305.0  51.4004   4.1945     0.0732 
       0954+658 210534 59975.88760  8305.0  56.3790   1.2689     0.0283 
         MRK421 211937 59975.89421  8305.0  43.8162   0.5259     0.0237 
       1156+295 212846 59975.89668  8305.0  29.9965   5.1351     0.0878 
       1219+285 213159 59975.90546  8305.0  28.2295   0.4921     0.0216 
    PKS1222+216 041729 59977.18052  8305.0  60.5399   1.2422     0.0406 
          3C273 042107 59977.18302  8305.0  43.2604  23.8823     0.3785 
          3C279 042424 59977.18530  8305.0  37.5962  21.0243     0.3335 
       1354+195 043149 59977.19046  8305.0  64.5997   1.8422     0.0447 
     PKS1441+25 043528 59977.20851  8305.0  70.2828   0.2973     0.0166 
       1510-089 050201 59977.21143  8305.0  35.6900   2.6142     0.0576 
     PG1553+113 051225 59977.22637  8305.0  54.4324   0.4045     0.0180 
       1606+105 052640 59977.22855  8305.0  52.9908   1.4580     0.0377 
    PKS1222+216 053140 59977.23203  8305.0  49.4192   1.2359     0.0379 
          3C273 053512 59977.23447  8305.0  34.5191  24.2134     0.3857 
          3C279 053829 59977.23603  8305.0  30.5780  21.3313     0.3414 

*** Not flagged below this line *** 

        Name    HHMMSS       # MJD    Freq     Elev     flux_0   e_flux_0 
                                       MHz      deg         Jy         Jy 
       0528+134 184118 59996.78424  8305.0  58.9795     1.4879     0.0232 
       0716+714 185323 59996.78889  8305.0  60.6152     0.6609     0.0380 
       0736+017 185918 59996.79673  8305.0  41.4782     1.3673     0.0247 
       0735+178 190820 59996.80592  8305.0  57.4357     1.2936     0.0199 
       0827+243 192138 59996.80838  8305.0  55.5053     0.8237     0.0385 
       0829+046 193357 59996.81791  8305.0  41.5503     1.3831     0.0320 
          3c207 193834 59996.82015  8305.0  48.1634     1.8750     0.0398 
       0836+710 194351 59996.82393  8305.0  59.3913     2.4526     0.0401 
          OJ287 194912 59996.82753  8305.0  53.1096     4.7984     0.0476 
       0954+658 195401 59996.83791  8305.0  57.4808     1.0505     0.0235 
         MRK421 200807 59996.84456  8305.0  45.7329     0.5291     0.0430 
       1156+295 201715 59996.84702  8305.0  31.9293     5.2371     0.0566 
       1219+285 202028 59996.86477  8305.0  31.9635     0.4857     0.0154 
    1ES2344+514 204818 59996.87251  8305.0  19.4342     0.2501     0.0347 
    PKS1222+216 031114 59997.13449  8305.0  58.9147     1.2355     0.0423 
          3C273 031449 59997.13699  8305.0  42.0733    24.8287     0.1800 
          3C279 031807 59997.13927  8305.0  36.7725    21.5738     0.1578 
       1334-127 032126 59997.14159  8305.0  31.7787     2.4244     0.0480 
       1354+195 032532 59997.14444  8305.0  64.2606     1.9504     0.0428 
     PKS1441+25 032910 59997.16247  8305.0  70.4053     0.3209     0.0149 
       1510-089 035543 59997.16538  8305.0  36.0331     2.6631     0.0464 
     PG1553+113 040609 59997.18037  8305.0  55.2581     0.4157     0.0192 
       1606+105 042025 59997.18254  8305.0  53.9444     1.5005     0.0379 
       1830-211 082720 59997.35402  8305.0  23.5231     8.5879     0.0816 
       1730-130 084642 59997.36746  8305.0  25.4516     4.8720     0.0614 
       1611+343 085412 59997.37268  8305.0  47.8952     3.4029     0.0442 
       1633+382 085726 59997.37492  8305.0  53.0279     3.0846     0.0406 
          3C345 090033 59997.37708  8305.0  54.5495     6.2938     0.0562 
         Mrk501 090339 59997.37924  8305.0  55.8980     1.4609     0.0370 
       1807+698 090757 59997.38229  8305.0  60.8917     2.1599     0.0509 
          BLLAC 091322 59997.38599  8305.0  69.1736     4.8814     0.0627 
    1ES1959+650 091817 59997.40539  8305.0  68.7387     0.2396     0.0194 
       1830-211 094715 59997.40951  8305.0  18.1988     8.4576     0.0832 
       1741-038 100119 59997.41928  8305.0  25.3758     3.6528     0.0553 
       1611+343 100522 59997.42209  8305.0  35.4005     3.3374     0.0454 
       1633+382 100835 59997.42434  8305.0  40.6238     3.0565     0.0457 
          3C345 101142 59997.42651  8305.0  42.2263     6.2083     0.0579 
         Mrk501 101449 59997.42867  8305.0  43.5196     1.4726     0.0360 
       1807+698 101848 59997.43148  8305.0  55.8241     2.1286     0.0635 
    1ES1959+650 103226 59997.44442  8305.0  65.3343     0.2110     0.0272 
       2230+114 131451 59997.55367  8305.0  51.2001     4.5703     0.0468 
        3C454.3 131804 59997.55591  8305.0  57.1485    11.2992     0.0894 
          3C380 132257 59997.55932  8305.0  33.3718     3.4595     0.0435 
          3C66A 132851 59997.56341  8305.0  68.6059     0.7365     0.0377 
           3C84 133217 59997.56579  8305.0  58.6713    44.6871     0.3163 
       2344+092 134023 59997.57527  8305.0  53.1599     1.2786     0.0271 
       0235+164 135031 59997.58813  8305.0  55.2925     1.1174     0.0183 
        NRAO150 140901 59997.59131  8305.0  60.1706     7.2474     0.0608 
       0336-019 141335 59997.59833  8305.0  33.6627     0.6386     0.0243 
       0420-014 142225 59997.60059  8305.0  28.4593     5.0093     0.0592 
       0440-003 142533 59997.60663  8305.0  27.6983     1.8188     0.0300 
    TXS0506+056 143421 59997.61564  8305.0  30.1557     1.1379     0.0225 
       2223-052 082939 60030.35948  8305.0  39.5827     3.5817     0.0345 
       2230+114 083845 60030.36194  8305.0  55.6714     4.4518     0.0411 
        3C454.3 084201 60030.36421  8305.0  58.3952    11.4831     0.0656 
          3C380 084804 60030.36843  8305.0  55.4998     3.1833     0.0387 
          3C66A 085353 60030.37247  8305.0  43.6066     0.9741     0.0376 
           3C84 085718 60030.37484  8305.0  34.1756    45.4878     0.2347 
       2344+092 090615 60030.38490  8305.0  50.0743     1.2292     0.0256 
       0235+164 091552 60030.39740  8305.0  32.1748     1.2551     0.0303 
        NRAO150 093348 60030.40019  8305.0  38.2555     7.7137     0.1403 
       2223-052 094629 60030.41284  8305.0  40.1499     3.5047     0.0376 
       2230+114 095537 60030.41532  8305.0  56.7778     4.2415     0.0525 
        3C454.3 095851 60030.41756  8305.0  61.6703    11.1295     0.0703 
          3C380 100415 60030.42134  8305.0  43.5154     3.3976     0.0444 
          3C66A 101008 60030.42541  8305.0  56.5040     0.8887     0.0376 
           3C84 101333 60030.42779  8305.0  46.7319    44.1593     0.2266 
    PKS1222+216 214340 60030.90703  8305.0  59.6601     1.1693     0.0353 
          3C273 214720 60030.90956  8305.0  42.5240    22.9623     0.1184 
          3C279 215042 60030.91191  8305.0  32.9602    19.7728     0.1259 
       1334-127 215407 60030.91428  8305.0  22.3177     2.2808     0.0466 
       1354+195 215755 60030.91692  8305.0  46.2720     1.8875     0.0392 
     PKS1441+25 220117 60030.93477  8305.0  46.5060     0.2402     0.0143 
       1510-089 222741 60030.93759  8305.0  17.2285     2.4763     0.0472 
     PG1553+113 223757 60030.95245  8305.0  29.1000     0.4012     0.0315 
       1606+105 225213 60030.95463  8305.0  26.8871     1.3084     0.0459 
    PKS1222+216 225635 60030.95766  8305.0  66.3159     1.1364     0.0336 
          3C273 230017 60030.96022  8305.0  47.1317    22.9574     0.1167 
          3C279 230337 60030.96254  8305.0  38.5361    19.7388     0.1060 
       1334-127 230659 60030.96489  8305.0  29.3493     2.3283     0.0416 
       1354+195 231055 60030.96762  8305.0  57.3620     1.8227     0.0375 
     PKS1441+25 231424 60030.98554  8305.0  58.8147     0.2468     0.0153 
       1510-089 234053 60030.98842  8305.0  27.1264     2.5688     0.0432 
     PG1553+113 235103 60031.00321  8305.0  41.2083     0.4120     0.0195 
       1606+105 000519 60031.00539  8305.0  39.1260     1.4043     0.0345 
    PKS1222+216 001012 60031.00878  8305.0  64.3272     1.1823     0.0349 
          3C273 001352 60031.01132  8305.0  45.8757    23.2890     0.1193 
          3C279 001708 60031.01359  8305.0  39.1654    19.9242     0.1047 
       1334-127 002026 60031.01589  8305.0  32.3583     2.3716     0.0417 
       1354+195 002430 60031.01872  8305.0  64.1416     1.8513     0.0333 
     PKS1441+25 002808 60031.03676  8305.0  68.2939     0.2556     0.0133 
       1510-089 005442 60031.03968  8305.0  33.9565     2.5950     0.0465 
       1830-211 040218 60031.16996  8305.0  21.7018     8.1002     0.0634 
       1730-130 042349 60031.18490  8305.0  32.3811     4.7396     0.0464 
       1741-038 042708 60031.18720  8305.0  41.5911     3.5528     0.0384 
       1611+343 043130 60031.19025  8305.0  70.5110     3.3132     0.0372 
       1633+382 043444 60031.19249  8305.0  75.8098     3.7498     0.0659 
          3C345 043751 60031.19466  8305.0  77.4230     5.9971     0.0470 
         Mrk501 044104 60031.19695  8305.0  78.6835     1.6236     0.2767 
       1807+698 044631 60031.20078  8305.0  64.6448     2.0702     0.0453 
          BLLAC 045112 60031.20393  8305.0  46.7854     4.7067     0.0424 
    1ES1959+650 045507 60031.22264  8305.0  65.5807     0.2417     0.0176 
       1830-211 052529 60031.22772  8305.0  24.4360     8.2135     0.0640 
       1730-130 054630 60031.24232  8305.0  29.4778     4.9430     0.0525 
       1741-038 054950 60031.24463  8305.0  38.8703     3.6643     0.0416 
       1611+343 055408 60031.24762  8305.0  56.1846     3.3372     0.0401 
       1633+382 055721 60031.24987  8305.0  61.2960     3.0505     0.0373 
          3C345 060028 60031.25203  8305.0  62.7899     5.9919     0.0432 
         Mrk501 060336 60031.25420  8305.0  64.1537     1.4833     0.0316 
       1807+698 060811 60031.25744  8305.0  63.2607     2.1396     0.0372 
          BLLAC 061319 60031.26096  8305.0  60.9559     4.6576     0.0415 
    1ES1959+650 061749 60031.28008  8305.0  69.2531     0.2395     0.0160 
       1830-211 064719 60031.28456  8305.0  21.8255     8.3492     0.0615 
       1730-130 070633 60031.29791  8305.0  21.6906     4.9583     0.0486 
       1741-038 070952 60031.30022  8305.0  30.6063     3.6408     0.0464 
       1611+343 071359 60031.30308  8305.0  41.9707     3.3657     0.0417 
       1633+382 071713 60031.30533  8305.0  47.1410     3.0499     0.0363 
          3C345 072020 60031.30749  8305.0  48.6962     5.9870     0.0475 
         Mrk501 072327 60031.30965  8305.0  50.0233     1.4988     0.0346 
       1807+698 072735 60031.31257  8305.0  58.6782     2.1374     0.0432 
          BLLAC 073546 60031.31821  8305.0  75.6154     4.5246     0.0376 
    1ES1959+650 074103 60031.33786  8305.0  67.0566     0.4152     0.0362 
       1830-211 081208 60031.34346  8305.0  14.1852     8.0638     0.0639 
    1ES2344+514 142431 60054.62068  8305.0  35.5903     0.4821     0.0689 
       0528+134 145705 60054.62855  8305.0  58.9219     1.3775     0.0227 
       0716+714 150915 60054.63324  8305.0  60.8065     0.6746     0.1674 
       0736+017 151512 60054.64112  8305.0  41.8815     1.2888     0.0234 
       0735+178 152416 60054.65032  8305.0  57.8996     1.3188     0.0211 
       0827+243 153734 60054.65279  8305.0  56.1517     0.8378     0.0352 
       0829+046 154955 60054.66232  8305.0  42.0371     1.4579     0.0354 
          3c207 155431 60054.66456  8305.0  48.7227     1.8004     0.0374 
       0836+710 155951 60054.66837  8305.0  59.6375     2.3403     0.0433 
          OJ287 160514 60054.67200  8305.0  53.7342     4.5569     0.0500 
       0954+658 161005 60054.68240  8305.0  57.8901     1.3818     0.0230 
         MRK421 162411 60054.68906  8305.0  46.4528     0.5773     0.0299 
       1156+295 163320 60054.69152  8305.0  32.6543     4.2889     0.0494 
       0528+134 173956 60054.74164  8305.0  41.6331     1.3115     0.0350 
       0736+017 175657 60054.75344  8305.0  44.7618     1.1872     0.0784 
       0735+178 180601 60054.76265  8305.0  58.5056     1.2787     0.0582 
       0827+243 181915 60054.76507  8305.0  68.7444     0.8828     0.0511 
       0836+710 184105 60054.78029  8305.0  63.3087     2.5089     0.0516 
       0954+658 185402 60054.79625  8305.0  68.9491     1.3744     0.0276 
         MRK421 191229 60054.80570  8305.0  76.5589     0.5095     0.0240 
    PKS1222+216 192219 60054.80887  8305.0  52.7409     1.1523     0.0368 
          3C273 192555 60054.81136  8305.0  37.1233    24.0425     0.1438 
          3C279 192919 60054.81373  8305.0  27.3476    20.1217     0.1290 
    PKS1222+216 230905 60054.96635  8305.0  60.7589     1.2218     0.0339 
          3C273 231243 60054.96886  8305.0  43.4154    24.6177     0.1432 
          3C279 231600 60054.97114  8305.0  37.6986    20.4142     0.1173 
       1334-127 231919 60054.97345  8305.0  32.1591     2.4416     0.0419 
       1354+195 232325 60054.97629  8305.0  64.6267     1.9393     0.0357 
     PKS1441+25 232704 60054.99434  8305.0  70.2398     0.2718     0.0155 
       1510-089 235337 60054.99727  8305.0  35.6276     2.5415     0.0472 
     PG1553+113 000400 60055.01220  8305.0  54.2999     0.4091     0.0188 
       1606+105 001815 60055.01437  8305.0  52.8401     1.4618     0.0342 
    PKS1222+216 002315 60055.01785  8305.0  49.7097     1.3173     0.0391 
          3C273 002647 60055.02030  8305.0  34.7630    24.7150     0.1529 
          3C279 003004 60055.02258  8305.0  31.0639    20.3098     0.1204 
       1334-127 003325 60055.02490  8305.0  28.2820     2.3588     0.0499 
       1354+195 003728 60055.02772  8305.0  59.4203     1.9837     0.0426 
       1830-211 042222 60055.18391  8305.0  24.0534     8.0132     0.0648 
       1730-130 044315 60055.19840  8305.0  26.9533     4.8155     0.0555 
       1741-038 044635 60055.20072  8305.0  36.2048     3.5266     0.0443 
       1611+343 045049 60055.20366  8305.0  50.6386     3.4000     0.0469 
       1633+382 045402 60055.20590  8305.0  55.7594     3.0704     0.0412 
          3C345 045709 60055.20806  8305.0  57.2679     5.9267     0.0471 
         Mrk501 050016 60055.21023  8305.0  58.6238     1.4955     0.0360 
       1807+698 050440 60055.21333  8305.0  61.7806     2.0342     0.0478 
          BLLAC 050958 60055.21697  8305.0  66.4375     3.6433     0.0399 
    1ES1959+650 051445 60055.23628  8305.0  69.1312     0.2116     0.0180 
       1830-211 054354 60055.24052  8305.0  19.5561     7.9897     0.0960 
       1730-130 060240 60055.25355  8305.0  17.7598     4.7223     0.0736 
       1741-038 060559 60055.25585  8305.0  26.4396     3.5208     0.0493 
       1611+343 061002 60055.25867  8305.0  36.6638     3.4773     0.2406 
       1633+382 061316 60055.26091  8305.0  41.8767     3.1104     0.0469 
          3C345 061622 60055.26308  8305.0  43.4683     6.0549     0.0476 
         Mrk501 061929 60055.26524  8305.0  44.7706     1.4878     0.0385 
       1807+698 062330 60055.26808  8305.0  56.4028     2.1728     0.0561 
          BLLAC 063128 60055.27356  8305.0  80.9614     3.5507     0.0598 
    1ES1959+650 063705 60055.29345  8305.0  64.9755     0.2160     0.0168 
       1830-211 070826 60055.29922  8305.0  10.4526     9.0536     0.1353 
       1741-038 071917 60055.30675  8305.0  14.9687     3.4760     0.0524 
       1633+382 072628 60055.31175  8305.0  29.6787     3.2759     0.0505 
          3C345 072935 60055.31392  8305.0  31.3700     6.1247     0.0545 
         Mrk501 073241 60055.31608  8305.0  32.5859     1.5202     0.0422 
       1807+698 073627 60055.31874  8305.0  50.3391     2.1550     0.0416 
          BLLAC 074142 60055.32250  8305.0  85.4376     3.5925     0.0452 
    1ES1959+650 074638 60055.34175  8305.0  58.7592     0.2381     0.0210 
       1611+343 081929 60055.34808  8305.0  15.6602     3.3297     0.0669 
       1633+382 082201 60055.35032  8305.0  21.0436     3.0404     0.0535 
          3C345 082507 60055.35249  8305.0  22.8129     6.0004     0.0571 
         Mrk501 082814 60055.35464  8305.0  23.9413     1.4922     0.0494 
       1807+698 083200 60055.35732  8305.0  45.5465     2.2396     0.0516 
          BLLAC 083632 60055.36041  8305.0  75.9023     3.5677     0.0394 
       2223-052 085127 60055.37463  8305.0  37.8847     3.5927     0.0316 
       2230+114 090035 60055.37710  8305.0  53.9196     4.4615     0.0424 
        3C454.3 090347 60055.37932  8305.0  59.5986    12.2191     0.0770 
          3C380 090851 60055.38286  8305.0  37.1145     3.5232     0.0395 
          3C66A 091444 60055.38694  8305.0  63.9961     0.9449     0.0384 
           3C84 091809 60055.38932  8305.0  54.1098    46.1925     0.2707 
       2344+092 092625 60055.39891  8305.0  54.5646     1.2909     0.0255 
       0235+164 093630 60055.41172  8305.0  51.7870     1.2520     0.1026 
        NRAO150 095451 60055.41480  8305.0  56.0858     7.3027     0.0566 
       0336-019 095918 60055.42175  8305.0  30.1557     0.7690     0.0287 
       0420-014 100808 60055.42401  8305.0  24.4749     4.5613     0.0542 
       0440-003 101116 60055.43004  8305.0  23.5864     1.7289     0.0292 
    TXS0506+056 102003 60055.43904  8305.0  25.7886     1.1908     0.0220 
       0528+134 124451 60088.53671  8305.0  58.8955     1.2311     0.0234 
       0716+714 125701 60088.54142  8305.0  60.8772     0.8624     0.0365 
       0736+017 130259 60088.54929  8305.0  42.0268     1.0233     0.0278 
       0735+178 131202 60088.55849  8305.0  58.0676     1.3187     0.0251 
       0827+243 132521 60088.56097  8305.0  56.3881     0.7906     0.0485 
       0829+046 133741 60088.57050  8305.0  42.2124     1.5935     0.0695 
          3c207 134218 60088.57274  8305.0  48.9232     1.7772     0.1142 
       0836+710 134738 60088.57655  8305.0  59.7269     2.4288     0.0430 
          3C273 162801 60088.68782  8305.0  30.8722    23.1663     0.1810 
          3C279 163124 60088.69017  8305.0  21.0510    19.0898     0.1481 
       1354+195 163506 60088.69273  8305.0  29.7181     1.9165     0.0741 
     PKS1441+25 163823 60088.71053  8305.0  29.6177     0.4407     0.0263 
    PKS1222+216 170920 60088.71651  8305.0  52.8524     1.1433     0.0346 
          3C273 171256 60088.71901  8305.0  37.2147    22.9671     0.1692 
          3C279 171620 60088.72137  8305.0  27.4391    18.9322     0.1462 
       1334-127 171946 60088.72376  8305.0  16.2859     2.3127     0.0743 
       1354+195 172330 60088.72635  8305.0  38.3100     1.8091     0.0433 
     PKS1441+25 172649 60088.74272  8305.0  38.3074     0.2036     0.0172 
    PKS1222+216 204555 60088.86691  8305.0  61.9029     1.1940     0.0362 
          3C273 204932 60088.86943  8305.0  44.2256    23.6690     0.1761 
          3C279 205249 60088.87171  8305.0  38.2243    19.0365     0.1410 
       1334-127 205608 60088.87401  8305.0  32.3175     2.3908     0.0469 
       1354+195 210013 60088.87685  8305.0  64.6828     1.8298     0.0384 
     PKS1441+25 210352 60088.89491  8305.0  69.8990     0.1378     0.0198 
       1510-089 213027 60088.89784  8305.0  35.2509     2.4936     0.0472 
     PG1553+113 214048 60088.91276  8305.0  53.5279     0.3369     0.0221 
       1606+105 215504 60088.91494  8305.0  51.9798     1.3626     0.0453 
    PKS1222+216 220005 60088.91842  8305.0  51.2700     1.1902     0.0411 
          3C273 220337 60088.92088  8305.0  36.0629    24.1722     0.1857 
          3C279 220654 60088.92316  8305.0  32.1345    19.2663     0.1464 
       1334-127 221015 60088.92548  8305.0  29.0227     2.4587     0.0503 
       1354+195 221419 60088.92831  8305.0  60.4818     1.8807     0.0379 
     PKS1441+25 221747 60088.93387  8305.0  68.8525     0.2213     0.0253 
       1830-211 021821 60089.09778  8305.0  23.7794     7.6422     0.0779 
       1730-130 024315 60089.11507  8305.0  25.6301     4.7005     0.0589 
       1741-038 024635 60089.11738  8305.0  34.7994     3.2923     0.0465 
       1611+343 025046 60089.12030  8305.0  48.2063     3.3217     0.0455 
       1633+382 025400 60089.12254  8305.0  53.3373     3.1225     0.0478 
          3C345 025707 60089.12471  8305.0  54.8559     5.8419     0.0570 
         Mrk501 030014 60089.12687  8305.0  56.2066     1.4912     0.0411 
       1807+698 030432 60089.12991  8305.0  60.9983     2.2268     0.0486 
          BLLAC 030956 60089.13361  8305.0  68.8615     4.3405     0.0479 
    1ES1959+650 031451 60089.15301  8305.0  68.7946     0.2272     0.0177 
       1830-211 034350 60089.15714  8305.0  18.3607     7.7179     0.0819 
       0528+134 105830 60115.46286  8305.0  58.8996     1.3157     0.0240 
       0716+714 111040 60115.46756  8305.0  60.8703     0.8081     0.0410 
       0736+017 111638 60115.47544  8305.0  42.0089     0.9099     0.0258 
       0735+178 112541 60115.48463  8305.0  58.0442     1.2820     0.0203 
       0827+243 113859 60115.48710  8305.0  56.3562     0.8954     0.0368 
       0829+046 115119 60115.49664  8305.0  42.1902     1.6000     0.0302 
          3c207 115556 60115.49887  8305.0  48.8964     1.7597     0.0398 
       0836+710 120116 60115.50269  8305.0  59.7164     2.2021     0.0421 
          OJ287 120639 60115.50632  8305.0  53.9291     3.7515     0.0465 
       0954+658 121131 60115.51673  8305.0  58.0189     1.2204     0.0257 
         MRK421 122537 60115.52339  8305.0  46.6798     0.5761     0.0282 
       1156+295 123447 60115.52585  8305.0  32.8844     3.1189     0.0493 
       1219+285 123759 60115.53656  8305.0  31.5968     0.4752     0.0186 
    PKS1222+216 191633 60115.80486  8305.0  59.8250     1.1841     0.0358 
          3C273 192009 60115.80735  8305.0  42.7418    23.7084     0.1609 
          3C279 192326 60115.80963  8305.0  37.2415    18.3961     0.1251 
       1334-127 192646 60115.81195  8305.0  31.9831     2.3086     0.0441 
       1354+195 193051 60115.81479  8305.0  64.4819     1.8130     0.0417 
     PKS1441+25 193430 60115.83283  8305.0  70.3807     0.1914     0.0153 
       1510-089 200103 60115.83576  8305.0  35.8603     2.3796     0.0456 
     PG1553+113 201128 60115.85073  8305.0  54.8285     0.3444     0.0286 
       1606+105 202545 60115.85291  8305.0  53.4422     1.2223     0.0358 
       1830-211 003406 60116.02537  8305.0  23.7178     7.2901     0.0706 
       1730-130 005517 60116.04009  8305.0  25.8132     4.5240     0.0545 
       1741-038 005837 60116.04240  8305.0  34.9945     3.1703     0.0442 
       1611+343 010249 60116.04533  8305.0  48.5277     3.2859     0.0448 
       1633+382 010603 60116.04757  8305.0  53.6558     3.0654     0.0464 
          3C345 010910 60116.04973  8305.0  55.1756     5.7382     0.0549 
         Mrk501 011217 60116.05190  8305.0  56.5251     1.4574     0.0496 
       1807+698 011636 60116.05495  8305.0  61.1030     2.3586     0.0546 
          BLLAC 012158 60116.05864  8305.0  68.5407     4.9471     0.0494 
    1ES1959+650 012652 60116.07802  8305.0  68.8469     0.2662     0.0183 
       1830-211 015552 60116.08217  8305.0  18.5267     7.4015     0.0687 
       1730-130 020633 60116.08959  8305.0  17.2511     4.6173     0.0582 
       1741-038 020953 60116.09189  8305.0  25.9026     3.2324     0.0582 
       1611+343 021356 60116.09472  8305.0  36.0186     3.2411     0.0475 
       1633+382 021710 60116.09697  8305.0  41.2360     3.1063     0.0465 
          3C345 022017 60116.09913  8305.0  42.8349     5.7903     0.0557 
         Mrk501 022324 60116.10129  8305.0  44.1320     1.4809     0.0472 
       1807+698 022723 60116.10411  8305.0  56.1096     2.2726     0.0459 
          BLLAC 023522 60116.10960  8305.0  81.6136     4.8963     0.0528 
    1ES1959+650 024101 60116.11257  8305.0  66.4458     0.3048     0.0497 
       2223-052 050626 60116.21836  8305.0  36.7282     3.7900     0.0370 
       2230+114 051533 60116.22082  8305.0  52.4688     4.6027     0.0500 
        3C454.3 051845 60116.22306  8305.0  58.3150    12.9229     0.0941 
          3C380 052343 60116.22652  8305.0  34.9941     3.7281     0.0557 
          3C66A 052937 60116.23060  8305.0  66.5885     0.9422     0.0417 
           3C84 053302 60116.23298  8305.0  56.6751    47.4902     0.3087 
       2344+092 054112 60116.24250  8305.0  53.8771     1.3415     0.0248 
       0235+164 055119 60116.25535  8305.0  53.8221     0.9993     0.0198 
        NRAO150 060945 60116.25849  8305.0  58.3857     7.7986     0.0654 
       0336-019 061416 60116.26546  8305.0  32.1796     0.9051     0.0260 
       0420-014 062305 60116.26772  8305.0  26.7563     4.6704     0.0585 
       0440-003 062613 60116.27376  8305.0  25.9355     1.5454     0.0296 
    TXS0506+056 063500 60116.28276  8305.0  28.2735     1.2904     0.0284 
    1ES2344+514 081440 60151.36385  8305.0  34.0491     0.2090     0.0229 
       0528+134 084709 60151.37166  8305.0  58.6266     1.4111     0.0239 
       0716+714 085929 60151.37645  8305.0  61.3391     0.6589     0.0415 
       0736+017 090532 60151.38440  8305.0  42.9937     0.9783     0.0247 
       0735+178 091435 60151.39360  8305.0  59.1756     1.3619     0.0234 
       0829+046 094016 60151.40563  8305.0  43.4006     1.5686     0.0309 
          3c207 094453 60151.40787  8305.0  50.2995     2.4251     0.0711 
          3c207 095417 60151.41440  8305.0  51.4898     1.9487     0.0604 
       0836+710 095949 60151.41835  8305.0  60.8449     2.3200     0.0494 
          OJ287 100524 60151.42211  8305.0  56.8768     4.5381     0.0446 
       0954+658 101026 60151.43264  8305.0  59.9995     1.4003     0.0359 
         MRK421 102438 60151.43937  8305.0  50.2848     0.4628     0.0275 
       1156+295 103347 60151.44183  8305.0  36.5181     2.1701     0.0421 
       1219+285 103700 60151.45353  8305.0  35.4924     0.5271     0.0421 
       1830-211 221335 60151.92780  8305.0  23.6822     6.6407     0.0658 
       1730-130 223258 60151.94125  8305.0  25.8916     4.1354     0.0490 
       1741-038 223618 60151.94357  8305.0  35.0778     3.0618     0.0420 
       1611+343 224029 60151.94649  8305.0  48.6659     3.0787     0.0457 
       1633+382 224343 60151.94874  8305.0  53.7934     3.0001     0.0470 
          3C345 224650 60151.95090  8305.0  55.3124     5.5656     0.0504 
         Mrk501 224957 60151.95307  8305.0  56.6616     1.4258     0.0396 
       1807+698 225417 60151.95612  8305.0  61.1460     2.2096     0.0569 
          BLLAC 225940 60151.95981  8305.0  68.4005     4.8512     0.0491 
    1ES1959+650 230433 60151.97920  8305.0  68.8655     0.2549     0.0174 
       1830-211 233335 60151.98335  8305.0  18.5946     6.7693     0.0695 
       1730-130 234416 60151.99077  8305.0  17.3540     4.3097     0.0645 
       1741-038 234735 60151.99308  8305.0  26.0112     3.0301     0.0520 
       1611+343 235139 60151.99590  8305.0  36.1478     3.1172     0.0453 
       1633+382 235452 60151.99815  8305.0  41.3654     3.0696     0.0488 
          3C345 235800 60152.00031  8305.0  42.9618     5.7395     0.0703 
         Mrk501 000106 60152.00247  8305.0  44.2619     1.4271     0.0420 
       1807+698 000505 60152.00529  8305.0  56.1664     2.1597     0.0506 
          BLLAC 001304 60152.01078  8305.0  81.4806     5.4119     0.1427 
    1ES1959+650 001843 60152.02073  8305.0  65.8100     0.2425     0.0231 
       2223-052 024053 60152.11728  8305.0  37.0636     3.6428     0.0380 
       2230+114 024959 60152.11975  8305.0  52.8870     4.4833     0.0501 
        3C454.3 025313 60152.12198  8305.0  58.6924    13.2578     0.0972 
          3C380 025812 60152.12546  8305.0  35.5658     3.7485     0.0472 
          3C66A 030405 60152.12955  8305.0  65.8830     0.9847     0.0362 
           3C84 030731 60152.13193  8305.0  55.9777    47.6437     0.3145 
       2344+092 031543 60152.14147  8305.0  54.0920     1.3297     0.0253 
       0235+164 032549 60152.15432  8305.0  53.2876     1.0403     0.0193 
        NRAO150 034414 60152.15744  8305.0  57.7641     7.5327     0.0604 
       0336-019 034844 60152.16440  8305.0  31.6452     1.1077     0.0617 
       0420-014 035733 60152.16667  8305.0  26.1488     4.6678     0.0556 
       0440-003 040041 60152.17270  8305.0  25.3100     1.5323     0.0476 
    TXS0506+056 040928 60152.18171  8305.0  27.6111     1.3838     0.0282 
    PKS1222+216 145644 60178.62443  8305.0  61.3479     1.0309     0.0322 
          3C273 150021 60178.62694  8305.0  43.8364    21.1887     0.1566 
          3C279 150338 60178.62922  8305.0  37.9759    14.7788     0.1138 
       1334-127 150658 60178.63153  8305.0  32.2501     2.3725     0.0400 
       1354+195 151103 60178.63437  8305.0  64.6779     1.5565     0.0345 
     PKS1441+25 151442 60178.65242  8305.0  70.0938     0.1518     0.0166 
       1510-089 154116 60178.65535  8305.0  35.4483     2.0739     0.0448 
     PG1553+113 155136 60178.67026  8305.0  53.9230     0.2550     0.0421 
       1606+105 160552 60178.67243  8305.0  52.4167     1.0735     0.0331 
    PKS1222+216 161052 60178.67592  8305.0  50.5052     0.8793     0.0384 
          3C273 161424 60178.67836  8305.0  35.4295    21.6444     0.1614 
          3C279 161741 60178.68065  8305.0  31.6163    15.0822     0.1168 
       1334-127 162102 60178.68297  8305.0  28.6673     2.4089     0.0578 
       1354+195 162506 60178.68580  8305.0  59.9724     1.5972     0.0339 
     PKS1441+25 162832 60178.68746  8305.0  68.9211     0.1665     0.0391 
       1830-211 202052 60178.84952  8305.0  23.8916     6.0571     0.0831 
       1730-130 204142 60178.86399  8305.0  26.3899     4.1718     0.0512 
       1741-038 204502 60178.86630  8305.0  35.6093     2.9314     0.0407 
       1611+343 204915 60178.86923  8305.0  49.5732     2.9964     0.0536 
       1633+382 205228 60178.87148  8305.0  54.6954     2.9923     0.0403 
          3C345 205536 60178.87364  8305.0  56.2098     5.5213     0.0560 
         Mrk501 205842 60178.87580  8305.0  57.5642     1.3776     0.0367 
       1807+698 210303 60178.87888  8305.0  61.4391     1.8253     0.0726 
          BLLAC 210824 60178.88254  8305.0  67.4927     4.6809     0.0487 
    1ES1959+650 211314 60178.90188  8305.0  68.9967     0.2439     0.0184 
       1830-211 214217 60178.90607  8305.0  19.0509     6.0715     0.0734 
       1741-038 220149 60178.91963  8305.0  25.9551     2.9010     0.0642 
       1611+343 220552 60178.92245  8305.0  36.0797     2.9133     0.0504 
       1633+382 220906 60178.92470  8305.0  41.2972     2.8841     0.0482 
          3C345 221213 60178.92686  8305.0  42.8950     5.4828     0.0553 
         Mrk501 221520 60178.92902  8305.0  44.1934     1.3487     0.0381 
       1807+698 221920 60178.93185  8305.0  56.1333     1.9680     0.0411 
          BLLAC 222718 60178.93733  8305.0  81.5490     4.9520     0.0674 
    1ES1959+650 223257 60178.94429  8305.0  66.0800     0.2745     0.0262 
       2223-052 005024 60179.04056  8305.0  37.4073     3.6614     0.0376 
       2230+114 005931 60179.04303  8305.0  53.3185     4.4668     0.0466 
        3C454.3 010244 60179.04526  8305.0  59.0766    13.6549     0.1033 
          3C380 010745 60179.04877  8305.0  36.1824     3.4861     0.0466 
          3C66A 011339 60179.05285  8305.0  65.1240     1.0114     0.0435 
           3C84 011704 60179.05523  8305.0  55.2248    48.3642     0.3473 
       2344+092 012518 60179.06480  8305.0  54.3017     1.3203     0.0249 
       0235+164 013523 60179.07762  8305.0  52.6953     1.1873     0.0191 
        NRAO150 015346 60179.08072  8305.0  57.0861     7.6773     0.0657 
       0336-019 015815 60179.08767  8305.0  31.0543     0.9853     0.0290 
       0420-014 020704 60179.08993  8305.0  25.4816     4.4660     0.0564 
       0440-003 021012 60179.09598  8305.0  24.6256     1.4997     0.0302 
    TXS0506+056 021900 60179.10498  8305.0  26.8835     1.4486     0.0277 
       0528+134 050554 60205.21800  8305.0  58.8765     1.3253     0.0273 
       0716+714 051805 60205.22271  8305.0  60.9320     0.8741     0.0456 
       0736+017 052403 60205.23060  8305.0  42.1346     1.1069     0.0274 
       0735+178 053306 60205.23980  8305.0  58.1881     1.4336     0.0247 
       0829+046 055846 60205.25181  8305.0  42.3443     1.8622     0.0466 
          3c207 060323 60205.25404  8305.0  49.0727     2.1286     0.0449 
       0836+710 060843 60205.25786  8305.0  59.7970     2.4510     0.0460 
          OJ287 061407 60205.26150  8305.0  54.1257     5.3121     0.0527 
       0954+658 061859 60205.27191  8305.0  58.1517     1.1687     0.0282 
         MRK421 063306 60205.27858  8305.0  46.9109     0.5200     0.0262 
       1156+295 064215 60205.28104  8305.0  33.1192     2.7093     0.0504 
       1219+285 064527 60205.29466  8305.0  32.5726     0.5695     0.0205 
    PKS1222+216 141349 60205.59463  8305.0  52.2737     1.1658     0.0372 
          3C273 141722 60205.59709  8305.0  36.8884    24.2254     0.1813 
          3C279 142040 60205.59938  8305.0  32.8060    16.7196     0.1275 
       1334-127 142400 60205.60169  8305.0  29.4734     2.8661     0.0506 
       1354+195 142804 60205.60453  8305.0  61.1263     1.7246     0.0371 
     PKS1441+25 143133 60205.62247  8305.0  68.3274     0.1612     0.0181 
       1510-089 145802 60205.62533  8305.0  36.0863     2.4719     0.0853 
     PG1553+113 150826 60205.64029  8305.0  56.6037     0.4485     0.0270 
       1606+105 152244 60205.64248  8305.0  55.8348     1.1610     0.0426 
          3C273 153059 60205.64821  8305.0  25.9835    24.5099     0.1947 
          3C279 153415 60205.65048  8305.0  23.4493    16.6794     0.1332 
       1334-127 153735 60205.65280  8305.0  22.4387     2.7017     0.0776 
       1354+195 154136 60205.65534  8305.0  51.0595     1.7894     0.0412 
       1830-211 183646 60205.77723  8305.0  23.8296     5.9817     0.0594 
       1730-130 185736 60205.79170  8305.0  26.1913     4.3310     0.0519 
       1741-038 190056 60205.79401  8305.0  35.3966     2.8117     0.0487 
       1611+343 190508 60205.79693  8305.0  49.2072     3.0474     0.0414 
       1633+382 190822 60205.79918  8305.0  54.3313     2.9422     0.0427 
          3C345 191129 60205.80134  8305.0  55.8468     5.5110     0.0537 
         Mrk501 191436 60205.80352  8305.0  57.1971     1.3894     0.0354 
       FLAGGED  1807+698 191857 60205.80658  8305.0  61.3183     4.4181     0.2376 
          BLLAC 192418 60205.81025  8305.0  67.8602     4.2526     0.0476 
    1ES1959+650 192909 60205.82961  8305.0  68.9430     0.2676     0.0179 
       2223-052 225452 60205.96034  8305.0  38.0975     3.5845     0.0380 
       2230+114 230400 60205.96281  8305.0  54.1885     4.3158     0.0470 
        3C454.3 230712 60205.96503  8305.0  59.8300    13.5678     0.1030 
          3C380 231217 60205.96858  8305.0  37.5342     3.6093     0.0449 
          3C66A 231811 60205.97267  8305.0  63.4815     1.0669     0.0363 
           3C84 232136 60205.97504  8305.0  53.6012    47.7480     0.3427 
       2344+092 232953 60205.98465  8305.0  54.6769     1.2769     0.0232 
       0235+164 233957 60205.99746  8305.0  51.3742     1.2639     0.0236 
        NRAO150 235817 60206.00053  8305.0  55.6311     7.3324     0.0639 
       0336-019 000244 60206.00745  8305.0  29.7484     1.1420     0.0272 
       0420-014 001133 60206.00972  8305.0  24.0216     4.6678     0.0552 
       0440-003 001441 60206.01576  8305.0  23.1247     1.4751     0.0313 
    TXS0506+056 002329 60206.02478  8305.0  25.3043     1.2320     0.0264 
       2223-052 004920 60206.03475  8305.0  26.1039     3.5871     0.0803 


         MRK421 212250 59996.89815 24100.0  59.5536     0.5009     0.0577  
           3C84 213847 59996.90358 24100.0  35.1838    32.3140     0.9705  
       0716+714 214431 59996.90949 24100.0  61.6516     0.7615     0.0648  
       0736+017 215458 59996.91481 24100.0  44.3931     1.4628     0.1399  
       0827+243 221032 59996.92751 24100.0  68.3188     0.8781     0.0694  
       0829+046 221651 59996.93378 24100.0  48.7393     2.5521     0.0962  
          3c207 222531 59996.93698 24100.0  57.4781     1.4120     0.0867  
       0836+710 223445 59996.94247 24100.0  63.1292     2.0240     0.0986  
          OJ287 224235 59996.94790 24100.0  64.0372     5.7070     0.1849  
       0954+658 230354 59996.96460 24100.0  69.0659     1.6055     0.0808  
       1156+295 231626 59996.97233 24100.0  63.6601     6.9938     0.1665  
       1219+285 232054 59996.98014 24100.0  61.2533     0.5288     0.0541  
          3C273 013543 59997.06813 24100.0  47.4040    14.2524     0.3376  
          3C279 014038 59997.07153 24100.0  39.3375    22.0234     0.4436  
       1354+195 014558 59997.07523 24100.0  60.0502     1.4042     0.0985  
       1334-127 024108 59997.11355 24100.0  32.4015     2.5703     0.1652  
       1611+343 024731 59997.11798 24100.0  59.2399     2.1172     0.0978  
     PG1553+113 044711 59997.21423 24100.0  56.5778     0.3440     0.0442  
       1510-089 051128 59997.21794 24100.0  34.9538     1.7897     0.1426  
       1606+105 051648 59997.22165 24100.0  55.8912     1.1792     0.1039  
     PG1553+113 053820 59997.24974 24100.0  54.4525     0.4613     0.0400  
       1510-089 060238 59997.25348 24100.0  31.3158     1.8703     0.1422  
       1606+105 060802 59997.25723 24100.0  53.9363     1.3303     0.1195  
     PG1553+113 062930 59997.28526 24100.0  49.3574     0.4789     0.0399  
       1510-089 065348 59997.28901 24100.0  25.7880     1.6351     0.2522  
       1606+105 065914 59997.29277 24100.0  49.0136     1.2731     0.1311  
       1730-130 074059 59997.32178 24100.0  30.6240     3.3570     0.1824  
       1741-038 074557 59997.32523 24100.0  39.9665     2.4086     0.1177  
       1830-211 075107 59997.32881 24100.0  24.3744     4.4237     0.1781  
       1633+382 075731 59997.33326 24100.0  63.5457     2.7428     0.0911  
          3C345 080217 59997.33657 24100.0  64.7360     4.9131     0.1317  
         Mrk501 080519 59997.33962 24100.0  65.8747     1.1804     0.0714  
       1807+698 081259 59997.34401 24100.0  63.5163     2.0125     0.0942  
    1ES1959+650 104711 59997.48333 24100.0  60.9033     0.2090     0.0363  
          3C380 115915 59997.50113 24100.0  45.6146     1.8418     0.1074  
       2223-052 120908 59997.50799 24100.0  39.8676     2.2344     0.1439  
       2230+114 121420 59997.51160 24100.0  56.3379     5.1563     0.1273  
        3C454.3 121909 59997.51496 24100.0  61.3956    10.7996     0.2115  
          BLLAC 122527 59997.52026 24100.0  75.3251     9.9012     0.1915  
        NRAO150 151023 59997.63387 24100.0  70.0067    10.4432     0.3085  
       0336-019 152544 59997.64453 24100.0  40.6725     1.7008     0.1091  
       0420-014 155217 59997.66296 24100.0  39.5967     5.7784     0.2110  
       0440-003 155703 59997.66627 24100.0  39.1046     1.5172     0.1273  
    TXS0506+056 160015 59997.67130 24100.0  42.1110     1.3099     0.0886  
       0528+134 160910 59997.67657 24100.0  46.6796     1.3591     0.1100  
    1ES2344+514 162008 59997.71010 24100.0  48.9802     0.1355     0.0424  
       2223-052 054855 60088.24395 24100.0  40.5144     2.4582     0.1562  
       2230+114 055407 60088.24757 24100.0  57.1717     4.6232     0.1165  
        3C454.3 055857 60088.25091 24100.0  61.7518     9.3668     0.1485  
          BLLAC 062347 60088.26911 24100.0  76.0289     6.6068     0.1040  
       2223-052 074339 60088.32363 24100.0  32.4957     2.4198     0.1560  
       2230+114 074849 60088.32721 24100.0  47.0739     4.4748     0.1308  
        3C454.3 075339 60088.33058 24100.0  52.9803     8.9275     0.1588  
          BLLAC 075922 60088.33549 24100.0  59.0582     6.7352     0.1073  
        NRAO150 094949 60088.41125 24100.0  75.7198    11.2260     0.1356  
       0235+164 095919 60088.41783 24100.0  62.0174     1.4530     0.1675  
       0336-019 100435 60088.42149 24100.0  42.9062     2.6497     0.1769  
       2344+092 101051 60088.42586 24100.0  34.9184     1.0985     0.1996  
       0420-014 103052 60088.43975 24100.0  42.4145     5.3349     0.1543  
       0440-003 103538 60088.44306 24100.0  42.4141     1.0986     0.1204  
    TXS0506+056 103850 60088.44809 24100.0  46.2882     1.3807     0.1145  
       0528+134 104747 60088.45337 24100.0  51.6778     1.4020     0.0897  
    1ES2344+514 105833 60088.49101 24100.0  42.8383     0.1899     0.0341  
          3C66A 115005 60088.49477 24100.0  64.6074     0.8414     0.0876  
         MRK421 141145 60088.59879 24100.0  47.2758     0.3527     0.0627  
           3C84 142740 60088.60420 24100.0  46.6395    34.2702     0.3416  
       0716+714 143349 60088.61040 24100.0  63.2075     0.9883     0.0864  
       0736+017 144501 60088.61624 24100.0  47.0476     0.8831     0.1326  
       0735+178 145012 60088.62360 24100.0  63.0079     1.2769     0.0594  
       0827+243 150054 60088.62916 24100.0  68.5510     1.0346     0.0672  
       0829+046 150714 60088.63542 24100.0  49.5477     2.1589     0.0736  
          3c207 151552 60088.63861 24100.0  58.0195     1.6169     0.0928  
       0836+710 152514 60088.64419 24100.0  63.5550     2.8392     0.1856  
          OJ287 153315 60088.64974 24100.0  64.8936     6.7997     0.1138  
       0954+658 155505 60088.66681 24100.0  67.1440     1.6393     0.0789  
       1156+295 160820 60088.67504 24100.0  52.3739     3.6125     0.1034  
       1219+285 161248 60088.67862 24100.0  48.9477     0.3890     0.0911  
     PG1553+113 224900 60088.96548 24100.0  56.5459     0.3361     0.0459  
       1510-089 231317 60088.96920 24100.0  34.7783     2.4558     0.2028  
       FLAGGED 1510-089 000426 60089.00472 24100.0  30.9951    27.3515     0.5368  
       1606+105 000950 60089.00848 24100.0  53.7036     0.9111     0.1184  
       1510-089 005534 60089.04023 24100.0  25.3580     1.9739     0.4631  
       1730-130 013208 60089.06563 24100.0  30.9999     3.0832     0.2845  
       1741-038 013705 60089.06906 24100.0  40.3534     2.5441     0.1934  
       1830-211 014214 60089.07264 24100.0  24.4291     3.5512     0.2946  
       1633+382 014839 60089.07710 24100.0  64.8292     3.0884     0.1176  
          3C345 015326 60089.08042 24100.0  66.0173     4.9137     0.1118  
         Mrk501 015628 60089.08348 24100.0  67.1539     1.0600     0.0945  
       1807+698 020411 60089.08791 24100.0  63.7669     1.9481     0.1161  
           3C84 133357 60115.56689 24100.0  37.9230    33.2574     0.3413  
       0716+714 133948 60115.57288 24100.0  62.2497     0.8057     0.0982  
       0736+017 135024 60115.57831 24100.0  45.5026     0.9969     0.1518  
       0735+178 135532 60115.58564 24100.0  59.9543     1.2422     0.0693  
       0827+243 140604 60115.59107 24100.0  69.2252     0.9140     0.0927  
       0829+046 141224 60115.59734 24100.0  49.4537     2.1261     0.0853  
          3c207 142103 60115.60054 24100.0  58.2310     1.6511     0.0911  
       0836+710 143028 60115.60617 24100.0  63.4728     1.9343     0.1191  
          OJ287 143834 60115.61176 24100.0  64.9521     5.9853     0.1139  
       0954+658 145955 60115.62850 24100.0  68.9489     1.9650     0.0892  
       1156+295 151237 60115.63635 24100.0  61.0689     2.9340     0.0922  
       1219+285 151706 60115.64417 24100.0  58.6309     0.3886     0.1161  
           3C84 153353 60115.65019 24100.0  19.7567    26.2978     0.4474  
       0716+714 153947 60115.65621 24100.0  55.6549     0.5461     0.1264  
       0735+178 155737 60115.67042 24100.0  42.7795     0.9637     0.1556  
       0827+243 160807 60115.67583 24100.0  54.7866     0.9896     0.0959  
       0829+046 161418 60115.68200 24100.0  38.2140     2.2123     0.1176  
          3c207 162257 60115.68519 24100.0  45.9546     1.4809     0.1156  
       0836+710 163105 60115.68992 24100.0  58.0321     2.1739     0.1391  
          OJ287 163746 60115.69454 24100.0  51.3383     5.8845     0.1321  
       0954+658 165906 60115.71127 24100.0  64.6920     1.9637     0.1171  
       1156+295 170956 60115.71783 24100.0  74.5451     3.0299     0.0791  
       1219+285 171436 60115.72200 24100.0  72.9942     0.2328     0.1292  
    PKS1222+216 173822 60115.73663 24100.0  66.7091     0.8818     0.1551  
          3C273 174338 60115.74029 24100.0  47.3999    16.0914     0.2066  
          3C279 174835 60115.74371 24100.0  39.2412    16.7062     0.2006  
       1354+195 175354 60115.74741 24100.0  59.5849     1.6842     0.1022  
     PKS1441+25 175720 60115.78174 24100.0  64.7974     0.1819     0.0462  
       1334-127 184904 60115.78572 24100.0  32.3845     3.3482     0.1704  
       1611+343 185526 60115.79016 24100.0  58.4948     1.9045     0.1256  
       1510-089 211707 60115.88853 24100.0  35.2544     2.6688     0.1571  
       1606+105 212227 60115.89223 24100.0  55.8945     1.0848     0.1341  
     FLAGGED PG1553+113 214401 60115.92036 24100.0  54.9077     0.0086     0.0782  
       1510-089 220820 60115.92410 24100.0  31.8865     2.5240     0.1568  
       1606+105 221343 60115.92785 24100.0  54.3764     1.0319     0.1062  
     PG1553+113 223508 60115.95586 24100.0  50.1374     0.4085     0.0468  
       1510-089 225928 60115.95961 24100.0  26.5727     2.4338     0.2218  
       1606+105 230454 60115.96338 24100.0  49.7677     1.0365     0.2076  
       1730-130 235049 60115.99527 24100.0  30.7505     3.2157     0.1816  
       1741-038 235547 60115.99872 24100.0  40.0945     2.6598     0.1329  
       1830-211 000057 60116.00230 24100.0  24.3862     3.8572     0.2979  
       1633+382 000722 60116.00677 24100.0  63.9564     3.0369     0.1177  
          3C345 001209 60116.01009 24100.0  65.1477     4.7692     0.1144  
         Mrk501 001511 60116.01314 24100.0  66.2844     1.2088     0.0796  
       1807+698 002252 60116.01707 24100.0  63.4923     1.8409     0.2024  
           3C84 024917 60116.11921 24100.0  29.6518    32.4271     0.4143  
    1ES1959+650 025546 60116.15596 24100.0  61.2374     0.2715     0.0426
          3C380 040719 60116.17340 24100.0  46.2438     2.0660     0.1442  
       2223-052 041417 60116.17823 24100.0  40.1196     2.6092     0.1245  
       2230+114 041929 60116.18184 24100.0  56.6705     4.4334     0.1398  
        3C454.3 042418 60116.18520 24100.0  61.5912    10.4108     0.1416  
          BLLAC 043334 60116.19257 24100.0  76.0482     9.0466     0.1051  
           3C84 045028 60116.20336 24100.0  49.4637    36.6486     0.3441  
           3C84 070225 60116.29500 24100.0  72.7205    38.4841     0.3261  
        NRAO150 072552 60116.31128 24100.0  70.5360    10.6617     0.1391  
       0235+164 073243 60116.31604 24100.0  61.8256     0.9983     0.1267  
       0336-019 073805 60116.31977 24100.0  40.6959     2.3393     0.1919  
       2344+092 074426 60116.32417 24100.0  40.6676     0.7903     0.1659  
       0420-014 080439 60116.33822 24100.0  39.6261     5.2458     0.1415  
       0440-003 080927 60116.34155 24100.0  39.1376     1.2527     0.1767  
    TXS0506+056 081239 60116.34659 24100.0  42.1507     1.3478     0.1040  
       0528+134 082136 60116.35187 24100.0  46.7316     1.2169     0.0938  
    1ES2344+514 083235 60116.38516 24100.0  48.9346     0.1558     0.0351  
     FLAGGED PG1553+113 184313 60151.79480 22664.0  56.5240     2.0999     0.0980  
       1510-089 190734 60151.79857 22664.0  34.6652     2.7253     0.2757  
       1606+105 191259 60151.80234 22664.0  55.8629     0.9691     0.0974  
       1510-089 195859 60151.83428 22664.0  30.7771     2.3007     0.2590  
     PG1553+113 202556 60151.86612 22664.0  48.6315     0.3891     0.0306  
       1606+105 205549 60151.87374 22664.0  48.2911     2.0106     0.1524  
       1730-130 213115 60151.89835 22664.0  30.6537     3.5021     0.1586  
       1741-038 213616 60151.90184 22664.0  39.9861     2.3490     0.1422  
       1830-211 214130 60151.90547 22664.0  24.3796     3.7547     0.2147  
       1633+382 214759 60151.90997 22664.0  63.5715     3.2180     0.1145  
          3C345 215253 60151.91338 22664.0  64.7393     5.1047     0.0925  
         Mrk501 215556 60151.91643 22664.0  65.8783     1.8305     1.1138  
       1807+698 220339 60151.92016 22664.0  63.5937     1.9954     0.3420  
    1ES1959+650 003715 60152.05977 22664.0  60.9539     0.2355     0.0247  
          3C380 014956 60152.07799 22664.0  45.6022     2.1996     0.1043  
       2223-052 015953 60152.08490 22664.0  39.8633     2.7708     0.1287  
       2230+114 020509 60152.08855 22664.0  56.3316     4.8097     0.1255  
        3C454.3 021002 60152.09195 22664.0  61.3905    10.7967     0.1237  
          BLLAC 021623 60152.09730 22664.0  75.2700     7.0997     0.0854  
    1ES1959+650 022330 60152.10417 22664.0  54.5859     0.2855     0.0679  
        NRAO150 045349 60152.20569 22664.0  68.8860    10.2849     0.1409  
       0235+164 050356 60152.21272 22664.0  61.5371     1.2601     0.0916  
       0336-019 050923 60152.21650 22664.0  40.1172     2.5527     0.1336  
       2344+092 051549 60152.22097 22664.0  41.7213     1.2215     0.1150  
       0420-014 053610 60152.23510 22664.0  38.9639     5.5665     0.1775  
       0440-003 054104 60152.23851 22664.0  38.4033     1.0575     0.1236  
    TXS0506+056 054416 60152.24354 22664.0  41.2660     1.3047     0.0822  
       0528+134 055316 60152.24884 22664.0  45.7135     1.2910     0.0854  
          3C273 125805 60178.54198 24100.0  46.4366    15.7466     0.1884  
          3C279 130306 60178.54546 24100.0  37.5909    13.6744     0.2706  
       1354+195 130832 60178.54924 24100.0  54.6387     1.3769     0.1547  
       1334-127 140333 60178.58745 24100.0  31.5376     3.8705     0.1891  
       1611+343 140955 60178.59187 24100.0  51.7543     1.9179     0.1979  
    PKS1222+216 143047 60178.60637 24100.0  64.0404     0.8308     0.1639  
          3C273 143606 60178.61006 24100.0  45.5894    14.7995     0.2079  
          3C279 144103 60178.61349 24100.0  38.9667    13.5653     0.1948  
       1354+195 144636 60178.61735 24100.0  64.3335     1.5173     0.1496  
     PG1553+113 165236 60178.71797 24100.0  56.5735     0.5435     0.0670  
       1510-089 171655 60178.72173 24100.0  34.9009     3.6978     0.1739  
       1606+105 172219 60178.72548 24100.0  55.8936     0.9166     0.1424  
       1510-089 180818 60178.75741 24100.0  31.2037     3.7714     0.1528  
       1606+105 181346 60178.76121 24100.0  53.8556     0.9559     0.1593  
     PG1553+113 183516 60178.78927 24100.0  49.1976     0.3754     0.0390  
       1730-130 193222 60178.81579 24100.0  31.2720     3.0147     0.1689  
       1741-038 193724 60178.81929 24100.0  40.6355     2.6298     0.1194  
       1830-211 194240 60178.82294 24100.0  24.4363     3.5462     0.2050  
       1633+382 194908 60178.82745 24100.0  65.8310     2.8912     0.1182  
          3C345 195404 60178.83086 24100.0  67.0004     5.1576     0.1279  
         Mrk501 195706 60178.83391 24100.0  68.1380     1.0370     0.0979  
       1807+698 200455 60178.83841 24100.0  63.9288     2.1465     0.2167  
    1ES1959+650 224647 60178.98305 24100.0  61.3562     0.2783     0.0323  
          3C380 235827 60179.00057 24100.0  46.4274     2.1122     0.1325  
       2223-052 000529 60179.00546 24100.0  40.1572     3.1499     0.1424  
       2230+114 001045 60179.00911 24100.0  56.7180     4.5058     0.1119  
        3C454.3 001540 60179.01253 24100.0  61.6171    11.7815     0.1392  
          BLLAC 002411 60179.01939 24100.0  76.3507     6.8434     0.1053  
    1ES1959+650 003120 60179.02769 24100.0  54.8766     0.2582     0.0714  
        NRAO150 030317 60179.12894 24100.0  68.1971    11.1544     0.1446  
       0235+164 031328 60179.13601 24100.0  61.3226     1.6580     0.1127  
       0336-019 031856 60179.13980 24100.0  39.7445     2.3900     0.1566  
       2344+092 032523 60179.14427 24100.0  42.3549     1.0437     0.1549  
       0420-014 034544 60179.15841 24100.0  38.5369     5.3624     0.1650  
    TXS0506+056 035350 60179.16685 24100.0  40.6909     1.2614     0.1245  
    1ES2344+514 041355 60179.21002 24100.0  49.7390     0.1464     0.0399  
          3C66A 050534 60179.21385 24100.0  72.9023     1.0388     0.1022  
           3C84 102652 60179.43697 24100.0  27.7818    32.7692     0.3705  
       0716+714 103239 60179.44292 24100.0  59.3080     0.7451     0.0971  
       0736+017 104508 60179.44965 24100.0  39.6351     1.5938     0.1753  
       0735+178 105018 60179.45700 24100.0  51.6874     1.2911     0.0775  
       0827+243 110050 60179.46244 24100.0  63.1532     0.9875     0.0978  
          3c207 111545 60179.47187 24100.0  53.2548     1.4994     0.1202  
       0836+710 112429 60179.47701 24100.0  61.2719     2.2571     0.1201  
          OJ287 113145 60179.48203 24100.0  59.1829     6.6412     0.1230  
       0954+658 115308 60179.49880 24100.0  67.9986     2.0463     0.0971  
       1156+295 120501 60179.50608 24100.0  70.5780     2.2983     0.1106  
       1219+285 120931 60179.51390 24100.0  68.4110     0.4148     0.0638  
           3C84 074312 60205.32332 24100.0  37.4223    35.5793     0.5729  
       0736+017 075944 60205.33479 24100.0  45.3112     1.3754     0.1784  
       0735+178 080457 60205.34217 24100.0  59.6397     1.2236     0.0823  
       0827+243 081531 60205.34763 24100.0  69.0851     0.9721     0.0893  
          3c207 083030 60205.35711 24100.0  58.1118     2.3695     0.1494  
       0836+710 083958 60205.36275 24100.0  63.4178     1.9114     0.1485  
          OJ287 084804 60205.36836 24100.0  64.7935     6.6768     0.1462  
       0954+658 090933 60205.38519 24100.0  68.9960     1.0040     0.1127  
          3C273 124746 60205.53482 24100.0  45.7185    13.9099     0.2309  
          3C279 125241 60205.53824 24100.0  39.0378    13.3883     0.2201  
       1334-127 135345 60205.58064 24100.0  31.1921     5.7716     0.3337  
       1611+343 140014 60205.58515 24100.0  68.6995     1.9746     0.1180  
       1510-089 163314 60205.69140 24100.0  30.1302     3.2736     0.2198  
     PG1553+113 170011 60205.72254 24100.0  47.7762     0.3695     0.0683  
       1730-130 175207 60205.74617 24100.0  30.9999     2.6102     0.1733  
       1741-038 175709 60205.74967 24100.0  40.3511     2.3203     0.1700  
       1830-211 180223 60205.75331 24100.0  24.4174     3.5014     0.2533  
       1633+382 180851 60205.75780 24100.0  64.7856     2.5800     0.1101  
          3C345 181346 60205.76121 24100.0  65.9494     4.6561     0.1260  
         Mrk501 181648 60205.76427 24100.0  67.0877     1.0219     0.0854  
       1807+698 182435 60205.76873 24100.0  63.7430     1.8698     0.1005  
          3C380 215611 60205.91567 24100.0  48.9371     1.9139     0.1677  
       2223-052 220319 60205.92062 24100.0  40.5393     2.7594     0.1518  
       2230+114 220835 60205.92428 24100.0  57.2060     4.7987     0.1282  
        3C454.3 221330 60205.92769 24100.0  61.7474    11.3433     0.1557  
          BLLAC 224003 60205.94708 24100.0  75.9902     6.5648     0.1216  
        NRAO150 011348 60206.05291 24100.0  67.6741    11.1393     0.1517  
       0235+164 012401 60206.06000 24100.0  61.1480     1.6580     0.0974  
       0336-019 012928 60206.06377 24100.0  39.4522     2.4220     0.1533  
       2344+092 013552 60206.06823 24100.0  42.8341     1.3849     0.1731  
       0420-014 015614 60206.08237 24100.0  38.1914     5.5943     0.1581  
       0440-003 020108 60206.08576 24100.0  37.5390     1.3788     0.1588  
    TXS0506+056 020420 60206.09080 24100.0  40.2429     1.0617     0.0890  
          3C66A 031604 60206.13781 24100.0  73.5016     0.8983     0.1021  











 





























