Data retrieved from old Bach lists
Notice: 
    - exact frequencies are unknown, generic band indicators are used
    - elevations are unknown, a dummy value is used
 
 
        Name    HHMMSS       # MJD    Freq     Elev      Flux    e_Flux  
                                       MHz      deg        Jy        Jy
 
       0219+428 161159 53372.67500 22000.0   0.0000    0.8430    0.0710
       0219+428 144828 53377.61700 22000.0   0.0000    0.9290    0.0690
       0219+428 161159 53377.67500 22000.0   0.0000    0.9120    0.0750
       0219+428 161159 53379.67500 22000.0   0.0000    0.9520    0.0750
       0219+428 144828 53380.61700 22000.0   0.0000    0.8740    0.0750
       0219+428 161159 53380.67500 22000.0   0.0000    0.9750    0.0750
       0219+428 123307 53413.52300 22000.0   0.0000    0.7760    0.0540
       0219+428 124019 53414.52800 22000.0   0.0000    0.6780    0.1180
       0219+428 101033 53441.42400 22000.0   0.0000    0.8260    0.0440
       0219+428 101033 53443.42400 22000.0   0.0000    0.7480    0.0440
       0219+428 143238 53750.60600 22000.0   0.0000    0.6420    0.1660
       0219+428 202107 53765.84800 22000.0   0.0000    0.9490    0.3010
       0219+428 160907 53772.67300 22000.0   0.0000    0.8990    0.2730
       0219+428 122136 53805.51500 22000.0   0.0000    0.8910    0.3420
       0219+428 123852 53805.52700 22000.0   0.0000    0.9960    0.3200
       0219+428 140350 53849.58600 22000.0   0.0000    0.7840    0.3250
       0219+428 123307 53861.52300 22000.0   0.0000    1.0320    0.2640
       0219+428 125150 53861.53600 22000.0   0.0000    1.0320    0.3180
       0219+428 063433 53955.27400 22000.0   0.0000    1.2280    0.3100
       0219+428 053531 53973.23300 22000.0   0.0000    1.2220    0.3180
       0219+428 055540 53973.24700 22000.0   0.0000    1.2100    0.2950
       0219+428 021228 54010.09200 22000.0   0.0000    1.7090    0.3280
       0219+428 211257 54021.88400 22000.0   0.0000    1.5080    0.2580
       0219+428 213307 54021.89800 22000.0   0.0000    1.3320    0.2710
       0219+428 195219 54056.82800 22000.0   0.0000    1.6070    0.4550
       0219+428 201102 54056.84100 22000.0   0.0000    1.2320    0.5510
       0219+428 192916 54119.81200 22000.0   0.0000    1.1840    0.3860
       0219+428 194800 54119.82500 22000.0   0.0000    1.1210    0.3870
       0219+428 200809 54119.83900 22000.0   0.0000    1.2550    0.3750
       0219+428 202652 54119.85200 22000.0   0.0000    0.9000    0.4200
       0219+428 101619 54183.42800 22000.0   0.0000    1.0670    0.2470
       0219+428 103502 54183.44100 22000.0   0.0000    0.9670    0.2260
       0219+428 111228 54183.46700 22000.0   0.0000    0.9030    0.2380
       0219+428 080935 54218.34000 22000.0   0.0000    0.9230    0.3090
       0219+428 080935 54218.34000 22000.0   0.0000    0.9230    0.3090
       0219+428 082819 54218.35300 22000.0   0.0000    0.8910    0.3300
       0219+428 082819 54218.35300 22000.0   0.0000    0.8910    0.3300
       0219+428 084702 54218.36600 22000.0   0.0000    0.9570    0.3220
       0219+428 084702 54218.36600 22000.0   0.0000    0.9570    0.3220
       0219+428 030545 54274.12900 22000.0   0.0000    0.8320    0.5030
       0219+428 032428 54274.14200 22000.0   0.0000    0.8160    0.3940
       0219+428 034438 54274.15600 22000.0   0.0000    1.0710    0.3750
       0219+428 084955 54288.36800 22000.0   0.0000    0.8340    0.2990
       0219+428 090838 54288.38100 22000.0   0.0000    0.9810    0.3150
       0219+428 014926 54323.07600 22000.0   0.0000    1.0160    0.5170
       0219+428 004731 54345.03300 22000.0   0.0000    0.8510    0.3600
       0219+428 014507 54345.07300 22000.0   0.0000    0.9150    0.3210
       0219+428 050516 54372.21200 22000.0   0.0000    1.4870    0.4480
       0219+428 052526 54372.22600 22000.0   0.0000    1.4640    0.5310
       0219+428 040907 54386.17300 22000.0   0.0000    1.4350    0.1900
       0219+428 144536 54455.61500 22000.0   0.0000    0.9410    0.1430
       0219+428 145833 54455.62400 22000.0   0.0000    0.7570    0.1890
       0219+428 151131 54455.63300 22000.0   0.0000    1.3520    0.1670
       0219+428 153852 54460.65200 22000.0   0.0000    1.1020    0.3110
       0219+428 185024 54510.78500 22000.0   0.0000    1.4620    0.2150
       0219+428 160614 54561.67100 22000.0   0.0000    1.2990    0.1620
       0219+428 162624 54561.68500 22000.0   0.0000    1.4330    0.1470
       0219+428 084828 54651.36700 22000.0   0.0000    1.1970    0.2450
       0219+428 090252 54651.37700 22000.0   0.0000    1.4040    0.3010
       0219+428 072750 54666.31100 22000.0   0.0000    0.8410    0.1880
       0219+428 074047 54666.32000 22000.0   0.0000    1.0440    0.1770
       0219+428 062555 54687.26800 22000.0   0.0000    0.9450    0.1780
       0219+428 033140 54722.14700 22000.0   0.0000    1.0840    0.2680
       0219+428 005024 54779.03500 22000.0   0.0000    0.6550    0.2690
       0219+428 161745 54911.67900 22000.0   0.0000    1.5360    0.5500
       0219+428 163043 54911.68800 22000.0   0.0000    0.9210    0.4150
       0219+428 101033 55001.42400 22000.0   0.0000    1.2870    0.3340
       0219+428 024409 55062.11400 22000.0   0.0000    0.9510    0.1970
       0219+428 025833 55062.12400 22000.0   0.0000    0.6080    0.1660
       0219+428 012916 55099.06200 22000.0   0.0000    1.1770    0.6360
       0219+428 015345 55121.07900 22000.0   0.0000    1.3960    0.2300
       0219+428 020809 55121.08900 22000.0   0.0000    0.6130    0.1700
       0219+428 205707 55208.87300 22000.0   0.0000    0.6040    0.2790
       0219+428 211004 55208.88200 22000.0   0.0000    1.3190    0.2350
       0219+428 053238 53855.23100 43000.0   0.0000    1.2720    0.6830
       0219+428 070155 53855.29300 43000.0   0.0000    1.0400    0.6000
       0219+428 043209 53879.18900 43000.0   0.0000    1.0480    0.4590
       0219+428 060126 53879.25100 43000.0   0.0000    0.8930    0.4340
       0219+428 013502 53931.06600 43000.0   0.0000    1.1630    0.4800
       0219+428 030545 53931.12900 43000.0   0.0000    1.0240    0.4770
       0219+428 233657 53950.98400 43000.0   0.0000    1.4250    0.5010
       0219+428 010614 53951.04600 43000.0   0.0000    1.1720    0.4240
       0219+428 233950 53951.98600 43000.0   0.0000    1.2080    0.4250
       0219+428 010614 53952.04600 43000.0   0.0000    1.4820    0.4750
       0219+428 233657 53952.98400 43000.0   0.0000    1.3050    0.4620
       0219+428 010614 53953.04600 43000.0   0.0000    1.4940    0.4750
       0219+428 225052 53970.95200 43000.0   0.0000    1.3040    0.4910
       0219+428 225052 53971.95200 43000.0   0.0000    1.3050    0.5070
       0219+428 000545 53972.00400 43000.0   0.0000    1.3130    0.4700
       0219+428 000545 53973.00400 43000.0   0.0000    1.0480    0.4550
       0219+428 203657 53998.85900 43000.0   0.0000    1.2640    0.3860
       0219+428 220614 53998.92100 43000.0   0.0000    1.1210    0.3740
       0219+428 203657 53999.85900 43000.0   0.0000    1.2160    0.3710
       0219+428 220614 53999.92100 43000.0   0.0000    1.4070    0.4140
       0219+428 203657 54000.85900 43000.0   0.0000    1.5110    0.4170
       0219+428 183559 54025.77500 43000.0   0.0000    1.1200    0.4830
       0219+428 195052 54025.82700 43000.0   0.0000    1.0390    0.5540
       0219+428 195219 54026.82800 43000.0   0.0000    1.2040    0.5310
       0219+428 023657 54277.10900 43000.0   0.0000    1.1720    0.1470
       0219+428 040740 54277.17200 43000.0   0.0000    1.0050    0.1090
       0219+428 233531 54320.98300 43000.0   0.0000    0.8740    0.2000
       0219+428 010614 54321.04600 43000.0   0.0000    1.0260    0.1580
       0219+428 233404 54321.98200 43000.0   0.0000    0.8030    0.2080
       0219+428 010614 54322.04600 43000.0   0.0000    0.9000    0.1500
       0219+428 220614 54364.92100 43000.0   0.0000    1.0990    0.1380
       0219+428 220614 54365.92100 43000.0   0.0000    0.9390    0.1420
       0219+428 203657 54366.85900 43000.0   0.0000    0.8990    0.1260
       0219+428 220614 54366.92100 43000.0   0.0000    0.9720    0.1290
       0219+428 193628 54390.81700 43000.0   0.0000    1.1010    0.1340
       0219+428 210711 54390.88000 43000.0   0.0000    1.0340    0.1370
       0219+428 182136 54421.76500 43000.0   0.0000    1.1640    0.1870
       0219+428 165219 54422.70300 43000.0   0.0000    0.8810    0.1530
       0219+428 182302 54422.76600 43000.0   0.0000    1.0370    0.1650
       0219+428 165052 54423.70200 43000.0   0.0000    1.0670    0.1640
       0219+428 182136 54423.76500 43000.0   0.0000    1.2590    0.2060
       0219+428 165052 54424.70200 43000.0   0.0000    0.8850    0.1280
       0219+428 182136 54424.76500 43000.0   0.0000    1.2040    0.1720
       0219+428 155150 54435.66100 43000.0   0.0000    1.5230    0.4670
       0219+428 172107 54435.72300 43000.0   0.0000    1.1460    0.2350
       0219+428 165219 54436.70300 43000.0   0.0000    1.0630    0.2410
       0219+428 182136 54436.76500 43000.0   0.0000    1.2800    0.2140
       0219+428 165219 54437.70300 43000.0   0.0000    1.0620    0.2230
       0219+428 182136 54437.76500 43000.0   0.0000    1.3740    0.2380
       0219+428 135219 54479.57800 43000.0   0.0000    1.2820    0.2580
       0219+428 152302 54479.64100 43000.0   0.0000    1.3300    0.2400
       0219+428 135219 54480.57800 43000.0   0.0000    1.1250    0.2010
       0219+428 152136 54480.64000 43000.0   0.0000    1.1890    0.1940
       0219+428 105052 54521.45200 43000.0   0.0000    0.8820    0.1310
       0219+428 122009 54521.51400 43000.0   0.0000    0.9190    0.1400
       0219+428 105219 54522.45300 43000.0   0.0000    0.8050    0.1100
       0219+428 122136 54522.51500 43000.0   0.0000    0.8710    0.1130
       0219+428 105052 54523.45200 43000.0   0.0000    1.0750    0.1360
       0219+428 075219 54556.32800 43000.0   0.0000    1.0770    0.1310
       0219+428 092136 54556.39000 43000.0   0.0000    1.2300    0.1510
       0219+428 075052 54557.32700 43000.0   0.0000    1.2060    0.1960
       0219+428 092302 54557.39100 43000.0   0.0000    1.2340    0.1690
       0219+428 055121 54580.24400 43000.0   0.0000    1.2030    0.1670
       0219+428 072204 54580.30700 43000.0   0.0000    1.2400    0.1580
       0219+428 055121 54581.24400 43000.0   0.0000    1.0890    0.1340
       0219+428 045345 54597.20400 43000.0   0.0000    1.2030    0.1650
       0219+428 062136 54597.26500 43000.0   0.0000    1.0310    0.1630
       0219+428 035150 54611.16100 43000.0   0.0000    1.0650    0.1360
       0219+428 052107 54611.22300 43000.0   0.0000    1.0770    0.1310
       0219+428 035150 54612.16100 43000.0   0.0000    1.0430    0.1310
       0219+428 052107 54612.22300 43000.0   0.0000    1.0230    0.1230
       0219+428 035150 54613.16100 43000.0   0.0000    1.2010    0.1650
       0219+428 052107 54613.22300 43000.0   0.0000    0.9900    0.1180
       0219+428 032009 54642.13900 43000.0   0.0000    1.0690    0.2450
       0219+428 015052 54643.07700 43000.0   0.0000    1.1480    0.1570
       0219+428 032136 54643.14000 43000.0   0.0000    1.1120    0.1620
       0219+428 015219 54644.07800 43000.0   0.0000    1.1110    0.1570
       0219+428 032136 54644.14000 43000.0   0.0000    1.1270    0.1630
       0219+428 005150 54659.03600 43000.0   0.0000    0.8720    0.1570
       0219+428 022107 54659.09800 43000.0   0.0000    1.1520    0.2110
       0219+428 005150 54660.03600 43000.0   0.0000    0.8440    0.1460
       0219+428 022107 54660.09800 43000.0   0.0000    1.1710    0.2070
       0219+428 235121 54679.99400 43000.0   0.0000    0.9070    0.1130
       0219+428 012204 54680.05700 43000.0   0.0000    1.0970    0.1530
       0219+428 235121 54680.99400 43000.0   0.0000    1.0690    0.1510
       0219+428 012204 54681.05700 43000.0   0.0000    0.8830    0.1190
       0219+428 234955 54681.99300 43000.0   0.0000    1.0300    0.1370
       0219+428 012038 54682.05600 43000.0   0.0000    0.9110    0.1280
       0219+428 232107 54707.97300 43000.0   0.0000    0.9960    0.1400
       0219+428 211843 54708.88800 43000.0   0.0000    0.8620    0.2540
       0219+428 232107 54708.97300 43000.0   0.0000    0.8420    0.1250
       0219+428 211843 54709.88800 43000.0   0.0000    0.9970    0.1600
       0219+428 232107 54709.97300 43000.0   0.0000    0.7670    0.1270
       0219+428 211843 54710.88800 43000.0   0.0000    0.9490    0.2380
       0219+428 210545 54743.87900 43000.0   0.0000    1.1600    0.2650
       0219+428 193755 54745.81800 43000.0   0.0000    0.9060    0.2030
       0219+428 210545 54745.87900 43000.0   0.0000    1.0040    0.2610
       0219+428 165052 54779.70200 43000.0   0.0000    0.7140    0.1400
       0219+428 182136 54779.76500 43000.0   0.0000    0.8110    0.1760
       0219+428 181843 54780.76300 43000.0   0.0000    0.9820    0.1600
       0219+428 165219 54807.70300 43000.0   0.0000    0.9310    0.1800
       0219+428 165052 54808.70200 43000.0   0.0000    0.9360    0.1800
       0219+428 152302 54840.64100 43000.0   0.0000    1.4410    0.3490
       0219+428 135052 54841.57700 43000.0   0.0000    1.2600    0.2760
       0219+428 152136 54841.64000 43000.0   0.0000    1.3470    0.3680
       0219+428 152136 54842.64000 43000.0   0.0000    1.1850    0.4600
       0219+428 120545 54878.50400 43000.0   0.0000    1.3250    0.4230
       0219+428 115121 54879.49400 43000.0   0.0000    1.3350    0.2390
       0219+428 075052 54930.32700 43000.0   0.0000    0.6020    0.1080
       0219+428 045052 54961.20200 43000.0   0.0000    0.7840    0.1090
       0219+428 062136 54961.26500 43000.0   0.0000    0.7270    0.1170
       0219+428 015219 55009.07800 43000.0   0.0000    1.0070    0.1370
       0219+428 032009 55009.13900 43000.0   0.0000    1.0160    0.1990
       0219+428 015345 55010.07900 43000.0   0.0000    1.0060    0.1600
       0219+428 032136 55010.14000 43000.0   0.0000    0.8550    0.1310
       0219+428 032009 55011.13900 43000.0   0.0000    1.1030    0.1880
       0219+428 182136 55168.76500 43000.0   0.0000    0.8500    0.1590
       0219+428 135219 55209.57800 43000.0   0.0000    0.7030    0.1230
       0219+428 134340 53388.57200  5000.0   0.0000    1.5960    0.1260
       0219+428 165345 53477.70400  5000.0   0.0000    1.6620    0.0870
       0219+428 182555 53478.76800  5000.0   0.0000    1.5000    0.0940
       0219+428 085248 53503.37000  5000.0   0.0000    1.7560    0.0910
       0219+428 151843 53510.63800  5000.0   0.0000    1.5310    0.1010
       0219+428 063433 53511.27400  5000.0   0.0000    1.6120    0.0870
       0219+428 132457 53511.55900  5000.0   0.0000    1.5800    0.0840
       0219+428 111940 53543.47200  5000.0   0.0000    1.5490    0.0860
       0219+428 061550 53544.26100  5000.0   0.0000    1.6360    0.0920
       0219+428 141228 53544.59200  5000.0   0.0000    1.4840    0.0930
       0219+428 093726 53576.40100  5000.0   0.0000    1.4950    0.0850
       0219+428 054955 53577.24300  5000.0   0.0000    1.5080    0.0870
       0219+428 231228 53605.96700  5000.0   0.0000    1.6200    0.0810
       0219+428 092009 53607.38900  5000.0   0.0000    1.4720    0.0960
       0219+428 205414 53638.87100  5000.0   0.0000    1.5650    0.0780
       0219+428 052400 53639.22500  5000.0   0.0000    1.6320    0.0800
       0219+428 194800 53639.82500  5000.0   0.0000    1.5990    0.0960
       0219+428 230643 53639.96300  5000.0   0.0000    1.4510    0.0770
       0219+428 034438 53640.15600  5000.0   0.0000    1.5300    0.0760
       0219+428 080223 53640.33500  5000.0   0.0000    1.5010    0.0950
       0219+428 202819 53723.85300  5000.0   0.0000    1.7150    0.0950
       0219+428 125609 53724.53900  5000.0   0.0000    1.6210    0.0850
       0219+428 151423 53763.63500  5000.0   0.0000    1.7940    0.1150
       0219+428 204702 53763.86600  5000.0   0.0000    1.6630    0.0930
       0219+428 144116 53770.61200  5000.0   0.0000    1.8160    0.1010
       0219+428 145414 53770.62100  5000.0   0.0000    1.8200    0.0880
       0219+428 111102 53826.46600  5000.0   0.0000    1.7120    0.0860
       0219+428 123307 53851.52300  5000.0   0.0000    1.7540    0.1100
       0219+428 025833 54012.12400  5000.0   0.0000    1.8950    0.1830
       0219+428 031131 54012.13300  5000.0   0.0000    1.9330    0.1750
       0219+428 225052 54023.95200  5000.0   0.0000    1.9570    0.0670
       0219+428 230350 54023.96100  5000.0   0.0000    1.9790    0.0730
       0219+428 094604 54296.40700  5000.0   0.0000    1.7990    0.0800
       0219+428 095902 54296.41600  5000.0   0.0000    1.7780    0.0770
       0219+428 235414 54347.99600  5000.0   0.0000    1.8790    0.0620
       0219+428 000711 54348.00500  5000.0   0.0000    1.7940    0.0590
       0219+428 002136 54348.01500  5000.0   0.0000    1.7490    0.0600
       0219+428 003433 54348.02400  5000.0   0.0000    1.6670    0.0590
       0219+428 033433 54374.14900  5000.0   0.0000    1.7720    0.0620
       0219+428 034731 54374.15800  5000.0   0.0000    1.7720    0.0670
       0219+428 020935 54397.09000  5000.0   0.0000    1.8910    0.2920
       0219+428 141228 54563.59200  5000.0   0.0000    1.8730    0.1060
       0219+428 162331 54912.68300  5000.0   0.0000    1.6430    0.2450
       0219+428 163628 54912.69200  5000.0   0.0000    1.2070    0.2760
       0219+428 154731 54953.65800  5000.0   0.0000    1.4020    0.2790
       0219+428 115833 55002.49900  5000.0   0.0000    1.6410    0.4440
       0219+428 082400 55034.35000  5000.0   0.0000    1.6870    0.2010
       0219+428 072331 55063.30800  5000.0   0.0000    1.6260    0.1590
       0219+428 025540 55100.12200  5000.0   0.0000    1.5470    0.0640
       0219+428 031004 55100.13200  5000.0   0.0000    1.6350    0.0630
       0219+428 044047 55122.19500  5000.0   0.0000    1.5850    0.0740
       0219+428 045512 55122.20500  5000.0   0.0000    1.6230    0.0720
       0219+428 201648 55209.84500  5000.0   0.0000    1.5310    0.0790
       0219+428 203111 55209.85500  5000.0   0.0000    1.5640    0.0730
       0219+428 160907 53349.67300  8000.0   0.0000    1.1730    0.0680
       0219+428 184019 53349.77800  8000.0   0.0000    1.0720    0.0600
       0219+428 011452 53350.05200  8000.0   0.0000    1.0360    0.0730
       0219+428 151843 53350.63800  8000.0   0.0000    1.1610    0.0820
       0219+428 180252 53350.75200  8000.0   0.0000    1.1290    0.0570
       0219+428 221745 53350.92900  8000.0   0.0000    1.0760    0.0580
       0219+428 001423 53351.01000  8000.0   0.0000    1.0780    0.0600
       0219+428 025833 53351.12400  8000.0   0.0000    1.1490    0.0780
       0219+428 174409 53351.73900  8000.0   0.0000    1.1930    0.0580
       0219+428 221033 53351.92400  8000.0   0.0000    1.0500    0.0580
       0219+428 000711 53352.00500  8000.0   0.0000    1.0790    0.0580
       0219+428 022945 53352.10400  8000.0   0.0000    1.1690    0.0760
       0219+428 192916 53387.81200  8000.0   0.0000    1.2720    0.0650
       0219+428 152302 53417.64100  8000.0   0.0000    1.1860    0.0860
       0219+428 090711 53478.38000  8000.0   0.0000    1.1730    0.0700
       0219+428 032428 53511.14200  8000.0   0.0000    1.2850    0.1010
       0219+428 102916 53544.43700  8000.0   0.0000    1.5140    0.0910
       0219+428 021102 53577.09100  8000.0   0.0000    1.1230    0.0760
       0219+428 224214 53637.94600  8000.0   0.0000    1.1020    0.0740
       0219+428 074214 53638.32100  8000.0   0.0000    1.0850    0.0880
       0219+428 003014 53698.02100  8000.0   0.0000    1.2270    0.1680
       0219+428 191159 53698.80000  8000.0   0.0000    1.1540    0.0680
       0219+428 172652 53720.72700  8000.0   0.0000    1.2050    0.0710
       0219+428 215316 53721.91200  8000.0   0.0000    1.0670    0.0750
       0219+428 151423 53722.63500  8000.0   0.0000    1.0800    0.1220
       0219+428 133628 53740.56700  8000.0   0.0000    1.2800    0.0300
       0219+428 133628 53741.56700  8000.0   0.0000    1.3230    0.0390
       0219+428 145121 53741.61900  8000.0   0.0000    1.3740    0.0340
       0219+428 133628 53742.56700  8000.0   0.0000    1.4180    0.0380
       0219+428 145414 53742.62100  8000.0   0.0000    1.2900    0.0320
       0219+428 172526 53742.72600  8000.0   0.0000    1.1990    0.0770
       0219+428 133502 53744.56600  8000.0   0.0000    1.4570    0.0660
       0219+428 161159 53765.67500  8000.0   0.0000    1.3680    0.1270
       0219+428 150000 53771.62500  8000.0   0.0000    1.3090    0.1110
       0219+428 123433 53804.52400  8000.0   0.0000    1.2430    0.1400
       0219+428 124731 53804.53300  8000.0   0.0000    1.1980    0.0900
       0219+428 150419 53830.62800  8000.0   0.0000    1.5060    0.1270
       0219+428 021648 53956.09500  8000.0   0.0000    1.2730    0.1930
       0219+428 004145 53974.02900  8000.0   0.0000    1.1420    0.1460
       0219+428 221326 54010.92600  8000.0   0.0000    1.2150    0.1520
       0219+428 201814 54022.84600  8000.0   0.0000    1.1600    0.1790
       0219+428 194633 54037.82400  8000.0   0.0000    1.4680    0.3300
       0219+428 173823 54058.73500  8000.0   0.0000    1.1860    0.2090
       0219+428 172526 54080.72600  8000.0   0.0000    1.2570    0.1960
       0219+428 153726 54098.65100  8000.0   0.0000    1.1450    0.2910
       0219+428 141521 54121.59400  8000.0   0.0000    1.1410    0.1640
       0219+428 153726 54198.65100  8000.0   0.0000    1.2330    0.0790
       0219+428 155736 54219.66500  8000.0   0.0000    1.1170    0.0620
       0219+428 155736 54219.66500  8000.0   0.0000    1.1170    0.0620
       0219+428 095902 54275.41600  8000.0   0.0000    1.2800    0.0610
       0219+428 093559 54289.40000  8000.0   0.0000    1.4680    0.1010
       0219+428 111228 54295.46700  8000.0   0.0000    1.3530    0.1320
       0219+428 003307 54325.02300  8000.0   0.0000    1.2550    0.1840
       0219+428 053823 54373.23500  8000.0   0.0000    1.3000    0.0610
       0219+428 170809 54421.71400  8000.0   0.0000    1.1190    0.1760
       0219+428 155736 54435.66500  8000.0   0.0000    1.1120    0.1750
       0219+428 113823 54513.48500  8000.0   0.0000    1.5330    0.1390
       0219+428 140223 54576.58500  8000.0   0.0000    1.3470    0.0730
       0219+428 122848 54605.52000  8000.0   0.0000    1.3410    0.1530
       0219+428 093559 54640.40000  8000.0   0.0000    1.2450    0.0720
       0219+428 081814 54652.34600  8000.0   0.0000    1.2240    0.0980
       0219+428 073335 54667.31500  8000.0   0.0000    1.3340    0.1160
       0219+428 062428 54688.26700  8000.0   0.0000    1.2070    0.0780
       0219+428 044214 54723.19600  8000.0   0.0000    1.2050    0.1530
       0219+428 001004 54778.00700  8000.0   0.0000    1.2430    0.1400
       0219+428 101452 55003.42700  8000.0   0.0000    1.0260    0.1190
       0219+428 093140 55035.39700  8000.0   0.0000    1.0710    0.0760
       0219+428 054243 55064.23800  8000.0   0.0000    0.9060    0.0650
       0219+428 061716 55077.26200  8000.0   0.0000    1.1460    0.1200
       0219+428 035736 55101.16500  8000.0   0.0000    1.0450    0.0670
       0219+428 031550 55123.13600  8000.0   0.0000    0.8640    0.0910
       0219+428 201940 55207.84700  8000.0   0.0000    1.0310    0.0700
       0235+164 173531 53376.73300 22000.0   0.0000    1.6150    0.1060
       0235+164 183140 53376.77200 22000.0   0.0000    1.7060    0.1140
       0235+164 173531 53377.73300 22000.0   0.0000    1.6460    0.1070
       0235+164 183140 53377.77200 22000.0   0.0000    1.6270    0.1100
       0235+164 183140 53378.77200 22000.0   0.0000    1.6330    0.1120
       0235+164 173531 53379.73300 22000.0   0.0000    1.5800    0.1130
       0235+164 183140 53379.77200 22000.0   0.0000    1.6220    0.1070
       0235+164 173823 53380.73500 22000.0   0.0000    1.6290    0.1100
       0235+164 183140 53380.77200 22000.0   0.0000    1.5780    0.1030
       0235+164 154019 53413.65300 22000.0   0.0000    1.3880    0.0670
       0235+164 131033 53414.54900 22000.0   0.0000    1.2700    0.1070
       0235+164 143950 53414.61100 22000.0   0.0000    1.3460    0.1660
       0235+164 154019 53414.65300 22000.0   0.0000    1.4420    0.0950
       0235+164 103502 53441.44100 22000.0   0.0000    1.1700    0.1400
       0235+164 120252 53441.50200 22000.0   0.0000    1.0810    0.0900
       0235+164 131033 53442.54900 22000.0   0.0000    1.1450    0.0830
       0235+164 104047 53443.44500 22000.0   0.0000    1.2450    0.0560
       0235+164 121004 53443.50700 22000.0   0.0000    1.2080    0.0580
       0235+164 094019 53465.40300 22000.0   0.0000    0.9880    0.4040
       0235+164 111102 53465.46600 22000.0   0.0000    0.7080    0.5320
       0235+164 121004 53465.50700 22000.0   0.0000    1.0780    0.4040
       0235+164 071033 53510.29900 22000.0   0.0000    0.5970    0.4320
       0235+164 071033 53511.29900 22000.0   0.0000    0.4090    0.5280
       0235+164 222750 53636.93600 22000.0   0.0000    1.7910    0.4280
       0235+164 223921 53636.94400 22000.0   0.0000    1.6950    0.4180
       0235+164 030545 53638.12900 22000.0   0.0000    1.7810    0.3120
       0235+164 031716 53638.13700 22000.0   0.0000    1.7170    0.3280
       0235+164 200643 53697.83800 22000.0   0.0000    3.5590    0.5080
       0235+164 201648 53697.84500 22000.0   0.0000    3.3810    0.4280
       0235+164 192457 53722.80900 22000.0   0.0000    2.8100    0.4070
       0235+164 193628 53722.81700 22000.0   0.0000    2.7140    0.4090
       0235+164 214311 53742.90500 22000.0   0.0000    2.7870    0.3930
       0235+164 215443 53742.91300 22000.0   0.0000    3.0890    0.4390
       0235+164 220740 53743.92200 22000.0   0.0000    3.1150    0.3430
       0235+164 221912 53743.93000 22000.0   0.0000    2.8050    0.3350
       0235+164 151131 53750.63300 22000.0   0.0000    3.2810    0.1980
       0235+164 200935 53765.84000 22000.0   0.0000    2.6680    0.3720
       0235+164 164047 53766.69500 22000.0   0.0000    2.6240    0.3790
       0235+164 165219 53766.70300 22000.0   0.0000    2.5490    0.2980
       0235+164 162331 53772.68300 22000.0   0.0000    2.8460    0.3180
       0235+164 163502 53772.69100 22000.0   0.0000    2.9560    0.3210
       0235+164 164800 53772.70000 22000.0   0.0000    2.9480    0.3180
       0235+164 132750 53805.56100 22000.0   0.0000    2.9640    0.3200
       0235+164 134047 53805.57000 22000.0   0.0000    3.0330    0.3210
       0235+164 104926 53849.45100 22000.0   0.0000    2.1420    0.3200
       0235+164 110223 53849.46000 22000.0   0.0000    2.2080    0.3320
       0235+164 054243 53927.23800 22000.0   0.0000    1.7520    0.3810
       0235+164 033852 53955.15200 22000.0   0.0000    1.7450    0.3110
       0235+164 035150 53955.16100 22000.0   0.0000    1.3950    0.2960
       0235+164 040447 53955.17000 22000.0   0.0000    1.2060    0.3020
       0235+164 023823 53973.11000 22000.0   0.0000    0.8650    0.3430
       0235+164 025121 53973.11900 22000.0   0.0000    1.2750    0.3240
       0235+164 030419 53973.12800 22000.0   0.0000    0.8730    0.3170
       0235+164 231648 54009.97000 22000.0   0.0000    0.8700    0.3120
       0235+164 232945 54009.97900 22000.0   0.0000    0.4500    0.2760
       0235+164 225219 54021.95300 22000.0   0.0000    0.5670    0.2780
       0235+164 230643 54021.96300 22000.0   0.0000    0.6430    0.2830
       0235+164 214311 54056.90500 22000.0   0.0000    0.7320    0.4090
       0235+164 215609 54056.91400 22000.0   0.0000    1.0620    0.4810
       0235+164 220907 54056.92300 22000.0   0.0000    0.7650    0.6530
       0235+164 220740 54080.92200 22000.0   0.0000    0.7360    0.3240
       0235+164 222038 54080.93100 22000.0   0.0000    0.8980    0.3340
       0235+164 223335 54080.94000 22000.0   0.0000    1.1080    0.3470
       0235+164 165512 54119.70500 22000.0   0.0000    1.2250    0.4940
       0235+164 170935 54119.71500 22000.0   0.0000    1.5250    0.4490
       0235+164 172233 54119.72400 22000.0   0.0000    1.0650    0.3560
       0235+164 173531 54119.73300 22000.0   0.0000    1.0530    0.3970
       0235+164 151423 54147.63500 22000.0   0.0000    2.0710    0.2640
       0235+164 154019 54147.65300 22000.0   0.0000    1.9450    0.3280
       0235+164 131033 54183.54900 22000.0   0.0000    3.6950    0.4320
       0235+164 132331 54183.55800 22000.0   0.0000    3.6990    0.4290
       0235+164 133755 54183.56800 22000.0   0.0000    3.8030    0.4540
       0235+164 135052 54183.57700 22000.0   0.0000    3.9860    0.4740
       0235+164 084116 54197.36200 22000.0   0.0000    4.0450    0.4140
       0235+164 085414 54197.37100 22000.0   0.0000    4.1270    0.3540
       0235+164 093140 54218.39700 22000.0   0.0000    5.5030    0.4170
       0235+164 093140 54218.39700 22000.0   0.0000    5.5030    0.4170
       0235+164 094438 54218.40600 22000.0   0.0000    5.3310    0.4240
       0235+164 094438 54218.40600 22000.0   0.0000    5.3310    0.4240
       0235+164 095736 54218.41500 22000.0   0.0000    5.4300    0.3790
       0235+164 095736 54218.41500 22000.0   0.0000    5.4300    0.3790
       0235+164 042331 54274.18300 22000.0   0.0000    3.1530    0.5940
       0235+164 044800 54274.20000 22000.0   0.0000    2.8610    0.4570
       0235+164 060545 54288.25400 22000.0   0.0000    2.1240    0.3240
       0235+164 061843 54288.26300 22000.0   0.0000    2.8040    0.2960
       0235+164 080643 54294.33800 22000.0   0.0000    2.4060    0.3260
       0235+164 081940 54294.34700 22000.0   0.0000    2.2260    0.3620
       0235+164 083404 54294.35700 22000.0   0.0000    2.3930    0.3550
       0235+164 042916 54323.18700 22000.0   0.0000    2.2750    1.0190
       0235+164 034019 54345.15300 22000.0   0.0000    1.9640    0.3590
       0235+164 040614 54345.17100 22000.0   0.0000    1.6990    0.3540
       0235+164 041912 54345.18000 22000.0   0.0000    1.7050    0.4300
       0235+164 022233 54372.09900 22000.0   0.0000    1.9010    0.5480
       0235+164 023531 54372.10800 22000.0   0.0000    1.7120    0.6710
       0235+164 005316 54386.03700 22000.0   0.0000    0.8170    0.2790
       0235+164 010614 54386.04600 22000.0   0.0000    1.0910    0.2100
       0235+164 011912 54386.05500 22000.0   0.0000    1.4940    0.1700
       0235+164 195638 54456.83100 22000.0   0.0000    1.4990    0.2900
       0235+164 202233 54456.84900 22000.0   0.0000    1.4540    0.2040
       0235+164 203531 54456.85800 22000.0   0.0000    1.4970    0.2460
       0235+164 204955 54456.86800 22000.0   0.0000    1.1860    0.2500
       0235+164 185024 54460.78500 22000.0   0.0000    0.8560    0.2070
       0235+164 190321 54460.79400 22000.0   0.0000    1.2100    0.2280
       0235+164 151257 54510.63400 22000.0   0.0000    0.9970    0.1040
       0235+164 152555 54510.64300 22000.0   0.0000    1.0230    0.1150
       0235+164 153852 54510.65200 22000.0   0.0000    0.9200    0.1110
       0235+164 131619 54561.55300 22000.0   0.0000    1.2920    0.1420
       0235+164 133043 54561.56300 22000.0   0.0000    1.9530    0.1430
       0235+164 134340 54561.57200 22000.0   0.0000    1.5770    0.1420
       0235+164 132624 54575.56000 22000.0   0.0000    1.1220    0.5060
       0235+164 133921 54575.56900 22000.0   0.0000    2.6200    0.6850
       0235+164 114243 54604.48800 22000.0   0.0000    2.8180    0.3520
       0235+164 102038 54639.43100 22000.0   0.0000    3.3960    0.3620
       0235+164 103502 54639.44100 22000.0   0.0000    3.2720    0.3550
       0235+164 093140 54651.39700 22000.0   0.0000    2.1120    0.3930
       0235+164 075931 54666.33300 22000.0   0.0000    3.1460    0.3180
       0235+164 065736 54687.29000 22000.0   0.0000    2.7810    0.3720
       0235+164 034731 54722.15800 22000.0   0.0000    4.1060    0.8380
       0235+164 040028 54722.16700 22000.0   0.0000    4.8350    0.9830
       0235+164 010614 54779.04600 22000.0   0.0000    7.1190    0.7660
       0235+164 011912 54779.05500 22000.0   0.0000    6.7430    0.7330
       0235+164 220740 54815.92200 22000.0   0.0000    4.4730    0.6300
       0235+164 222038 54815.93100 22000.0   0.0000    3.6480    0.6810
       0235+164 152009 54911.63900 22000.0   0.0000    3.3250    0.4760
       0235+164 153307 54911.64800 22000.0   0.0000    2.5190    0.4340
       0235+164 064857 55032.28400 22000.0   0.0000    1.6150    0.4640
       0235+164 014507 55062.07300 22000.0   0.0000    1.1800    0.2170
       0235+164 015804 55062.08200 22000.0   0.0000    1.3920    0.2170
       0235+164 004438 55099.03100 22000.0   0.0000    1.1830    0.1610
       0235+164 005316 55121.03700 22000.0   0.0000    1.6620    0.2790
       0235+164 201102 55208.84100 22000.0   0.0000    0.5910    0.3220
       0235+164 075052 53854.32700 43000.0   0.0000    1.5040    0.7030
       0235+164 045052 53879.20200 43000.0   0.0000    1.7590    0.7050
       0235+164 065150 53879.28600 43000.0   0.0000    1.7030    0.4990
       0235+164 025121 53911.11900 43000.0   0.0000    1.8380    0.7700
       0235+164 045052 53913.20200 43000.0   0.0000    1.8080    0.6090
       0235+164 035150 53928.16100 43000.0   0.0000    1.2670    0.4610
       0235+164 035024 53931.16000 43000.0   0.0000    1.3540    0.6480
       0235+164 235121 53950.99400 43000.0   0.0000    0.7380    0.4930
       0235+164 015052 53951.07700 43000.0   0.0000    1.1730    0.4150
       0235+164 015052 53952.07700 43000.0   0.0000    0.9270    0.3820
       0235+164 235121 53952.99400 43000.0   0.0000    0.9590    0.4510
       0235+164 015052 53953.07700 43000.0   0.0000    1.0820    0.4140
       0235+164 230643 53970.96300 43000.0   0.0000    0.7720    0.6040
       0235+164 005150 53971.03600 43000.0   0.0000    0.6800    0.3920
       0235+164 005150 53972.03600 43000.0   0.0000    0.9480    0.4530
       0235+164 230643 53972.96300 43000.0   0.0000    0.8700    0.5060
       0235+164 005150 53973.03600 43000.0   0.0000    0.6510    0.3870
       0235+164 225052 53997.95200 43000.0   0.0000    0.4320    0.3330
       0235+164 205121 53998.86900 43000.0   0.0000    0.7870    0.4170
       0235+164 205121 53999.86900 43000.0   0.0000    0.4570    0.4260
       0235+164 225052 53999.95200 43000.0   0.0000    0.6010    0.3090
       0235+164 205121 54000.86900 43000.0   0.0000    0.7410    0.4050
       0235+164 203657 54025.85900 43000.0   0.0000    0.5590    0.4060
       0235+164 203657 54026.85900 43000.0   0.0000    0.3950    0.3610
       0235+164 025121 54277.11900 43000.0   0.0000    2.6840    0.3800
       0235+164 045052 54277.20200 43000.0   0.0000    2.8200    0.4570
       0235+164 235248 54320.99500 43000.0   0.0000    1.5340    0.3320
       0235+164 015219 54321.07800 43000.0   0.0000    1.5090    0.2540
       0235+164 235121 54321.99400 43000.0   0.0000    1.4910    0.2890
       0235+164 015052 54322.07700 43000.0   0.0000    1.4440    0.2070
       0235+164 225052 54364.95200 43000.0   0.0000    1.3480    0.1680
       0235+164 205833 54366.87400 43000.0   0.0000    1.1260    0.1490
       0235+164 225219 54366.95300 43000.0   0.0000    1.1100    0.1690
       0235+164 195052 54390.82700 43000.0   0.0000    1.6650    0.1990
       0235+164 205248 54390.87000 43000.0   0.0000    1.3670    0.1960
       0235+164 212136 54390.89000 43000.0   0.0000    1.5200    0.1790
       0235+164 183014 54421.77100 43000.0   0.0000    1.3950    0.1870
       0235+164 180252 54422.75200 43000.0   0.0000    1.6740    0.2580
       0235+164 183559 54422.77500 43000.0   0.0000    1.2430    0.1830
       0235+164 170643 54423.71300 43000.0   0.0000    1.1990    0.2020
       0235+164 180252 54423.75200 43000.0   0.0000    1.5660    0.2630
       0235+164 183726 54423.77600 43000.0   0.0000    1.3140    0.1930
       0235+164 170643 54424.71300 43000.0   0.0000    1.5450    0.2270
       0235+164 180252 54424.75200 43000.0   0.0000    1.3450    0.2260
       0235+164 183559 54424.77500 43000.0   0.0000    1.3370    0.1830
       0235+164 173657 54435.73400 43000.0   0.0000    1.6020    0.3570
       0235+164 180252 54436.75200 43000.0   0.0000    1.4420    0.3020
       0235+164 183559 54436.77500 43000.0   0.0000    1.4210    0.2360
       0235+164 180252 54437.75200 43000.0   0.0000    1.2980    0.2990
       0235+164 183559 54437.77500 43000.0   0.0000    1.3570    0.2350
       0235+164 173238 54450.73100 43000.0   0.0000    1.7210    0.2840
       0235+164 153559 54479.65000 43000.0   0.0000    1.0510    0.1790
       0235+164 140643 54480.58800 43000.0   0.0000    1.3590    0.2190
       0235+164 150252 54480.62700 43000.0   0.0000    1.1690    0.2040
       0235+164 153559 54480.65000 43000.0   0.0000    1.1410    0.1970
       0235+164 124019 54506.52800 43000.0   0.0000    1.0320    0.1670
       0235+164 110809 54521.46400 43000.0   0.0000    1.3280    0.1740
       0235+164 120252 54521.50200 43000.0   0.0000    1.3740    0.1810
       0235+164 110643 54522.46300 43000.0   0.0000    1.2130    0.1460
       0235+164 120252 54522.50200 43000.0   0.0000    1.2480    0.1620
       0235+164 110516 54523.46200 43000.0   0.0000    1.3280    0.1530
       0235+164 080643 54556.33800 43000.0   0.0000    1.8030    0.1970
       0235+164 090252 54556.37700 43000.0   0.0000    1.9940    0.2520
       0235+164 093559 54556.40000 43000.0   0.0000    1.6650    0.1890
       0235+164 080643 54557.33800 43000.0   0.0000    1.5660    0.2060
       0235+164 093433 54557.39900 43000.0   0.0000    2.1660    0.2700
       0235+164 073628 54580.31700 43000.0   0.0000    2.0430    0.2260
       0235+164 060419 54597.25300 43000.0   0.0000    2.5310    0.3790
       0235+164 063726 54597.27600 43000.0   0.0000    2.4230    0.3360
       0235+164 050223 54611.21000 43000.0   0.0000    3.4460    0.3830
       0235+164 053657 54611.23400 43000.0   0.0000    3.3600    0.3410
       0235+164 050350 54612.21100 43000.0   0.0000    3.4680    0.3430
       0235+164 053657 54612.23400 43000.0   0.0000    2.9800    0.3140
       0235+164 050350 54613.21100 43000.0   0.0000    3.2830    0.3390
       0235+164 053657 54613.23400 43000.0   0.0000    3.0580    0.3060
       0235+164 020643 54642.08800 43000.0   0.0000    4.2960    0.4630
       0235+164 030252 54642.12700 43000.0   0.0000    3.7860    0.5840
       0235+164 033307 54642.14800 43000.0   0.0000    4.2670    0.7830
       0235+164 020643 54643.08800 43000.0   0.0000    4.5040    0.4780
       0235+164 030252 54643.12700 43000.0   0.0000    4.4040    0.5220
       0235+164 033559 54643.15000 43000.0   0.0000    4.3200    0.5110
       0235+164 020643 54644.08800 43000.0   0.0000    4.2560    0.4530
       0235+164 030252 54644.12700 43000.0   0.0000    4.6510    0.5350
       0235+164 033726 54644.15100 43000.0   0.0000    4.2750    0.5270
       0235+164 020223 54659.08500 43000.0   0.0000    4.5290    0.6680
       0235+164 023657 54659.10900 43000.0   0.0000    4.0720    0.6470
       0235+164 020350 54660.08600 43000.0   0.0000    4.4680    0.6720
       0235+164 023657 54660.10900 43000.0   0.0000    4.2330    0.6600
       0235+164 010321 54680.04400 43000.0   0.0000    4.0140    0.4140
       0235+164 013628 54680.06700 43000.0   0.0000    3.6790    0.3860
       0235+164 010321 54681.04400 43000.0   0.0000    3.6710    0.4050
       0235+164 013628 54681.06700 43000.0   0.0000    3.7140    0.3920
       0235+164 010321 54682.04400 43000.0   0.0000    4.2150    0.4690
       0235+164 013628 54682.06700 43000.0   0.0000    3.8160    0.4020
       0235+164 220740 54707.92200 43000.0   0.0000    6.0030    0.6290
       0235+164 230350 54707.96100 43000.0   0.0000    5.4340    0.6180
       0235+164 233657 54707.98400 43000.0   0.0000    4.9500    0.5400
       0235+164 220614 54708.92100 43000.0   0.0000    5.5530    0.6070
       0235+164 230350 54708.96100 43000.0   0.0000    5.0690    0.5630
       0235+164 233657 54708.98400 43000.0   0.0000    4.9360    0.5280
       0235+164 220614 54709.92100 43000.0   0.0000    4.8110    0.5500
       0235+164 230350 54709.96100 43000.0   0.0000    5.4170    0.6320
       0235+164 233657 54709.98400 43000.0   0.0000    4.7550    0.5380
       0235+164 195219 54743.82800 43000.0   0.0000    5.6860    0.8140
       0235+164 204828 54743.86700 43000.0   0.0000    5.6690    0.9070
       0235+164 212302 54743.89100 43000.0   0.0000    5.1720    0.8720
       0235+164 195052 54744.82700 43000.0   0.0000    6.0630    0.8180
       0235+164 204828 54744.86700 43000.0   0.0000    5.3790    0.8350
       0235+164 212136 54744.89000 43000.0   0.0000    5.5310    0.8350
       0235+164 195052 54745.82700 43000.0   0.0000    6.2930    0.8530
       0235+164 204828 54745.86700 43000.0   0.0000    5.0780    0.8430
       0235+164 212136 54745.89000 43000.0   0.0000    5.0690    0.7650
       0235+164 170643 54779.71300 43000.0   0.0000    6.5850    0.8870
       0235+164 180252 54779.75200 43000.0   0.0000    6.5240    0.9050
       0235+164 183559 54779.77500 43000.0   0.0000    5.6670    0.7940
       0235+164 170643 54780.71300 43000.0   0.0000    6.4770    0.8770
       0235+164 180252 54780.75200 43000.0   0.0000    6.1710    0.8480
       0235+164 183559 54780.77500 43000.0   0.0000    5.7470    0.7990
       0235+164 170643 54781.71300 43000.0   0.0000    5.7220    0.8000
       0235+164 180252 54781.75200 43000.0   0.0000    6.3920    0.8790
       0235+164 183559 54781.77500 43000.0   0.0000    5.9980    0.8710
       0235+164 170643 54807.71300 43000.0   0.0000    5.2250    0.6690
       0235+164 180419 54807.75300 43000.0   0.0000    4.4420    0.6600
       0235+164 183559 54807.77500 43000.0   0.0000    4.7230    0.6280
       0235+164 170643 54808.71300 43000.0   0.0000    4.6930    0.6250
       0235+164 180252 54808.75200 43000.0   0.0000    4.4360    0.6160
       0235+164 183559 54808.77500 43000.0   0.0000    4.5990    0.6470
       0235+164 170643 54809.71300 43000.0   0.0000    4.9960    0.7040
       0235+164 180252 54809.75200 43000.0   0.0000    4.3010    0.6060
       0235+164 183559 54809.77500 43000.0   0.0000    4.4440    0.6140
       0235+164 150419 54840.62800 43000.0   0.0000    4.0210    0.7910
       0235+164 153559 54840.65000 43000.0   0.0000    4.0500    0.7660
       0235+164 150252 54841.62700 43000.0   0.0000    3.5240    0.6320
       0235+164 153726 54841.65100 43000.0   0.0000    3.6650    0.6650
       0235+164 140516 54842.58700 43000.0   0.0000    3.7910    0.8210
       0235+164 153559 54842.65000 43000.0   0.0000    3.9360    0.7290
       0235+164 133921 54878.56900 43000.0   0.0000    1.9240    0.3410
       0235+164 120838 54879.50600 43000.0   0.0000    1.7270    0.3930
       0235+164 130321 54879.54400 43000.0   0.0000    1.9210    0.4690
       0235+164 133755 54879.56800 43000.0   0.0000    1.8190    0.3160
       0235+164 090252 54930.37700 43000.0   0.0000    1.8420    0.2570
       0235+164 093559 54930.40000 43000.0   0.0000    1.8060    0.2350
       0235+164 060252 54959.25200 43000.0   0.0000    1.1770    0.2090
       0235+164 063559 54959.27500 43000.0   0.0000    1.4840    0.2010
       0235+164 060252 54961.25200 43000.0   0.0000    1.3470    0.1920
       0235+164 063726 54961.27600 43000.0   0.0000    1.3790    0.1790
       0235+164 030252 55009.12700 43000.0   0.0000    1.5140    0.2410
       0235+164 033559 55009.15000 43000.0   0.0000    1.6050    0.2050
       0235+164 020643 55010.08800 43000.0   0.0000    1.7210    0.2080
       0235+164 030252 55010.12700 43000.0   0.0000    1.5810    0.2300
       0235+164 033559 55010.15000 43000.0   0.0000    1.5600    0.2130
       0235+164 030252 55011.12700 43000.0   0.0000    1.4390    0.1830
       0235+164 033559 55011.15000 43000.0   0.0000    1.5020    0.2210
       0235+164 172652 55156.72700 43000.0   0.0000    1.2940    0.1750
       0235+164 173404 55157.73200 43000.0   0.0000    1.2800    0.1650
       0235+164 174243 55158.73800 43000.0   0.0000    1.3710    0.2480
       0235+164 191159 55158.80000 43000.0   0.0000    1.2650    0.2770
       0235+164 172233 55161.72400 43000.0   0.0000    1.1760    0.2300
       0235+164 184731 55161.78300 43000.0   0.0000    1.4460    0.3210
       0235+164 172526 55164.72600 43000.0   0.0000    1.5090    0.2920
       0235+164 184857 55164.78400 43000.0   0.0000    1.9400    0.3280
       0235+164 172400 55165.72500 43000.0   0.0000    1.5540    0.2760
       0235+164 184857 55165.78400 43000.0   0.0000    1.7430    0.2970
       0235+164 170643 55168.71300 43000.0   0.0000    1.0660    0.1800
       0235+164 180252 55168.75200 43000.0   0.0000    1.1750    0.2130
       0235+164 183726 55168.77600 43000.0   0.0000    1.3810    0.2210
       0235+164 161452 55174.67700 43000.0   0.0000    1.2940    0.1840
       0235+164 174116 55174.73700 43000.0   0.0000    1.1250    0.2050
       0235+164 162331 55175.68300 43000.0   0.0000    1.0710    0.2240
       0235+164 174828 55175.74200 43000.0   0.0000    1.0810    0.1890
       0235+164 161033 55176.67400 43000.0   0.0000    1.4850    0.2110
       0235+164 173657 55176.73400 43000.0   0.0000    1.3890    0.1990
       0235+164 162038 55177.68100 43000.0   0.0000    1.6010    0.2090
       0235+164 174702 55177.74100 43000.0   0.0000    1.6880    0.2890
       0235+164 161912 55181.68000 43000.0   0.0000    1.6210    0.2370
       0235+164 174536 55181.74000 43000.0   0.0000    1.5010    0.2320
       0235+164 152009 55184.63900 43000.0   0.0000    1.7870    0.2440
       0235+164 164507 55184.69800 43000.0   0.0000    1.3090    0.2270
       0235+164 152721 55185.64400 43000.0   0.0000    1.7970    0.2540
       0235+164 165345 55185.70400 43000.0   0.0000    1.6640    0.2600
       0235+164 153307 55186.64800 43000.0   0.0000    1.3980    0.2240
       0235+164 170057 55186.70900 43000.0   0.0000    1.2620    0.2100
       0235+164 154145 55187.65400 43000.0   0.0000    1.5350    0.2070
       0235+164 170809 55187.71400 43000.0   0.0000    1.6610    0.2980
       0235+164 151843 55188.63800 43000.0   0.0000    1.6590    0.2480
       0235+164 164507 55188.69800 43000.0   0.0000    1.5600    0.2230
       0235+164 152428 55189.64200 43000.0   0.0000    1.4150    0.1880
       0235+164 165219 55189.70300 43000.0   0.0000    1.4320    0.2220
       0235+164 140643 55209.58800 43000.0   0.0000    1.2910    0.1910
       0235+164 130907 55213.54800 43000.0   0.0000    1.5740    0.2630
       0235+164 131619 55214.55300 43000.0   0.0000    2.0290    0.2860
       0235+164 170643 53354.71300  5000.0   0.0000    1.3940    0.0570
       0235+164 222916 53354.93700  5000.0   0.0000    1.3890    0.0380
       0235+164 170809 53357.71400  5000.0   0.0000    1.3830    0.0280
       0235+164 221159 53357.92500  5000.0   0.0000    1.3650    0.0300
       0235+164 170809 53358.71400  5000.0   0.0000    1.3840    0.0650
       0235+164 221159 53358.92500  5000.0   0.0000    1.3710    0.0260
       0235+164 170809 53359.71400  5000.0   0.0000    1.3750    0.0240
       0235+164 221159 53359.92500  5000.0   0.0000    1.3790    0.0310
       0235+164 170516 53381.71200  5000.0   0.0000    1.3210    0.0290
       0235+164 174243 53383.73800  5000.0   0.0000    1.2400    0.0240
       0235+164 181550 53384.76100  5000.0   0.0000    1.2530    0.0210
       0235+164 174243 53385.73800  5000.0   0.0000    1.2550    0.0190
       0235+164 174243 53386.73800  5000.0   0.0000    1.2630    0.0200
       0235+164 174243 53387.73800  5000.0   0.0000    1.2300    0.0210
       0235+164 174243 53388.73800  5000.0   0.0000    1.2810    0.0200
       0235+164 174243 53389.73800  5000.0   0.0000    1.3180    0.0220
       0235+164 121716 53444.51200  5000.0   0.0000    1.2280    0.0220
       0235+164 112945 53445.47900  5000.0   0.0000    1.2560    0.0210
       0235+164 112819 53446.47800  5000.0   0.0000    1.2380    0.0210
       0235+164 104214 53448.44600  5000.0   0.0000    1.1830    0.0210
       0235+164 112400 53449.47500  5000.0   0.0000    1.2280    0.0210
       0235+164 104214 53450.44600  5000.0   0.0000    1.2150    0.0220
       0235+164 132624 53454.56000  5000.0   0.0000    1.1710    0.0790
       0235+164 152848 53454.64500  5000.0   0.0000    1.1660    0.0780
       0235+164 154019 53454.65300  5000.0   0.0000    1.2060    0.0960
       0235+164 174536 53456.74000  5000.0   0.0000    1.1710    0.0840
       0235+164 175707 53456.74800  5000.0   0.0000    1.1660    0.0920
       0235+164 121716 53457.51200  5000.0   0.0000    1.1320    0.0780
       0235+164 122848 53457.52000  5000.0   0.0000    1.1670    0.0740
       0235+164 163043 53477.68800  5000.0   0.0000    0.8590    0.1000
       0235+164 164214 53477.69600  5000.0   0.0000    0.8630    0.1060
       0235+164 144955 53505.61800  5000.0   0.0000    1.0450    0.1540
       0235+164 131326 53511.55100  5000.0   0.0000    1.3070    0.0980
       0235+164 105512 53543.45500  5000.0   0.0000    1.1290    0.0990
       0235+164 110643 53543.46300  5000.0   0.0000    1.0780    0.0930
       0235+164 055121 53544.24400  5000.0   0.0000    1.1490    0.0750
       0235+164 060252 53544.25200  5000.0   0.0000    1.1400    0.0820
       0235+164 091257 53576.38400  5000.0   0.0000    1.2800    0.0890
       0235+164 092428 53576.39200  5000.0   0.0000    1.2680    0.0880
       0235+164 052400 53577.22500  5000.0   0.0000    1.1670    0.0880
       0235+164 053657 53577.23400  5000.0   0.0000    1.2540    0.0860
       0235+164 014926 53588.07600  5000.0   0.0000    1.1600    0.0900
       0235+164 015638 53588.08100  5000.0   0.0000    1.2490    0.0780
       0235+164 020935 53588.09000  5000.0   0.0000    1.2120    0.0920
       0235+164 022107 53588.09800  5000.0   0.0000    1.1170    0.0830
       0235+164 224800 53605.95000  5000.0   0.0000    1.3770    0.0930
       0235+164 225931 53605.95800  5000.0   0.0000    1.3510    0.0960
       0235+164 202945 53638.85400  5000.0   0.0000    1.2890    0.0830
       0235+164 204116 53638.86200  5000.0   0.0000    1.3310    0.0930
       0235+164 004145 53639.02900  5000.0   0.0000    1.3170    0.0790
       0235+164 005316 53639.03700  5000.0   0.0000    1.3460    0.0810
       0235+164 045931 53639.20800  5000.0   0.0000    1.3440    0.0920
       0235+164 051102 53639.21600  5000.0   0.0000    1.3730    0.0790
       0235+164 224214 53639.94600  5000.0   0.0000    1.4090    0.0820
       0235+164 225512 53639.95500  5000.0   0.0000    1.2660    0.0800
       0235+164 031843 53640.13800  5000.0   0.0000    1.3490    0.0860
       0235+164 033140 53640.14700  5000.0   0.0000    1.4510    0.0770
       0235+164 200223 53723.83500  5000.0   0.0000    1.8450    0.0960
       0235+164 201521 53723.84400  5000.0   0.0000    1.8360    0.1000
       0235+164 202233 53763.84900  5000.0   0.0000    2.0290    0.1040
       0235+164 203404 53763.85700  5000.0   0.0000    2.0060    0.1020
       0235+164 151257 53770.63400  5000.0   0.0000    2.0010    0.0940
       0235+164 152555 53770.64300  5000.0   0.0000    2.1110    0.0760
       0235+164 153726 53770.65100  5000.0   0.0000    2.0580    0.0830
       0235+164 115707 53826.49800  5000.0   0.0000    1.6140    0.0920
       0235+164 122136 53826.51500  5000.0   0.0000    1.7560    0.0980
       0235+164 032721 53975.14400  5000.0   0.0000    1.5860    0.0790
       0235+164 034019 53975.15300  5000.0   0.0000    1.5190    0.0820
       0235+164 003140 54012.02200  5000.0   0.0000    1.0850    0.0900
       0235+164 004604 54012.03200  5000.0   0.0000    1.1210    0.1090
       0235+164 220907 54023.92300  5000.0   0.0000    0.9730    0.0550
       0235+164 222204 54023.93200  5000.0   0.0000    0.9870    0.0630
       0235+164 223502 54023.94100  5000.0   0.0000    1.0040    0.0610
       0235+164 053238 54276.23100  5000.0   0.0000    2.3970    0.0910
       0235+164 045219 54290.20300  5000.0   0.0000    2.3280    0.0750
       0235+164 050516 54290.21200  5000.0   0.0000    2.3370    0.1120
       0235+164 061004 54297.25700  5000.0   0.0000    2.3610    0.0810
       0235+164 062302 54297.26600  5000.0   0.0000    2.4590    0.0830
       0235+164 021648 54348.09500  5000.0   0.0000    1.7490    0.0660
       0235+164 023111 54348.10500  5000.0   0.0000    1.6910    0.0630
       0235+164 024409 54348.11400  5000.0   0.0000    1.7820    0.0590
       0235+164 025707 54348.12300  5000.0   0.0000    1.8130    0.0610
       0235+164 005609 54374.03900  5000.0   0.0000    1.4930    0.0670
       0235+164 010907 54374.04800  5000.0   0.0000    1.4800    0.0790
       0235+164 232945 54396.97900  5000.0   0.0000    1.3880    0.0580
       0235+164 234409 54396.98900  5000.0   0.0000    1.3940    0.0590
       0235+164 113238 54563.48100  5000.0   0.0000    1.1860    0.1920
       0235+164 114536 54563.49000  5000.0   0.0000    1.1120    0.1610
       0235+164 011033 54724.04900  5000.0   0.0000    3.3270    0.0930
       0235+164 012457 54724.05900  5000.0   0.0000    3.2440    0.0940
       0235+164 135931 54912.58300  5000.0   0.0000    3.2340    0.3570
       0235+164 141228 54912.59200  5000.0   0.0000    3.4280    0.2590
       0235+164 142652 54912.60200  5000.0   0.0000    3.2650    0.2730
       0235+164 092848 55002.39500  5000.0   0.0000    1.9200    0.4470
       0235+164 094145 55002.40400  5000.0   0.0000    2.1490    0.4090
       0235+164 095609 55002.41400  5000.0   0.0000    1.8880    0.5500
       0235+164 055414 55034.24600  5000.0   0.0000    1.7580    0.1880
       0235+164 060711 55034.25500  5000.0   0.0000    1.7730    0.2060
       0235+164 062136 55034.26500  5000.0   0.0000    1.6500    0.1900
       0235+164 045052 55063.20200  5000.0   0.0000    1.6370    0.1550
       0235+164 050350 55063.21100  5000.0   0.0000    1.7270    0.2050
       0235+164 051814 55063.22100  5000.0   0.0000    1.5360    0.2200
       0235+164 002428 55100.01700  5000.0   0.0000    1.3910    0.0660
       0235+164 003726 55100.02600  5000.0   0.0000    1.5260    0.0640
       0235+164 005150 55100.03600  5000.0   0.0000    1.5000    0.0570
       0235+164 020935 55122.09000  5000.0   0.0000    1.4460    0.0700
       0235+164 022400 55122.10000  5000.0   0.0000    1.4630    0.0980
       0235+164 023657 55122.10900  5000.0   0.0000    1.3950    0.1740
       0235+164 174828 55209.74200  5000.0   0.0000    1.2240    0.0710
       0235+164 181550 55209.76100  5000.0   0.0000    1.2520    0.2630
       0235+164 185316 53349.78700  8000.0   0.0000    1.5050    0.0640
       0235+164 212428 53349.89200  8000.0   0.0000    1.4770    0.0690
       0235+164 232107 53349.97300  8000.0   0.0000    1.4920    0.0660
       0235+164 012624 53350.06000  8000.0   0.0000    1.5360    0.0870
       0235+164 153014 53350.64600  8000.0   0.0000    1.5420    0.0870
       0235+164 203531 53350.85800  8000.0   0.0000    1.4540    0.0630
       0235+164 222916 53350.93700  8000.0   0.0000    1.4830    0.0660
       0235+164 201648 53351.84500  8000.0   0.0000    1.5760    0.0620
       0235+164 222331 53351.93300  8000.0   0.0000    1.4980    0.0630
       0235+164 135052 53382.57700  8000.0   0.0000    1.3790    0.0440
       0235+164 151423 53382.63500  8000.0   0.0000    1.2850    0.0430
       0235+164 163921 53382.69400  8000.0   0.0000    1.3820    0.0450
       0235+164 173531 53382.73300  8000.0   0.0000    1.3530    0.0440
       0235+164 201102 53387.84100  8000.0   0.0000    1.1480    0.0840
       0235+164 202400 53387.85000  8000.0   0.0000    1.0630    0.0750
       0235+164 154145 53412.65400  8000.0   0.0000    1.4280    0.0610
       0235+164 144828 53417.61700  8000.0   0.0000    1.0770    0.1750
       0235+164 104047 53451.44500  8000.0   0.0000    1.1850    0.0190
       0235+164 143823 53454.61000  8000.0   0.0000    1.2670    0.1360
       0235+164 144955 53454.61800  8000.0   0.0000    1.2130    0.1580
       0235+164 082945 53457.35400  8000.0   0.0000    1.1650    0.0930
       0235+164 084116 53457.36200  8000.0   0.0000    1.1630    0.0970
       0235+164 094438 53463.40600  8000.0   0.0000    1.2210    0.0210
       0235+164 111228 53463.46700  8000.0   0.0000    1.2170    0.0400
       0235+164 094604 53464.40700  8000.0   0.0000    1.1450    0.0320
       0235+164 111102 53464.46600  8000.0   0.0000    1.2010    0.0300
       0235+164 084409 53478.36400  8000.0   0.0000    1.2250    0.1080
       0235+164 085540 53478.37200  8000.0   0.0000    1.1930    0.0860
       0235+164 144116 53478.61200  8000.0   0.0000    1.1190    0.0890
       0235+164 145248 53478.62000  8000.0   0.0000    1.2060    0.0750
       0235+164 071912 53504.30500  8000.0   0.0000    1.0970    0.2380
       0235+164 095609 53504.41400  8000.0   0.0000    0.9890    0.0740
       0235+164 132038 53504.55600  8000.0   0.0000    1.0670    0.0730
       0235+164 095316 53505.41200  8000.0   0.0000    1.0950    0.0590
       0235+164 131619 53505.55300  8000.0   0.0000    1.0380    0.0790
       0235+164 073335 53506.31500  8000.0   0.0000    1.0080    0.0980
       0235+164 094857 53511.40900  8000.0   0.0000    1.0710    0.0680
       0235+164 101619 53544.42800  8000.0   0.0000    1.4690    0.1000
       0235+164 014800 53577.07500  8000.0   0.0000    1.7160    0.2370
       0235+164 015931 53577.08300  8000.0   0.0000    1.9230    0.1350
       0235+164 095150 53577.41100  8000.0   0.0000    1.8100    0.1810
       0235+164 002302 53578.01600  8000.0   0.0000    1.7970    0.1080
       0235+164 052945 53578.22900  8000.0   0.0000    1.7800    0.1250
       0235+164 005024 53588.03500  8000.0   0.0000    1.4050    0.1250
       0235+164 010155 53588.04300  8000.0   0.0000    1.4610    0.1220
       0235+164 012457 53588.05900  8000.0   0.0000    1.4870    0.0920
       0235+164 013628 53588.06700  8000.0   0.0000    1.5840    0.0920
       0235+164 080516 53605.33700  8000.0   0.0000    1.6750    0.1780
       0235+164 081648 53605.34500  8000.0   0.0000    1.6810    0.0970
       0235+164 025248 53606.12000  8000.0   0.0000    1.5140    0.0790
       0235+164 030419 53606.12800  8000.0   0.0000    1.5190    0.1030
       0235+164 025833 53637.12400  8000.0   0.0000    1.6450    0.1010
       0235+164 031004 53637.13200  8000.0   0.0000    1.5690    0.0870
       0235+164 221912 53637.93000  8000.0   0.0000    1.4090    0.0740
       0235+164 223043 53637.93800  8000.0   0.0000    1.4310    0.0930
       0235+164 000711 53698.00500  8000.0   0.0000    2.3590    0.1370
       0235+164 001843 53698.01300  8000.0   0.0000    2.3520    0.1300
       0235+164 184731 53698.78300  8000.0   0.0000    1.9870    0.1130
       0235+164 185902 53698.79100  8000.0   0.0000    2.1890    0.0950
       0235+164 170223 53720.71000  8000.0   0.0000    2.1160    0.0900
       0235+164 171355 53720.71800  8000.0   0.0000    2.1850    0.0840
       0235+164 212848 53721.89500  8000.0   0.0000    2.2030    0.0830
       0235+164 214019 53721.90300  8000.0   0.0000    2.3130    0.0990
       0235+164 135052 53741.57700  8000.0   0.0000    2.5990    0.0610
       0235+164 153559 53741.65000  8000.0   0.0000    2.6920    0.0640
       0235+164 134633 53742.57400  8000.0   0.0000    2.6790    0.0700
       0235+164 153559 53742.65000  8000.0   0.0000    2.7880    0.0630
       0235+164 170223 53742.71000  8000.0   0.0000    2.8050    0.0940
       0235+164 171355 53742.71800  8000.0   0.0000    2.7920    0.0960
       0235+164 175833 53743.74900  8000.0   0.0000    2.8400    0.1050
       0235+164 155902 53765.66600  8000.0   0.0000    2.3930    0.1720
       0235+164 153140 53771.64700  8000.0   0.0000    2.3730    0.1140
       0235+164 154438 53771.65600  8000.0   0.0000    2.4810    0.1130
       0235+164 155736 53771.66500  8000.0   0.0000    2.6420    0.1170
       0235+164 134047 53804.57000  8000.0   0.0000    2.2310    0.0920
       0235+164 135345 53804.57900  8000.0   0.0000    2.2840    0.0990
       0235+164 140516 53804.58700  8000.0   0.0000    2.2560    0.1000
       0235+164 114702 53830.49100  8000.0   0.0000    2.6770    0.2200
       0235+164 120000 53830.50000  8000.0   0.0000    2.5240    0.1850
       0235+164 073502 53908.31600  8000.0   0.0000    1.8700    0.0870
       0235+164 052233 53956.22400  8000.0   0.0000    1.8130    0.0960
       0235+164 033307 53974.14800  8000.0   0.0000    1.5100    0.0570
       0235+164 010321 54011.04400  8000.0   0.0000    0.8590    0.0860
       0235+164 231102 54022.96600  8000.0   0.0000    0.8170    0.0590
       0235+164 223921 54037.94400  8000.0   0.0000    0.7160    0.0820
       0235+164 202526 54058.85100  8000.0   0.0000    0.7130    0.0490
       0235+164 193502 54079.81600  8000.0   0.0000    0.8120    0.0730
       0235+164 185024 54098.78500  8000.0   0.0000    0.7550    0.0500
       0235+164 172652 54121.72700  8000.0   0.0000    0.8070    0.0720
       0235+164 151716 54149.63700  8000.0   0.0000    1.4060    0.1520
       0235+164 121131 54199.50800  8000.0   0.0000    2.6600    0.0810
       0235+164 123140 54220.52200  8000.0   0.0000    3.2360    0.1550
       0235+164 123140 54220.52200  8000.0   0.0000    3.2360    0.1550
       0235+164 045638 54275.20600  8000.0   0.0000    3.0420    0.1140
       0235+164 043755 54289.19300  8000.0   0.0000    2.8830    0.1040
       0235+164 061131 54296.25800  8000.0   0.0000    2.5980    0.0910
       0235+164 051102 54325.21600  8000.0   0.0000    1.9770    0.0740
       0235+164 030252 54344.12700  8000.0   0.0000    1.8300    0.0680
       0235+164 002009 54373.01400  8000.0   0.0000    1.3910    0.0590
       0235+164 214311 54420.90500  8000.0   0.0000    1.2420    0.0790
       0235+164 202945 54434.85400  8000.0   0.0000    1.2750    0.0610
       0235+164 181550 54476.76100  8000.0   0.0000    1.0270    0.0940
       0235+164 143238 54512.60600  8000.0   0.0000    0.9430    0.0510
       0235+164 145707 54576.62300  8000.0   0.0000    1.2560    0.0560
       0235+164 125609 54605.53900  8000.0   0.0000    1.6260    0.3900
       0235+164 103209 54640.43900  8000.0   0.0000    2.7570    0.0820
       0235+164 085414 54652.37100  8000.0   0.0000    2.9590    0.1210
       0235+164 080809 54667.33900  8000.0   0.0000    3.3570    0.1570
       0235+164 065902 54688.29100  8000.0   0.0000    3.0070    0.1330
       0235+164 020223 54723.08500  8000.0   0.0000    3.8530    0.4120
       0235+164 213140 54777.89700  8000.0   0.0000    6.4440    0.1720
       0235+164 123559 54951.52500  8000.0   0.0000    2.6400    0.5910
       0235+164 073628 55003.31700  8000.0   0.0000    1.7170    0.2240
       0235+164 065316 55035.28700  8000.0   0.0000    1.5110    0.0770
       0235+164 030545 55064.12900  8000.0   0.0000    1.5080    0.0880
       0235+164 034731 55077.15800  8000.0   0.0000    1.4600    0.1250
       0235+164 011912 55101.05500  8000.0   0.0000    1.3310    0.0890
       0235+164 003726 55123.02600  8000.0   0.0000    1.2390    0.1060
       0235+164 173657 55207.73400  8000.0   0.0000    1.1910    0.1250
       0336-019 033014 53638.14600 22000.0   0.0000    1.4520    0.3870
       0336-019 034019 53638.15300 22000.0   0.0000    1.7490    0.3880
       0336-019 235707 53698.99800 22000.0   0.0000    1.8990    0.6110
       0336-019 000838 53699.00600 22000.0   0.0000    1.8220    0.3780
       0336-019 221326 53720.92600 22000.0   0.0000    1.9570    0.4450
       0336-019 194800 53722.82500 22000.0   0.0000    2.0840    0.6250
       0336-019 220614 53742.92100 22000.0   0.0000    1.8110    0.3890
       0336-019 224214 53743.94600 22000.0   0.0000    1.6190    0.3560
       0336-019 160028 53750.66700 22000.0   0.0000    2.1100    0.2200
       0336-019 204536 53765.86500 22000.0   0.0000    1.9950    0.3840
       0336-019 170516 53766.71200 22000.0   0.0000    1.7790    0.3800
       0336-019 171521 53766.71900 22000.0   0.0000    1.8630    0.3510
       0336-019 171940 53772.72200 22000.0   0.0000    2.0830    0.2610
       0336-019 173238 53772.73100 22000.0   0.0000    2.1390    0.2720
       0336-019 135345 53805.57900 22000.0   0.0000    2.6080    0.3680
       0336-019 140643 53805.58800 22000.0   0.0000    2.3870    0.3870
       0336-019 113111 53849.48000 22000.0   0.0000    1.7910    0.3580
       0336-019 114409 53849.48900 22000.0   0.0000    1.8260    0.3580
       0336-019 095902 53861.41600 22000.0   0.0000    1.7830    0.3070
       0336-019 101159 53861.42500 22000.0   0.0000    1.7620    0.3040
       0336-019 102457 53861.43400 22000.0   0.0000    2.3370    0.3080
       0336-019 103755 53861.44300 22000.0   0.0000    2.3970    0.3100
       0336-019 064731 53927.28300 22000.0   0.0000    2.9620    0.5740
       0336-019 042038 53955.18100 22000.0   0.0000    2.3820    0.4300
       0336-019 043335 53955.19000 22000.0   0.0000    2.6560    0.3930
       0336-019 032009 53973.13900 22000.0   0.0000    2.0240    0.3550
       0336-019 033307 53973.14800 22000.0   0.0000    2.2030    0.3400
       0336-019 235833 54009.99900 22000.0   0.0000    2.3840    0.4520
       0336-019 001131 54010.00800 22000.0   0.0000    2.3980    0.4690
       0336-019 233404 54021.98200 22000.0   0.0000    2.4570    0.4030
       0336-019 234828 54021.99200 22000.0   0.0000    2.7630    0.3230
       0336-019 201940 54057.84700 22000.0   0.0000    2.2120    0.5890
       0336-019 203238 54057.85600 22000.0   0.0000    2.8330    0.6650
       0336-019 210000 54057.87500 22000.0   0.0000    2.6200    0.5780
       0336-019 185316 54097.78700 22000.0   0.0000    2.0640    0.5140
       0336-019 190614 54097.79600 22000.0   0.0000    2.1290    0.4510
       0336-019 192038 54097.80600 22000.0   0.0000    1.9990    0.4010
       0336-019 171940 54120.72200 22000.0   0.0000    1.9820    0.5940
       0336-019 174702 54120.74100 22000.0   0.0000    2.2510    0.7050
       0336-019 155024 54148.66000 22000.0   0.0000    1.8860    0.3220
       0336-019 160321 54148.66900 22000.0   0.0000    2.0980    0.2820
       0336-019 161619 54148.67800 22000.0   0.0000    1.8440    0.3000
       0336-019 105052 54198.45200 22000.0   0.0000    1.9110    0.4340
       0336-019 113111 54198.48000 22000.0   0.0000    1.7920    0.3660
       0336-019 111102 54219.46600 22000.0   0.0000    1.5100    0.3070
       0336-019 111102 54219.46600 22000.0   0.0000    1.5100    0.3070
       0336-019 112400 54219.47500 22000.0   0.0000    1.6790    0.3460
       0336-019 112400 54219.47500 22000.0   0.0000    1.6790    0.3460
       0336-019 113657 54219.48400 22000.0   0.0000    1.4170    0.3960
       0336-019 113657 54219.48400 22000.0   0.0000    1.4170    0.3960
       0336-019 115121 54219.49400 22000.0   0.0000    1.3360    0.3620
       0336-019 115121 54219.49400 22000.0   0.0000    1.3360    0.3620
       0336-019 061131 54274.25800 22000.0   0.0000    1.4620    0.4680
       0336-019 062428 54274.26700 22000.0   0.0000    1.8040    0.4030
       0336-019 063307 54288.27300 22000.0   0.0000    1.4060    0.3350
       0336-019 064731 54288.28300 22000.0   0.0000    1.5640    0.3450
       0336-019 084828 54294.36700 22000.0   0.0000    1.9830    0.3450
       0336-019 090126 54294.37600 22000.0   0.0000    2.4280    0.3510
       0336-019 030545 54324.12900 22000.0   0.0000    2.5500    0.4790
       0336-019 031843 54324.13800 22000.0   0.0000    3.3380    0.4410
       0336-019 033307 54324.14800 22000.0   0.0000    2.2570    0.4700
       0336-019 034604 54324.15700 22000.0   0.0000    2.0340    0.5510
       0336-019 032302 54346.14100 22000.0   0.0000    2.4700    1.0690
       0336-019 025121 54372.11900 22000.0   0.0000    2.7680    0.5400
       0336-019 030419 54372.12800 22000.0   0.0000    2.3630    0.6300
       0336-019 013502 54386.06600 22000.0   0.0000    3.0770    0.3100
       0336-019 014800 54386.07500 22000.0   0.0000    3.1880    0.2720
       0336-019 210419 54456.87800 22000.0   0.0000    3.4330    0.3260
       0336-019 211716 54456.88700 22000.0   0.0000    2.2180    0.3670
       0336-019 191912 54460.80500 22000.0   0.0000    1.8070    0.1850
       0336-019 193209 54460.81400 22000.0   0.0000    2.1200    0.2410
       0336-019 195219 54478.82800 22000.0   0.0000    1.3900    0.3360
       0336-019 200516 54478.83700 22000.0   0.0000    2.6430    0.4060
       0336-019 155150 54511.66100 22000.0   0.0000    1.9880    0.1500
       0336-019 160447 54511.67000 22000.0   0.0000    1.8380    0.1830
       0336-019 161745 54511.67900 22000.0   0.0000    2.3660    0.1690
       0336-019 163043 54511.68800 22000.0   0.0000    2.0840    0.1640
       0336-019 135804 54561.58200 22000.0   0.0000    1.9630    0.1650
       0336-019 141102 54561.59100 22000.0   0.0000    1.7620    0.1550
       0336-019 140809 54575.58900 22000.0   0.0000    1.3490    0.3140
       0336-019 115707 54604.49800 22000.0   0.0000    0.9060    0.2090
       0336-019 104926 54639.45100 22000.0   0.0000    1.7640    0.2470
       0336-019 110223 54639.46000 22000.0   0.0000    1.7660    0.2370
       0336-019 094604 54651.40700 22000.0   0.0000    1.0710    0.2670
       0336-019 095902 54651.41600 22000.0   0.0000    2.0260    0.3800
       0336-019 082526 54666.35100 22000.0   0.0000    1.6860    0.2330
       0336-019 083823 54666.36000 22000.0   0.0000    1.5670    0.2100
       0336-019 072331 54687.30800 22000.0   0.0000    1.4700    0.2560
       0336-019 073628 54687.31700 22000.0   0.0000    2.2800    0.3430
       0336-019 042916 54722.18700 22000.0   0.0000    1.5040    0.3720
       0336-019 013502 54779.06600 22000.0   0.0000    2.1940    0.3970
       0336-019 014800 54779.07500 22000.0   0.0000    2.1490    0.4040
       0336-019 223628 54815.94200 22000.0   0.0000    2.8110    0.4140
       0336-019 224926 54815.95100 22000.0   0.0000    3.3560    0.4560
       0336-019 154857 54911.65900 22000.0   0.0000    2.1160    0.4140
       0336-019 160155 54911.66800 22000.0   0.0000    2.4260    0.4730
       0336-019 093852 55001.40200 22000.0   0.0000    1.4610    0.4030
       0336-019 095150 55001.41100 22000.0   0.0000    1.5280    0.4450
       0336-019 021355 55062.09300 22000.0   0.0000    1.2080    0.2530
       0336-019 022819 55062.10300 22000.0   0.0000    1.7710    0.3450
       0336-019 005902 55099.04100 22000.0   0.0000    2.1330    0.2330
       0336-019 013628 55121.06700 22000.0   0.0000    1.1250    1.0680
       0336-019 202526 55208.85100 22000.0   0.0000    2.3270    0.3080
       0336-019 105052 53827.45200 43000.0   0.0000    2.0460    0.8260
       0336-019 085121 53855.36900 43000.0   0.0000    1.6530    0.8500
       0336-019 075052 53878.32700 43000.0   0.0000    1.6910    0.5690
       0336-019 075052 53879.32700 43000.0   0.0000    1.9560    0.6010
       0336-019 055121 53913.24400 43000.0   0.0000    2.0560    0.6880
       0336-019 025121 53951.11900 43000.0   0.0000    2.2790    0.6710
       0336-019 025121 53952.11900 43000.0   0.0000    2.0300    0.6410
       0336-019 025121 53953.11900 43000.0   0.0000    2.2440    0.6190
       0336-019 015052 53971.07700 43000.0   0.0000    1.6820    0.6790
       0336-019 015052 53972.07700 43000.0   0.0000    1.7780    0.6530
       0336-019 015052 53973.07700 43000.0   0.0000    1.4410    0.5980
       0336-019 235121 53997.99400 43000.0   0.0000    1.7070    0.4920
       0336-019 235121 53998.99400 43000.0   0.0000    1.1740    0.4430
       0336-019 055121 54277.24400 43000.0   0.0000    2.2950    0.3270
       0336-019 024955 54321.11800 43000.0   0.0000    1.4670    0.2310
       0336-019 025121 54322.11900 43000.0   0.0000    1.4050    0.2140
       0336-019 235121 54364.99400 43000.0   0.0000    2.2310    0.2730
       0336-019 235121 54366.99400 43000.0   0.0000    2.0140    0.2490
       0336-019 225931 54390.95800 43000.0   0.0000    2.5160    0.2630
       0336-019 194340 54421.82200 43000.0   0.0000    2.2820    0.2990
       0336-019 194340 54423.82200 43000.0   0.0000    2.1140    0.2910
       0336-019 194340 54424.82200 43000.0   0.0000    2.1480    0.2740
       0336-019 194340 54436.82200 43000.0   0.0000    2.1170    0.4600
       0336-019 194340 54437.82200 43000.0   0.0000    2.2560    0.4770
       0336-019 164340 54479.69700 43000.0   0.0000    1.9560    0.2720
       0336-019 164340 54480.69700 43000.0   0.0000    2.0500    0.2950
       0336-019 144409 54506.61400 43000.0   0.0000    1.9950    0.2480
       0336-019 133921 54523.56900 43000.0   0.0000    1.6760    0.1960
       0336-019 103921 54556.44400 43000.0   0.0000    2.1640    0.3330
       0336-019 104507 54557.44800 43000.0   0.0000    1.7420    0.2080
       0336-019 084243 54580.36300 43000.0   0.0000    1.6800    0.1930
       0336-019 074633 54597.32400 43000.0   0.0000    1.6250    0.2600
       0336-019 064438 54611.28100 43000.0   0.0000    1.5750    0.1700
       0336-019 064438 54612.28100 43000.0   0.0000    1.8580    0.1900
       0336-019 044340 54642.19700 43000.0   0.0000    1.5720    0.2230
       0336-019 043921 54643.19400 43000.0   0.0000    1.7610    0.2250
       0336-019 044340 54644.19700 43000.0   0.0000    1.7050    0.2110
       0336-019 034311 54659.15500 43000.0   0.0000    1.7690    0.2690
       0336-019 034311 54660.15500 43000.0   0.0000    1.3980    0.2020
       0336-019 024409 54680.11400 43000.0   0.0000    1.9470    0.2100
       0336-019 024409 54681.11400 43000.0   0.0000    2.1170    0.2250
       0336-019 024409 54682.11400 43000.0   0.0000    1.9990    0.2150
       0336-019 004438 54708.03100 43000.0   0.0000    2.4730    0.2810
       0336-019 004438 54709.03100 43000.0   0.0000    2.5030    0.2820
       0336-019 004438 54710.03100 43000.0   0.0000    2.9280    0.3420
       0336-019 225931 54743.95800 43000.0   0.0000    2.2810    0.3690
       0336-019 225931 54744.95800 43000.0   0.0000    1.8210    0.2890
       0336-019 194340 54779.82200 43000.0   0.0000    2.1550    0.3040
       0336-019 194340 54780.82200 43000.0   0.0000    2.1110    0.3050
       0336-019 194340 54781.82200 43000.0   0.0000    2.3420    0.3350
       0336-019 194340 54807.82200 43000.0   0.0000    2.4800    0.3360
       0336-019 194340 54808.82200 43000.0   0.0000    2.5560    0.3410
       0336-019 194340 54809.82200 43000.0   0.0000    2.5630    0.3380
       0336-019 164214 54840.69600 43000.0   0.0000    1.8980    0.3910
       0336-019 164340 54841.69700 43000.0   0.0000    2.2910    0.4250
       0336-019 163921 54842.69400 43000.0   0.0000    1.7900    0.4080
       0336-019 144955 54878.61800 43000.0   0.0000    2.3500    0.3510
       0336-019 104340 54929.44700 43000.0   0.0000    1.4950    0.1660
       0336-019 104340 54930.44700 43000.0   0.0000    1.5710    0.1920
       0336-019 074633 54959.32400 43000.0   0.0000    1.1860    0.1610
       0336-019 074214 54961.32100 43000.0   0.0000    1.1040    0.1380
       0336-019 044340 55009.19700 43000.0   0.0000    1.5410    0.1750
       0336-019 044214 55010.19600 43000.0   0.0000    1.5170    0.1800
       0336-019 044507 55011.19800 43000.0   0.0000    1.2540    0.1610
       0336-019 194340 55167.82200 43000.0   0.0000    1.4370    0.2240
       0336-019 194340 55168.82200 43000.0   0.0000    1.0820    0.1900
       0336-019 164633 55209.69900 43000.0   0.0000    0.9530    0.1680
       0336-019 070155 53511.29300  5000.0   0.0000    2.2010    0.1050
       0336-019 091004 53511.38200  5000.0   0.0000    2.3460    0.0980
       0336-019 135345 53511.57900  5000.0   0.0000    2.1250    0.0960
       0336-019 234955 53638.99300  5000.0   0.0000    2.1720    0.0860
       0336-019 010614 53639.04600  5000.0   0.0000    2.2150    0.0910
       0336-019 040614 53639.17100  5000.0   0.0000    2.1070    0.0840
       0336-019 053657 53639.23400  5000.0   0.0000    2.2160    0.1220
       0336-019 232107 53639.97300  5000.0   0.0000    2.1080    0.0860
       0336-019 022652 53640.10200  5000.0   0.0000    2.1610    0.0710
       0336-019 035736 53640.16500  5000.0   0.0000    2.1650    0.0870
       0336-019 204243 53723.86300  5000.0   0.0000    2.2170    0.1410
       0336-019 231355 53723.96800  5000.0   0.0000    2.1860    0.0880
       0336-019 152721 53763.64400  5000.0   0.0000    2.1100    0.1170
       0336-019 160447 53770.67000  5000.0   0.0000    2.1870    0.0830
       0336-019 161619 53770.67800  5000.0   0.0000    2.1350    0.0850
       0336-019 123559 53826.52500  5000.0   0.0000    2.1100    0.1080
       0336-019 130028 53826.54200  5000.0   0.0000    2.2880    0.1040
       0336-019 041033 53975.17400  5000.0   0.0000    2.5110    0.0850
       0336-019 042331 53975.18300  5000.0   0.0000    2.5270    0.0800
       0336-019 011619 54012.05300  5000.0   0.0000    2.5510    0.0900
       0336-019 013043 54012.06300  5000.0   0.0000    2.6180    0.0940
       0336-019 233404 54023.98200  5000.0   0.0000    2.6020    0.0790
       0336-019 234828 54023.99200  5000.0   0.0000    2.5620    0.0820
       0336-019 051940 54290.22200  5000.0   0.0000    2.3320    0.1130
       0336-019 053404 54290.23200  5000.0   0.0000    2.3380    0.1020
       0336-019 063852 54297.27700  5000.0   0.0000    2.4310    0.0850
       0336-019 065150 54297.28600  5000.0   0.0000    2.4130    0.0840
       0336-019 012331 54374.05800  5000.0   0.0000    2.5320    0.0790
       0336-019 013755 54374.06800  5000.0   0.0000    2.5610    0.0750
       0336-019 235833 54396.99900  5000.0   0.0000    2.4290    0.0720
       0336-019 001131 54397.00800  5000.0   0.0000    2.4520    0.0790
       0336-019 120252 54563.50200  5000.0   0.0000    2.6340    0.2090
       0336-019 013921 54724.06900  5000.0   0.0000    2.4720    0.0930
       0336-019 015219 54724.07800  5000.0   0.0000    2.4680    0.0980
       0336-019 144116 54912.61200  5000.0   0.0000    2.5630    0.3300
       0336-019 145414 54912.62100  5000.0   0.0000    2.7580    0.2760
       0336-019 140350 54953.58600  5000.0   0.0000    2.7170    0.3290
       0336-019 141648 54953.59500  5000.0   0.0000    2.5170    0.3860
       0336-019 101159 55002.42500  5000.0   0.0000    2.5230    0.3350
       0336-019 102457 55002.43400  5000.0   0.0000    2.8590    0.4060
       0336-019 063726 55034.27600  5000.0   0.0000    2.4320    0.2380
       0336-019 065024 55034.28500  5000.0   0.0000    2.3900    0.2650
       0336-019 053404 55063.23200  5000.0   0.0000    2.4810    0.2040
       0336-019 054828 55063.24200  5000.0   0.0000    2.4490    0.1920
       0336-019 010740 55100.04700  5000.0   0.0000    2.4700    0.0830
       0336-019 012204 55100.05700  5000.0   0.0000    2.4350    0.0790
       0336-019 025248 55122.12000  5000.0   0.0000    2.3670    0.1170
       0336-019 030711 55122.13000  5000.0   0.0000    2.3900    0.1450
       0336-019 183140 55209.77200  5000.0   0.0000    2.2700    0.1100
       0336-019 184604 55209.78200  5000.0   0.0000    2.2880    0.0990
       0336-019 101452 53511.42700  8000.0   0.0000    2.1540    0.0830
       0336-019 123307 53511.52300  8000.0   0.0000    2.0920    0.0940
       0336-019 033559 53637.15000  8000.0   0.0000    2.2740    0.1320
       0336-019 225512 53637.95500  8000.0   0.0000    2.1210    0.0960
       0336-019 015804 53638.08200  8000.0   0.0000    2.2190    0.0890
       0336-019 192457 53698.80900  8000.0   0.0000    2.1490    0.1170
       0336-019 222624 53698.93500  8000.0   0.0000    2.2300    0.1110
       0336-019 173950 53720.73600  8000.0   0.0000    1.8910    0.0880
       0336-019 202945 53720.85400  8000.0   0.0000    1.9990    0.0890
       0336-019 220614 53721.92100  8000.0   0.0000    1.9760    0.0980
       0336-019 010155 53722.04300  8000.0   0.0000    2.1300    0.0990
       0336-019 175707 53722.74800  8000.0   0.0000    2.0790    0.0890
       0336-019 163335 53741.69000  8000.0   0.0000    2.0460    0.0470
       0336-019 173950 53742.73600  8000.0   0.0000    1.9230    0.1060
       0336-019 210000 53743.87500  8000.0   0.0000    2.0100    0.1040
       0336-019 162457 53765.68400  8000.0   0.0000    2.0490    0.1800
       0336-019 162331 53771.68300  8000.0   0.0000    2.0230    0.1170
       0336-019 163628 53771.69200  8000.0   0.0000    2.0040    0.1840
       0336-019 143950 53804.61100  8000.0   0.0000    2.0080    0.1320
       0336-019 145121 53804.61900  8000.0   0.0000    2.2920    0.1060
       0336-019 150419 53804.62800  8000.0   0.0000    2.3150    0.2010
       0336-019 103335 53860.44000  8000.0   0.0000    2.2270    0.1010
       0336-019 083531 53907.35800  8000.0   0.0000    2.6030    0.1150
       0336-019 062302 53956.26600  8000.0   0.0000    2.5230    0.1200
       0336-019 043335 53974.19000  8000.0   0.0000    2.3680    0.1190
       0336-019 020350 54011.08600  8000.0   0.0000    2.4500    0.1020
       0336-019 001131 54023.00800  8000.0   0.0000    2.4560    0.1060
       0336-019 234116 54037.98700  8000.0   0.0000    2.3670    0.1400
       0336-019 211004 54058.88200  8000.0   0.0000    2.5920    0.1420
       0336-019 203657 54079.85900  8000.0   0.0000    2.3110    0.0850
       0336-019 194340 54098.82200  8000.0   0.0000    2.4440    0.0970
       0336-019 182136 54121.76500  8000.0   0.0000    2.2770    0.0810
       0336-019 160321 54149.66900  8000.0   0.0000    2.0940    0.1490
       0336-019 130447 54199.54500  8000.0   0.0000    2.1230    0.0620
       0336-019 132457 54220.55900  8000.0   0.0000    2.3120    0.1020
       0336-019 132457 54220.55900  8000.0   0.0000    2.3120    0.1020
       0336-019 053111 54275.23000  8000.0   0.0000    2.1690    0.0830
       0336-019 051228 54289.21700  8000.0   0.0000    2.1660    0.0650
       0336-019 065443 54296.28800  8000.0   0.0000    2.1870    0.0900
       0336-019 054536 54325.24000  8000.0   0.0000    2.4570    0.1360
       0336-019 033726 54344.15100  8000.0   0.0000    2.3740    0.0670
       0336-019 005443 54373.03800  8000.0   0.0000    2.5410    0.0860
       0336-019 221745 54420.92900  8000.0   0.0000    2.6710    0.1110
       0336-019 210419 54434.87800  8000.0   0.0000    2.6850    0.0690
       0336-019 185024 54476.78500  8000.0   0.0000    2.3240    0.1400
       0336-019 150711 54512.63000  8000.0   0.0000    2.3500    0.0800
       0336-019 154311 54562.65500  8000.0   0.0000    2.1370    0.1360
       0336-019 153140 54576.64700  8000.0   0.0000    2.3910    0.1260
       0336-019 131452 54605.55200  8000.0   0.0000    2.1440    0.3190
       0336-019 110643 54640.46300  8000.0   0.0000    2.2530    0.0970
       0336-019 094731 54652.40800  8000.0   0.0000    2.2380    0.1070
       0336-019 090126 54667.37600  8000.0   0.0000    2.3190    0.0870
       0336-019 075219 54688.32800  8000.0   0.0000    2.2930    0.0870
       0336-019 220614 54777.92100  8000.0   0.0000    2.1230    0.1160
       0336-019 130155 54951.54300  8000.0   0.0000    2.6800    0.1940
       0336-019 081102 55003.34100  8000.0   0.0000    1.8200    0.2380
       0336-019 072750 55035.31100  8000.0   0.0000    2.1680    0.1440
       0336-019 034019 55064.15300  8000.0   0.0000    2.2070    0.0720
       0336-019 042204 55077.18200  8000.0   0.0000    2.2540    0.1680
       0336-019 015345 55101.07900  8000.0   0.0000    2.1870    0.1100
       0336-019 011159 55123.05000  8000.0   0.0000    2.0970    0.1130
       0336-019 175540 55207.74700  8000.0   0.0000    1.9710    0.1220
       0355+508 193628 54147.81700 22000.0   0.0000    8.8630    0.3960
       0355+508 195512 54147.83000 22000.0   0.0000    8.8630    0.4290
       0355+508 201355 54147.84300 22000.0   0.0000    8.6240    0.4240
       0355+508 075345 54198.32900 22000.0   0.0000   10.4440    0.6430
       0355+508 080643 54198.33800 22000.0   0.0000   10.1620    0.6510
       0355+508 081940 54198.34700 22000.0   0.0000   10.6530    0.6430
       0355+508 083404 54198.35700 22000.0   0.0000   10.2450    0.6200
       0355+508 081521 54219.34400 22000.0   0.0000    8.4570    0.5710
       0355+508 081521 54219.34400 22000.0   0.0000    8.4570    0.5710
       0355+508 082819 54219.35300 22000.0   0.0000    8.8500    0.5340
       0355+508 082819 54219.35300 22000.0   0.0000    8.8500    0.5340
       0355+508 084116 54219.36200 22000.0   0.0000    8.3600    0.5110
       0355+508 084116 54219.36200 22000.0   0.0000    8.3600    0.5110
       0355+508 085540 54219.37200 22000.0   0.0000    8.9400    0.5530
       0355+508 085540 54219.37200 22000.0   0.0000    8.9400    0.5530
       0355+508 120838 54274.50600 22000.0   0.0000   10.2590    0.6150
       0355+508 122302 54274.51600 22000.0   0.0000    9.8830    0.5640
       0355+508 123559 54274.52500 22000.0   0.0000   10.2010    0.6020
       0355+508 124857 54274.53400 22000.0   0.0000    9.9760    0.6080
       0355+508 095902 54288.41600 22000.0   0.0000    9.9840    0.5880
       0355+508 101159 54288.42500 22000.0   0.0000    9.1750    0.5370
       0355+508 122009 54294.51400 22000.0   0.0000   10.3000    0.7020
       0355+508 123433 54294.52400 22000.0   0.0000    9.6900    0.6020
       0355+508 030419 54323.12800 22000.0   0.0000   11.2750    1.4310
       0355+508 031716 54323.13700 22000.0   0.0000    9.0900    1.0210
       0355+508 033014 54323.14600 22000.0   0.0000   10.9390    1.1050
       0355+508 034438 54323.15600 22000.0   0.0000   10.8650    1.2560
       0355+508 020350 54345.08600 22000.0   0.0000   11.5650    0.5900
       0355+508 021648 54345.09500 22000.0   0.0000   12.3550    0.6390
       0355+508 022945 54345.10400 22000.0   0.0000   11.9520    0.5810
       0355+508 024243 54345.11300 22000.0   0.0000   12.0840    0.5960
       0355+508 061257 54372.25900 22000.0   0.0000   12.1290    0.6630
       0355+508 062721 54372.26900 22000.0   0.0000   11.7260    0.5520
       0355+508 045804 54386.20700 22000.0   0.0000   13.4820    0.9530
       0355+508 051102 54386.21600 22000.0   0.0000   13.3720    0.9530
       0355+508 183726 54455.77600 22000.0   0.0000   13.3160    0.7040
       0355+508 190321 54455.79400 22000.0   0.0000   13.7210    0.7230
       0355+508 181550 54460.76100 22000.0   0.0000   12.4160    0.4110
       0355+508 183014 54460.77100 22000.0   0.0000   12.9070    0.4230
       0355+508 135931 54510.58300 22000.0   0.0000   11.8500    0.6040
       0355+508 141228 54510.59200 22000.0   0.0000   11.8020    0.5990
       0355+508 142526 54510.60100 22000.0   0.0000   11.6360    0.5950
       0355+508 143823 54510.61000 22000.0   0.0000   11.0710    0.5650
       0355+508 171355 54561.71800 22000.0   0.0000   13.6320    0.5590
       0355+508 172819 54561.72800 22000.0   0.0000   12.4760    0.5460
       0355+508 122428 54575.51700 22000.0   0.0000   12.3990    1.2770
       0355+508 123726 54575.52600 22000.0   0.0000   13.8290    1.4270
       0355+508 102750 54604.43600 22000.0   0.0000   11.6030    1.2930
       0355+508 104047 54604.44500 22000.0   0.0000   11.8010    1.4140
       0355+508 135931 54639.58300 22000.0   0.0000   11.4690    1.1630
       0355+508 141228 54639.59200 22000.0   0.0000   11.1310    1.1250
       0355+508 131326 54651.55100 22000.0   0.0000   11.5470    1.8390
       0355+508 115121 54666.49400 22000.0   0.0000   11.1260    1.0160
       0355+508 120419 54666.50300 22000.0   0.0000   12.2800    1.1190
       0355+508 104340 54687.44700 22000.0   0.0000   14.0080    1.6960
       0355+508 105638 54687.45600 22000.0   0.0000   12.2000    1.4830
       0355+508 045512 54779.20500 22000.0   0.0000   17.5400    1.7760
       0355+508 050809 54779.21400 22000.0   0.0000   17.4920    1.7740
       0355+508 015638 54816.08100 22000.0   0.0000   14.7290    1.6720
       0355+508 020935 54816.09000 22000.0   0.0000   15.5080    1.6950
       0355+508 184857 54911.78400 22000.0   0.0000   16.1670    1.6530
       0355+508 190155 54911.79300 22000.0   0.0000   16.5220    1.7010
       0355+508 050057 55062.20900 22000.0   0.0000   15.8130    1.7490
       0355+508 051521 55062.21900 22000.0   0.0000   15.8160    1.7820
       0355+508 040447 55099.17000 22000.0   0.0000   16.0470    1.0220
       0355+508 041912 55099.18000 22000.0   0.0000   16.6830    1.0160
       0355+508 042331 55121.18300 22000.0   0.0000   16.2620    1.3120
       0355+508 043755 55121.19300 22000.0   0.0000   16.8860    1.3660
       0355+508 233238 55208.98100 22000.0   0.0000   15.9410    0.8130
       0355+508 234536 55208.99000 22000.0   0.0000   15.6140    0.8110
       0355+508 052107 54277.22300 43000.0   0.0000   10.7100    1.2560
       0355+508 022107 54321.09800 43000.0   0.0000    7.4920    0.9090
       0355+508 022107 54322.09800 43000.0   0.0000    6.3960    0.7750
       0355+508 232107 54364.97300 43000.0   0.0000   10.4380    1.1820
       0355+508 232107 54366.97300 43000.0   0.0000   10.0980    1.1410
       0355+508 222204 54390.93200 43000.0   0.0000   11.6370    1.1970
       0355+508 190614 54421.79600 43000.0   0.0000   12.5570    1.5300
       0355+508 190614 54423.79600 43000.0   0.0000   13.0510    1.6150
       0355+508 190614 54424.79600 43000.0   0.0000   12.8490    1.5480
       0355+508 190614 54436.79600 43000.0   0.0000   12.7400    2.1490
       0355+508 190614 54437.79600 43000.0   0.0000   12.5470    2.0720
       0355+508 160614 54478.67100 43000.0   0.0000   10.6300    1.5660
       0355+508 160614 54479.67100 43000.0   0.0000   12.4180    1.7170
       0355+508 160614 54480.67100 43000.0   0.0000   11.7820    1.6690
       0355+508 140516 54505.58700 43000.0   0.0000    8.3720    1.0850
       0355+508 140643 54506.58800 43000.0   0.0000   10.4010    1.3250
       0355+508 130614 54521.54600 43000.0   0.0000    8.2750    0.9260
       0355+508 130614 54522.54600 43000.0   0.0000    6.9530    0.7840
       0355+508 130740 54523.54700 43000.0   0.0000    8.8870    1.0260
       0355+508 100614 54556.42100 43000.0   0.0000   10.5450    1.1710
       0355+508 100740 54557.42200 43000.0   0.0000    9.8370    1.1690
       0355+508 080643 54580.33800 43000.0   0.0000    8.9640    0.9270
       0355+508 090000 54595.37500 43000.0   0.0000    8.0050    0.9430
       0355+508 070447 54597.29500 43000.0   0.0000    8.3560    1.0220
       0355+508 060711 54611.25500 43000.0   0.0000   10.0050    0.9940
       0355+508 060711 54612.25500 43000.0   0.0000   10.2250    1.0470
       0355+508 040614 54642.17100 43000.0   0.0000   10.7470    1.3600
       0355+508 040614 54643.17100 43000.0   0.0000   10.5180    1.3290
       0355+508 040614 54644.17100 43000.0   0.0000   10.3790    1.2990
       0355+508 030711 54659.13000 43000.0   0.0000   11.3250    1.7630
       0355+508 030711 54660.13000 43000.0   0.0000   11.4720    1.7940
       0355+508 020643 54680.08800 43000.0   0.0000   10.9930    1.2230
       0355+508 020643 54681.08800 43000.0   0.0000   10.7800    1.1970
       0355+508 020643 54682.08800 43000.0   0.0000   11.0030    1.2200
       0355+508 000545 54708.00400 43000.0   0.0000   11.6330    1.2320
       0355+508 000711 54709.00500 43000.0   0.0000   11.6790    1.2520
       0355+508 000711 54710.00500 43000.0   0.0000   10.5920    1.1900
       0355+508 222204 54743.93200 43000.0   0.0000   12.0900    1.7690
       0355+508 190614 54779.79600 43000.0   0.0000   12.5250    1.7980
       0355+508 190614 54780.79600 43000.0   0.0000   12.5150    1.8160
       0355+508 190614 54781.79600 43000.0   0.0000   12.0250    1.6980
       0355+508 190614 54807.79600 43000.0   0.0000   14.2850    1.9260
       0355+508 190614 54808.79600 43000.0   0.0000   15.4740    2.0290
       0355+508 190614 54809.79600 43000.0   0.0000   14.9130    1.9890
       0355+508 160740 54840.67200 43000.0   0.0000   15.4330    2.5130
       0355+508 160614 54841.67100 43000.0   0.0000   12.6910    1.9430
       0355+508 160447 54842.67000 43000.0   0.0000   12.1630    1.9700
       0355+508 140643 54877.58800 43000.0   0.0000   10.8220    1.4990
       0355+508 121843 54928.51300 43000.0   0.0000   10.8800    1.2140
       0355+508 100614 54929.42100 43000.0   0.0000   10.7490    1.1560
       0355+508 100614 54930.42100 43000.0   0.0000   10.9790    1.2520
       0355+508 100614 54931.42100 43000.0   0.0000   11.7910    1.6560
       0355+508 070614 54959.29600 43000.0   0.0000    9.8470    1.1140
       0355+508 070614 54960.29600 43000.0   0.0000   10.2860    1.2980
       0355+508 070614 54961.29600 43000.0   0.0000   10.8330    1.2340
       0355+508 040614 55009.17100 43000.0   0.0000   14.7880    1.6830
       0355+508 040614 55010.17100 43000.0   0.0000   14.4980    1.6610
       0355+508 040614 55011.17100 43000.0   0.0000   12.4310    1.4890
       0355+508 190740 55168.79700 43000.0   0.0000   14.9470    2.3040
       0355+508 160614 55209.67100 43000.0   0.0000   14.6930    1.6620
       0355+508 174409 54199.73900  5000.0   0.0000    5.2830    0.1430
       0355+508 175707 54199.74800  5000.0   0.0000    5.2680    0.1220
       0355+508 054828 54276.24200  5000.0   0.0000    5.4440    0.1730
       0355+508 032009 54290.13900  5000.0   0.0000    4.9860    0.0910
       0355+508 033433 54290.14900  5000.0   0.0000    5.5800    0.1610
       0355+508 101452 54296.42700  5000.0   0.0000    5.1990    0.1430
       0355+508 102750 54296.43600  5000.0   0.0000    5.1770    0.1430
       0355+508 004857 54348.03400  5000.0   0.0000    5.0610    0.1480
       0355+508 010155 54348.04300  5000.0   0.0000    5.1520    0.1530
       0355+508 011619 54348.05300  5000.0   0.0000    5.1990    0.1520
       0355+508 012916 54348.06200  5000.0   0.0000    5.1600    0.1510
       0355+508 040321 54374.16900  5000.0   0.0000    5.1800    0.1160
       0355+508 041619 54374.17800  5000.0   0.0000    5.1610    0.1170
       0355+508 023823 54397.11000  5000.0   0.0000    4.7810    0.3270
       0355+508 025121 54397.11900  5000.0   0.0000    4.4330    0.3520
       0355+508 142819 54563.60300  5000.0   0.0000    6.1680    0.1390
       0355+508 144243 54563.61300  5000.0   0.0000    6.1820    0.1540
       0355+508 092136 54668.39000  5000.0   0.0000    6.2530    0.2930
       0355+508 082526 54689.35100  5000.0   0.0000    6.7100    0.1660
       0355+508 040614 54724.17100  5000.0   0.0000    7.1220    0.2270
       0355+508 041912 54724.18000  5000.0   0.0000    6.9020    0.1850
       0355+508 122848 54912.52000  5000.0   0.0000    7.6310    0.3280
       0355+508 124145 54912.52900  5000.0   0.0000    7.5620    0.4220
       0355+508 114828 54953.49200  5000.0   0.0000    6.0290    0.4170
       0355+508 120126 54953.50100  5000.0   0.0000    7.5900    0.5490
       0355+508 054243 55003.23800  5000.0   0.0000    9.4500    0.2930
       0355+508 055540 55003.24700  5000.0   0.0000    9.3840    0.2940
       0355+508 041912 55034.18000  5000.0   0.0000    9.6250    0.3910
       0355+508 043335 55034.19000  5000.0   0.0000    9.6000    0.3920
       0355+508 031423 55063.13500  5000.0   0.0000    9.5510    0.3280
       0355+508 032721 55063.14400  5000.0   0.0000    9.6230    0.3220
       0355+508 224800 55099.95000  5000.0   0.0000    9.4020    0.2010
       0355+508 230223 55099.96000  5000.0   0.0000    9.3470    0.2050
       0355+508 223209 55121.93900  5000.0   0.0000    9.6990    0.3160
       0355+508 224507 55121.94800  5000.0   0.0000    9.8540    0.2550
       0355+508 162750 55209.68600  5000.0   0.0000    8.9420    0.2090
       0355+508 164047 55209.69500  5000.0   0.0000    9.0620    0.2110
       0355+508 120545 54149.50400  8000.0   0.0000    6.8570    0.2780
       0355+508 170057 54185.70900  8000.0   0.0000    7.1430    0.5390
       0355+508 161159 54198.67500  8000.0   0.0000    7.5020    0.1670
       0355+508 163209 54219.68900  8000.0   0.0000    7.1110    0.2400
       0355+508 163209 54219.68900  8000.0   0.0000    7.1110    0.2400
       0355+508 103335 54275.44000  8000.0   0.0000    7.5770    0.2410
       0355+508 100321 54289.41900  8000.0   0.0000    7.4050    0.1720
       0355+508 113823 54295.48500  8000.0   0.0000    7.4580    0.2410
       0355+508 100614 54324.42100  8000.0   0.0000    7.1410    0.2540
       0355+508 083950 54344.36100  8000.0   0.0000    7.2820    0.1880
       0355+508 060545 54373.25400  8000.0   0.0000    7.3280    0.1750
       0355+508 022107 54421.09800  8000.0   0.0000    8.2550    0.2430
       0355+508 013209 54435.06400  8000.0   0.0000    8.5880    0.1500
       0355+508 231102 54476.96600  8000.0   0.0000    9.5280    0.7320
       0355+508 193502 54512.81600  8000.0   0.0000    8.7090    0.2290
       0355+508 092009 54576.38900  8000.0   0.0000   10.5870    0.3000
       0355+508 114116 54605.48700  8000.0   0.0000    9.7480    0.5840
       0355+508 064311 54641.28000  8000.0   0.0000    9.1810    0.2230
       0355+508 035150 54653.16100  8000.0   0.0000    9.4780    0.3030
       0355+508 031843 54667.13800  8000.0   0.0000   10.1620    0.3360
       0355+508 020935 54688.09000  8000.0   0.0000   11.0430    0.2600
       0355+508 002848 54723.02000  8000.0   0.0000   11.2520    0.7470
       0355+508 195804 54777.83200  8000.0   0.0000   10.8430    0.2880
       0355+508 113657 54951.48400  8000.0   0.0000   13.7130    0.4560
       0355+508 071033 55004.29900  8000.0   0.0000   13.2900    0.8680
       0355+508 060000 55035.25000  8000.0   0.0000   14.5770    0.3220
       0355+508 021228 55064.09200  8000.0   0.0000   14.9200    0.1240
       0355+508 024828 55077.11700  8000.0   0.0000   14.5210    0.4480
       0355+508 002555 55101.01800  8000.0   0.0000   14.6340    0.1060
       0355+508 234409 55122.98900  8000.0   0.0000   13.7820    0.3180
       0355+508 164340 55207.69700  8000.0   0.0000   13.8070    0.4320
       0420-014 113950 53443.48600 22000.0   0.0000    5.0780    0.1620
       0420-014 131033 53443.54900 22000.0   0.0000    4.9720    0.1550
       0420-014 094019 53510.40300 22000.0   0.0000    4.6020    0.5780
       0420-014 091131 53545.38300 22000.0   0.0000    3.8180    0.5090
       0420-014 232526 53636.97600 22000.0   0.0000    3.0920    0.6690
       0420-014 040614 53638.17100 22000.0   0.0000    2.8600    0.4360
       0420-014 041619 53638.17800 22000.0   0.0000    2.8610    0.4040
       0420-014 211550 53697.88600 22000.0   0.0000    3.8990    0.4770
       0420-014 003307 53699.02300 22000.0   0.0000    3.4970    0.5650
       0420-014 004311 53699.03000 22000.0   0.0000    3.5640    0.3590
       0420-014 223755 53720.94300 22000.0   0.0000    3.0100    0.4710
       0420-014 224800 53720.95000 22000.0   0.0000    2.9460    0.4170
       0420-014 230643 53743.96300 22000.0   0.0000    3.1900    0.3020
       0420-014 231814 53743.97100 22000.0   0.0000    3.1220    0.3450
       0420-014 171102 53750.71600 22000.0   0.0000    3.1330    0.1870
       0420-014 170643 53764.71300 22000.0   0.0000    3.5510    0.2120
       0420-014 173950 53766.73600 22000.0   0.0000    3.4560    0.3850
       0420-014 175121 53766.74400 22000.0   0.0000    3.0910    0.3820
       0420-014 174536 53772.74000 22000.0   0.0000    3.4500    0.3130
       0420-014 175707 53772.74800 22000.0   0.0000    3.5880    0.3120
       0420-014 151004 53805.63200 22000.0   0.0000    3.0150    0.3860
       0420-014 152136 53805.64000 22000.0   0.0000    3.2740    0.4330
       0420-014 123307 53849.52300 22000.0   0.0000    2.9520    0.3630
       0420-014 124604 53849.53200 22000.0   0.0000    3.4530    0.3950
       0420-014 112107 53861.47300 22000.0   0.0000    3.3940    0.3480
       0420-014 113404 53861.48200 22000.0   0.0000    3.5840    0.3760
       0420-014 071326 53927.30100 22000.0   0.0000    2.7440    0.7460
       0420-014 052233 53955.22400 22000.0   0.0000    3.3920    0.3820
       0420-014 053531 53955.23300 22000.0   0.0000    3.9140    0.4300
       0420-014 042331 53973.18300 22000.0   0.0000    3.7270    0.3620
       0420-014 043628 53973.19200 22000.0   0.0000    3.6770    0.3800
       0420-014 010028 54010.04200 22000.0   0.0000    4.2420    0.4930
       0420-014 011326 54010.05100 22000.0   0.0000    5.2080    0.4920
       0420-014 003852 54022.02700 22000.0   0.0000    4.8970    0.4660
       0420-014 005150 54022.03600 22000.0   0.0000    3.3370    0.5180
       0420-014 233823 54056.98500 22000.0   0.0000    4.2140    0.7930
       0420-014 235121 54056.99400 22000.0   0.0000    4.6620    0.6810
       0420-014 234116 54080.98700 22000.0   0.0000    4.9220    0.3820
       0420-014 000711 54081.00500 22000.0   0.0000    4.2180    0.9420
       0420-014 183014 54119.77100 22000.0   0.0000    5.0630    0.4400
       0420-014 184311 54119.78000 22000.0   0.0000    4.8730    0.4680
       0420-014 185609 54119.78900 22000.0   0.0000    4.6870    0.6280
       0420-014 191033 54119.79900 22000.0   0.0000    4.9990    0.4660
       0420-014 163502 54147.69100 22000.0   0.0000    4.4870    0.2920
       0420-014 164800 54147.70000 22000.0   0.0000    4.8230    0.3290
       0420-014 170223 54147.71000 22000.0   0.0000    4.5670    0.4020
       0420-014 145833 54183.62400 22000.0   0.0000    5.1310    0.6450
       0420-014 151131 54183.63300 22000.0   0.0000    4.4620    0.5930
       0420-014 152428 54183.64200 22000.0   0.0000    4.7280    0.6510
       0420-014 153852 54183.65200 22000.0   0.0000    5.4260    0.6810
       0420-014 101033 54197.42400 22000.0   0.0000    5.1430    0.6380
       0420-014 102331 54197.43300 22000.0   0.0000    5.3780    0.5350
       0420-014 103628 54197.44200 22000.0   0.0000    5.2170    0.5050
       0420-014 105052 54197.45200 22000.0   0.0000    4.7690    0.4650
       0420-014 111355 54218.46800 22000.0   0.0000    4.8230    0.4460
       0420-014 111355 54218.46800 22000.0   0.0000    4.8230    0.4460
       0420-014 112652 54218.47700 22000.0   0.0000    4.6160    0.4280
       0420-014 112652 54218.47700 22000.0   0.0000    4.6160    0.4280
       0420-014 114116 54218.48700 22000.0   0.0000    4.4290    0.3920
       0420-014 114116 54218.48700 22000.0   0.0000    4.4290    0.3920
       0420-014 115414 54218.49600 22000.0   0.0000    4.7030    0.4340
       0420-014 115414 54218.49600 22000.0   0.0000    4.7030    0.4340
       0420-014 070155 54288.29300 22000.0   0.0000    4.2850    0.4250
       0420-014 071452 54288.30200 22000.0   0.0000    4.8480    0.4450
       0420-014 091550 54294.38600 22000.0   0.0000    5.2880    0.4320
       0420-014 093014 54294.39600 22000.0   0.0000    5.9010    0.4740
       0420-014 094311 54294.40500 22000.0   0.0000    4.2000    0.4490
       0420-014 055414 54323.24600 22000.0   0.0000    5.6080    0.5240
       0420-014 060711 54323.25500 22000.0   0.0000    5.2840    0.4970
       0420-014 050350 54345.21100 22000.0   0.0000    6.2600    0.5400
       0420-014 051648 54345.22000 22000.0   0.0000    5.8260    0.6320
       0420-014 052945 54345.22900 22000.0   0.0000    5.8260    0.5970
       0420-014 054409 54345.23900 22000.0   0.0000    6.2700    0.8440
       0420-014 031843 54372.13800 22000.0   0.0000    5.7790    0.7260
       0420-014 033307 54372.14800 22000.0   0.0000    5.6070    0.5370
       0420-014 034604 54372.15700 22000.0   0.0000    6.7850    0.5210
       0420-014 020223 54386.08500 22000.0   0.0000    7.0900    0.5250
       0420-014 021521 54386.09400 22000.0   0.0000    7.0130    0.5270
       0420-014 022945 54386.10400 22000.0   0.0000    7.0920    0.5270
       0420-014 201521 54460.84400 22000.0   0.0000    5.3310    0.2480
       0420-014 163335 54510.69000 22000.0   0.0000    5.3400    0.2830
       0420-014 164633 54510.69900 22000.0   0.0000    5.3010    0.2940
       0420-014 170057 54510.70900 22000.0   0.0000    5.7020    0.3060
       0420-014 171355 54510.71800 22000.0   0.0000    5.6060    0.3040
       0420-014 142652 54561.60200 22000.0   0.0000    5.0400    0.2450
       0420-014 143950 54561.61100 22000.0   0.0000    5.2590    0.2570
       0420-014 145248 54561.62000 22000.0   0.0000    6.0090    0.2750
       0420-014 150126 54575.62600 22000.0   0.0000    5.8750    1.2520
       0420-014 131745 54604.55400 22000.0   0.0000    7.0240    0.8610
       0420-014 115833 54639.49900 22000.0   0.0000    4.4220    0.4950
       0420-014 121257 54639.50900 22000.0   0.0000    4.0580    0.4540
       0420-014 111228 54651.46700 22000.0   0.0000    4.5850    1.1770
       0420-014 112526 54651.47600 22000.0   0.0000    6.1490    0.9810
       0420-014 095150 54666.41100 22000.0   0.0000    4.1270    0.4070
       0420-014 100447 54666.42000 22000.0   0.0000    3.9870    0.4010
       0420-014 084243 54687.36300 22000.0   0.0000    3.9420    0.5180
       0420-014 054828 54722.24200 22000.0   0.0000    3.7040    1.0390
       0420-014 025414 54779.12100 22000.0   0.0000    5.5350    0.6720
       0420-014 030711 54779.13000 22000.0   0.0000    5.6060    0.6940
       0420-014 235540 54815.99700 22000.0   0.0000    5.5330    0.7080
       0420-014 172233 54911.72400 22000.0   0.0000    5.0430    0.6300
       0420-014 173657 54911.73400 22000.0   0.0000    5.5060    0.6690
       0420-014 111521 55001.46900 22000.0   0.0000    7.2920    1.1140
       0420-014 131619 55001.55300 22000.0   0.0000    4.9610    1.3470
       0420-014 033307 55062.14800 22000.0   0.0000    7.7210    0.8780
       0420-014 034604 55062.15700 22000.0   0.0000    7.8970    0.8920
       0420-014 023404 55099.10700 22000.0   0.0000    8.3920    1.5730
       0420-014 024828 55099.11700 22000.0   0.0000    5.9150    1.3950
       0420-014 025540 55121.12200 22000.0   0.0000    9.8660    0.8230
       0420-014 030838 55121.13100 22000.0   0.0000    9.6020    0.7940
       0420-014 220321 55208.91900 22000.0   0.0000    9.2080    0.5710
       0420-014 221745 55208.92900 22000.0   0.0000   10.3420    0.7410
       0420-014 130321 53468.54400 43000.0   0.0000    3.8030    0.2730
       0420-014 140223 53468.58500 43000.0   0.0000    3.7210    0.5650
       0420-014 160321 53468.66900 43000.0   0.0000    4.3410    0.3930
       0420-014 170223 53468.71000 43000.0   0.0000    4.6930    0.3470
       0420-014 100321 53469.41900 43000.0   0.0000    3.8750    0.5100
       0420-014 110223 53469.46000 43000.0   0.0000    4.0700    0.3390
       0420-014 120252 53469.50200 43000.0   0.0000    4.2930    0.3120
       0420-014 130321 53469.54400 43000.0   0.0000    3.9380    0.2920
       0420-014 140223 53469.58500 43000.0   0.0000    3.6590    0.2750
       0420-014 150252 53469.62700 43000.0   0.0000    4.3770    0.3620
       0420-014 160321 53469.66900 43000.0   0.0000    4.6840    0.3370
       0420-014 100321 53470.41900 43000.0   0.0000    4.0610    0.6600
       0420-014 110223 53470.46000 43000.0   0.0000    4.0040    0.3980
       0420-014 122721 53827.51900 43000.0   0.0000    2.9170    1.1210
       0420-014 102624 53854.43500 43000.0   0.0000    2.9370    0.8050
       0420-014 093559 53878.40000 43000.0   0.0000    2.2200    0.5660
       0420-014 092848 53879.39500 43000.0   0.0000    2.6070    0.6080
       0420-014 072916 53913.31200 43000.0   0.0000    1.5650    0.4830
       0420-014 062721 53928.26900 43000.0   0.0000    2.4630    0.6070
       0420-014 042916 53951.18700 43000.0   0.0000    4.1270    0.9050
       0420-014 042916 53952.18700 43000.0   0.0000    4.0130    0.8880
       0420-014 042916 53953.18700 43000.0   0.0000    3.6810    0.8260
       0420-014 032848 53972.14500 43000.0   0.0000    3.4420    0.8720
       0420-014 032848 53973.14500 43000.0   0.0000    3.4580    0.8800
       0420-014 012916 53999.06200 43000.0   0.0000    3.9370    0.7830
       0420-014 012916 54000.06200 43000.0   0.0000    4.3800    0.8470
       0420-014 232819 54025.97800 43000.0   0.0000    3.9250    1.0600
       0420-014 072204 54277.30700 43000.0   0.0000    4.8330    0.5870
       0420-014 073628 54277.31700 43000.0   0.0000    4.9150    0.6140
       0420-014 042916 54321.18700 43000.0   0.0000    4.2780    0.5020
       0420-014 042916 54322.18700 43000.0   0.0000    4.0210    0.4910
       0420-014 012916 54365.06200 43000.0   0.0000    5.4110    0.6010
       0420-014 013043 54367.06300 43000.0   0.0000    4.7600    0.5360
       0420-014 002428 54391.01700 43000.0   0.0000    5.7280    0.6240
       0420-014 211257 54421.88400 43000.0   0.0000    4.9140    0.6200
       0420-014 211423 54423.88500 43000.0   0.0000    4.7900    0.6100
       0420-014 211423 54424.88500 43000.0   0.0000    5.0790    0.6240
       0420-014 211423 54437.88500 43000.0   0.0000    4.9680    0.8560
       0420-014 181423 54479.76000 43000.0   0.0000    5.4570    0.7470
       0420-014 181423 54480.76000 43000.0   0.0000    5.2380    0.7180
       0420-014 161452 54505.67700 43000.0   0.0000    4.2470    0.5760
       0420-014 161619 54506.67800 43000.0   0.0000    4.8460    0.5950
       0420-014 151423 54521.63500 43000.0   0.0000    4.1640    0.4350
       0420-014 150711 54523.63000 43000.0   0.0000    4.2700    0.4500
       0420-014 152136 54523.64000 43000.0   0.0000    4.2230    0.4430
       0420-014 121716 54556.51200 43000.0   0.0000    4.8520    0.5120
       0420-014 121423 54557.51000 43000.0   0.0000    5.1740    0.5220
       0420-014 143657 54573.60900 43000.0   0.0000    3.9300    0.4550
       0420-014 101452 54580.42700 43000.0   0.0000    3.9670    0.3930
       0420-014 090711 54596.38000 43000.0   0.0000    4.2070    0.5070
       0420-014 092555 54596.39300 43000.0   0.0000    3.8280    0.4600
       0420-014 094145 54596.40400 43000.0   0.0000    3.9330    0.4440
       0420-014 095902 54596.41600 43000.0   0.0000    4.3840    0.4990
       0420-014 101452 54596.42700 43000.0   0.0000    3.8050    0.4370
       0420-014 103043 54596.43800 43000.0   0.0000    3.8970    0.4390
       0420-014 091423 54597.38500 43000.0   0.0000    4.6290    0.5360
       0420-014 080809 54611.33900 43000.0   0.0000    4.1570    0.4250
       0420-014 081228 54612.34200 43000.0   0.0000    4.0340    0.4130
       0420-014 061004 54642.25700 43000.0   0.0000    3.4690    0.4480
       0420-014 061257 54643.25900 43000.0   0.0000    3.6750    0.4320
       0420-014 054828 54644.24200 43000.0   0.0000    3.9890    0.4960
       0420-014 051355 54659.21800 43000.0   0.0000    2.6480    0.4190
       0420-014 051355 54660.21800 43000.0   0.0000    2.8000    0.4210
       0420-014 040740 54680.17200 43000.0   0.0000    4.1680    0.4290
       0420-014 042204 54680.18200 43000.0   0.0000    4.1410    0.4240
       0420-014 040740 54681.17200 43000.0   0.0000    4.2820    0.4380
       0420-014 042204 54681.18200 43000.0   0.0000    4.1200    0.4270
       0420-014 040740 54682.17200 43000.0   0.0000    4.1390    0.4430
       0420-014 042204 54682.18200 43000.0   0.0000    3.9670    0.4180
       0420-014 020809 54708.08900 43000.0   0.0000    4.4610    0.4680
       0420-014 022233 54708.09900 43000.0   0.0000    4.2950    0.4870
       0420-014 020643 54709.08800 43000.0   0.0000    4.6270    0.5290
       0420-014 022233 54709.09900 43000.0   0.0000    4.4210    0.4870
       0420-014 020643 54710.08800 43000.0   0.0000    3.7740    0.4320
       0420-014 022233 54710.09900 43000.0   0.0000    3.4800    0.4100
       0420-014 002302 54744.01600 43000.0   0.0000    4.1310    0.6340
       0420-014 002721 54745.01900 43000.0   0.0000    3.6590    0.5520
       0420-014 211423 54779.88500 43000.0   0.0000    3.6340    0.5120
       0420-014 211423 54780.88500 43000.0   0.0000    3.2210    0.4580
       0420-014 211423 54781.88500 43000.0   0.0000    3.2210    0.4600
       0420-014 210711 54807.88000 43000.0   0.0000    4.8110    0.6320
       0420-014 212136 54807.89000 43000.0   0.0000    5.0390    0.6520
       0420-014 210711 54808.88000 43000.0   0.0000    4.7470    0.6290
       0420-014 212136 54808.89000 43000.0   0.0000    4.8350    0.6430
       0420-014 210711 54809.88000 43000.0   0.0000    4.6490    0.6180
       0420-014 212136 54809.89000 43000.0   0.0000    4.7180    0.6380
       0420-014 180711 54840.75500 43000.0   0.0000    5.1560    0.8360
       0420-014 182136 54840.76500 43000.0   0.0000    5.0990    0.8370
       0420-014 181131 54841.75800 43000.0   0.0000    4.7170    0.7460
       0420-014 181423 54842.76000 43000.0   0.0000    4.7360    0.7510
       0420-014 161452 54878.67700 43000.0   0.0000    5.2680    0.6770
       0420-014 161452 54879.67700 43000.0   0.0000    4.9720    0.6670
       0420-014 122136 54930.51500 43000.0   0.0000    5.4120    0.5820
       0420-014 092136 54959.39000 43000.0   0.0000    4.8340    0.5450
       0420-014 092136 54961.39000 43000.0   0.0000    3.8980    0.4510
       0420-014 062136 55009.26500 43000.0   0.0000    6.2460    0.6890
       0420-014 061843 55010.26300 43000.0   0.0000    6.5990    0.8420
       0420-014 062136 55011.26500 43000.0   0.0000    6.4330    0.7230
       0420-014 211423 55167.88500 43000.0   0.0000    9.8380    1.4310
       0420-014 211550 55168.88600 43000.0   0.0000    8.8840    1.3070
       0420-014 181423 55209.76000 43000.0   0.0000   10.4610    1.1490
       0420-014 144409 53445.61400  5000.0   0.0000    4.2680    0.0720
       0420-014 172107 53477.72300  5000.0   0.0000    4.2980    0.1190
       0420-014 173238 53477.73100  5000.0   0.0000    4.3960    0.1250
       0420-014 125443 53478.53800  5000.0   0.0000    4.2970    0.1280
       0420-014 130614 53478.54600  5000.0   0.0000    4.2900    0.1270
       0420-014 092009 53503.38900  5000.0   0.0000    4.0150    0.1200
       0420-014 151423 53503.63500  5000.0   0.0000    3.6520    0.1200
       0420-014 084409 53504.36400  5000.0   0.0000    3.8950    0.1180
       0420-014 121131 53504.50800  5000.0   0.0000    3.7100    0.1160
       0420-014 083823 53505.36000  5000.0   0.0000    3.5510    0.1200
       0420-014 120711 53505.50500  5000.0   0.0000    3.7960    0.1130
       0420-014 114702 53543.49100  5000.0   0.0000    4.0430    0.1180
       0420-014 064145 53544.27900  5000.0   0.0000    3.8020    0.1110
       0420-014 091004 53544.38200  5000.0   0.0000    3.8290    0.1210
       0420-014 100321 53576.41900  5000.0   0.0000    3.8370    0.1320
       0420-014 061843 53577.26300  5000.0   0.0000    3.8620    0.1240
       0420-014 085121 53577.36900  5000.0   0.0000    3.7650    0.1370
       0420-014 065443 53578.28800  5000.0   0.0000    3.7860    0.1230
       0420-014 020809 53606.08900  5000.0   0.0000    3.3990    0.1170
       0420-014 000126 53639.00100  5000.0   0.0000    3.4510    0.1130
       0420-014 013335 53639.06500  5000.0   0.0000    3.4740    0.0980
       0420-014 041745 53639.17900  5000.0   0.0000    3.3490    0.0870
       0420-014 060419 53639.25300  5000.0   0.0000    3.2820    0.1230
       0420-014 234702 53639.99100  5000.0   0.0000    3.2990    0.0990
       0420-014 023823 53640.11000  5000.0   0.0000    3.2050    0.0910
       0420-014 042457 53640.18400  5000.0   0.0000    3.2160    0.0970
       0420-014 070907 53640.29800  5000.0   0.0000    3.2560    0.1070
       0420-014 211004 53723.88200  5000.0   0.0000    3.4810    0.1510
       0420-014 232652 53723.97700  5000.0   0.0000    3.4090    0.1060
       0420-014 155443 53763.66300  5000.0   0.0000    2.5920    0.1250
       0420-014 212721 53763.89400  5000.0   0.0000    2.6310    0.1060
       0420-014 162916 53770.68700  5000.0   0.0000    2.6790    0.0900
       0420-014 164214 53770.69600  5000.0   0.0000    2.6350    0.0940
       0420-014 133043 53826.56300  5000.0   0.0000    2.3370    0.1130
       0420-014 134340 53826.57200  5000.0   0.0000    2.4080    0.1280
       0420-014 135638 53826.58100  5000.0   0.0000    2.2200    0.1300
       0420-014 043921 53975.19400  5000.0   0.0000    2.4680    0.0880
       0420-014 045219 53975.20300  5000.0   0.0000    2.4380    0.0950
       0420-014 014507 54012.07300  5000.0   0.0000    2.6670    0.1060
       0420-014 015804 54012.08200  5000.0   0.0000    2.6000    0.0720
       0420-014 001843 54024.01300  5000.0   0.0000    2.5670    0.0820
       0420-014 003140 54024.02200  5000.0   0.0000    2.5520    0.0760
       0420-014 072204 54297.30700  5000.0   0.0000    3.3890    0.1030
       0420-014 073502 54297.31600  5000.0   0.0000    3.3390    0.1040
       0420-014 034145 54348.15400  5000.0   0.0000    3.4840    0.1040
       0420-014 035443 54348.16300  5000.0   0.0000    3.5050    0.1030
       0420-014 040740 54348.17200  5000.0   0.0000    3.4590    0.1020
       0420-014 042204 54348.18200  5000.0   0.0000    3.4580    0.1030
       0420-014 020809 54374.08900  5000.0   0.0000    3.0130    0.0810
       0420-014 022107 54374.09800  5000.0   0.0000    2.9850    0.0860
       0420-014 004311 54397.03000  5000.0   0.0000    2.5620    0.0880
       0420-014 005609 54397.03900  5000.0   0.0000    2.5240    0.0800
       0420-014 124604 54563.53200  5000.0   0.0000    3.8050    0.2390
       0420-014 023823 54724.11000  5000.0   0.0000    3.2590    0.1150
       0420-014 025121 54724.11900  5000.0   0.0000    3.2250    0.1110
       0420-014 152555 54912.64300  5000.0   0.0000    3.4730    0.2520
       0420-014 153852 54912.65200  5000.0   0.0000    3.5420    0.3770
       0420-014 144828 54953.61700  5000.0   0.0000    3.4440    0.3780
       0420-014 150126 54953.62600  5000.0   0.0000    3.5880    0.3540
       0420-014 105638 55002.45600  5000.0   0.0000    4.5750    0.3130
       0420-014 111102 55002.46600  5000.0   0.0000    4.5310    0.3880
       0420-014 072204 55034.30700  5000.0   0.0000    4.1770    0.2800
       0420-014 073628 55034.31700  5000.0   0.0000    4.1050    0.2700
       0420-014 062009 55063.26400  5000.0   0.0000    4.4010    0.2290
       0420-014 063433 55063.27400  5000.0   0.0000    4.3190    0.2300
       0420-014 015345 55100.07900  5000.0   0.0000    4.8700    0.1210
       0420-014 020809 55100.08900  5000.0   0.0000    4.8880    0.1160
       0420-014 034019 55122.15300  5000.0   0.0000    4.5980    0.1210
       0420-014 035443 55122.16300  5000.0   0.0000    4.7410    0.1270
       0420-014 191745 55209.80400  5000.0   0.0000    5.0350    0.1380
       0420-014 193043 55209.81300  5000.0   0.0000    5.0290    0.1840
       0420-014 131326 53451.55100  8000.0   0.0000    5.0700    0.0700
       0420-014 104214 53463.44600  8000.0   0.0000    4.9800    0.0760
       0420-014 121257 53463.50900  8000.0   0.0000    5.0070    0.0760
       0420-014 103335 53464.44000  8000.0   0.0000    5.0520    0.0800
       0420-014 121131 53464.50800  8000.0   0.0000    4.9640    0.0830
       0420-014 154438 53478.65600  8000.0   0.0000    4.7510    0.1580
       0420-014 101912 53504.43000  8000.0   0.0000    4.7260    0.1310
       0420-014 134340 53504.57200  8000.0   0.0000    4.5470    0.1220
       0420-014 101619 53505.42800  8000.0   0.0000    4.6750    0.1240
       0420-014 133921 53505.56900  8000.0   0.0000    4.3530    0.1170
       0420-014 074340 53506.32200  8000.0   0.0000    4.5770    0.1370
       0420-014 110935 53544.46500  8000.0   0.0000    4.1740    0.1450
       0420-014 080643 53545.33800  8000.0   0.0000    4.0900    0.1700
       0420-014 043755 53577.19300  8000.0   0.0000    3.7680    0.1270
       0420-014 031550 53578.13600  8000.0   0.0000    3.8190    0.1630
       0420-014 054116 53578.23700  8000.0   0.0000    3.7860    0.1380
       0420-014 090000 53578.37500  8000.0   0.0000    4.0480    0.1260
       0420-014 085540 53605.37200  8000.0   0.0000    3.8030    0.1520
       0420-014 033014 53606.14600  8000.0   0.0000    3.6890    0.1490
       0420-014 060000 53606.25000  8000.0   0.0000    3.6710    0.1430
       0420-014 040321 53637.16900  8000.0   0.0000    3.6880    0.1680
       0420-014 064311 53637.28000  8000.0   0.0000    3.6890    0.1300
       0420-014 232107 53637.97300  8000.0   0.0000    3.5140    0.1300
       0420-014 020935 53638.09000  8000.0   0.0000    3.4700    0.1080
       0420-014 011033 53698.04900  8000.0   0.0000    3.3890    0.1800
       0420-014 195052 53698.82700  8000.0   0.0000    3.5030    0.1520
       0420-014 223755 53698.94300  8000.0   0.0000    3.2490    0.1470
       0420-014 180545 53720.75400  8000.0   0.0000    3.2800    0.1170
       0420-014 204116 53720.86200  8000.0   0.0000    3.2580    0.1240
       0420-014 223335 53721.94000  8000.0   0.0000    3.0150    0.1180
       0420-014 011326 53722.05100  8000.0   0.0000    3.4020    0.1240
       0420-014 180838 53722.75600  8000.0   0.0000    3.3000    0.1160
       0420-014 181131 53741.75800  8000.0   0.0000    3.3180    0.0740
       0420-014 180545 53742.75400  8000.0   0.0000    3.0360    0.1220
       0420-014 204536 53742.86500  8000.0   0.0000    3.1150    0.1480
       0420-014 183726 53743.77600  8000.0   0.0000    3.0490    0.1210
       0420-014 211131 53743.88300  8000.0   0.0000    2.9490    0.2240
       0420-014 163755 53765.69300  8000.0   0.0000    3.2620    0.3590
       0420-014 164926 53771.70100  8000.0   0.0000    3.0180    0.1250
       0420-014 170057 53771.70900  8000.0   0.0000    3.0700    0.1300
       0420-014 151716 53804.63700  8000.0   0.0000    3.3040    0.1510
       0420-014 153014 53804.64600  8000.0   0.0000    3.0870    0.1260
       0420-014 154145 53804.65400  8000.0   0.0000    3.1120    0.1140
       0420-014 111521 53860.46900  8000.0   0.0000    2.5760    0.1490
       0420-014 090838 53907.38100  8000.0   0.0000    2.9270    0.0960
       0420-014 064019 53956.27800  8000.0   0.0000    2.7130    0.2170
       0420-014 050809 53974.21400  8000.0   0.0000    3.0350    0.3650
       0420-014 023823 54011.11000  8000.0   0.0000    3.0450    0.1250
       0420-014 004604 54023.03200  8000.0   0.0000    3.3060    0.1210
       0420-014 000711 54038.00500  8000.0   0.0000    2.9400    0.1140
       0420-014 221912 54058.93000  8000.0   0.0000    3.0630    0.3150
       0420-014 213014 54079.89600  8000.0   0.0000    3.5600    0.1000
       0420-014 201814 54098.84600  8000.0   0.0000    2.9480    0.0920
       0420-014 185609 54121.78900  8000.0   0.0000    3.6470    0.1460
       0420-014 133921 54199.56900  8000.0   0.0000    4.3060    0.1340
       0420-014 135931 54220.58300  8000.0   0.0000    3.8330    0.1540
       0420-014 135931 54220.58300  8000.0   0.0000    3.8330    0.1540
       0420-014 062428 54275.26700  8000.0   0.0000    3.8490    0.1670
       0420-014 060419 54289.25300  8000.0   0.0000    3.7080    0.0750
       0420-014 074800 54296.32500  8000.0   0.0000    3.9380    0.1270
       0420-014 063852 54325.27700  8000.0   0.0000    4.0140    0.1380
       0420-014 043043 54344.18800  8000.0   0.0000    4.4320    0.1180
       0420-014 014800 54373.07500  8000.0   0.0000    4.0200    0.1030
       0420-014 231102 54420.96600  8000.0   0.0000    4.6080    0.1460
       0420-014 215736 54434.91500  8000.0   0.0000    4.3850    0.1030
       0420-014 194340 54476.82200  8000.0   0.0000    4.6490    0.2660
       0420-014 160028 54512.66700  8000.0   0.0000    4.4210    0.1280
       0420-014 162916 54562.68700  8000.0   0.0000    4.6600    0.1230
       0420-014 160614 54576.67100  8000.0   0.0000    4.8740    0.1860
       0420-014 134800 54605.57500  8000.0   0.0000    4.8650    0.7580
       0420-014 114116 54640.48700  8000.0   0.0000    4.2690    0.1150
       0420-014 102204 54652.43200  8000.0   0.0000    5.1840    0.1760
       0420-014 093559 54667.40000  8000.0   0.0000    4.4300    0.1520
       0420-014 082652 54688.35200  8000.0   0.0000    3.7730    0.1030
       0420-014 033140 54723.14700  8000.0   0.0000    4.6220    0.2820
       0420-014 225931 54777.95800  8000.0   0.0000    3.7830    0.1130
       0420-014 140350 54951.58600  8000.0   0.0000    4.6780    0.2150
       0420-014 090419 55003.37800  8000.0   0.0000    5.8550    0.2610
       0420-014 082107 55035.34800  8000.0   0.0000    5.4490    0.1940
       0420-014 043335 55064.19000  8000.0   0.0000    5.4810    0.4110
       0420-014 051521 55077.21900  8000.0   0.0000    6.3780    0.2750
       0420-014 024702 55101.11600  8000.0   0.0000    6.6710    0.1120
       0420-014 020516 55123.08700  8000.0   0.0000    6.1730    0.2450
       0420-014 185609 55207.78900  8000.0   0.0000    7.1590    0.4400
       0440-003 084955 53510.36800 22000.0   0.0000    1.9400    0.8160
       0440-003 000000 53637.00000 22000.0   0.0000    1.5320    0.6290
       0440-003 042750 53638.18600 22000.0   0.0000    0.9540    0.3840
       0440-003 213852 53697.90200 22000.0   0.0000    1.2830    0.5800
       0440-003 225931 53720.95800 22000.0   0.0000    0.9390    0.3930
       0440-003 232945 53743.97900 22000.0   0.0000    1.0460    0.3110
       0440-003 163043 53750.68800 22000.0   0.0000    0.9420    0.0620
       0440-003 180252 53766.75200 22000.0   0.0000    0.7260    0.3440
       0440-003 181423 53766.76000 22000.0   0.0000    0.7330    0.3090
       0440-003 181004 53772.75700 22000.0   0.0000    1.0590    0.2710
       0440-003 182302 53772.76600 22000.0   0.0000    1.0440    0.2740
       0440-003 183433 53772.77400 22000.0   0.0000    0.9320    0.2790
       0440-003 153726 53805.65100 22000.0   0.0000    0.6920    0.3060
       0440-003 132204 53849.55700 22000.0   0.0000    1.2070    0.3590
       0440-003 121004 53861.50700 22000.0   0.0000    1.7860    0.3070
       0440-003 055248 53955.24500 22000.0   0.0000    1.1510    0.3410
       0440-003 061131 53955.25800 22000.0   0.0000    1.2710    0.3500
       0440-003 045345 53973.20400 22000.0   0.0000    1.0430    0.3080
       0440-003 051355 53973.21800 22000.0   0.0000    0.9640    0.3170
       0440-003 013043 54010.06300 22000.0   0.0000    1.3320    0.3890
       0440-003 014926 54010.07600 22000.0   0.0000    1.3360    0.3630
       0440-003 010907 54022.04800 22000.0   0.0000    1.2820    0.4510
       0440-003 215150 54057.91100 22000.0   0.0000    1.6420    0.5830
       0440-003 221033 54057.92400 22000.0   0.0000    1.5660    0.6640
       0440-003 202526 54097.85100 22000.0   0.0000    1.2080    0.3640
       0440-003 204536 54097.86500 22000.0   0.0000    1.2960    0.3630
       0440-003 210419 54097.87800 22000.0   0.0000    1.3000    0.3330
       0440-003 212302 54097.89100 22000.0   0.0000    1.0380    0.4120
       0440-003 193043 54120.81300 22000.0   0.0000    1.1530    0.6270
       0440-003 172233 54148.72400 22000.0   0.0000    1.1360    0.4430
       0440-003 174116 54148.73700 22000.0   0.0000    1.0260    0.3600
       0440-003 180000 54148.75000 22000.0   0.0000    1.1350    0.3710
       0440-003 182009 54148.76400 22000.0   0.0000    1.2860    0.4380
       0440-003 112652 54197.47700 22000.0   0.0000    1.0300    0.3600
       0440-003 114536 54197.49000 22000.0   0.0000    0.9380    0.3790
       0440-003 120419 54197.50300 22000.0   0.0000    0.8580    0.3380
       0440-003 121131 54218.50800 22000.0   0.0000    1.1630    0.3580
       0440-003 121131 54218.50800 22000.0   0.0000    1.1630    0.3580
       0440-003 123014 54218.52100 22000.0   0.0000    1.4070    0.3770
       0440-003 123014 54218.52100 22000.0   0.0000    1.4070    0.3770
       0440-003 130907 54218.54800 22000.0   0.0000    1.1020    0.5170
       0440-003 130907 54218.54800 22000.0   0.0000    1.1020    0.5170
       0440-003 082652 54288.35200 22000.0   0.0000    1.1300    0.2910
       0440-003 103209 54294.43900 22000.0   0.0000    1.7940    0.4250
       0440-003 105219 54294.45300 22000.0   0.0000    0.8270    0.4410
       0440-003 065024 54323.28500 22000.0   0.0000    1.2480    0.5880
       0440-003 070907 54323.29800 22000.0   0.0000    1.2820    0.7010
       0440-003 072916 54323.31200 22000.0   0.0000    1.8110    0.4000
       0440-003 074800 54323.32500 22000.0   0.0000    0.9130    0.6390
       0440-003 060126 54345.25100 22000.0   0.0000    0.8450    0.6980
       0440-003 065736 54345.29000 22000.0   0.0000    0.5420    0.4230
       0440-003 044633 54372.19900 22000.0   0.0000    2.0240    0.6160
       0440-003 031716 54386.13700 22000.0   0.0000    0.9550    0.1770
       0440-003 033014 54386.14600 22000.0   0.0000    1.4940    0.2140
       0440-003 215443 54455.91300 22000.0   0.0000    1.7290    0.4130
       0440-003 204702 54460.86600 22000.0   0.0000    1.6700    0.2560
       0440-003 210545 54460.87900 22000.0   0.0000    1.0910    0.1990
       0440-003 200516 54477.83700 22000.0   0.0000    0.7170    0.1930
       0440-003 173111 54510.73000 22000.0   0.0000    1.2640    0.1360
       0440-003 174955 54510.74300 22000.0   0.0000    1.2600    0.1540
       0440-003 153433 54561.64900 22000.0   0.0000    1.3980    0.1890
       0440-003 154731 54561.65800 22000.0   0.0000    1.2470    0.1680
       0440-003 153014 54575.64600 22000.0   0.0000    1.1410    0.9440
       0440-003 122721 54639.51900 22000.0   0.0000    1.0800    0.2070
       0440-003 103209 54666.43900 22000.0   0.0000    0.4930    0.1850
       0440-003 091131 54687.38300 22000.0   0.0000    1.4080    0.2960
       0440-003 032302 54779.14100 22000.0   0.0000    1.7230    0.5720
       0440-003 033559 54779.15000 22000.0   0.0000    2.1410    0.4930
       0440-003 175121 54911.74400 22000.0   0.0000    0.8080    0.4280
       0440-003 180419 54911.75300 22000.0   0.0000    1.2060    0.4490
       0440-003 040155 55062.16800 22000.0   0.0000    1.1950    0.2320
       0440-003 041452 55062.17700 22000.0   0.0000    1.0990    0.2650
       0440-003 031716 55099.13700 22000.0   0.0000    0.7170    1.1140
       0440-003 032428 55121.14200 22000.0   0.0000    0.8990    0.3330
       0440-003 033726 55121.15100 22000.0   0.0000    1.1780    0.2340
       0440-003 223209 55208.93900 22000.0   0.0000    1.0420    0.3370
       0440-003 224633 55208.94900 22000.0   0.0000    1.1510    0.3370
       0440-003 113657 53827.48400 43000.0   0.0000    0.8550    0.5080
       0440-003 093559 53855.40000 43000.0   0.0000    0.8240    0.8870
       0440-003 083657 53878.35900 43000.0   0.0000    1.0920    0.5240
       0440-003 083657 53879.35900 43000.0   0.0000    1.2920    0.5310
       0440-003 063559 53913.27500 43000.0   0.0000    0.7140    0.4070
       0440-003 033559 53951.15000 43000.0   0.0000    1.3780    0.5050
       0440-003 033559 53952.15000 43000.0   0.0000    1.2830    0.4850
       0440-003 033559 53953.15000 43000.0   0.0000    1.0140    0.4340
       0440-003 023657 53971.10900 43000.0   0.0000    0.9950    0.6230
       0440-003 023657 53972.10900 43000.0   0.0000    1.1650    0.5290
       0440-003 023657 53973.10900 43000.0   0.0000    1.3100    0.5440
       0440-003 003559 53999.02500 43000.0   0.0000    0.6960    0.3650
       0440-003 003559 54000.02500 43000.0   0.0000    0.8450    0.4050
       0440-003 223628 54025.94200 43000.0   0.0000    0.5500    0.4860
       0440-003 063559 54277.27500 43000.0   0.0000    1.0990    0.1630
       0440-003 033726 54322.15100 43000.0   0.0000    0.9950    0.1340
       0440-003 003726 54365.02600 43000.0   0.0000    0.9900    0.1420
       0440-003 003726 54367.02600 43000.0   0.0000    0.6600    0.1220
       0440-003 233657 54390.98400 43000.0   0.0000    0.8460    0.1680
       0440-003 202107 54421.84800 43000.0   0.0000    1.2620    0.2060
       0440-003 202107 54423.84800 43000.0   0.0000    1.1170    0.1900
       0440-003 202107 54424.84800 43000.0   0.0000    1.0960    0.1770
       0440-003 191912 54450.80500 43000.0   0.0000    1.3480    0.2550
       0440-003 172107 54479.72300 43000.0   0.0000    0.9440    0.1500
       0440-003 172107 54480.72300 43000.0   0.0000    1.0830    0.1680
       0440-003 143111 54521.60500 43000.0   0.0000    0.9990    0.1380
       0440-003 142819 54522.60300 43000.0   0.0000    1.0710    0.1210
       0440-003 113531 54556.48300 43000.0   0.0000    1.1430    0.2200
       0440-003 113111 54557.48000 43000.0   0.0000    1.0190    0.1380
       0440-003 092848 54580.39500 43000.0   0.0000    0.9260    0.1210
       0440-003 072916 54611.31200 43000.0   0.0000    0.6640    0.1180
       0440-003 072916 54612.31200 43000.0   0.0000    0.8170    0.1080
       0440-003 052819 54642.22800 43000.0   0.0000    0.6680    0.1170
       0440-003 052819 54643.22800 43000.0   0.0000    0.6950    0.1000
       0440-003 053404 54644.23200 43000.0   0.0000    0.7470    0.1230
       0440-003 043043 54659.18800 43000.0   0.0000    0.6300    0.1260
       0440-003 043043 54660.18800 43000.0   0.0000    0.7680    0.1190
       0440-003 032848 54680.14500 43000.0   0.0000    0.8920    0.1110
       0440-003 032848 54681.14500 43000.0   0.0000    0.8520    0.1050
       0440-003 032848 54682.14500 43000.0   0.0000    0.7490    0.1310
       0440-003 012916 54708.06200 43000.0   0.0000    1.5440    0.1820
       0440-003 012916 54709.06200 43000.0   0.0000    1.3270    0.1620
       0440-003 012916 54710.06200 43000.0   0.0000    1.1450    0.1750
       0440-003 233531 54743.98300 43000.0   0.0000    0.7700    0.2240
       0440-003 233657 54744.98400 43000.0   0.0000    1.0120    0.1800
       0440-003 202107 54779.84800 43000.0   0.0000    0.9690    0.1620
       0440-003 202107 54780.84800 43000.0   0.0000    0.9050    0.1500
       0440-003 202107 54807.84800 43000.0   0.0000    0.6490    0.1660
       0440-003 202107 54808.84800 43000.0   0.0000    0.8570    0.1600
       0440-003 202107 54809.84800 43000.0   0.0000    0.9810    0.1910
       0440-003 172107 54840.72300 43000.0   0.0000    1.0080    0.2270
       0440-003 172107 54841.72300 43000.0   0.0000    1.2320    0.3050
       0440-003 113404 54929.48200 43000.0   0.0000    0.9760    0.1340
       0440-003 112945 54930.47900 43000.0   0.0000    0.9010    0.1090
       0440-003 082400 54959.35000 43000.0   0.0000    0.6600    0.0990
       0440-003 082945 54961.35400 43000.0   0.0000    0.6350    0.0940
       0440-003 052819 55009.22800 43000.0   0.0000    1.0060    0.1220
       0440-003 052945 55010.22900 43000.0   0.0000    0.9980    0.1350
       0440-003 052819 55011.22800 43000.0   0.0000    1.0060    0.1430
       0440-003 202233 55167.84900 43000.0   0.0000    0.7090    0.1560
       0440-003 202233 55168.84900 43000.0   0.0000    0.8000    0.2120
       0440-003 172233 55209.72400 43000.0   0.0000    0.7760    0.1450
       0440-003 101619 53576.42800  5000.0   0.0000    2.2420    0.1170
       0440-003 063014 53577.27100  5000.0   0.0000    2.1230    0.0940
       0440-003 090252 53577.37700  5000.0   0.0000    2.1900    0.1060
       0440-003 070614 53578.29600  5000.0   0.0000    2.1750    0.0950
       0440-003 021940 53606.09700  5000.0   0.0000    2.2040    0.1020
       0440-003 001257 53639.00900  5000.0   0.0000    2.1340    0.0840
       0440-003 014633 53639.07400  5000.0   0.0000    2.1190    0.0840
       0440-003 043043 53639.18800  5000.0   0.0000    2.1620    0.0810
       0440-003 235833 53639.99900  5000.0   0.0000    2.1410    0.0990
       0440-003 025121 53640.11900  5000.0   0.0000    2.1470    0.0800
       0440-003 043755 53640.19300  5000.0   0.0000    2.1530    0.0830
       0440-003 072204 53640.30700  5000.0   0.0000    2.1790    0.0970
       0440-003 212136 53723.89000  5000.0   0.0000    2.0870    0.0920
       0440-003 233823 53723.98500  5000.0   0.0000    2.2050    0.0910
       0440-003 160614 53763.67100  5000.0   0.0000    2.1150    0.1150
       0440-003 213852 53763.90200  5000.0   0.0000    2.1900    0.1000
       0440-003 165512 53770.70500  5000.0   0.0000    2.1690    0.0870
       0440-003 170643 53770.71300  5000.0   0.0000    2.2590    0.0880
       0440-003 171940 53770.72200  5000.0   0.0000    2.1800    0.0890
       0440-003 140935 53826.59000  5000.0   0.0000    2.0730    0.1280
       0440-003 142233 53826.59900  5000.0   0.0000    2.1660    0.1230
       0440-003 143404 53826.60700  5000.0   0.0000    1.9250    0.1160
       0440-003 050643 53975.21300  5000.0   0.0000    2.1950    0.0980
       0440-003 051940 53975.22200  5000.0   0.0000    2.1360    0.0820
       0440-003 021228 54012.09200  5000.0   0.0000    2.2630    0.0780
       0440-003 022526 54012.10100  5000.0   0.0000    2.2360    0.0780
       0440-003 004604 54024.03200  5000.0   0.0000    2.1570    0.0720
       0440-003 005902 54024.04100  5000.0   0.0000    2.1100    0.0730
       0440-003 074926 54297.32600  5000.0   0.0000    2.1920    0.0810
       0440-003 080350 54297.33600  5000.0   0.0000    2.1810    0.0750
       0440-003 043628 54348.19200  5000.0   0.0000    2.2620    0.0760
       0440-003 044926 54348.20100  5000.0   0.0000    2.1720    0.0700
       0440-003 050223 54348.21000  5000.0   0.0000    2.1400    0.0670
       0440-003 051521 54348.21900  5000.0   0.0000    2.1980    0.0690
       0440-003 023531 54374.10800  5000.0   0.0000    2.1350    0.0700
       0440-003 024828 54374.11700  5000.0   0.0000    2.1670    0.0710
       0440-003 011033 54397.04900  5000.0   0.0000    2.1720    0.0750
       0440-003 012331 54397.05800  5000.0   0.0000    2.1190    0.0880
       0440-003 131452 54563.55200  5000.0   0.0000    2.2980    0.1770
       0440-003 030545 54724.12900  5000.0   0.0000    2.0180    0.1030
       0440-003 032009 54724.13900  5000.0   0.0000    1.9990    0.0990
       0440-003 155316 54912.66200  5000.0   0.0000    2.1780    0.2250
       0440-003 160614 54912.67100  5000.0   0.0000    2.0420    0.3460
       0440-003 151550 54953.63600  5000.0   0.0000    2.1560    0.3630
       0440-003 153014 54953.64600  5000.0   0.0000    2.2820    0.3560
       0440-003 112526 55002.47600  5000.0   0.0000    2.4300    0.5010
       0440-003 113950 55002.48600  5000.0   0.0000    2.4170    0.3470
       0440-003 075052 55034.32700  5000.0   0.0000    2.4570    0.2530
       0440-003 080516 55034.33700  5000.0   0.0000    2.3450    0.2960
       0440-003 065024 55063.28500  5000.0   0.0000    2.3950    0.1760
       0440-003 070447 55063.29500  5000.0   0.0000    2.4030    0.2160
       0440-003 022400 55100.10000  5000.0   0.0000    2.2960    0.0760
       0440-003 023823 55100.11000  5000.0   0.0000    2.2330    0.0810
       0440-003 040907 55122.17300  5000.0   0.0000    2.4080    0.0850
       0440-003 042331 55122.18300  5000.0   0.0000    2.5500    0.0870
       0440-003 194633 55209.82400  5000.0   0.0000    2.3330    0.0880
       0440-003 195931 55209.83300  5000.0   0.0000    2.3860    0.0890
       0440-003 044926 53577.20100  8000.0   0.0000    1.6900    0.1070
       0440-003 055248 53578.24500  8000.0   0.0000    1.7340    0.0820
       0440-003 091257 53578.38400  8000.0   0.0000    1.6910    0.1280
       0440-003 090711 53605.38000  8000.0   0.0000    1.7680    0.1000
       0440-003 034145 53606.15400  8000.0   0.0000    1.6860    0.1020
       0440-003 061257 53606.25900  8000.0   0.0000    1.7940    0.0970
       0440-003 065443 53637.28800  8000.0   0.0000    1.7580    0.0910
       0440-003 233238 53637.98100  8000.0   0.0000    1.7670    0.0990
       0440-003 022107 53638.09800  8000.0   0.0000    1.6430    0.0840
       0440-003 012204 53698.05700  8000.0   0.0000    1.7900    0.1500
       0440-003 200223 53698.83500  8000.0   0.0000    1.8890    0.1160
       0440-003 224926 53698.95100  8000.0   0.0000    1.8450    0.1160
       0440-003 181716 53720.76200  8000.0   0.0000    1.7520    0.0910
       0440-003 205414 53720.87100  8000.0   0.0000    1.7370    0.0870
       0440-003 012624 53722.06000  8000.0   0.0000    1.8300    0.1060
       0440-003 182009 53722.76400  8000.0   0.0000    1.7470    0.0950
       0440-003 172107 53741.72300  8000.0   0.0000    1.7010    0.0380
       0440-003 205833 53742.87400  8000.0   0.0000    1.8100    0.1140
       0440-003 184857 53743.78400  8000.0   0.0000    1.7560    0.1260
       0440-003 171355 53771.71800  8000.0   0.0000    1.6840    0.0960
       0440-003 173823 53771.73500  8000.0   0.0000    1.6630    0.1450
       0440-003 155443 53804.66300  8000.0   0.0000    1.7150    0.0960
       0440-003 161912 53804.68000  8000.0   0.0000    1.6650    0.0970
       0440-003 114955 53860.49300  8000.0   0.0000    1.6130    0.0720
       0440-003 094311 53907.40500  8000.0   0.0000    1.6870    0.1050
       0440-003 072331 53956.30800  8000.0   0.0000    1.7600    0.2100
       0440-003 031131 54011.13300  8000.0   0.0000    1.8720    0.0860
       0440-003 012038 54023.05600  8000.0   0.0000    1.8040    0.0840
       0440-003 004857 54038.03400  8000.0   0.0000    1.6960    0.1030
       0440-003 224507 54058.94800  8000.0   0.0000    1.7440    0.1580
       0440-003 220321 54079.91900  8000.0   0.0000    1.7320    0.0440
       0440-003 205248 54098.87000  8000.0   0.0000    1.8670    0.0790
       0440-003 192916 54121.81200  8000.0   0.0000    1.6800    0.0780
       0440-003 171940 54149.72200  8000.0   0.0000    1.7830    0.1930
       0440-003 151423 54185.63500  8000.0   0.0000    1.8490    0.3420
       0440-003 141228 54199.59200  8000.0   0.0000    1.7720    0.0540
       0440-003 143404 54220.60700  8000.0   0.0000    1.8390    0.0820
       0440-003 143404 54220.60700  8000.0   0.0000    1.8390    0.0820
       0440-003 065902 54275.29100  8000.0   0.0000    1.8360    0.0770
       0440-003 063852 54289.27700  8000.0   0.0000    1.7710    0.0480
       0440-003 082233 54296.34900  8000.0   0.0000    1.8040    0.0960
       0440-003 071326 54325.30100  8000.0   0.0000    1.6840    0.0740
       0440-003 050516 54344.21200  8000.0   0.0000    1.8020    0.0610
       0440-003 022107 54373.09800  8000.0   0.0000    1.6850    0.0800
       0440-003 234409 54420.98900  8000.0   0.0000    1.7100    0.0760
       0440-003 223043 54434.93800  8000.0   0.0000    1.6560    0.0720
       0440-003 201814 54476.84600  8000.0   0.0000    1.8670    0.1540
       0440-003 163502 54512.69100  8000.0   0.0000    1.8060    0.0730
       0440-003 171102 54562.71600  8000.0   0.0000    1.9480    0.1160
       0440-003 142233 54605.59900  8000.0   0.0000    1.9010    0.1520
       0440-003 121423 54640.51000  8000.0   0.0000    1.7390    0.0800
       0440-003 105512 54652.45500  8000.0   0.0000    2.0020    0.2100
       0440-003 100907 54667.42300  8000.0   0.0000    1.6770    0.0850
       0440-003 090000 54688.37500  8000.0   0.0000    1.6480    0.0790
       0440-003 040614 54723.17100  8000.0   0.0000    1.7310    0.3570
       0440-003 093852 55003.40200  8000.0   0.0000    1.7630    0.1020
       0440-003 084702 55035.36600  8000.0   0.0000    1.7220    0.1310
       0440-003 050643 55064.21300  8000.0   0.0000    1.7240    0.1340
       0440-003 054955 55077.24300  8000.0   0.0000    1.9040    0.1070
       0440-003 032136 55101.14000  8000.0   0.0000    1.8730    0.1110
       0440-003 023111 55123.10500  8000.0   0.0000    1.8330    0.1240
       0440-003 193921 55207.81900  8000.0   0.0000    1.9170    0.1520
       0528+134 111940 53510.47200 22000.0   0.0000    3.0700    0.6880
       0528+134 002302 53637.01600 22000.0   0.0000    2.5190    0.5070
       0528+134 082819 53637.35300 22000.0   0.0000    2.4550    0.3960
       0528+134 083950 53637.36100 22000.0   0.0000    2.4630    0.4170
       0528+134 220155 53697.91800 22000.0   0.0000    3.5560    0.5060
       0528+134 232233 53720.97400 22000.0   0.0000    2.5940    0.4250
       0528+134 030000 53722.12500 22000.0   0.0000    2.5750    0.3550
       0528+134 031131 53722.13300 22000.0   0.0000    2.3890    0.3620
       0528+134 235248 53743.99500 22000.0   0.0000    2.7580    0.3050
       0528+134 000419 53744.00300 22000.0   0.0000    3.0670    0.3190
       0528+134 180711 53764.75500 22000.0   0.0000    3.1620    0.1950
       0528+134 182555 53766.76800 22000.0   0.0000    2.9570    0.3390
       0528+134 183726 53766.77600 22000.0   0.0000    3.0490    0.3290
       0528+134 191912 53772.80500 22000.0   0.0000    3.5170    0.3020
       0528+134 193209 53772.81400 22000.0   0.0000    3.5820    0.3070
       0528+134 163755 53805.69300 22000.0   0.0000    3.1530    0.3430
       0528+134 165052 53805.70200 22000.0   0.0000    3.0380    0.3570
       0528+134 143950 53849.61100 22000.0   0.0000    3.0510    0.3950
       0528+134 145248 53849.62000 22000.0   0.0000    3.1610    0.3840
       0528+134 134047 53861.57000 22000.0   0.0000    2.4050    0.3270
       0528+134 072916 53955.31200 22000.0   0.0000    3.2440    0.3900
       0528+134 074340 53955.32200 22000.0   0.0000    3.5330    0.4030
       0528+134 063140 53973.27200 22000.0   0.0000    3.3680    0.3440
       0528+134 064438 53973.28100 22000.0   0.0000    3.3320    0.3350
       0528+134 030838 54010.13100 22000.0   0.0000    3.9770    0.4300
       0528+134 032136 54010.14000 22000.0   0.0000    4.2730    0.4560
       0528+134 020809 54022.08900 22000.0   0.0000    4.1850    0.3870
       0528+134 022107 54022.09800 22000.0   0.0000    3.9570    0.4130
       0528+134 232819 54057.97800 22000.0   0.0000    4.4280    0.7170
       0528+134 234116 54057.98700 22000.0   0.0000    3.9550    0.5900
       0528+134 000711 54058.00500 22000.0   0.0000    3.8480    0.5790
       0528+134 214145 54097.90400 22000.0   0.0000    3.9100    0.3880
       0528+134 215443 54097.91300 22000.0   0.0000    3.6030    0.3950
       0528+134 220740 54097.92200 22000.0   0.0000    3.6950    0.3910
       0528+134 200809 54120.83900 22000.0   0.0000    3.1410    0.4340
       0528+134 202107 54120.84800 22000.0   0.0000    4.1660    0.5550
       0528+134 183726 54148.77600 22000.0   0.0000    4.4180    0.3430
       0528+134 185024 54148.78500 22000.0   0.0000    4.0700    0.3920
       0528+134 190321 54148.79400 22000.0   0.0000    4.3770    0.4570
       0528+134 114536 54198.49000 22000.0   0.0000    4.0310    0.4330
       0528+134 120000 54198.50000 22000.0   0.0000    3.4210    0.3900
       0528+134 121257 54198.50900 22000.0   0.0000    3.8900    0.3550
       0528+134 122555 54198.51800 22000.0   0.0000    3.8330    0.3500
       0528+134 120545 54219.50400 22000.0   0.0000    4.7900    0.4140
       0528+134 120545 54219.50400 22000.0   0.0000    4.7900    0.4140
       0528+134 122009 54219.51400 22000.0   0.0000    4.8870    0.3740
       0528+134 122009 54219.51400 22000.0   0.0000    4.8870    0.3740
       0528+134 124604 54219.53200 22000.0   0.0000    4.4810    0.3650
       0528+134 124604 54219.53200 22000.0   0.0000    4.4810    0.3650
       0528+134 111355 54274.46800 22000.0   0.0000    5.0350    0.3700
       0528+134 112652 54274.47700 22000.0   0.0000    5.5600    0.4410
       0528+134 113950 54274.48600 22000.0   0.0000    3.8670    0.4030
       0528+134 115414 54274.49600 22000.0   0.0000    4.5450    0.3940
       0528+134 092848 54288.39500 22000.0   0.0000    5.4160    0.4050
       0528+134 094145 54288.40400 22000.0   0.0000    4.5630    0.3790
       0528+134 115121 54294.49400 22000.0   0.0000    4.6070    0.4530
       0528+134 120419 54294.50300 22000.0   0.0000    5.6750    0.4840
       0528+134 040155 54324.16800 22000.0   0.0000    5.4190    0.5530
       0528+134 041452 54324.17700 22000.0   0.0000    4.9970    0.5720
       0528+134 042750 54324.18600 22000.0   0.0000    5.3020    0.4740
       0528+134 044047 54324.19500 22000.0   0.0000    5.0200    0.5190
       0528+134 040447 54346.17000 22000.0   0.0000    6.0030    0.7400
       0528+134 041745 54346.17900 22000.0   0.0000    5.1280    0.6750
       0528+134 043043 54346.18800 22000.0   0.0000    5.5100    0.7140
       0528+134 044507 54346.19800 22000.0   0.0000    5.2670    1.0220
       0528+134 054409 54372.23900 22000.0   0.0000    5.8270    0.4990
       0528+134 055707 54372.24800 22000.0   0.0000    6.2670    0.6490
       0528+134 042750 54386.18600 22000.0   0.0000    5.8890    0.4400
       0528+134 215902 54456.91600 22000.0   0.0000    4.2560    0.3900
       0528+134 221326 54456.92600 22000.0   0.0000    4.8760    0.3390
       0528+134 222624 54456.93500 22000.0   0.0000    4.1840    0.3430
       0528+134 223921 54456.94400 22000.0   0.0000    4.8940    0.4060
       0528+134 212302 54460.89100 22000.0   0.0000    4.6330    0.2840
       0528+134 213726 54460.90100 22000.0   0.0000    4.9440    0.2580
       0528+134 164633 54511.69900 22000.0   0.0000    3.6050    0.2260
       0528+134 165931 54511.70800 22000.0   0.0000    3.6960    0.2160
       0528+134 171228 54511.71700 22000.0   0.0000    2.4730    0.2310
       0528+134 172652 54511.72700 22000.0   0.0000    2.7820    0.3230
       0528+134 164507 54561.69800 22000.0   0.0000    3.8490    0.1940
       0528+134 165804 54561.70700 22000.0   0.0000    3.4470    0.2040
       0528+134 155736 54575.66500 22000.0   0.0000    2.8860    1.2700
       0528+134 161159 54575.67500 22000.0   0.0000    4.0280    1.1790
       0528+134 140057 54604.58400 22000.0   0.0000    3.0850    0.3720
       0528+134 141355 54604.59300 22000.0   0.0000    3.4020    0.3830
       0528+134 125443 54639.53800 22000.0   0.0000    3.9460    0.4290
       0528+134 130907 54639.54800 22000.0   0.0000    3.7510    0.4160
       0528+134 104800 54666.45000 22000.0   0.0000    3.1860    0.3180
       0528+134 110057 54666.45900 22000.0   0.0000    3.1820    0.3290
       0528+134 093852 54687.40200 22000.0   0.0000    3.3010    0.4350
       0528+134 035024 54779.16000 22000.0   0.0000    3.4470    0.6850
       0528+134 040321 54779.16900 22000.0   0.0000    3.6420    0.5980
       0528+134 005150 54816.03600 22000.0   0.0000    2.6560    0.6520
       0528+134 010447 54816.04500 22000.0   0.0000    3.3160    0.7330
       0528+134 181843 54911.76300 22000.0   0.0000    2.4240    0.4780
       0528+134 183140 54911.77200 22000.0   0.0000    2.4870    0.4440
       0528+134 043043 55062.18800 22000.0   0.0000    1.7640    0.2670
       0528+134 044340 55062.19700 22000.0   0.0000    1.9580    0.3080
       0528+134 033307 55099.14800 22000.0   0.0000    1.6820    0.6140
       0528+134 034604 55099.15700 22000.0   0.0000    1.4660    0.1750
       0528+134 035316 55121.16200 22000.0   0.0000    1.7210    0.2340
       0528+134 040740 55121.17200 22000.0   0.0000    0.7660    0.4610
       0528+134 230223 55208.96000 22000.0   0.0000    1.3270    0.1950
       0528+134 231521 55208.96900 22000.0   0.0000    1.0240    0.2080
       0528+134 132331 53826.55800 43000.0   0.0000    2.2990    0.8390
       0528+134 112107 53852.47300 43000.0   0.0000    2.7520    0.9130
       0528+134 102204 53878.43200 43000.0   0.0000    2.7570    0.6730
       0528+134 102204 53879.43200 43000.0   0.0000    2.7500    0.6540
       0528+134 082107 53913.34800 43000.0   0.0000    2.1150    0.5410
       0528+134 072204 53928.30700 43000.0   0.0000    3.6360    0.7060
       0528+134 052107 53951.22300 43000.0   0.0000    4.6730    1.0020
       0528+134 052107 53952.22300 43000.0   0.0000    4.9230    1.0800
       0528+134 052107 53953.22300 43000.0   0.0000    4.7690    1.0080
       0528+134 042204 53972.18200 43000.0   0.0000    4.9520    1.1350
       0528+134 042204 53973.18200 43000.0   0.0000    4.3860    1.0240
       0528+134 022107 53998.09800 43000.0   0.0000    4.6720    0.8880
       0528+134 022107 53999.09800 43000.0   0.0000    4.4450    0.8450
       0528+134 022107 54000.09800 43000.0   0.0000    4.3650    0.8340
       0528+134 002136 54026.01500 43000.0   0.0000    4.4280    1.1560
       0528+134 134340 54276.57200 43000.0   0.0000    7.0820    1.0570
       0528+134 135512 54276.58000 43000.0   0.0000    6.8120    1.0520
       0528+134 142233 54276.59900 43000.0   0.0000    6.7210    1.0530
       0528+134 143823 54276.61000 43000.0   0.0000    6.7160    0.8740
       0528+134 145248 54276.62000 43000.0   0.0000    7.7670    1.0880
       0528+134 150838 54276.63100 43000.0   0.0000    7.3330    1.0320
       0528+134 152428 54276.64200 43000.0   0.0000    5.8890    0.8800
       0528+134 153852 54276.65200 43000.0   0.0000    6.9790    1.2090
       0528+134 155443 54276.66300 43000.0   0.0000    5.4000    1.2440
       0528+134 082107 54277.34800 43000.0   0.0000    5.3990    0.6530
       0528+134 052107 54321.22300 43000.0   0.0000    5.4120    0.6350
       0528+134 052233 54322.22400 43000.0   0.0000    5.1400    0.6450
       0528+134 022107 54365.09800 43000.0   0.0000    5.9060    0.6630
       0528+134 022233 54367.09900 43000.0   0.0000    5.3520    0.6080
       0528+134 012204 54391.05700 43000.0   0.0000    6.4500    0.6610
       0528+134 220614 54421.92100 43000.0   0.0000    4.3810    0.5500
       0528+134 220614 54423.92100 43000.0   0.0000    4.8290    0.6070
       0528+134 220614 54424.92100 43000.0   0.0000    5.3020    0.6570
       0528+134 220614 54437.92100 43000.0   0.0000    4.9600    0.7880
       0528+134 190614 54479.79600 43000.0   0.0000    4.3060    0.6250
       0528+134 190614 54480.79600 43000.0   0.0000    4.3310    0.6130
       0528+134 170809 54505.71400 43000.0   0.0000    3.9860    0.6200
       0528+134 170516 54506.71200 43000.0   0.0000    4.4390    0.5980
       0528+134 160614 54521.67100 43000.0   0.0000    3.2870    0.3650
       0528+134 160614 54522.67100 43000.0   0.0000    3.0390    0.3400
       0528+134 160740 54523.67200 43000.0   0.0000    3.7950    0.4110
       0528+134 130740 54556.54700 43000.0   0.0000    3.6120    0.3880
       0528+134 130740 54557.54700 43000.0   0.0000    4.0840    0.4440
       0528+134 110643 54580.46300 43000.0   0.0000    2.8390    0.3100
       0528+134 090711 54611.38000 43000.0   0.0000    2.4780    0.2780
       0528+134 090711 54612.38000 43000.0   0.0000    2.4990    0.2850
       0528+134 070447 54642.29500 43000.0   0.0000    2.2060    0.3430
       0528+134 070614 54643.29600 43000.0   0.0000    2.1610    0.2880
       0528+134 060711 54659.25500 43000.0   0.0000    2.0030    0.3490
       0528+134 060711 54660.25500 43000.0   0.0000    2.3290    0.3870
       0528+134 050643 54680.21300 43000.0   0.0000    3.1210    0.3430
       0528+134 050643 54681.21300 43000.0   0.0000    3.3000    0.3520
       0528+134 050809 54682.21400 43000.0   0.0000    3.2580    0.3520
       0528+134 024409 54708.11400 43000.0   0.0000    3.0180    0.3420
       0528+134 033726 54708.15100 43000.0   0.0000    2.8860    0.4260
       0528+134 024409 54709.11400 43000.0   0.0000    2.9820    0.3310
       0528+134 033726 54709.15100 43000.0   0.0000    2.9470    0.3900
       0528+134 024409 54710.11400 43000.0   0.0000    2.5570    0.2890
       0528+134 033726 54710.15100 43000.0   0.0000    2.6480    0.3110
       0528+134 012038 54744.05600 43000.0   0.0000    3.5040    0.5820
       0528+134 012204 54745.05700 43000.0   0.0000    3.1750    0.5200
       0528+134 220614 54779.92100 43000.0   0.0000    1.9330    0.3000
       0528+134 220614 54780.92100 43000.0   0.0000    1.8620    0.2960
       0528+134 220614 54781.92100 43000.0   0.0000    1.9070    0.2950
       0528+134 220614 54807.92100 43000.0   0.0000    3.0400    0.4280
       0528+134 220614 54808.92100 43000.0   0.0000    2.8100    0.4070
       0528+134 220614 54809.92100 43000.0   0.0000    2.6510    0.3830
       0528+134 190614 54840.79600 43000.0   0.0000    1.6030    0.3750
       0528+134 190614 54842.79600 43000.0   0.0000    1.8830    0.3550
       0528+134 170643 54878.71300 43000.0   0.0000    2.2030    0.4530
       0528+134 130614 54929.54600 43000.0   0.0000    1.7820    0.2290
       0528+134 130614 54930.54600 43000.0   0.0000    1.7820    0.2080
       0528+134 130614 54931.54600 43000.0   0.0000    1.6130    0.2040
       0528+134 100740 54959.42200 43000.0   0.0000    1.3200    0.1810
       0528+134 100614 54961.42100 43000.0   0.0000    1.5410    0.2140
       0528+134 070614 55009.29600 43000.0   0.0000    1.7990    0.2450
       0528+134 070614 55011.29600 43000.0   0.0000    1.4960    0.2230
       0528+134 231521 55157.96900 43000.0   0.0000    1.4260    0.1920
       0528+134 232107 55158.97300 43000.0   0.0000    1.2580    0.2220
       0528+134 000838 55160.00600 43000.0   0.0000    1.5370    0.3440
       0528+134 230223 55160.96000 43000.0   0.0000    1.6780    0.2680
       0528+134 225804 55161.95700 43000.0   0.0000    1.8870    0.3190
       0528+134 220740 55167.92200 43000.0   0.0000    1.6930    0.2820
       0528+134 220907 55168.92300 43000.0   0.0000    1.6100    0.2690
       0528+134 215609 55174.91400 43000.0   0.0000    1.8150    0.2510
       0528+134 220028 55175.91700 43000.0   0.0000    1.6750    0.2420
       0528+134 214857 55176.90900 43000.0   0.0000    1.7980    0.2560
       0528+134 221159 55178.92500 43000.0   0.0000    1.7860    0.2540
       0528+134 205707 55184.87300 43000.0   0.0000    1.6860    0.2230
       0528+134 210545 55185.87900 43000.0   0.0000    1.5480    0.2090
       0528+134 211423 55186.88500 43000.0   0.0000    1.6230    0.2220
       0528+134 205121 55188.86900 43000.0   0.0000    1.7230    0.2380
       0528+134 210545 55188.87900 43000.0   0.0000    1.6430    0.2430
       0528+134 205833 55189.87400 43000.0   0.0000    1.4830    0.2030
       0528+134 211257 55189.88400 43000.0   0.0000    1.5390    0.2370
       0528+134 190740 55209.79700 43000.0   0.0000    1.4800    0.1970
       0528+134 185024 55213.78500 43000.0   0.0000    1.7730    0.2220
       0528+134 185736 55214.79000 43000.0   0.0000    1.5700    0.2020
       0528+134 142945 53511.60400  5000.0   0.0000    2.9770    0.1140
       0528+134 102750 53576.43600  5000.0   0.0000    3.1030    0.1070
       0528+134 064311 53577.28000  5000.0   0.0000    3.2860    0.1110
       0528+134 071912 53578.30500  5000.0   0.0000    3.1260    0.1070
       0528+134 094731 53607.40800  5000.0   0.0000    3.0580    0.1070
       0528+134 015804 53639.08200  5000.0   0.0000    2.8850    0.0850
       0528+134 062848 53639.27000  5000.0   0.0000    2.9040    0.1020
       0528+134 001131 53640.00800  5000.0   0.0000    2.9920    0.0980
       0528+134 044926 53640.20100  5000.0   0.0000    2.9930    0.0930
       0528+134 213433 53723.89900  5000.0   0.0000    3.2130    0.1080
       0528+134 161745 53763.67900  5000.0   0.0000    3.2380    0.1190
       0528+134 215150 53763.91100  5000.0   0.0000    3.0400    0.1080
       0528+134 175248 53770.74500  5000.0   0.0000    3.2280    0.0930
       0528+134 180419 53770.75300  5000.0   0.0000    3.2750    0.1100
       0528+134 151257 53826.63400  5000.0   0.0000    2.8040    0.1320
       0528+134 152555 53826.64300  5000.0   0.0000    2.9270    0.1270
       0528+134 125024 53851.53500  5000.0   0.0000    3.4500    0.1540
       0528+134 130321 53851.54400  5000.0   0.0000    3.2960    0.1600
       0528+134 062302 53975.26600  5000.0   0.0000    3.4860    0.1000
       0528+134 063726 53975.27600  5000.0   0.0000    3.4980    0.1010
       0528+134 032848 54012.14500  5000.0   0.0000    3.5860    0.0810
       0528+134 034145 54012.15400  5000.0   0.0000    3.4820    0.0800
       0528+134 011452 54024.05200  5000.0   0.0000    3.2110    0.0860
       0528+134 012750 54024.06100  5000.0   0.0000    3.2340    0.0860
       0528+134 181257 54199.75900  5000.0   0.0000    3.5430    0.0820
       0528+134 182555 54199.76800  5000.0   0.0000    3.5720    0.0870
       0528+134 104507 54296.44800  5000.0   0.0000    3.1840    0.1210
       0528+134 105804 54296.45700  5000.0   0.0000    3.1950    0.1210
       0528+134 043335 54374.19000  5000.0   0.0000    3.4560    0.0910
       0528+134 044633 54374.19900  5000.0   0.0000    3.5200    0.0880
       0528+134 030838 54397.13100  5000.0   0.0000    3.4640    0.2390
       0528+134 032136 54397.14000  5000.0   0.0000    3.8660    0.2660
       0528+134 150126 54563.62600  5000.0   0.0000    3.8630    0.1330
       0528+134 083531 54668.35800  5000.0   0.0000    3.6380    0.1850
       0528+134 073921 54689.31900  5000.0   0.0000    3.7040    0.1000
       0528+134 033433 54724.14900  5000.0   0.0000    3.5830    0.1140
       0528+134 034731 54724.15800  5000.0   0.0000    3.3170    0.1040
       0528+134 190447 54912.79500  5000.0   0.0000    3.5910    0.3590
       0528+134 191912 54912.80500  5000.0   0.0000    3.5200    0.3840
       0528+134 183140 54953.77200  5000.0   0.0000    3.4750    0.4910
       0528+134 144536 55002.61500  5000.0   0.0000    2.4350    0.3640
       0528+134 111228 55034.46700  5000.0   0.0000    2.9790    0.3180
       0528+134 114243 55062.48800  5000.0   0.0000    3.2150    0.2550
       0528+134 034311 55100.15500  5000.0   0.0000    2.8080    0.0850
       0528+134 035736 55100.16500  5000.0   0.0000    2.7740    0.0870
       0528+134 052652 55122.22700  5000.0   0.0000    2.4480    0.0810
       0528+134 054116 55122.23700  5000.0   0.0000    2.9540    0.0920
       0528+134 225345 55209.95400  5000.0   0.0000    2.6710    0.0970
       0528+134 230643 55209.96300  5000.0   0.0000    2.6380    0.1100
       0528+134 110350 53511.46100  8000.0   0.0000    3.2390    0.0940
       0528+134 032848 53578.14500  8000.0   0.0000    2.9020    0.1410
       0528+134 092428 53578.39200  8000.0   0.0000    2.9750    0.1090
       0528+134 092009 53605.38900  8000.0   0.0000    2.9970    0.1310
       0528+134 035443 53606.16300  8000.0   0.0000    3.0440    0.1220
       0528+134 234536 53637.99000  8000.0   0.0000    3.0320    0.1160
       0528+134 080809 53638.33900  8000.0   0.0000    3.1790    0.0940
       0528+134 013502 53698.06600  8000.0   0.0000    3.2880    0.1300
       0528+134 201355 53698.84300  8000.0   0.0000    3.6510    0.1430
       0528+134 182848 53720.77000  8000.0   0.0000    3.4880    0.1180
       0528+134 023823 53721.11000  8000.0   0.0000    3.4990    0.1050
       0528+134 225638 53721.95600  8000.0   0.0000    3.4140    0.1090
       0528+134 190614 53741.79600  8000.0   0.0000    3.1290    0.0700
       0528+134 182848 53742.77000  8000.0   0.0000    3.3890    0.1520
       0528+134 190028 53743.79200  8000.0   0.0000    3.3750    0.1130
       0528+134 181131 53771.75800  8000.0   0.0000    3.5210    0.1480
       0528+134 182428 53771.76700  8000.0   0.0000    3.6550    0.1430
       0528+134 165804 53804.70700  8000.0   0.0000    3.5470    0.1150
       0528+134 170935 53804.71500  8000.0   0.0000    3.5160    0.1100
       0528+134 153433 53830.64900  8000.0   0.0000    3.5680    0.2520
       0528+134 135219 53850.57800  8000.0   0.0000    4.0640    0.1490
       0528+134 140516 53850.58700  8000.0   0.0000    3.9610    0.1560
       0528+134 122555 53860.51800  8000.0   0.0000    3.4780    0.0840
       0528+134 103628 53907.44200  8000.0   0.0000    3.5830    0.1250
       0528+134 082400 53956.35000  8000.0   0.0000    3.6500    0.2040
       0528+134 040447 54011.17000  8000.0   0.0000    3.8290    0.1550
       0528+134 021228 54023.09200  8000.0   0.0000    3.5610    0.1290
       0528+134 014214 54038.07100  8000.0   0.0000    3.3330    0.1780
       0528+134 234536 54058.99000  8000.0   0.0000    3.6140    0.2800
       0528+134 225638 54079.95600  8000.0   0.0000    3.7750    0.0710
       0528+134 215316 54098.91200  8000.0   0.0000    3.5260    0.0970
       0528+134 203111 54121.85500  8000.0   0.0000    3.5350    0.1180
       0528+134 182009 54149.76400  8000.0   0.0000    3.5210    0.1890
       0528+134 170350 54198.71100  8000.0   0.0000    3.6330    0.1090
       0528+134 172526 54219.72600  8000.0   0.0000    3.8780    0.1570
       0528+134 172526 54219.72600  8000.0   0.0000    3.8780    0.1570
       0528+134 113823 54275.48500  8000.0   0.0000    3.9090    0.1310
       0528+134 110935 54289.46500  8000.0   0.0000    3.9260    0.1120
       0528+134 124145 54295.52900  8000.0   0.0000    3.8430    0.1350
       0528+134 104047 54324.44500  8000.0   0.0000    3.8450    0.1250
       0528+134 091550 54344.38600  8000.0   0.0000    3.8540    0.2540
       0528+134 071033 54373.29900  8000.0   0.0000    4.1210    0.1230
       0528+134 020809 54435.08900  8000.0   0.0000    4.0870    0.1940
       0528+134 201102 54512.84100  8000.0   0.0000    3.7920    0.1110
       0528+134 190907 54576.79800  8000.0   0.0000    3.7770    0.1560
       0528+134 132331 54640.55800  8000.0   0.0000    3.6150    0.1260
       0528+134 114828 54652.49200  8000.0   0.0000    3.5300    0.1840
       0528+134 110223 54667.46000  8000.0   0.0000    3.6350    0.1320
       0528+134 095316 54688.41200  8000.0   0.0000    3.3260    0.1220
       0528+134 074214 54723.32100  8000.0   0.0000    3.4390    0.2010
       0528+134 031131 54778.13300  8000.0   0.0000    3.4510    0.1160
       0528+134 181131 54951.75800  8000.0   0.0000    2.7330    0.1350
       0528+134 131452 55003.55200  8000.0   0.0000    2.4960    0.2200
       0528+134 123140 55035.52200  8000.0   0.0000    2.8050    0.2530
       0528+134 085833 55063.37400  8000.0   0.0000    2.6510    0.0890
       0528+134 092428 55077.39200  8000.0   0.0000    2.4170    0.1670
       0528+134 045052 55101.20200  8000.0   0.0000    2.4420    0.0870
       0528+134 040907 55123.17300  8000.0   0.0000    2.3800    0.0860
       0528+134 211257 55207.88400  8000.0   0.0000    2.0940    0.2240
       0716+714 190028 53372.79200 22000.0   0.0000    1.9330    0.1260
       0716+714 195512 53372.83000 22000.0   0.0000    1.8890    0.1400
       0716+714 205248 53372.87000 22000.0   0.0000    1.8460    0.1250
       0716+714 190028 53373.79200 22000.0   0.0000    1.8310    0.1200
       0716+714 195512 53373.83000 22000.0   0.0000    1.8280    0.1200
       0716+714 205121 53373.86900 22000.0   0.0000    1.8840    0.1230
       0716+714 190028 53376.79200 22000.0   0.0000    2.0150    0.1290
       0716+714 195512 53376.83000 22000.0   0.0000    2.0220    0.1340
       0716+714 205121 53376.86900 22000.0   0.0000    2.0370    0.1310
       0716+714 190028 53377.79200 22000.0   0.0000    1.9690    0.1250
       0716+714 195512 53377.83000 22000.0   0.0000    2.0220    0.1330
       0716+714 205121 53377.86900 22000.0   0.0000    1.9660    0.1290
       0716+714 190028 53378.79200 22000.0   0.0000    2.0520    0.1370
       0716+714 195512 53378.83000 22000.0   0.0000    1.9180    0.1230
       0716+714 205121 53378.86900 22000.0   0.0000    1.9940    0.1330
       0716+714 190028 53379.79200 22000.0   0.0000    2.0970    0.1370
       0716+714 195512 53379.83000 22000.0   0.0000    2.0500    0.1380
       0716+714 205121 53379.86900 22000.0   0.0000    2.0630    0.1320
       0716+714 190028 53380.79200 22000.0   0.0000    2.1520    0.1400
       0716+714 195512 53380.83000 22000.0   0.0000    1.9860    0.1300
       0716+714 205121 53380.86900 22000.0   0.0000    1.9910    0.1290
       0716+714 170935 53413.71500 22000.0   0.0000    1.0400    0.0450
       0716+714 181004 53413.75700 22000.0   0.0000    0.9030    0.0480
       0716+714 161033 53414.67400 22000.0   0.0000    0.9840    0.1290
       0716+714 161033 53415.67400 22000.0   0.0000    1.0270    0.0650
       0716+714 170935 53415.71500 22000.0   0.0000    0.9140    0.0600
       0716+714 181004 53415.75700 22000.0   0.0000    0.9360    0.0870
       0716+714 134047 53442.57000 22000.0   0.0000    0.6950    0.0490
       0716+714 143950 53442.61100 22000.0   0.0000    0.7420    0.0570
       0716+714 134047 53443.57000 22000.0   0.0000    0.6880    0.0610
       0716+714 143950 53443.61100 22000.0   0.0000    0.7900    0.0490
       0716+714 124019 53465.52800 22000.0   0.0000    0.3790    0.4220
       0716+714 144116 53465.61200 22000.0   0.0000    0.3560    0.2720
       0716+714 143950 53466.61100 22000.0   0.0000    0.5250    0.1360
       0716+714 113950 53509.48600 22000.0   0.0000    0.8530    0.5390
       0716+714 113950 53511.48600 22000.0   0.0000    0.6860    0.4530
       0716+714 182302 53606.76600 22000.0   0.0000    1.5780    0.4700
       0716+714 183433 53606.77400 22000.0   0.0000    1.3730    0.4500
       0716+714 212721 53637.89400 22000.0   0.0000    1.0830    0.3640
       0716+714 065024 53638.28500 22000.0   0.0000    1.0940    0.2990
       0716+714 180838 53638.75600 22000.0   0.0000    1.1480    0.4320
       0716+714 175833 53698.74900 22000.0   0.0000    0.8870    0.2930
       0716+714 012204 53721.05700 22000.0   0.0000    0.9400    0.3160
       0716+714 203823 53721.86000 22000.0   0.0000    0.8740    0.3010
       0716+714 073209 53722.31400 22000.0   0.0000    0.9190    0.2820
       0716+714 033014 53744.14600 22000.0   0.0000    0.8620    0.2910
       0716+714 182009 53764.76400 22000.0   0.0000    1.1400    0.1350
       0716+714 201228 53766.84200 22000.0   0.0000    1.1130    0.3080
       0716+714 202652 53772.85200 22000.0   0.0000    0.9380    0.2880
       0716+714 204955 53772.86800 22000.0   0.0000    0.8870    0.2470
       0716+714 174536 53805.74000 22000.0   0.0000    0.5890    0.3010
       0716+714 190740 53849.79700 22000.0   0.0000    0.6520    0.2790
       0716+714 192624 53849.81000 22000.0   0.0000    0.6110    0.2750
       0716+714 174955 53861.74300 22000.0   0.0000    0.3750    0.2660
       0716+714 111814 53972.47100 22000.0   0.0000    1.6710    0.5650
       0716+714 115707 53972.49800 22000.0   0.0000    2.1190    0.5580
       0716+714 075804 54010.33200 22000.0   0.0000    0.8960    0.3400
       0716+714 081814 54010.34600 22000.0   0.0000    0.8900    0.3300
       0716+714 073502 54021.31600 22000.0   0.0000    0.8470    0.4390
       0716+714 075345 54021.32900 22000.0   0.0000    0.8400    0.3630
       0716+714 042331 54058.18300 22000.0   0.0000    0.5020    0.4930
       0716+714 044214 54058.19600 22000.0   0.0000    1.2460    0.4220
       0716+714 050223 54058.21000 22000.0   0.0000    0.8090    0.5070
       0716+714 052107 54058.22300 22000.0   0.0000    0.7920    0.4900
       0716+714 023111 54098.10500 22000.0   0.0000    0.6690    0.3190
       0716+714 024955 54098.11800 22000.0   0.0000    0.9690    0.3270
       0716+714 030838 54098.13100 22000.0   0.0000    0.8470    0.3380
       0716+714 032721 54098.14400 22000.0   0.0000    0.7990    0.3540
       0716+714 011745 54121.05400 22000.0   0.0000    1.7630    0.4530
       0716+714 013628 54121.06700 22000.0   0.0000    1.3580    0.3600
       0716+714 015512 54121.08000 22000.0   0.0000    1.3160    0.3960
       0716+714 234536 54148.99000 22000.0   0.0000    2.0210    0.4640
       0716+714 000419 54149.00300 22000.0   0.0000    1.7050    0.4950
       0716+714 002302 54149.01600 22000.0   0.0000    1.9110    0.4600
       0716+714 202945 54197.85400 22000.0   0.0000    1.1280    0.4360
       0716+714 204955 54218.86800 22000.0   0.0000    0.9470    0.2370
       0716+714 204955 54218.86800 22000.0   0.0000    0.9470    0.2370
       0716+714 211550 54218.88600 22000.0   0.0000    1.1330    0.2530
       0716+714 211550 54218.88600 22000.0   0.0000    1.1330    0.2530
       0716+714 071745 54274.30400 22000.0   0.0000    1.7470    0.4170
       0716+714 073628 54274.31700 22000.0   0.0000    1.8890    0.3980
       0716+714 075638 54274.33100 22000.0   0.0000    2.0590    0.4290
       0716+714 143111 54288.60500 22000.0   0.0000    1.0520    0.3360
       0716+714 144955 54288.61800 22000.0   0.0000    1.4540    0.3120
       0716+714 063014 54295.27100 22000.0   0.0000    1.2430    0.3230
       0716+714 064857 54295.28400 22000.0   0.0000    1.0530    0.2800
       0716+714 091550 54322.38600 22000.0   0.0000    1.1040    0.3860
       0716+714 093433 54322.39900 22000.0   0.0000    1.4100    0.3230
       0716+714 053657 54324.23400 22000.0   0.0000    1.4580    0.3820
       0716+714 055540 54324.24700 22000.0   0.0000    1.4310    0.3250
       0716+714 195931 54372.83300 22000.0   0.0000    1.2360    0.5870
       0716+714 235414 54456.99600 22000.0   0.0000    1.2050    0.2700
       0716+714 003140 54457.02200 22000.0   0.0000    1.0160    0.2520
       0716+714 231940 54460.97200 22000.0   0.0000    1.0710    0.1880
       0716+714 233823 54460.98500 22000.0   0.0000    0.9000    0.1920
       0716+714 221619 54478.92800 22000.0   0.0000    0.5700    0.3440
       0716+714 182302 54511.76600 22000.0   0.0000    0.7460    0.2250
       0716+714 184145 54511.77900 22000.0   0.0000    0.2340    0.1890
       0716+714 190155 54511.79300 22000.0   0.0000    1.1000    0.1730
       0716+714 192038 54511.80600 22000.0   0.0000    0.7070    0.2210
       0716+714 225052 54560.95200 22000.0   0.0000    0.5430    0.3940
       0716+714 230350 54560.96100 22000.0   0.0000    1.0220    0.3980
       0716+714 063852 54575.27700 22000.0   0.0000    0.7940    1.5590
       0716+714 065316 54575.28700 22000.0   0.0000    1.2760    0.8670
       0716+714 050643 54640.21300 22000.0   0.0000    2.1920    0.2970
       0716+714 052819 54652.22800 22000.0   0.0000    2.7440    0.4560
       0716+714 054116 54652.23700 22000.0   0.0000    3.4780    0.5500
       0716+714 035736 54666.16500 22000.0   0.0000    2.8770    0.3290
       0716+714 041033 54666.17400 22000.0   0.0000    3.0860    0.3430
       0716+714 031004 54687.13200 22000.0   0.0000    2.9610    0.4200
       0716+714 235248 54721.99500 22000.0   0.0000    2.4100    0.5130
       0716+714 213559 54778.90000 22000.0   0.0000    3.3850    0.4230
       0716+714 214857 54778.90900 22000.0   0.0000    3.0290    0.3850
       0716+714 132457 54911.55900 22000.0   0.0000    2.1350    0.4670
       0716+714 133921 54911.56900 22000.0   0.0000    1.9680    0.4110
       0716+714 123433 54952.52400 22000.0   0.0000    2.6580    0.6750
       0716+714 124731 54952.53300 22000.0   0.0000    1.1170    0.6670
       0716+714 040740 55032.17200 22000.0   0.0000    1.4660    0.3140
       0716+714 042038 55032.18100 22000.0   0.0000    1.0260    0.3180
       0716+714 110057 55098.45900 22000.0   0.0000    1.3120    0.2000
       0716+714 111521 55098.46900 22000.0   0.0000    1.1130    0.1770
       0716+714 225345 55120.95400 22000.0   0.0000    3.0570    0.6280
       0716+714 230809 55120.96400 22000.0   0.0000    1.9290    0.3430
       0716+714 175707 55208.74800 22000.0   0.0000    2.1620    0.2720
       0716+714 181131 55208.75800 22000.0   0.0000    1.5000    0.1930
       0716+714 133755 53826.56800 43000.0   0.0000    0.5830    0.4330
       0716+714 133628 53827.56700 43000.0   0.0000    0.4130    0.3370
       0716+714 113657 53852.48400 43000.0   0.0000    0.6940    0.5830
       0716+714 103628 53878.44200 43000.0   0.0000    0.5050    0.4300
       0716+714 103628 53879.44200 43000.0   0.0000    0.7150    0.4060
       0716+714 083657 53913.35900 43000.0   0.0000    0.4570    0.3450
       0716+714 073628 53928.31700 43000.0   0.0000    0.8350    0.4300
       0716+714 053657 53951.23400 43000.0   0.0000    1.3190    0.4380
       0716+714 053657 53952.23400 43000.0   0.0000    1.3670    0.4650
       0716+714 053657 53953.23400 43000.0   0.0000    1.4220    0.5600
       0716+714 043628 53972.19200 43000.0   0.0000    1.2240    0.5280
       0716+714 043628 53973.19200 43000.0   0.0000    1.1940    0.5060
       0716+714 023657 53998.10900 43000.0   0.0000    0.7120    0.3450
       0716+714 023657 53999.10900 43000.0   0.0000    1.0080    0.3620
       0716+714 023657 54000.10900 43000.0   0.0000    0.8740    0.3550
       0716+714 003559 54026.02500 43000.0   0.0000    0.6180    0.3880
       0716+714 083657 54277.35900 43000.0   0.0000    1.9850    0.2400
       0716+714 053657 54321.23400 43000.0   0.0000    1.4430    0.1970
       0716+714 053657 54322.23400 43000.0   0.0000    1.4340    0.1990
       0716+714 023657 54365.10900 43000.0   0.0000    2.0030    0.2450
       0716+714 023657 54367.10900 43000.0   0.0000    1.8600    0.2270
       0716+714 013628 54391.06700 43000.0   0.0000    3.8560    0.4250
       0716+714 222038 54421.93100 43000.0   0.0000    2.2050    0.3020
       0716+714 222204 54423.93200 43000.0   0.0000    2.0180    0.2650
       0716+714 222204 54424.93200 43000.0   0.0000    2.0780    0.2600
       0716+714 222204 54437.93200 43000.0   0.0000    1.1290    0.2360
       0716+714 192204 54479.80700 43000.0   0.0000    1.4250    0.2240
       0716+714 192038 54480.80600 43000.0   0.0000    1.4110    0.2220
       0716+714 172233 54505.72400 43000.0   0.0000    0.7710    0.1150
       0716+714 171940 54506.72200 43000.0   0.0000    1.0350    0.1690
       0716+714 155150 54521.66100 43000.0   0.0000    0.8220    0.1220
       0716+714 162204 54521.68200 43000.0   0.0000    0.8310    0.1180
       0716+714 155150 54522.66100 43000.0   0.0000    0.7500    0.1050
       0716+714 162204 54522.68200 43000.0   0.0000    0.7540    0.0980
       0716+714 155150 54523.66100 43000.0   0.0000    1.0220    0.1340
       0716+714 162204 54523.68200 43000.0   0.0000    0.9190    0.1170
       0716+714 125150 54556.53600 43000.0   0.0000    1.4130    0.1730
       0716+714 132038 54556.55600 43000.0   0.0000    1.4640    0.1810
       0716+714 125150 54557.53600 43000.0   0.0000    1.3990    0.1920
       0716+714 132204 54557.55700 43000.0   0.0000    1.4700    0.1660
       0716+714 110350 54580.46100 43000.0   0.0000    1.8620    0.2360
       0716+714 091716 54595.38700 43000.0   0.0000    1.5860    0.1900
       0716+714 103921 54595.44400 43000.0   0.0000    1.7480    0.2180
       0716+714 114955 54596.49300 43000.0   0.0000    1.6220    0.1990
       0716+714 085121 54611.36900 43000.0   0.0000    1.7610    0.1960
       0716+714 092136 54611.39000 43000.0   0.0000    1.6060    0.1890
       0716+714 085121 54612.36900 43000.0   0.0000    1.7870    0.2160
       0716+714 092136 54612.39000 43000.0   0.0000    1.6390    0.2130
       0716+714 065024 54642.28500 43000.0   0.0000    2.2430    0.3430
       0716+714 072331 54642.30800 43000.0   0.0000    2.4090    0.3750
       0716+714 065150 54643.28600 43000.0   0.0000    2.3760    0.3230
       0716+714 072204 54643.30700 43000.0   0.0000    2.4620    0.3540
       0716+714 055121 54659.24400 43000.0   0.0000    3.4780    0.5770
       0716+714 062136 54659.26500 43000.0   0.0000    3.1690    0.5140
       0716+714 055121 54660.24400 43000.0   0.0000    3.3560    0.5420
       0716+714 062136 54660.26500 43000.0   0.0000    3.1320    0.5130
       0716+714 045219 54680.20300 43000.0   0.0000    5.5370    0.6100
       0716+714 052233 54680.22400 43000.0   0.0000    5.6010    0.6260
       0716+714 045219 54681.20300 43000.0   0.0000    5.5510    0.6350
       0716+714 052107 54681.22300 43000.0   0.0000    5.1250    0.5750
       0716+714 045219 54682.20300 43000.0   0.0000    4.8720    0.5540
       0716+714 052107 54682.22300 43000.0   0.0000    4.7650    0.5480
       0716+714 030711 54708.13000 43000.0   0.0000    4.2890    0.4960
       0716+714 032136 54708.14000 43000.0   0.0000    4.2350    0.5040
       0716+714 031423 54709.13500 43000.0   0.0000    3.3780    0.3870
       0716+714 030711 54710.13000 43000.0   0.0000    2.9330    0.3460
       0716+714 032136 54710.14000 43000.0   0.0000    2.9570    0.3740
       0716+714 013628 54744.06700 43000.0   0.0000    3.4220    0.5520
       0716+714 013628 54745.06700 43000.0   0.0000    2.8810    0.4560
       0716+714 222204 54779.93200 43000.0   0.0000    3.5940    0.5180
       0716+714 222204 54780.93200 43000.0   0.0000    3.5160    0.5000
       0716+714 222204 54781.93200 43000.0   0.0000    3.0240    0.4420
       0716+714 222204 54807.93200 43000.0   0.0000    2.2430    0.3160
       0716+714 222204 54808.93200 43000.0   0.0000    2.2770    0.3520
       0716+714 222204 54809.93200 43000.0   0.0000    2.3890    0.3830
       0716+714 192204 54840.80700 43000.0   0.0000    3.9620    0.6800
       0716+714 192204 54841.80700 43000.0   0.0000    3.4940    0.6060
       0716+714 192038 54842.80600 43000.0   0.0000    3.4720    0.6060
       0716+714 172107 54878.72300 43000.0   0.0000    3.3170    0.5340
       0716+714 172107 54879.72300 43000.0   0.0000    3.3560    0.6450
       0716+714 125150 54929.53600 43000.0   0.0000    2.5600    0.2860
       0716+714 132204 54929.55700 43000.0   0.0000    2.6070    0.3000
       0716+714 125150 54930.53600 43000.0   0.0000    2.8670    0.3240
       0716+714 132204 54930.55700 43000.0   0.0000    2.7180    0.3200
       0716+714 125316 54931.53700 43000.0   0.0000    2.9840    0.3440
       0716+714 132204 54931.55700 43000.0   0.0000    2.7410    0.3120
       0716+714 095024 54959.41000 43000.0   0.0000    1.3270    0.2000
       0716+714 102204 54959.43200 43000.0   0.0000    1.4600    0.2930
       0716+714 095150 54961.41100 43000.0   0.0000    1.0660    0.1510
       0716+714 102204 54961.43200 43000.0   0.0000    1.3270    0.1820
       0716+714 065150 55009.28600 43000.0   0.0000    1.1870    0.1730
       0716+714 072204 55009.30700 43000.0   0.0000    1.4150    0.2310
       0716+714 065150 55011.28600 43000.0   0.0000    1.0300    0.1610
       0716+714 071912 55011.30500 43000.0   0.0000    1.4420    0.2650
       0716+714 212848 55150.89500 43000.0   0.0000    4.6630    0.6350
       0716+714 223335 55150.94000 43000.0   0.0000    3.9980    0.5220
       0716+714 224800 55150.95000 43000.0   0.0000    4.1560    0.5210
       0716+714 231648 55150.97000 43000.0   0.0000    4.3390    0.5490
       0716+714 205540 55151.87200 43000.0   0.0000    5.0450    0.6380
       0716+714 213726 55151.90100 43000.0   0.0000    5.1210    0.6160
       0716+714 224047 55151.94500 43000.0   0.0000    4.5650    0.5750
       0716+714 225512 55151.95500 43000.0   0.0000    4.9840    0.5850
       0716+714 232526 55151.97600 43000.0   0.0000    4.9130    0.6000
       0716+714 212848 55152.89500 43000.0   0.0000    5.7010    0.7140
       0716+714 223209 55152.93900 43000.0   0.0000    4.9060    0.5980
       0716+714 224800 55152.95000 43000.0   0.0000    5.0570    0.6310
       0716+714 231648 55152.97000 43000.0   0.0000    5.0100    0.6390
       0716+714 234702 55152.99100 43000.0   0.0000    5.1370    0.6220
       0716+714 201940 55157.84700 43000.0   0.0000    5.5030    0.6530
       0716+714 215609 55157.91400 43000.0   0.0000    5.2330    0.6170
       0716+714 223335 55157.94000 43000.0   0.0000    4.9130    0.6290
       0716+714 233823 55157.98500 43000.0   0.0000    4.7730    0.5890
       0716+714 200809 55161.83900 43000.0   0.0000    6.0220    0.9110
       0716+714 214311 55161.90500 43000.0   0.0000    5.9340    0.8970
       0716+714 222331 55161.93300 43000.0   0.0000    5.7100    0.8540
       0716+714 214019 55163.90300 43000.0   0.0000    7.3780    1.1010
       0716+714 222204 55163.93200 43000.0   0.0000    6.8910    0.9320
       0716+714 225219 55163.95300 43000.0   0.0000    6.6480    0.9260
       0716+714 200809 55164.83900 43000.0   0.0000    7.4120    0.9780
       0716+714 214145 55164.90400 43000.0   0.0000    6.7910    0.8810
       0716+714 222331 55164.93300 43000.0   0.0000    6.8590    0.8920
       0716+714 225345 55164.95400 43000.0   0.0000    6.5680    0.8840
       0716+714 200809 55165.83900 43000.0   0.0000    6.7360    0.8800
       0716+714 214145 55165.90400 43000.0   0.0000    6.8380    0.8860
       0716+714 212721 55166.89400 43000.0   0.0000    6.6060    0.8680
       0716+714 221033 55166.92400 43000.0   0.0000    6.6410    0.9010
       0716+714 222331 55167.93300 43000.0   0.0000    7.2520    1.0730
       0716+714 222331 55168.93300 43000.0   0.0000    7.1160    1.0540
       0716+714 190028 55174.79200 43000.0   0.0000    8.3660    1.0200
       0716+714 203531 55174.85800 43000.0   0.0000    8.4300    1.0640
       0716+714 211716 55174.88700 43000.0   0.0000    8.4370    1.0810
       0716+714 221745 55174.92900 43000.0   0.0000    8.7970    1.1240
       0716+714 190740 55175.79700 43000.0   0.0000    8.2030    1.0070
       0716+714 204243 55175.86300 43000.0   0.0000    8.0280    1.0070
       0716+714 212428 55175.89200 43000.0   0.0000    7.9160    1.0060
       0716+714 222457 55175.93400 43000.0   0.0000    8.3700    1.0760
       0716+714 185609 55176.78900 43000.0   0.0000    8.5850    1.0550
       0716+714 204828 55176.86700 43000.0   0.0000    8.0300    1.0090
       0716+714 221159 55176.92500 43000.0   0.0000    8.7320    1.1220
       0716+714 204955 55178.86800 43000.0   0.0000    8.0640    1.0250
       0716+714 210000 55178.87500 43000.0   0.0000    8.3410    1.0840
       0716+714 213307 55178.89800 43000.0   0.0000    8.9190    1.1360
       0716+714 223502 55178.94100 43000.0   0.0000    8.4970    1.0990
       0716+714 190447 55181.79500 43000.0   0.0000    9.4060    1.1840
       0716+714 203823 55181.86000 43000.0   0.0000    9.2090    1.1860
       0716+714 193502 55184.81600 43000.0   0.0000   13.0680    1.5410
       0716+714 202107 55184.84800 43000.0   0.0000   10.9740    1.3470
       0716+714 212136 55184.89000 43000.0   0.0000   11.3570    1.3970
       0716+714 181257 55185.75900 43000.0   0.0000   10.8940    1.2880
       0716+714 195931 55185.83300 43000.0   0.0000   10.6910    1.3000
       0716+714 212848 55185.89500 43000.0   0.0000   10.2410    1.2670
       0716+714 182009 55186.76400 43000.0   0.0000   11.9020    1.4350
       0716+714 195219 55186.82800 43000.0   0.0000   11.5420    1.4430
       0716+714 200223 55186.83500 43000.0   0.0000   11.0270    1.3940
       0716+714 203531 55186.85800 43000.0   0.0000   11.6810    1.4800
       0716+714 213559 55186.90000 43000.0   0.0000   12.8730    1.6450
       0716+714 182721 55187.76900 43000.0   0.0000   10.4700    1.4330
       0716+714 200809 55187.83900 43000.0   0.0000   10.8620    1.3390
       0716+714 214731 55187.90800 43000.0   0.0000   10.9660    1.4320
       0716+714 180419 55188.75300 43000.0   0.0000    9.1400    1.0960
       0716+714 201940 55188.84700 43000.0   0.0000    8.8480    1.1080
       0716+714 212009 55188.88900 43000.0   0.0000    9.7640    1.1980
       0716+714 180838 55189.75600 43000.0   0.0000    8.5150    1.0410
       0716+714 202819 55189.85300 43000.0   0.0000    9.0290    1.1400
       0716+714 212555 55189.89300 43000.0   0.0000    9.6590    1.2440
       0716+714 192204 55209.80700 43000.0   0.0000    2.7990    0.3230
       0716+714 155443 55213.66300 43000.0   0.0000    2.5350    0.3130
       0716+714 181257 55213.75900 43000.0   0.0000    3.0880    0.3740
       0716+714 191326 55213.80100 43000.0   0.0000    3.2440    0.3740
       0716+714 192204 55214.80700 43000.0   0.0000    2.9840    0.3610
       0716+714 021940 53355.09700  5000.0   0.0000    1.0420    0.0240
       0716+714 035609 53355.16400  5000.0   0.0000    1.0660    0.0310
       0716+714 052526 53355.22600  5000.0   0.0000    1.0450    0.0350
       0716+714 051228 53357.21700  5000.0   0.0000    1.1480    0.1180
       0716+714 015931 53358.08300  5000.0   0.0000    1.0580    0.0450
       0716+714 034019 53358.15300  5000.0   0.0000    1.0730    0.0770
       0716+714 051228 53358.21700  5000.0   0.0000    1.0640    0.0990
       0716+714 015931 53360.08300  5000.0   0.0000    1.1200    0.0630
       0716+714 034019 53360.15300  5000.0   0.0000    1.1050    0.0630
       0716+714 184019 53383.77800  5000.0   0.0000    1.0950    0.0180
       0716+714 190155 53384.79300  5000.0   0.0000    1.0930    0.0180
       0716+714 154311 53444.65500  5000.0   0.0000    0.8840    0.0160
       0716+714 154311 53445.65500  5000.0   0.0000    0.8690    0.0160
       0716+714 173657 53454.73400  5000.0   0.0000    0.6520    0.0800
       0716+714 212428 53454.89200  5000.0   0.0000    0.6130    0.0800
       0716+714 192204 53456.80700  5000.0   0.0000    0.6290    0.0710
       0716+714 132331 53457.55800  5000.0   0.0000    0.6470    0.0830
       0716+714 192916 53477.81200  5000.0   0.0000    0.5400    0.0760
       0716+714 215609 53478.91400  5000.0   0.0000    0.5610    0.0760
       0716+714 183307 53510.77300  5000.0   0.0000    0.5370    0.1030
       0716+714 023404 53511.10700  5000.0   0.0000    0.5790    0.0780
       0716+714 084116 53511.36200  5000.0   0.0000    0.5800    0.0770
       0716+714 155443 53511.66300  5000.0   0.0000    0.6120    0.0880
       0716+714 133628 53543.56700  5000.0   0.0000    0.6960    0.0840
       0716+714 004604 53544.03200  5000.0   0.0000    0.7270    0.0980
       0716+714 081648 53544.34500  5000.0   0.0000    0.7640    0.1000
       0716+714 180252 53544.75200  5000.0   0.0000    0.7170    0.0850
       0716+714 081102 53577.34100  5000.0   0.0000    0.8490    0.1000
       0716+714 193755 53577.81800  5000.0   0.0000    0.8480    0.0840
       0716+714 023823 53578.11000  5000.0   0.0000    0.8410    0.0940
       0716+714 081940 53578.34700  5000.0   0.0000    0.8850    0.0750
       0716+714 192916 53587.81200  5000.0   0.0000    0.8360    0.0980
       0716+714 230809 53587.96400  5000.0   0.0000    0.8210    0.0830
       0716+714 174536 53605.74000  5000.0   0.0000    0.7530    0.0800
       0716+714 012624 53606.06000  5000.0   0.0000    0.7920    0.0860
       0716+714 230809 53638.96400  5000.0   0.0000    0.8630    0.0770
       0716+714 032555 53639.14300  5000.0   0.0000    0.8840    0.0710
       0716+714 083111 53639.35500  5000.0   0.0000    0.9640    0.0790
       0716+714 134926 53639.57600  5000.0   0.0000    0.9710    0.0900
       0716+714 014633 53640.07400  5000.0   0.0000    0.8520    0.0800
       0716+714 062848 53640.27000  5000.0   0.0000    0.9560    0.0780
       0716+714 224633 53723.94900  5000.0   0.0000    0.6990    0.0670
       0716+714 072457 53724.30900  5000.0   0.0000    0.7260    0.0960
       0716+714 005150 53764.03600  5000.0   0.0000    0.8240    0.0890
       0716+714 075052 53766.32700  5000.0   0.0000    0.8100    0.0860
       0716+714 185902 53770.79100  5000.0   0.0000    0.8100    0.0770
       0716+714 192204 53770.80700  5000.0   0.0000    0.7540    0.0740
       0716+714 192457 53826.80900  5000.0   0.0000    0.6280    0.0720
       0716+714 193628 53826.81700  5000.0   0.0000    0.8220    0.0760
       0716+714 171355 53851.71800  5000.0   0.0000    0.6220    0.0820
       0716+714 172652 53851.72700  5000.0   0.0000    0.6970    0.0750
       0716+714 111102 53974.46600  5000.0   0.0000    0.9430    0.1080
       0716+714 112400 53974.47500  5000.0   0.0000    0.9690    0.0710
       0716+714 081940 54012.34700  5000.0   0.0000    0.7570    0.0890
       0716+714 083404 54012.35700  5000.0   0.0000    0.8220    0.0760
       0716+714 085833 54023.37400  5000.0   0.0000    0.8690    0.0530
       0716+714 091131 54023.38300  5000.0   0.0000    0.9090    0.0580
       0716+714 004857 54200.03400  5000.0   0.0000    0.6840    0.0820
       0716+714 010155 54200.04300  5000.0   0.0000    0.7220    0.0950
       0716+714 204955 54289.86800  5000.0   0.0000    0.7790    0.1020
       0716+714 210419 54289.87800  5000.0   0.0000    0.8470    0.1190
       0716+714 154019 54296.65300  5000.0   0.0000    0.7250    0.1050
       0716+714 155316 54296.66200  5000.0   0.0000    0.6920    0.1160
       0716+714 084243 54374.36300  5000.0   0.0000    0.8210    0.0640
       0716+714 085707 54374.37300  5000.0   0.0000    0.7280    0.0750
       0716+714 175707 54563.74800  5000.0   0.0000    0.7650    0.0590
       0716+714 181004 54563.75700  5000.0   0.0000    0.6740    0.0620
       0716+714 234116 54723.98700  5000.0   0.0000    1.3060    0.1560
       0716+714 175121 54912.74400  5000.0   0.0000    1.2210    0.3020
       0716+714 171355 54953.71800  5000.0   0.0000    1.2820    0.4970
       0716+714 172819 54953.72800  5000.0   0.0000    1.1570    0.3580
       0716+714 132624 55002.56000  5000.0   0.0000    1.0270    0.3800
       0716+714 134047 55002.57000  5000.0   0.0000    1.0160    0.3650
       0716+714 095443 55034.41300  5000.0   0.0000    0.8630    0.1980
       0716+714 100907 55034.42300  5000.0   0.0000    1.0080    0.3270
       0716+714 102331 55062.43300  5000.0   0.0000    0.8250    0.1880
       0716+714 103628 55062.44200  5000.0   0.0000    0.8900    0.2550
       0716+714 103921 55099.44400  5000.0   0.0000    0.8470    0.0840
       0716+714 105345 55099.45400  5000.0   0.0000    0.8550    0.0750
       0716+714 003726 55122.02600  5000.0   0.0000    1.5080    0.0870
       0716+714 005150 55122.03600  5000.0   0.0000    1.0250    0.0680
       0716+714 213559 55209.90000  5000.0   0.0000    1.4760    0.2260
       0716+714 214857 55209.90900  5000.0   0.0000    1.5580    0.1450
       0716+714 040740 53349.17200  8000.0   0.0000    1.3640    0.0770
       0716+714 070155 53349.29300  8000.0   0.0000    1.2800    0.1110
       0716+714 091716 53349.38700  8000.0   0.0000    1.5470    0.0660
       0716+714 110350 53349.46100  8000.0   0.0000    1.4720    0.0940
       0716+714 114955 53349.49300  8000.0   0.0000    1.5060    0.0830
       0716+714 193921 53349.81900  8000.0   0.0000    1.3710    0.0830
       0716+714 221745 53349.92900  8000.0   0.0000    1.4110    0.0650
       0716+714 001004 53350.00700  8000.0   0.0000    1.3790    0.0590
       0716+714 021355 53350.09300  8000.0   0.0000    1.3670    0.0600
       0716+714 042750 53350.18600  8000.0   0.0000    1.3490    0.0610
       0716+714 071452 53350.30200  8000.0   0.0000    1.5060    0.0670
       0716+714 102457 53350.43400  8000.0   0.0000    1.4300    0.0760
       0716+714 131745 53350.55400  8000.0   0.0000    1.4200    0.0860
       0716+714 190028 53350.79200  8000.0   0.0000    1.3920    0.0710
       0716+714 232400 53350.97500  8000.0   0.0000    1.5040    0.0630
       0716+714 011326 53351.05100  8000.0   0.0000    1.3970    0.0630
       0716+714 034438 53351.15600  8000.0   0.0000    1.3410    0.0630
       0716+714 063014 53351.27100  8000.0   0.0000    1.2810    0.0630
       0716+714 093433 53351.39900  8000.0   0.0000    1.4220    0.0760
       0716+714 122555 53351.51800  8000.0   0.0000    1.4500    0.1010
       0716+714 154311 53351.65500  8000.0   0.0000    1.4140    0.0730
       0716+714 184311 53351.78000  8000.0   0.0000    1.4630    0.0800
       0716+714 204955 53351.86800  8000.0   0.0000    1.4280    0.0580
       0716+714 231648 53351.97000  8000.0   0.0000    1.4200    0.0610
       0716+714 010614 53352.04600  8000.0   0.0000    1.2740    0.0590
       0716+714 031550 53352.13600  8000.0   0.0000    1.3230    0.0620
       0716+714 122136 53352.51500  8000.0   0.0000    1.3940    0.0880
       0716+714 180545 53382.75400  8000.0   0.0000    1.1830    0.0380
       0716+714 185902 53382.79100  8000.0   0.0000    1.2400    0.0400
       0716+714 195345 53382.82900  8000.0   0.0000    1.2910    0.0410
       0716+714 214438 53387.90600  8000.0   0.0000    1.2260    0.0720
       0716+714 171228 53412.71700  8000.0   0.0000    0.9310    0.0280
       0716+714 181257 53412.75900  8000.0   0.0000    0.9720    0.0290
       0716+714 024955 53418.11800  8000.0   0.0000    0.8980    0.0640
       0716+714 141228 53451.59200  8000.0   0.0000    0.7180    0.0120
       0716+714 235707 53456.99800  8000.0   0.0000    0.6400    0.0870
       0716+714 092009 53457.38900  8000.0   0.0000    0.6520    0.0960
       0716+714 124311 53463.53000  8000.0   0.0000    0.5380    0.0170
       0716+714 134507 53463.57300  8000.0   0.0000    0.5830    0.0130
       0716+714 134507 53464.57300  8000.0   0.0000    0.5940    0.0420
       0716+714 000545 53478.00400  8000.0   0.0000    0.4680    0.0850
       0716+714 172652 53478.72700  8000.0   0.0000    0.4450    0.0700
       0716+714 221452 53510.92700  8000.0   0.0000    0.6180    0.0730
       0716+714 120545 53511.50400  8000.0   0.0000    0.5650    0.0700
       0716+714 071452 53545.30200  8000.0   0.0000    0.7220    0.1250
       0716+714 211423 53576.88500  8000.0   0.0000    1.0190    0.1490
       0716+714 235833 53577.99900  8000.0   0.0000    0.9240    0.0970
       0716+714 213726 53587.90100  8000.0   0.0000    0.8280    0.1590
       0716+714 002428 53588.01700  8000.0   0.0000    0.8660    0.1150
       0716+714 120838 53605.50600  8000.0   0.0000    0.9520    0.0750
       0716+714 221033 53605.92400  8000.0   0.0000    0.9430    0.0930
       0716+714 173531 53637.73300  8000.0   0.0000    1.1820    0.0910
       0716+714 143823 53698.61000  8000.0   0.0000    0.6050    0.1500
       0716+714 214604 53698.90700  8000.0   0.0000    0.6260    0.0650
       0716+714 200057 53720.83400  8000.0   0.0000    0.8040    0.0630
       0716+714 003307 53722.02300  8000.0   0.0000    0.8130    0.0560
       0716+714 192038 53741.80600  8000.0   0.0000    0.8030    0.0190
       0716+714 081228 53743.34200  8000.0   0.0000    0.9150    0.0750
       0716+714 191745 53771.80400  8000.0   0.0000    0.7800    0.0870
       0716+714 194047 53771.82000  8000.0   0.0000    0.8810    0.0740
       0716+714 180545 53804.75400  8000.0   0.0000    0.6480    0.0650
       0716+714 182428 53804.76700  8000.0   0.0000    0.6240    0.0640
       0716+714 085540 53835.37200  8000.0   0.0000    0.8070    0.1110
       0716+714 091004 53835.38200  8000.0   0.0000    0.7880    0.1020
       0716+714 112819 53835.47800  8000.0   0.0000    0.6690    0.0830
       0716+714 124731 53835.53300  8000.0   0.0000    0.8240    0.1300
       0716+714 130028 53835.54200  8000.0   0.0000    0.6960    0.0940
       0716+714 152428 53835.64200  8000.0   0.0000    0.7120    0.0840
       0716+714 153726 53835.65100  8000.0   0.0000    0.6470    0.0820
       0716+714 181131 53835.75800  8000.0   0.0000    0.6790    0.1710
       0716+714 191619 53835.80300  8000.0   0.0000    0.5280    0.1510
       0716+714 204409 53835.86400  8000.0   0.0000    0.5970    0.1220
       0716+714 205833 53835.87400  8000.0   0.0000    0.7520    0.1000
       0716+714 220155 53835.91800  8000.0   0.0000    0.7970    0.1310
       0716+714 221452 53835.92700  8000.0   0.0000    0.6280    0.0940
       0716+714 005443 53836.03800  8000.0   0.0000    0.7200    0.1820
       0716+714 021355 53836.09300  8000.0   0.0000    0.7520    0.1550
       0716+714 033726 53836.15100  8000.0   0.0000    0.6630    0.1820
       0716+714 035024 53836.16000  8000.0   0.0000    0.7000    0.1120
       0716+714 045512 53836.20500  8000.0   0.0000    0.5700    0.1080
       0716+714 050809 53836.21400  8000.0   0.0000    0.5830    0.1110
       0716+714 062136 53836.26500  8000.0   0.0000    0.6850    0.1000
       0716+714 063433 53836.27400  8000.0   0.0000    0.6030    0.1010
       0716+714 074800 53836.32500  8000.0   0.0000    0.7330    0.1150
       0716+714 080057 53836.33400  8000.0   0.0000    0.6670    0.1030
       0716+714 090126 53836.37600  8000.0   0.0000    0.7130    0.1320
       0716+714 122848 53836.52000  8000.0   0.0000    0.7220    0.1880
       0716+714 134214 53836.57100  8000.0   0.0000    0.5600    0.1970
       0716+714 145833 53836.62400  8000.0   0.0000    0.6920    0.1050
       0716+714 151131 53836.63300  8000.0   0.0000    0.6210    0.1330
       0716+714 161912 53836.68000  8000.0   0.0000    0.6080    0.1010
       0716+714 163335 53836.69000  8000.0   0.0000    0.7450    0.1090
       0716+714 175248 53836.74500  8000.0   0.0000    0.7560    0.0990
       0716+714 180545 53836.75400  8000.0   0.0000    0.7040    0.1000
       0716+714 203950 53836.86100  8000.0   0.0000    0.6310    0.1660
       0716+714 213726 53836.90100  8000.0   0.0000    0.7990    0.1040
       0716+714 215024 53836.91000  8000.0   0.0000    0.6930    0.1570
       0716+714 232233 53836.97400  8000.0   0.0000    0.6740    0.0980
       0716+714 233531 53836.98300  8000.0   0.0000    0.6470    0.0960
       0716+714 004857 53837.03400  8000.0   0.0000    0.6750    0.1270
       0716+714 033140 53837.14700  8000.0   0.0000    0.7440    0.0970
       0716+714 034604 53837.15700  8000.0   0.0000    0.6150    0.1070
       0716+714 045052 53837.20200  8000.0   0.0000    0.6710    0.1030
       0716+714 050350 53837.21100  8000.0   0.0000    0.7250    0.1390
       0716+714 061716 53837.26200  8000.0   0.0000    0.7540    0.1130
       0716+714 063014 53837.27100  8000.0   0.0000    0.7390    0.0950
       0716+714 180711 53850.75500  8000.0   0.0000    0.5100    0.1320
       0716+714 165638 53860.70600  8000.0   0.0000    0.6530    0.0540
       0716+714 145540 53907.62200  8000.0   0.0000    0.7870    0.1070
       0716+714 115121 53956.49400  8000.0   0.0000    1.0330    0.0800
       0716+714 111814 53973.47100  8000.0   0.0000    0.8690    0.0920
       0716+714 082819 54011.35300  8000.0   0.0000    0.8670    0.0820
       0716+714 081521 54022.34400  8000.0   0.0000    0.7590    0.1250
       0716+714 052652 54080.22700  8000.0   0.0000    0.9290    0.1190
       0716+714 005736 54150.04000  8000.0   0.0000    1.1270    0.1030
       0716+714 151716 54199.63700  8000.0   0.0000    0.8540    0.0510
       0716+714 153726 54220.65100  8000.0   0.0000    0.8200    0.1410
       0716+714 153726 54220.65100  8000.0   0.0000    0.8200    0.1410
       0716+714 080223 54275.33500  8000.0   0.0000    1.0990    0.0640
       0716+714 073921 54289.31900  8000.0   0.0000    0.7920    0.0570
       0716+714 091423 54295.38500  8000.0   0.0000    0.9750    0.0680
       0716+714 081102 54324.34100  8000.0   0.0000    1.0480    0.0760
       0716+714 064438 54344.28100  8000.0   0.0000    0.9960    0.0710
       0716+714 034145 54373.15400  8000.0   0.0000    1.0750    0.0630
       0716+714 005024 54421.03500  8000.0   0.0000    1.2630    0.0900
       0716+714 233531 54434.98300  8000.0   0.0000    1.0420    0.0690
       0716+714 172107 54512.72300  8000.0   0.0000    0.8520    0.0940
       0716+714 182428 54562.76700  8000.0   0.0000    0.7980    0.0620
       0716+714 074633 54576.32400  8000.0   0.0000    0.9770    0.1760
       0716+714 063307 54605.27300  8000.0   0.0000    0.9150    0.1430
       0716+714 050935 54641.21500  8000.0   0.0000    1.3690    0.2200
       0716+714 060252 54667.25200  8000.0   0.0000    1.6670    0.0850
       0716+714 045345 54688.20400  8000.0   0.0000    1.9760    0.1030
       0716+714 061257 54723.25900  8000.0   0.0000    1.4060    0.1440
       0716+714 014047 54778.07000  8000.0   0.0000    2.0120    0.0980
       0716+714 164214 54951.69600  8000.0   0.0000    1.4650    0.1630
       0716+714 114536 55003.49000  8000.0   0.0000    1.1130    0.1660
       0716+714 110223 55035.46000  8000.0   0.0000    0.9740    0.0570
       0716+714 071452 55064.30200  8000.0   0.0000    0.9410    0.0810
       0716+714 075512 55077.33000  8000.0   0.0000    0.9540    0.1110
       0716+714 092428 55100.39200  8000.0   0.0000    0.9030    0.0540
       0716+714 085540 55123.37200  8000.0   0.0000    1.1240    0.0740
       0716+714 015931 55208.08300  8000.0   0.0000    1.8590    0.1270
       0735+178 052819 53638.22800 22000.0   0.0000    0.9350    0.3400
       0735+178 033559 53722.15000 22000.0   0.0000    0.6730    0.2930
       0735+178 000419 53743.00300 22000.0   0.0000    0.5230    0.4130
       0735+178 002848 53744.02000 22000.0   0.0000    0.5970    0.3230
       0735+178 183307 53764.77300 22000.0   0.0000    1.0290    0.1380
       0735+178 190155 53766.79300 22000.0   0.0000    0.6840    0.3090
       0735+178 194633 53772.82400 22000.0   0.0000    0.8970    0.2780
       0735+178 195804 53772.83200 22000.0   0.0000    0.9570    0.2750
       0735+178 170643 53805.71300 22000.0   0.0000    0.7300    0.3850
       0735+178 172526 53805.72600 22000.0   0.0000    0.7340    0.3700
       0735+178 151004 53849.63200 22000.0   0.0000    0.9420    0.3070
       0735+178 153014 53849.64600 22000.0   0.0000    0.9600    0.3310
       0735+178 135931 53861.58300 22000.0   0.0000    0.5750    0.2880
       0735+178 141814 53861.59600 22000.0   0.0000    0.7490    0.2820
       0735+178 080057 53955.33400 22000.0   0.0000    0.7200    0.3250
       0735+178 081940 53955.34700 22000.0   0.0000    0.9870    0.3030
       0735+178 070321 53973.29400 22000.0   0.0000    0.8530    0.2540
       0735+178 072204 53973.30700 22000.0   0.0000    0.7790    0.2720
       0735+178 034019 54010.15300 22000.0   0.0000    0.8700    0.3180
       0735+178 035902 54010.16600 22000.0   0.0000    0.8110    0.3320
       0735+178 023950 54022.11100 22000.0   0.0000    0.7880    0.3840
       0735+178 025833 54022.12400 22000.0   0.0000    0.6920    0.3810
       0735+178 004145 54081.02900 22000.0   0.0000    0.8250    0.3880
       0735+178 212555 54119.89300 22000.0   0.0000    0.6430    0.4050
       0735+178 214604 54119.90700 22000.0   0.0000    0.7760    0.4150
       0735+178 220447 54119.92000 22000.0   0.0000    0.7410    0.3810
       0735+178 222331 54119.93300 22000.0   0.0000    0.5860    0.3630
       0735+178 165345 54183.70400 22000.0   0.0000    0.5920    0.4090
       0735+178 133755 54197.56800 22000.0   0.0000    0.3290    0.3760
       0735+178 144243 54218.61300 22000.0   0.0000    0.7360    0.3180
       0735+178 144243 54218.61300 22000.0   0.0000    0.7360    0.3180
       0735+178 150252 54218.62700 22000.0   0.0000    0.7110    0.3200
       0735+178 150252 54218.62700 22000.0   0.0000    0.7110    0.3200
       0735+178 110809 54288.46400 22000.0   0.0000    0.8250    0.3060
       0735+178 112652 54288.47700 22000.0   0.0000    1.1730    0.3060
       0735+178 133335 54294.56500 22000.0   0.0000    0.6280    0.3440
       0735+178 134633 54294.57400 22000.0   0.0000    1.3610    0.3450
       0735+178 085540 54323.37200 22000.0   0.0000    0.4550    0.2600
       0735+178 093433 54323.39900 22000.0   0.0000    1.0580    0.3480
       0735+178 095316 54323.41200 22000.0   0.0000    0.8510    0.3400
       0735+178 080516 54345.33700 22000.0   0.0000    0.8320    0.2780
       0735+178 082400 54345.35000 22000.0   0.0000    0.7010    0.2340
       0735+178 084243 54345.36300 22000.0   0.0000    0.8610    0.2770
       0735+178 090126 54345.37600 22000.0   0.0000    0.7950    0.2690
       0735+178 073502 54372.31600 22000.0   0.0000    1.0500    0.4350
       0735+178 062136 54386.26500 22000.0   0.0000    1.0750    0.2150
       0735+178 064019 54386.27800 22000.0   0.0000    0.8520    0.2030
       0735+178 225638 54455.95600 22000.0   0.0000    0.7330    0.3030
       0735+178 231521 54455.96900 22000.0   0.0000    0.9860    0.2900
       0735+178 233404 54455.98200 22000.0   0.0000    0.5660    0.3080
       0735+178 235248 54455.99500 22000.0   0.0000    0.9720    0.3030
       0735+178 010028 54461.04200 22000.0   0.0000    0.5990    0.1820
       0735+178 011912 54461.05500 22000.0   0.0000    0.8660    0.2000
       0735+178 231228 54477.96700 22000.0   0.0000    0.8710    0.1850
       0735+178 233111 54477.98000 22000.0   0.0000    1.0130    0.2040
       0735+178 234955 54477.99300 22000.0   0.0000    0.6840    0.1670
       0735+178 000838 54478.00600 22000.0   0.0000    0.5220    0.1930
       0735+178 205414 54510.87100 22000.0   0.0000    1.1120    0.3510
       0735+178 211423 54510.88500 22000.0   0.0000    0.4040    0.2300
       0735+178 213307 54510.89800 22000.0   0.0000    0.4960    0.2170
       0735+178 215150 54510.91100 22000.0   0.0000    0.6570    0.2100
       0735+178 182302 54561.76600 22000.0   0.0000    0.9060    0.1910
       0735+178 184145 54561.77900 22000.0   0.0000    0.4300    0.1820
       0735+178 142945 54639.60400 22000.0   0.0000    0.6480    0.1850
       0735+178 144243 54639.61300 22000.0   0.0000    0.7450    0.1730
       0735+178 122302 54666.51600 22000.0   0.0000    0.8070    0.1850
       0735+178 111355 54687.46800 22000.0   0.0000    0.8460    0.2160
       0735+178 052400 54779.22500 22000.0   0.0000    1.1350    0.3290
       0735+178 053823 54779.23500 22000.0   0.0000    0.6960    0.2570
       0735+178 195931 54911.83300 22000.0   0.0000    0.5480    0.3410
       0735+178 133628 55001.56700 22000.0   0.0000    0.5740    0.5430
       0735+178 050643 55099.21300 22000.0   0.0000    0.5640    0.1400
       0735+178 052107 55099.22300 22000.0   0.0000    0.6490    0.1710
       0735+178 053111 55121.23000 22000.0   0.0000    0.4470    0.2410
       0735+178 054536 55121.24000 22000.0   0.0000    0.2980    0.2390
       0735+178 003307 55209.02300 22000.0   0.0000    0.8330    0.2070
       0735+178 004604 55209.03200 22000.0   0.0000    0.3150    0.1760
       0735+178 135052 53826.57700 43000.0   0.0000    0.3820    0.3920
       0735+178 105052 53878.45200 43000.0   0.0000    0.5970    0.4690
       0735+178 105052 53879.45200 43000.0   0.0000    1.0630    0.4970
       0735+178 085121 53911.36900 43000.0   0.0000    0.5530    0.4340
       0735+178 085414 53912.37100 43000.0   0.0000    0.4970    0.3930
       0735+178 085121 53913.36900 43000.0   0.0000    0.4740    0.3920
       0735+178 075052 53928.32700 43000.0   0.0000    0.3670    0.5060
       0735+178 055121 53951.24400 43000.0   0.0000    0.7470    0.3820
       0735+178 055121 53952.24400 43000.0   0.0000    0.8490    0.4170
       0735+178 055121 53953.24400 43000.0   0.0000    0.5650    0.3890
       0735+178 045052 53972.20200 43000.0   0.0000    0.9120    0.5080
       0735+178 045052 53973.20200 43000.0   0.0000    0.8120    0.4600
       0735+178 025121 53998.11900 43000.0   0.0000    0.6020    0.3530
       0735+178 025121 53999.11900 43000.0   0.0000    0.6900    0.3580
       0735+178 025121 54000.11900 43000.0   0.0000    0.7470    0.3690
       0735+178 005150 54025.03600 43000.0   0.0000    0.5530    0.4620
       0735+178 005150 54026.03600 43000.0   0.0000    0.4920    0.4240
       0735+178 084955 54277.36800 43000.0   0.0000    1.0930    0.2110
       0735+178 055121 54321.24400 43000.0   0.0000    0.6080    0.0990
       0735+178 055248 54322.24500 43000.0   0.0000    0.8020    0.1500
       0735+178 024828 54365.11700 43000.0   0.0000    0.6580    0.1060
       0735+178 025121 54367.11900 43000.0   0.0000    0.4180    0.0810
       0735+178 015052 54391.07700 43000.0   0.0000    0.9470    0.1250
       0735+178 223628 54421.94200 43000.0   0.0000    0.8330    0.1560
       0735+178 230643 54422.96300 43000.0   0.0000    0.5560    0.1010
       0735+178 233531 54422.98300 43000.0   0.0000    0.5130    0.1220
       0735+178 223755 54423.94300 43000.0   0.0000    0.5440    0.0980
       0735+178 230809 54423.96400 43000.0   0.0000    0.7620    0.1210
       0735+178 233657 54423.98400 43000.0   0.0000    0.6290    0.1000
       0735+178 223628 54424.94200 43000.0   0.0000    0.6950    0.1130
       0735+178 230516 54435.96200 43000.0   0.0000    0.7970    0.1990
       0735+178 233657 54435.98400 43000.0   0.0000    0.9460    0.1720
       0735+178 223628 54437.94200 43000.0   0.0000    0.7130    0.1840
       0735+178 193628 54480.81700 43000.0   0.0000    0.6580    0.1150
       0735+178 174116 54505.73700 43000.0   0.0000    0.7440    0.2040
       0735+178 182136 54505.76500 43000.0   0.0000    0.7120    0.1380
       0735+178 173531 54507.73300 43000.0   0.0000    0.6490    0.1260
       0735+178 163628 54523.69200 43000.0   0.0000    0.9460    0.1340
       0735+178 133755 54556.56800 43000.0   0.0000    0.5940    0.1270
       0735+178 140350 54556.58600 43000.0   0.0000    0.9230    0.1430
       0735+178 133755 54557.56800 43000.0   0.0000    0.6990    0.1190
       0735+178 140350 54557.58600 43000.0   0.0000    0.6760    0.1670
       0735+178 114116 54580.48700 43000.0   0.0000    0.8560    0.1500
       0735+178 093559 54611.40000 43000.0   0.0000    0.8890    0.1200
       0735+178 100321 54611.41900 43000.0   0.0000    0.7630    0.1310
       0735+178 093726 54612.40100 43000.0   0.0000    0.7260    0.1130
       0735+178 100321 54612.41900 43000.0   0.0000    1.0330    0.1860
       0735+178 074507 54642.32300 43000.0   0.0000    0.6380    0.1060
       0735+178 074340 54643.32200 43000.0   0.0000    0.6470    0.1020
       0735+178 063559 54659.27500 43000.0   0.0000    0.8100    0.1350
       0735+178 070321 54659.29400 43000.0   0.0000    0.8110    0.1720
       0735+178 063559 54660.27500 43000.0   0.0000    0.6550    0.1050
       0735+178 070321 54660.29400 43000.0   0.0000    0.7080    0.1770
       0735+178 054536 54680.24000 43000.0   0.0000    0.6020    0.0880
       0735+178 054536 54681.24000 43000.0   0.0000    0.6870    0.0940
       0735+178 054536 54682.24000 43000.0   0.0000    0.6190    0.1020
       0735+178 035609 54708.16400 43000.0   0.0000    0.8550    0.1570
       0735+178 035609 54709.16400 43000.0   0.0000    0.6600    0.1280
       0735+178 035609 54710.16400 43000.0   0.0000    0.6400    0.1230
       0735+178 015052 54744.07700 43000.0   0.0000    0.9790    0.1960
       0735+178 015052 54745.07700 43000.0   0.0000    0.8350    0.1550
       0735+178 230643 54778.96300 43000.0   0.0000    0.6740    0.1400
       0735+178 233657 54778.98400 43000.0   0.0000    0.5820    0.1520
       0735+178 230643 54779.96300 43000.0   0.0000    0.7110    0.1230
       0735+178 233657 54779.98400 43000.0   0.0000    0.7090    0.1180
       0735+178 223628 54780.94200 43000.0   0.0000    0.5080    0.0930
       0735+178 233531 54780.98300 43000.0   0.0000    0.7740    0.1580
       0735+178 223628 54781.94200 43000.0   0.0000    0.7120    0.1170
       0735+178 223628 54807.94200 43000.0   0.0000    0.5910    0.1310
       0735+178 233657 54807.98400 43000.0   0.0000    0.6320    0.1180
       0735+178 223628 54808.94200 43000.0   0.0000    0.5450    0.1210
       0735+178 230643 54808.96300 43000.0   0.0000    0.5420    0.1610
       0735+178 233657 54808.98400 43000.0   0.0000    0.5600    0.1270
       0735+178 223628 54809.94200 43000.0   0.0000    0.4740    0.0980
       0735+178 194507 54841.82300 43000.0   0.0000    0.4860    0.1730
       0735+178 194507 54842.82300 43000.0   0.0000    0.7390    0.2440
       0735+178 173823 54878.73500 43000.0   0.0000    0.9620    0.2120
       0735+178 134507 54929.57300 43000.0   0.0000    0.4760    0.0780
       0735+178 134800 54930.57500 43000.0   0.0000    0.4600    0.0630
       0735+178 103755 54959.44300 43000.0   0.0000    0.4920    0.0920
       0735+178 110350 54959.46100 43000.0   0.0000    0.3340    0.1460
       0735+178 103628 54961.44200 43000.0   0.0000    0.4850    0.0990
       0735+178 110223 54961.46000 43000.0   0.0000    0.3750    0.0910
       0735+178 073628 55009.31700 43000.0   0.0000    1.0700    0.2010
       0735+178 080223 55009.33500 43000.0   0.0000    1.1620    0.2340
       0735+178 075345 55010.32900 43000.0   0.0000    0.7670    0.1250
       0735+178 074633 55011.32400 43000.0   0.0000    0.9130    0.1660
       0735+178 224340 55167.94700 43000.0   0.0000    0.7150    0.1280
       0735+178 231521 55167.96900 43000.0   0.0000    0.6130    0.1260
       0735+178 233950 55167.98600 43000.0   0.0000    0.7630    0.1480
       0735+178 223628 55168.94200 43000.0   0.0000    0.5180    0.1090
       0735+178 194507 55209.82300 43000.0   0.0000    0.5860    0.0850
       0735+178 200809 55209.83900 43000.0   0.0000    0.4000    0.0870
       0735+178 203823 55209.86000 43000.0   0.0000    0.4060    0.1180
       0735+178 175540 53477.74700  5000.0   0.0000    1.3080    0.0770
       0735+178 180711 53477.75500  5000.0   0.0000    1.2800    0.0810
       0735+178 190740 53478.79700  5000.0   0.0000    1.3270    0.0740
       0735+178 153559 53503.65000  5000.0   0.0000    1.2870    0.0920
       0735+178 180252 53503.75200  5000.0   0.0000    1.2380    0.0880
       0735+178 175414 53504.74600  5000.0   0.0000    1.2760    0.0820
       0735+178 122848 53505.52000  5000.0   0.0000    1.1780    0.0840
       0735+178 152302 53505.64100  5000.0   0.0000    1.2360    0.0890
       0735+178 174828 53505.74200  5000.0   0.0000    1.2630    0.0890
       0735+178 121131 53543.50800  5000.0   0.0000    1.3370    0.0890
       0735+178 100907 53607.42300  5000.0   0.0000    1.2190    0.0820
       0735+178 065316 53639.28700  5000.0   0.0000    1.2830    0.0790
       0735+178 101159 53639.42500  5000.0   0.0000    1.2830    0.0820
       0735+178 051648 53640.22000  5000.0   0.0000    1.2490    0.0610
       0735+178 215736 53723.91500  5000.0   0.0000    1.2360    0.0910
       0735+178 041619 53724.17800  5000.0   0.0000    1.2730    0.0750
       0735+178 031131 53766.13300  5000.0   0.0000    1.2210    0.0960
       0735+178 181716 53770.76200  5000.0   0.0000    1.2480    0.0840
       0735+178 183014 53770.77100  5000.0   0.0000    1.2060    0.0790
       0735+178 184311 53770.78000  5000.0   0.0000    1.2240    0.0720
       0735+178 133755 53851.56800  5000.0   0.0000    1.2420    0.0910
       0735+178 135804 53851.58200  5000.0   0.0000    1.2500    0.0930
       0735+178 071745 53975.30400  5000.0   0.0000    1.2660    0.0790
       0735+178 073628 53975.31700  5000.0   0.0000    1.1570    0.0790
       0735+178 042331 54012.18300  5000.0   0.0000    1.1530    0.0790
       0735+178 044214 54012.19600  5000.0   0.0000    1.1900    0.0690
       0735+178 020809 54024.08900  5000.0   0.0000    1.1140    0.0580
       0735+178 022652 54024.10200  5000.0   0.0000    1.1320    0.0610
       0735+178 114536 54296.49000  5000.0   0.0000    1.1530    0.1410
       0735+178 060838 54348.25600  5000.0   0.0000    0.9520    0.0720
       0735+178 062136 54348.26500  5000.0   0.0000    1.0040    0.0680
       0735+178 063433 54348.27400  5000.0   0.0000    1.0220    0.0740
       0735+178 064857 54348.28400  5000.0   0.0000    1.1140    0.0580
       0735+178 053238 54374.23100  5000.0   0.0000    1.0020    0.0560
       0735+178 054536 54374.24000  5000.0   0.0000    0.9610    0.0590
       0735+178 154604 54563.65700  5000.0   0.0000    0.9570    0.2300
       0735+178 155902 54563.66600  5000.0   0.0000    1.0060    0.3750
       0735+178 095150 54668.41100  5000.0   0.0000    0.9250    0.1070
       0735+178 100447 54668.42000  5000.0   0.0000    0.9500    0.0930
       0735+178 085540 54689.37200  5000.0   0.0000    1.0210    0.0730
       0735+178 090838 54689.38100  5000.0   0.0000    0.9660    0.0710
       0735+178 193335 54912.81500  5000.0   0.0000    1.0200    0.2700
       0735+178 194800 54912.82500  5000.0   0.0000    0.8240    0.3620
       0735+178 185736 54953.79000  5000.0   0.0000    0.8850    0.4270
       0735+178 191033 54953.79900  5000.0   0.0000    0.9970    0.2770
       0735+178 151131 55002.63300  5000.0   0.0000    0.5530    0.3570
       0735+178 115707 55034.49800  5000.0   0.0000    1.4700    0.2040
       0735+178 121004 55062.50700  5000.0   0.0000    1.0570    0.2430
       0735+178 041326 55100.17600  5000.0   0.0000    0.8240    0.0710
       0735+178 042750 55100.18600  5000.0   0.0000    0.9650    0.0640
       0735+178 055707 55122.24800  5000.0   0.0000    0.8450    0.1200
       0735+178 061131 55122.25800  5000.0   0.0000    0.8190    0.0750
       0735+178 232400 55209.97500  5000.0   0.0000    0.7290    0.0750
       0735+178 233657 55209.98400  5000.0   0.0000    0.7740    0.0880
       0735+178 160907 53478.67300  8000.0   0.0000    1.1870    0.0790
       0735+178 165052 53503.70200  8000.0   0.0000    1.2940    0.0670
       0735+178 192916 53503.81200  8000.0   0.0000    1.4230    0.1420
       0735+178 103921 53504.44400  8000.0   0.0000    1.3980    0.1330
       0735+178 192038 53504.80600  8000.0   0.0000    1.3710    0.1230
       0735+178 103628 53505.44200  8000.0   0.0000    1.4250    0.1270
       0735+178 152302 53543.64100  8000.0   0.0000    1.2000    0.0940
       0735+178 113404 53544.48200  8000.0   0.0000    1.2960    0.0810
       0735+178 143531 53576.60800  8000.0   0.0000    1.2520    0.1170
       0735+178 094857 53578.40900  8000.0   0.0000    1.1800    0.0650
       0735+178 094145 53605.40400  8000.0   0.0000    1.1760    0.0720
       0735+178 041619 53606.17800  8000.0   0.0000    1.0930    0.0950
       0735+178 045219 53637.20300  8000.0   0.0000    1.1850    0.0750
       0735+178 082945 53638.35400  8000.0   0.0000    1.1130    0.0630
       0735+178 015931 53698.08300  8000.0   0.0000    1.1740    0.0810
       0735+178 030126 53721.12600  8000.0   0.0000    1.2350    0.0710
       0735+178 232400 53721.97500  8000.0   0.0000    1.1090    0.0670
       0735+178 193628 53741.81700  8000.0   0.0000    1.0990    0.0290
       0735+178 040614 53743.17100  8000.0   0.0000    1.0750    0.1010
       0735+178 193335 53743.81500  8000.0   0.0000    1.1460    0.0880
       0735+178 184857 53771.78400  8000.0   0.0000    1.0650    0.0930
       0735+178 190155 53771.79300  8000.0   0.0000    0.9900    0.0830
       0735+178 172652 53804.72700  8000.0   0.0000    1.2140    0.0810
       0735+178 174409 53804.73900  8000.0   0.0000    1.2100    0.0750
       0735+178 161619 53830.67800  8000.0   0.0000    1.2580    0.2660
       0735+178 163502 53830.69100  8000.0   0.0000    1.5120    0.3110
       0735+178 142400 53850.60000  8000.0   0.0000    1.1990    0.1170
       0735+178 144243 53850.61300  8000.0   0.0000    1.1830    0.1080
       0735+178 130907 53860.54800  8000.0   0.0000    1.0850    0.0530
       0735+178 111102 53907.46600  8000.0   0.0000    1.1680    0.0620
       0735+178 090000 53956.37500  8000.0   0.0000    1.1230    0.1100
       0735+178 070907 53974.29800  8000.0   0.0000    1.0590    0.1380
       0735+178 043921 54011.19400  8000.0   0.0000    1.0900    0.0690
       0735+178 024828 54023.11700  8000.0   0.0000    1.0130    0.0620
       0735+178 021648 54038.09500  8000.0   0.0000    0.9020    0.0780
       0735+178 002009 54059.01400  8000.0   0.0000    1.0670    0.0540
       0735+178 233111 54079.98000  8000.0   0.0000    1.0730    0.0680
       0735+178 224800 54098.95000  8000.0   0.0000    1.1000    0.0630
       0735+178 212428 54121.89200  8000.0   0.0000    1.0300    0.0720
       0735+178 191452 54149.80200  8000.0   0.0000    0.9760    0.0560
       0735+178 173950 54198.73600  8000.0   0.0000    1.0700    0.1040
       0735+178 180000 54219.75000  8000.0   0.0000    0.9220    0.0880
       0735+178 180000 54219.75000  8000.0   0.0000    0.9220    0.0880
       0735+178 121257 54275.50900  8000.0   0.0000    1.0100    0.0510
       0735+178 112819 54289.47800  8000.0   0.0000    1.1800    0.1620
       0735+178 114243 54324.48800  8000.0   0.0000    1.0800    0.1000
       0735+178 100907 54344.42300  8000.0   0.0000    0.8970    0.0680
       0735+178 073628 54373.31700  8000.0   0.0000    1.0260    0.1710
       0735+178 041452 54421.17700  8000.0   0.0000    0.8650    0.1030
       0735+178 030126 54435.12600  8000.0   0.0000    0.9610    0.0760
       0735+178 210419 54512.87800  8000.0   0.0000    0.8330    0.0490
       0735+178 200809 54562.83900  8000.0   0.0000    0.8420    0.0520
       0735+178 173404 54576.73200  8000.0   0.0000    1.0860    0.0730
       0735+178 135931 54640.58300  8000.0   0.0000    0.9300    0.0780
       0735+178 122302 54652.51600  8000.0   0.0000    1.0120    0.1340
       0735+178 113657 54667.48400  8000.0   0.0000    0.9210    0.0670
       0735+178 102750 54688.43600  8000.0   0.0000    0.8990    0.0910
       0735+178 080809 54723.33900  8000.0   0.0000    0.8560    0.1050
       0735+178 034731 54778.15800  8000.0   0.0000    0.8150    0.0490
       0735+178 184604 54951.78200  8000.0   0.0000    0.9260    0.0980
       0735+178 134926 55003.57600  8000.0   0.0000    0.8680    0.0630
       0735+178 130740 55035.54700  8000.0   0.0000    0.7360    0.1350
       0735+178 093307 55063.39800  8000.0   0.0000    0.8420    0.0840
       0735+178 095902 55077.41600  8000.0   0.0000    0.7890    0.0860
       0735+178 052652 55101.22700  8000.0   0.0000    0.7710    0.1260
       0735+178 044340 55123.19700  8000.0   0.0000    0.8500    0.0890
       0735+178 214731 55207.90800  8000.0   0.0000    0.9640    0.1160
       0736+017 192624 53750.81000 22000.0   0.0000    1.0220    0.0640
       0736+017 192204 53764.80700 22000.0   0.0000    0.9280    0.1440
       0736+017 191326 53766.80100 22000.0   0.0000    0.9010    0.3750
       0736+017 213307 53772.89800 22000.0   0.0000    1.0060    0.2780
       0736+017 184311 53805.78000 22000.0   0.0000    1.0950    0.2720
       0736+017 190028 53805.79200 22000.0   0.0000    0.9820    0.3020
       0736+017 161745 53849.67900 22000.0   0.0000    0.7900    0.4820
       0736+017 163628 53849.69200 22000.0   0.0000    1.2710    0.3440
       0736+017 150711 53861.63000 22000.0   0.0000    1.4250    0.3250
       0736+017 152555 53861.64300 22000.0   0.0000    0.5040    0.4010
       0736+017 090252 53955.37700 22000.0   0.0000    1.7230    0.3970
       0736+017 092136 53955.39000 22000.0   0.0000    2.4650    0.4240
       0736+017 080516 53973.33700 22000.0   0.0000    1.5750    0.3180
       0736+017 082400 53973.35000 22000.0   0.0000    1.7080    0.3600
       0736+017 044047 54010.19500 22000.0   0.0000    2.0220    0.3820
       0736+017 050057 54010.20900 22000.0   0.0000    1.8770    0.3810
       0736+017 035443 54022.16300 22000.0   0.0000    1.6150    0.4490
       0736+017 041326 54022.17600 22000.0   0.0000    1.9020    0.4930
       0736+017 005316 54058.03700 22000.0   0.0000    2.3140    0.6020
       0736+017 011326 54058.05100 22000.0   0.0000    1.2080    0.6970
       0736+017 015052 54058.07700 22000.0   0.0000    1.3690    0.6240
       0736+017 230643 54097.96300 22000.0   0.0000    2.1860    0.3510
       0736+017 232526 54097.97600 22000.0   0.0000    1.3330    0.3430
       0736+017 234409 54097.98900 22000.0   0.0000    1.5930    0.3660
       0736+017 000419 54098.00300 22000.0   0.0000    1.4020    0.4200
       0736+017 213433 54120.89900 22000.0   0.0000    2.2480    0.4460
       0736+017 215316 54120.91200 22000.0   0.0000    1.7580    0.4230
       0736+017 221159 54120.92500 22000.0   0.0000    1.5760    0.4460
       0736+017 223043 54120.93800 22000.0   0.0000    1.7850    0.5360
       0736+017 200223 54148.83500 22000.0   0.0000    2.1490    0.3990
       0736+017 210000 54148.87500 22000.0   0.0000    1.9710    0.4150
       0736+017 141814 54197.59600 22000.0   0.0000    1.0620    0.3880
       0736+017 143657 54197.60900 22000.0   0.0000    1.3390    0.3570
       0736+017 145540 54197.62200 22000.0   0.0000    1.3700    0.3300
       0736+017 151423 54197.63500 22000.0   0.0000    1.6090    0.3210
       0736+017 152302 54218.64100 22000.0   0.0000    1.2950    0.3480
       0736+017 152302 54218.64100 22000.0   0.0000    1.2950    0.3480
       0736+017 154145 54218.65400 22000.0   0.0000    1.6440    0.3440
       0736+017 154145 54218.65400 22000.0   0.0000    1.6440    0.3440
       0736+017 160155 54218.66800 22000.0   0.0000    1.4350    0.3460
       0736+017 160155 54218.66800 22000.0   0.0000    1.4350    0.3460
       0736+017 162038 54218.68100 22000.0   0.0000    1.6310    0.3250
       0736+017 162038 54218.68100 22000.0   0.0000    1.6310    0.3250
       0736+017 114409 54273.48900 22000.0   0.0000    2.6680    0.9270
       0736+017 114702 54288.49100 22000.0   0.0000    2.0240    0.3240
       0736+017 120711 54288.50500 22000.0   0.0000    2.0670    0.3580
       0736+017 140350 54294.58600 22000.0   0.0000    2.9180    0.3760
       0736+017 142400 54294.60000 22000.0   0.0000    1.9740    0.3880
       0736+017 103335 54323.44000 22000.0   0.0000    2.6200    0.3700
       0736+017 105219 54323.45300 22000.0   0.0000    3.3740    0.4000
       0736+017 111102 54323.46600 22000.0   0.0000    1.3650    0.4260
       0736+017 092302 54345.39100 22000.0   0.0000    1.3490    0.4380
       0736+017 094145 54345.40400 22000.0   0.0000    1.6070    0.3730
       0736+017 100028 54345.41700 22000.0   0.0000    1.4700    0.3630
       0736+017 102038 54345.43100 22000.0   0.0000    1.8170    0.4220
       0736+017 081355 54372.34300 22000.0   0.0000    2.1170    0.3920
       0736+017 070028 54386.29200 22000.0   0.0000    1.4020    0.1990
       0736+017 072038 54386.30600 22000.0   0.0000    1.5680    0.2200
       0736+017 003307 54456.02300 22000.0   0.0000    2.3520    0.3670
       0736+017 005150 54456.03600 22000.0   0.0000    2.5290    0.3730
       0736+017 011033 54456.04900 22000.0   0.0000    1.7860    0.3360
       0736+017 014047 54461.07000 22000.0   0.0000    1.7700    0.2150
       0736+017 015931 54461.08300 22000.0   0.0000    1.9860    0.2170
       0736+017 003014 54478.02100 22000.0   0.0000    1.4500    0.2240
       0736+017 004857 54478.03400 22000.0   0.0000    1.6910    0.2490
       0736+017 010740 54478.04700 22000.0   0.0000    2.2590    0.2400
       0736+017 012624 54478.06000 22000.0   0.0000    1.9260    0.2400
       0736+017 221326 54510.92600 22000.0   0.0000    2.1890    0.4310
       0736+017 223209 54510.93900 22000.0   0.0000    1.8220    0.2420
       0736+017 225052 54510.95200 22000.0   0.0000    1.3450    0.2540
       0736+017 230935 54510.96500 22000.0   0.0000    1.7330    0.2810
       0736+017 190155 54561.79300 22000.0   0.0000    1.4390    0.1960
       0736+017 192204 54561.80700 22000.0   0.0000    1.2620    0.1960
       0736+017 152848 54603.64500 22000.0   0.0000    1.6370    0.2710
       0736+017 154145 54603.65400 22000.0   0.0000    0.6680    0.1800
       0736+017 145707 54639.62300 22000.0   0.0000    1.0020    0.2320
       0736+017 151004 54639.63200 22000.0   0.0000    0.6650    0.2380
       0736+017 141102 54651.59100 22000.0   0.0000    1.4990    0.4010
       0736+017 142400 54651.60000 22000.0   0.0000    1.9850    0.5680
       0736+017 130321 54666.54400 22000.0   0.0000    1.9600    0.2680
       0736+017 114116 54687.48700 22000.0   0.0000    1.5160    0.2610
       0736+017 115414 54687.49600 22000.0   0.0000    1.1380    0.2450
       0736+017 083404 54722.35700 22000.0   0.0000    1.1520    0.9010
       0736+017 084702 54722.36600 22000.0   0.0000    1.7150    0.5360
       0736+017 055248 54779.24500 22000.0   0.0000    2.4070    0.4010
       0736+017 060545 54779.25400 22000.0   0.0000    2.4050    0.4490
       0736+017 201521 54911.84400 22000.0   0.0000    1.9800    0.3850
       0736+017 202819 54911.85300 22000.0   0.0000    1.8450    0.4000
       0736+017 192750 54952.81100 22000.0   0.0000    1.1190    0.9290
       0736+017 140516 55001.58700 22000.0   0.0000    1.3100    0.5640
       0736+017 141814 55001.59600 22000.0   0.0000    2.0840    0.7140
       0736+017 062428 55062.26700 22000.0   0.0000    1.4700    0.3150
       0736+017 063852 55062.27700 22000.0   0.0000    1.1130    0.2570
       0736+017 053531 55099.23300 22000.0   0.0000    1.2230    0.2270
       0736+017 060126 55121.25100 22000.0   0.0000    1.5450    0.2860
       0736+017 061423 55121.26000 22000.0   0.0000    2.2220    0.2560
       0736+017 010155 55209.04300 22000.0   0.0000    1.1750    0.1370
       0736+017 011619 55209.05300 22000.0   0.0000    1.7500    0.2260
       0736+017 144116 53826.61200 43000.0   0.0000    0.3470    0.3260
       0736+017 144702 53827.61600 43000.0   0.0000    0.8690    0.5070
       0736+017 124019 53852.52800 43000.0   0.0000    1.0190    0.6810
       0736+017 123559 53854.52500 43000.0   0.0000    0.8800    0.6850
       0736+017 130155 53854.54300 43000.0   0.0000    0.8550    0.6140
       0736+017 114116 53878.48700 43000.0   0.0000    1.1320    0.4540
       0736+017 114116 53879.48700 43000.0   0.0000    1.2510    0.5140
       0736+017 094731 53913.40800 43000.0   0.0000    0.9160    0.4270
       0736+017 083657 53928.35900 43000.0   0.0000    1.1400    0.4410
       0736+017 064438 53951.28100 43000.0   0.0000    1.5520    0.4880
       0736+017 064438 53952.28100 43000.0   0.0000    1.9020    0.5630
       0736+017 064438 53953.28100 43000.0   0.0000    1.9230    0.5610
       0736+017 054409 53972.23900 43000.0   0.0000    1.9270    0.6320
       0736+017 054409 53973.23900 43000.0   0.0000    1.6870    0.5740
       0736+017 034438 53998.15600 43000.0   0.0000    1.4960    0.4310
       0736+017 034438 53999.15600 43000.0   0.0000    1.4620    0.4290
       0736+017 034311 54000.15500 43000.0   0.0000    1.2400    0.4140
       0736+017 014214 54025.07100 43000.0   0.0000    0.7340    0.5010
       0736+017 014340 54026.07200 43000.0   0.0000    1.0890    0.5210
       0736+017 094019 54277.40300 43000.0   0.0000    1.9840    0.3160
       0736+017 063559 54321.27500 43000.0   0.0000    2.1160    0.2580
       0736+017 063559 54322.27500 43000.0   0.0000    2.1180    0.2600
       0736+017 033559 54365.15000 43000.0   0.0000    1.7230    0.2110
       0736+017 033559 54367.15000 43000.0   0.0000    1.5160    0.1940
       0736+017 023657 54391.10900 43000.0   0.0000    2.5050    0.3080
       0736+017 235121 54422.99400 43000.0   0.0000    1.8570    0.2680
       0736+017 235121 54423.99400 43000.0   0.0000    2.0530    0.2910
       0736+017 235121 54435.99400 43000.0   0.0000    1.6140    0.3490
       0736+017 203404 54480.85700 43000.0   0.0000    0.9200    0.1750
       0736+017 184731 54506.78300 43000.0   0.0000    1.8090    0.2450
       0736+017 184857 54507.78400 43000.0   0.0000    2.3970    0.3570
       0736+017 174409 54521.73900 43000.0   0.0000    1.3100    0.1540
       0736+017 174409 54522.73900 43000.0   0.0000    1.2280    0.1440
       0736+017 174828 54523.74200 43000.0   0.0000    1.3940    0.1640
       0736+017 144409 54556.61400 43000.0   0.0000    1.4250    0.1630
       0736+017 144243 54557.61300 43000.0   0.0000    1.6190    0.1770
       0736+017 124731 54580.53300 43000.0   0.0000    0.9900    0.1450
       0736+017 104340 54611.44700 43000.0   0.0000    0.7560    0.0910
       0736+017 104340 54612.44700 43000.0   0.0000    0.9070    0.1170
       0736+017 084243 54642.36300 43000.0   0.0000    1.3190    0.1900
       0736+017 084409 54643.36400 43000.0   0.0000    1.5260    0.1910
       0736+017 074340 54659.32200 43000.0   0.0000    0.8350    0.1420
       0736+017 074214 54660.32100 43000.0   0.0000    1.1010    0.1730
       0736+017 064438 54680.28100 43000.0   0.0000    1.6230    0.1750
       0736+017 064438 54681.28100 43000.0   0.0000    1.5320    0.1710
       0736+017 064438 54682.28100 43000.0   0.0000    1.6890    0.2000
       0736+017 044340 54708.19700 43000.0   0.0000    2.1110    0.3020
       0736+017 044340 54709.19700 43000.0   0.0000    1.9860    0.2510
       0736+017 044633 54710.19900 43000.0   0.0000    1.6980    0.2270
       0736+017 023657 54745.10900 43000.0   0.0000    1.4040    0.2840
       0736+017 235121 54778.99400 43000.0   0.0000    1.6630    0.2590
       0736+017 003726 54779.02600 43000.0   0.0000    1.6920    0.2800
       0736+017 235121 54779.99400 43000.0   0.0000    1.9310    0.2890
       0736+017 003726 54780.02600 43000.0   0.0000    1.9890    0.2960
       0736+017 235121 54780.99400 43000.0   0.0000    2.2390    0.3600
       0736+017 003559 54781.02500 43000.0   0.0000    1.9510    0.3020
       0736+017 235121 54807.99400 43000.0   0.0000    2.0530    0.3070
       0736+017 235121 54808.99400 43000.0   0.0000    2.2700    0.3270
       0736+017 184311 54877.78000 43000.0   0.0000    1.2560    0.3070
       0736+017 184438 54878.78100 43000.0   0.0000    1.6540    0.3670
       0736+017 184019 54879.77800 43000.0   0.0000    1.8840    0.3860
       0736+017 144409 54929.61400 43000.0   0.0000    1.3980    0.1610
       0736+017 144409 54930.61400 43000.0   0.0000    1.2870    0.1470
       0736+017 115121 54959.49400 43000.0   0.0000    1.1000    0.1780
       0736+017 114536 54961.49000 43000.0   0.0000    1.1450    0.1450
       0736+017 084409 55010.36400 43000.0   0.0000    1.2000    0.1690
       0736+017 084409 55011.36400 43000.0   0.0000    1.2540    0.1720
       0736+017 235121 55166.99400 43000.0   0.0000    0.7660    0.2130
       0736+017 234955 55167.99300 43000.0   0.0000    1.0020    0.1980
       0736+017 205414 55209.87100 43000.0   0.0000    1.1320    0.1650
       0736+017 000252 53724.00200  5000.0   0.0000    1.1590    0.0770
       0736+017 195219 53770.82800  5000.0   0.0000    1.1340    0.0820
       0736+017 200516 53770.83700  5000.0   0.0000    1.1460    0.0730
       0736+017 201814 53770.84600  5000.0   0.0000    1.1620    0.0760
       0736+017 162038 53826.68100  5000.0   0.0000    0.9220    0.0860
       0736+017 163921 53826.69400  5000.0   0.0000    0.8630    0.1040
       0736+017 141814 53851.59600  5000.0   0.0000    0.8960    0.0960
       0736+017 143657 53851.60900  5000.0   0.0000    0.8960    0.0950
       0736+017 075638 53975.33100  5000.0   0.0000    1.2610    0.0740
       0736+017 081648 53975.34500  5000.0   0.0000    1.2670    0.0770
       0736+017 050223 54012.21000  5000.0   0.0000    1.3000    0.0800
       0736+017 052233 54012.22400  5000.0   0.0000    1.3040    0.0760
       0736+017 024702 54024.11600  5000.0   0.0000    1.3450    0.0590
       0736+017 030711 54024.13000  5000.0   0.0000    1.3650    0.0670
       0736+017 184438 54199.78100  5000.0   0.0000    1.3120    0.0610
       0736+017 190321 54199.79400  5000.0   0.0000    1.3160    0.0580
       0736+017 122555 54296.51800  5000.0   0.0000    1.6610    0.1420
       0736+017 124438 54296.53100  5000.0   0.0000    1.6420    0.1120
       0736+017 070321 54348.29400  5000.0   0.0000    1.5700    0.0850
       0736+017 071619 54348.30300  5000.0   0.0000    1.5120    0.1630
       0736+017 072916 54348.31200  5000.0   0.0000    1.6930    0.1350
       0736+017 074340 54348.32200  5000.0   0.0000    1.6710    0.1270
       0736+017 060000 54374.25000  5000.0   0.0000    1.5040    0.0770
       0736+017 061257 54374.25900  5000.0   0.0000    1.4760    0.0820
       0736+017 161326 54563.67600  5000.0   0.0000    1.3100    0.1120
       0736+017 162624 54563.68500  5000.0   0.0000    1.2960    0.0960
       0736+017 101912 54668.43000  5000.0   0.0000    0.9540    0.0990
       0736+017 092302 54689.39100  5000.0   0.0000    0.8390    0.0870
       0736+017 093559 54689.40000  5000.0   0.0000    0.8160    0.0770
       0736+017 200223 54912.83500  5000.0   0.0000    1.8350    0.3350
       0736+017 201521 54912.84400  5000.0   0.0000    1.8560    0.2530
       0736+017 154145 55002.65400  5000.0   0.0000    1.5440    0.3610
       0736+017 155443 55002.66300  5000.0   0.0000    1.4400    0.5550
       0736+017 121131 55034.50800  5000.0   0.0000    1.3950    0.1770
       0736+017 123852 55062.52700  5000.0   0.0000    1.2970    0.3200
       0736+017 125316 55062.53700  5000.0   0.0000    1.1030    0.2180
       0736+017 044340 55100.19700  5000.0   0.0000    1.2690    0.0800
       0736+017 045638 55100.20600  5000.0   0.0000    1.2840    0.0660
       0736+017 062721 55122.26900  5000.0   0.0000    1.2520    0.0740
       0736+017 064145 55122.27900  5000.0   0.0000    1.1920    0.1100
       0736+017 235248 55209.99500  5000.0   0.0000    1.4270    0.1050
       0736+017 000711 55210.00500  5000.0   0.0000    1.1420    0.1210
       0736+017 202526 53741.85100  8000.0   0.0000    1.0400    0.0250
       0736+017 201228 53771.84200  8000.0   0.0000    1.0090    0.0770
       0736+017 202526 53771.85100  8000.0   0.0000    0.9880    0.0870
       0736+017 192457 53778.80900  8000.0   0.0000    0.9970    0.0240
       0736+017 190907 53804.79800  8000.0   0.0000    0.8970    0.0850
       0736+017 192624 53804.81000  8000.0   0.0000    0.9220    0.0680
       0736+017 150252 53850.62700  8000.0   0.0000    1.0240    0.1010
       0736+017 135219 53860.57800  8000.0   0.0000    0.9270    0.0430
       0736+017 112945 53907.47900  8000.0   0.0000    1.4290    0.1170
       0736+017 092428 53956.39200  8000.0   0.0000    1.3700    0.1220
       0736+017 074340 53974.32200  8000.0   0.0000    1.6880    0.0960
       0736+017 051355 54011.21800  8000.0   0.0000    1.5370    0.0850
       0736+017 032136 54023.14000  8000.0   0.0000    1.4840    0.0750
       0736+017 024243 54038.11300  8000.0   0.0000    1.6090    0.1140
       0736+017 005443 54059.03800  8000.0   0.0000    1.4860    0.0640
       0736+017 000545 54080.00400  8000.0   0.0000    1.6000    0.0500
       0736+017 232233 54098.97400  8000.0   0.0000    1.4270    0.0760
       0736+017 215902 54121.91600  8000.0   0.0000    1.5740    0.1090
       0736+017 194926 54149.82600  8000.0   0.0000    1.4990    0.1030
       0736+017 181257 54198.75900  8000.0   0.0000    1.7830    0.0770
       0736+017 183433 54219.77400  8000.0   0.0000    1.9190    0.0920
       0736+017 183433 54219.77400  8000.0   0.0000    1.9190    0.0920
       0736+017 124731 54275.53300  8000.0   0.0000    1.9600    0.0920
       0736+017 121843 54289.51300  8000.0   0.0000    1.8230    0.0780
       0736+017 135052 54295.57700  8000.0   0.0000    1.9990    0.0890
       0736+017 121716 54324.51200  8000.0   0.0000    1.9820    0.1000
       0736+017 101912 54344.43000  8000.0   0.0000    1.7530    0.0990
       0736+017 081940 54373.34700  8000.0   0.0000    1.9110    0.4010
       0736+017 033559 54435.15000  8000.0   0.0000    1.6030    0.0720
       0736+017 213140 54512.89700  8000.0   0.0000    1.6630    0.0920
       0736+017 205833 54562.87400  8000.0   0.0000    1.2860    0.0620
       0736+017 193502 54576.81600  8000.0   0.0000    1.2630    0.1000
       0736+017 141521 54640.59400  8000.0   0.0000    0.7740    0.0540
       0736+017 125736 54652.54000  8000.0   0.0000    0.8340    0.0900
       0736+017 121131 54667.50800  8000.0   0.0000    1.0900    0.0750
       0736+017 110223 54688.46000  8000.0   0.0000    1.0160    0.0620
       0736+017 085121 54723.36900  8000.0   0.0000    1.7270    0.2010
       0736+017 042204 54778.18200  8000.0   0.0000    1.5600    0.1290
       0736+017 192038 54951.80600  8000.0   0.0000    1.5720    0.1560
       0736+017 142400 55003.60000  8000.0   0.0000    1.3210    0.1040
       0736+017 134047 55035.57000  8000.0   0.0000    1.1820    0.1240
       0736+017 100740 55063.42200  8000.0   0.0000    1.2370    0.1400
       0736+017 103335 55077.44000  8000.0   0.0000    1.6010    0.1900
       0736+017 060126 55101.25100  8000.0   0.0000    1.1240    0.0920
       0736+017 051814 55123.22100  8000.0   0.0000    1.1620    0.1040
       0736+017 222204 55207.93200  8000.0   0.0000    1.1360    0.3110
       0827+243 195638 53750.83100 22000.0   0.0000    0.3910    0.0560
       0827+243 195219 53764.82800 22000.0   0.0000    0.2810    0.1260
       0827+243 154604 53861.65700 22000.0   0.0000    0.2810    0.2490
       0827+243 160614 53861.67100 22000.0   0.0000    0.6910    0.2720
       0827+243 094311 53955.40500 22000.0   0.0000    0.8990    0.3880
       0827+243 052107 54010.22300 22000.0   0.0000    1.0220    0.3080
       0827+243 054116 54010.23700 22000.0   0.0000    0.9620    0.3670
       0827+243 043502 54022.19100 22000.0   0.0000    0.9160    0.3520
       0827+243 045345 54022.20400 22000.0   0.0000    0.8780    0.4150
       0827+243 021814 54081.09600 22000.0   0.0000    1.0630    0.4220
       0827+243 023823 54081.11000 22000.0   0.0000    0.8330    0.3470
       0827+243 231940 54119.97200 22000.0   0.0000    0.9130    0.4340
       0827+243 175540 54183.74700 22000.0   0.0000    0.6310    0.3880
       0827+243 181423 54183.76000 22000.0   0.0000    0.9480    0.3750
       0827+243 161745 54197.67900 22000.0   0.0000    0.6440    0.2540
       0827+243 163628 54197.69200 22000.0   0.0000    0.6880    0.2310
       0827+243 165512 54197.70500 22000.0   0.0000    0.6440    0.2310
       0827+243 171355 54197.71800 22000.0   0.0000    0.6280    0.2100
       0827+243 172233 54218.72400 22000.0   0.0000    0.6300    0.2910
       0827+243 172233 54218.72400 22000.0   0.0000    0.6300    0.2910
       0827+243 174116 54218.73700 22000.0   0.0000    0.5740    0.2720
       0827+243 174116 54218.73700 22000.0   0.0000    0.5740    0.2720
       0827+243 180000 54218.75000 22000.0   0.0000    0.6600    0.3100
       0827+243 180000 54218.75000 22000.0   0.0000    0.6600    0.3100
       0827+243 142400 54273.60000 22000.0   0.0000    0.8660    0.3920
       0827+243 144409 54273.61400 22000.0   0.0000    0.5900    0.4110
       0827+243 130740 54288.54700 22000.0   0.0000    1.2250    0.3150
       0827+243 132624 54288.56000 22000.0   0.0000    1.1070    0.3090
       0827+243 135804 54322.58200 22000.0   0.0000    1.3740    0.5810
       0827+243 135638 54344.58100 22000.0   0.0000    1.3360    0.4290
       0827+243 100614 54372.42100 22000.0   0.0000    1.7960    0.4220
       0827+243 102457 54372.43400 22000.0   0.0000    1.1880    0.4360
       0827+243 085248 54386.37000 22000.0   0.0000    1.4110    0.1480
       0827+243 091131 54386.38300 22000.0   0.0000    1.2830    0.1590
       0827+243 021814 54456.09600 22000.0   0.0000    1.8600    0.3410
       0827+243 025540 54456.12200 22000.0   0.0000    1.4680    0.3000
       0827+243 031423 54456.13500 22000.0   0.0000    1.4360    0.3100
       0827+243 025248 54461.12000 22000.0   0.0000    1.6910    0.2060
       0827+243 031131 54461.13300 22000.0   0.0000    1.4970    0.2250
       0827+243 023404 54478.10700 22000.0   0.0000    1.6920    0.2030
       0827+243 025248 54478.12000 22000.0   0.0000    1.6740    0.2100
       0827+243 031257 54478.13400 22000.0   0.0000    1.5990    0.2030
       0827+243 033140 54478.14700 22000.0   0.0000    1.4790    0.2020
       0827+243 001716 54511.01200 22000.0   0.0000    1.6850    0.2410
       0827+243 003726 54511.02600 22000.0   0.0000    1.7740    0.2400
       0827+243 005609 54511.03900 22000.0   0.0000    1.1810    0.2840
       0827+243 011452 54511.05200 22000.0   0.0000    1.0510    0.2890
       0827+243 183726 54575.77600 22000.0   0.0000    1.3620    0.9270
       0827+243 185024 54575.78500 22000.0   0.0000    1.8560    0.3270
       0827+243 162457 54603.68400 22000.0   0.0000    1.6370    0.3170
       0827+243 163755 54603.69300 22000.0   0.0000    2.1870    0.3020
       0827+243 162457 54639.68400 22000.0   0.0000    1.2760    0.2120
       0827+243 154019 54651.65300 22000.0   0.0000    1.5700    0.3500
       0827+243 143238 54666.60600 22000.0   0.0000    1.8380    0.2380
       0827+243 131033 54687.54900 22000.0   0.0000    1.7830    0.3000
       0827+243 072331 54779.30800 22000.0   0.0000    1.8620    0.3060
       0827+243 073628 54779.31700 22000.0   0.0000    1.3020    0.3670
       0827+243 214438 54911.90600 22000.0   0.0000    1.6830    0.3670
       0827+243 215736 54911.91500 22000.0   0.0000    1.2690    0.3440
       0827+243 205833 54952.87400 22000.0   0.0000    1.2870    0.7480
       0827+243 153559 55001.65000 22000.0   0.0000    1.2470    0.6090
       0827+243 155024 55001.66000 22000.0   0.0000    1.3810    0.6300
       0827+243 130740 55033.54700 22000.0   0.0000    0.9530    0.3040
       0827+243 132038 55033.55600 22000.0   0.0000    1.1720    0.3620
       0827+243 075804 55062.33200 22000.0   0.0000    1.5370    0.2570
       0827+243 081228 55062.34200 22000.0   0.0000    0.7510    0.2550
       0827+243 071745 55099.30400 22000.0   0.0000    1.1830    0.1830
       0827+243 073209 55099.31400 22000.0   0.0000    1.0690    0.2970
       0827+243 073335 55121.31500 22000.0   0.0000    1.1940    0.2310
       0827+243 074800 55121.32500 22000.0   0.0000    1.0740    0.3110
       0827+243 023404 55209.10700 22000.0   0.0000    1.9320    0.3780
       0827+243 024702 55209.11600 22000.0   0.0000    0.6260    0.6920
       0827+243 021648 54026.09500 43000.0   0.0000    1.0000    0.4260
       0827+243 002555 54436.01800 43000.0   0.0000    1.4560    0.2370
       0827+243 212848 54479.89500 43000.0   0.0000    1.8170    0.2740
       0827+243 212848 54480.89500 43000.0   0.0000    1.4590    0.2210
       0827+243 192457 54505.80900 43000.0   0.0000    1.7280    0.2240
       0827+243 193043 54506.81300 43000.0   0.0000    1.9840    0.2780
       0827+243 193043 54507.81300 43000.0   0.0000    1.7610    0.2370
       0827+243 182848 54521.77000 43000.0   0.0000    1.5560    0.1760
       0827+243 182848 54522.77000 43000.0   0.0000    1.5810    0.1740
       0827+243 182848 54523.77000 43000.0   0.0000    1.6400    0.1870
       0827+243 152848 54556.64500 43000.0   0.0000    1.0520    0.1420
       0827+243 153140 54557.64700 43000.0   0.0000    1.0240    0.1320
       0827+243 132457 54580.55900 43000.0   0.0000    0.9790    0.1600
       0827+243 112819 54611.47800 43000.0   0.0000    1.3690    0.1560
       0827+243 112819 54612.47800 43000.0   0.0000    1.2970    0.1520
       0827+243 092848 54642.39500 43000.0   0.0000    1.8350    0.2520
       0827+243 092848 54643.39500 43000.0   0.0000    1.9950    0.2670
       0827+243 082819 54659.35300 43000.0   0.0000    1.8410    0.2980
       0827+243 082819 54660.35300 43000.0   0.0000    1.8410    0.2950
       0827+243 072204 54680.30700 43000.0   0.0000    1.5720    0.2100
       0827+243 073628 54680.31700 43000.0   0.0000    1.6520    0.2080
       0827+243 072331 54681.30800 43000.0   0.0000    1.7200    0.2200
       0827+243 073628 54681.31700 43000.0   0.0000    1.9650    0.2420
       0827+243 072204 54682.30700 43000.0   0.0000    1.7680    0.2070
       0827+243 073628 54682.31700 43000.0   0.0000    1.7440    0.2230
       0827+243 052945 54708.22900 43000.0   0.0000    2.0390    0.2440
       0827+243 052819 54709.22800 43000.0   0.0000    1.9690    0.2360
       0827+243 052945 54710.22900 43000.0   0.0000    1.8910    0.2610
       0827+243 002555 54808.01800 43000.0   0.0000    1.4980    0.2100
       0827+243 002555 54809.01800 43000.0   0.0000    1.4850    0.2180
       0827+243 213014 54841.89600 43000.0   0.0000    0.8720    0.2330
       0827+243 212721 54842.89400 43000.0   0.0000    0.8290    0.2050
       0827+243 192750 54877.81100 43000.0   0.0000    1.0550    0.3300
       0827+243 192916 54878.81200 43000.0   0.0000    1.4490    0.3110
       0827+243 193502 54879.81600 43000.0   0.0000    1.6520    0.4240
       0827+243 152848 54929.64500 43000.0   0.0000    0.8570    0.1090
       0827+243 153014 54931.64600 43000.0   0.0000    1.0750    0.1450
       0827+243 122848 54960.52000 43000.0   0.0000    0.5790    0.0810
       0827+243 122721 54961.51900 43000.0   0.0000    0.5550    0.0890
       0827+243 092848 55009.39500 43000.0   0.0000    1.0180    0.1430
       0827+243 093014 55010.39600 43000.0   0.0000    1.0650    0.1430
       0827+243 092848 55011.39500 43000.0   0.0000    1.2800    0.1580
       0827+243 002848 55168.02000 43000.0   0.0000    1.0530    0.1760
       0827+243 213014 55209.89600 43000.0   0.0000    1.2630    0.1600
       0827+243 212721 55210.89400 43000.0   0.0000    0.9720    0.1550
       0827+243 001550 53724.01100  5000.0   0.0000    0.8900    0.0760
       0827+243 224047 53763.94500  5000.0   0.0000    0.9700    0.0770
       0827+243 032428 53766.14200  5000.0   0.0000    0.8790    0.0780
       0827+243 203111 53770.85500  5000.0   0.0000    0.9390    0.0750
       0827+243 204243 53770.86300  5000.0   0.0000    0.9640    0.0740
       0827+243 171521 53826.71900  5000.0   0.0000    0.6900    0.1220
       0827+243 173404 53826.73200  5000.0   0.0000    0.8260    0.0880
       0827+243 152009 53851.63900  5000.0   0.0000    0.8270    0.0740
       0827+243 153307 53851.64800  5000.0   0.0000    0.8400    0.0810
       0827+243 090419 53975.37800  5000.0   0.0000    0.7600    0.0800
       0827+243 092302 53975.39100  5000.0   0.0000    0.7250    0.0680
       0827+243 061004 54012.25700  5000.0   0.0000    0.7110    0.1020
       0827+243 062848 54012.27000  5000.0   0.0000    0.7130    0.1130
       0827+243 035316 54024.16200  5000.0   0.0000    0.7070    0.0520
       0827+243 041326 54024.17600  5000.0   0.0000    0.7200    0.0580
       0827+243 194340 54199.82200  5000.0   0.0000    0.6460    0.0500
       0827+243 200223 54199.83500  5000.0   0.0000    0.6120    0.0450
       0827+243 092428 54348.39200  5000.0   0.0000    0.7740    0.0690
       0827+243 093726 54348.40100  5000.0   0.0000    0.8000    0.0410
       0827+243 095150 54348.41100  5000.0   0.0000    0.8260    0.0450
       0827+243 100447 54348.42000  5000.0   0.0000    0.7850    0.0440
       0827+243 064731 54374.28300  5000.0   0.0000    0.8850    0.0630
       0827+243 070028 54374.29200  5000.0   0.0000    0.8650    0.0620
       0827+243 052233 54397.22400  5000.0   0.0000    0.8000    0.1770
       0827+243 164214 54563.69600  5000.0   0.0000    1.1370    0.2090
       0827+243 165512 54563.70500  5000.0   0.0000    1.0240    0.2330
       0827+243 110350 54689.46100  5000.0   0.0000    1.1430    0.1350
       0827+243 214311 54912.90500  5000.0   0.0000    1.2490    0.2710
       0827+243 215736 54912.91500  5000.0   0.0000    1.2790    0.3020
       0827+243 172526 55002.72600  5000.0   0.0000    1.2910    0.4960
       0827+243 173950 55002.73600  5000.0   0.0000    1.3740    0.5370
       0827+243 063140 55100.27200  5000.0   0.0000    1.3520    0.0700
       0827+243 064438 55100.28100  5000.0   0.0000    1.3020    0.0680
       0827+243 081521 55122.34400  5000.0   0.0000    1.2770    0.0630
       0827+243 082945 55122.35400  5000.0   0.0000    1.2340    0.0820
       0827+243 013755 55210.06800  5000.0   0.0000    1.1390    0.0830
       0827+243 015219 55210.07800  5000.0   0.0000    1.0530    0.0680
       0827+243 205707 53741.87300  8000.0   0.0000    0.6880    0.0170
       0827+243 015804 53765.08200  8000.0   0.0000    0.5410    0.1540
       0827+243 204955 53771.86800  8000.0   0.0000    0.6530    0.0720
       0827+243 194800 53778.82500  8000.0   0.0000    0.8500    0.0230
       0827+243 194633 53804.82400  8000.0   0.0000    0.7170    0.0690
       0827+243 154857 53850.65900  8000.0   0.0000    0.7540    0.1040
       0827+243 160740 53850.67200  8000.0   0.0000    0.7920    0.1190
       0827+243 145248 53860.62000  8000.0   0.0000    0.8680    0.0610
       0827+243 125024 53907.53500  8000.0   0.0000    0.7770    0.0580
       0827+243 100447 53956.42000  8000.0   0.0000    0.9150    0.0970
       0827+243 083950 53974.36100  8000.0   0.0000    0.6070    0.1010
       0827+243 060252 54011.25200  8000.0   0.0000    0.6860    0.0740
       0827+243 042624 54023.18500  8000.0   0.0000    0.7230    0.0580
       0827+243 035443 54038.16300  8000.0   0.0000    0.5770    0.0710
       0827+243 010740 54080.04700  8000.0   0.0000    0.6490    0.0610
       0827+243 002428 54099.01700  8000.0   0.0000    0.6870    0.0680
       0827+243 230223 54121.96000  8000.0   0.0000    0.6970    0.0970
       0827+243 190907 54198.79800  8000.0   0.0000    0.6710    0.0620
       0827+243 192916 54219.81200  8000.0   0.0000    0.7850    0.0760
       0827+243 192916 54219.81200  8000.0   0.0000    0.7850    0.0760
       0827+243 134047 54275.57000  8000.0   0.0000    0.7380    0.0500
       0827+243 131326 54289.55100  8000.0   0.0000    0.7730    0.0430
       0827+243 144536 54295.61500  8000.0   0.0000    0.7810    0.0630
       0827+243 131033 54324.54900  8000.0   0.0000    1.2330    0.0950
       0827+243 091257 54373.38400  8000.0   0.0000    1.1680    0.1170
       0827+243 055248 54421.24500  8000.0   0.0000    1.1820    0.0860
       0827+243 044047 54435.19500  8000.0   0.0000    1.1160    0.0870
       0827+243 222750 54512.93600  8000.0   0.0000    1.3170    0.1670
       0827+243 204116 54576.86200  8000.0   0.0000    1.3630    0.1010
       0827+243 190028 54604.79200  8000.0   0.0000    1.5350    0.1720
       0827+243 154857 54640.65900  8000.0   0.0000    1.3590    0.0600
       0827+243 150252 54652.62700  8000.0   0.0000    1.3330    0.0820
       0827+243 135219 54667.57800  8000.0   0.0000    1.1900    0.1320
       0827+243 130740 54688.54700  8000.0   0.0000    1.4160    0.0940
       0827+243 105638 54723.45600  8000.0   0.0000    1.4670    0.1450
       0827+243 062721 54778.26900  8000.0   0.0000    1.3610    0.0820
       0827+243 210126 54951.87600  8000.0   0.0000    1.5680    0.1530
       0827+243 162916 55003.68700  8000.0   0.0000    1.6230    0.0950
       0827+243 153852 55035.65200  8000.0   0.0000    1.3570    0.1080
       0827+243 113950 55063.48600  8000.0   0.0000    1.4140    0.1260
       0827+243 114828 55077.49200  8000.0   0.0000    1.1480    0.5630
       0827+243 073043 55101.31300  8000.0   0.0000    1.2630    0.0680
       0827+243 064857 55123.28400  8000.0   0.0000    1.2350    0.0610
       0827+243 235248 55207.99500  8000.0   0.0000    0.9570    0.1100
       0829+046 170935 53443.71500 22000.0   0.0000    0.5240    0.0430
       0829+046 124019 53509.52800 22000.0   0.0000    1.4820    0.5520
       0829+046 124019 53511.52800 22000.0   0.0000    1.2100    0.5230
       0829+046 092721 53637.39400 22000.0   0.0000    0.4980    0.3350
       0829+046 001131 53721.00800 22000.0   0.0000    0.6570    0.3150
       0829+046 002302 53721.01600 22000.0   0.0000    0.7090    0.3110
       0829+046 034731 53722.15800 22000.0   0.0000    0.6220    0.2630
       0829+046 202400 53750.85000 22000.0   0.0000    0.6580    0.0690
       0829+046 202233 53764.84900 22000.0   0.0000    0.5510    0.1300
       0829+046 222457 53772.93400 22000.0   0.0000    0.5000    0.2660
       0829+046 173657 53849.73400 22000.0   0.0000    0.4450    0.3150
       0829+046 175707 53849.74800 22000.0   0.0000    0.3480    0.3090
       0829+046 164507 53861.69800 22000.0   0.0000    0.3740    0.2930
       0829+046 060126 54010.25100 22000.0   0.0000    1.0370    0.3890
       0829+046 062009 54010.26400 22000.0   0.0000    0.9690    0.3680
       0829+046 051521 54022.21900 22000.0   0.0000    1.1770    0.5080
       0829+046 053404 54022.23200 22000.0   0.0000    1.2520    0.4520
       0829+046 034311 54057.15500 22000.0   0.0000    1.3720    0.9600
       0829+046 040155 54057.16800 22000.0   0.0000    1.5960    0.8830
       0829+046 044047 54057.19500 22000.0   0.0000    1.6480    0.5160
       0829+046 025833 54081.12400 22000.0   0.0000    0.6310    0.4380
       0829+046 031716 54081.13700 22000.0   0.0000    1.7190    0.3810
       0829+046 033726 54081.15100 22000.0   0.0000    1.6510    0.3390
       0829+046 005609 54120.03900 22000.0   0.0000    0.8520    0.4100
       0829+046 011619 54120.05300 22000.0   0.0000    1.2530    0.4780
       0829+046 013502 54120.06600 22000.0   0.0000    0.6740    0.4120
       0829+046 173531 54197.73300 22000.0   0.0000    0.5570    0.2770
       0829+046 181257 54197.75900 22000.0   0.0000    0.6360    0.2700
       0829+046 183307 54197.77300 22000.0   0.0000    0.5610    0.2710
       0829+046 184019 54218.77800 22000.0   0.0000    0.9720    0.3400
       0829+046 184019 54218.77800 22000.0   0.0000    0.9720    0.3400
       0829+046 185902 54218.79100 22000.0   0.0000    0.8720    0.3730
       0829+046 185902 54218.79100 22000.0   0.0000    0.8720    0.3730
       0829+046 130614 54273.54600 22000.0   0.0000    1.6440    0.4610
       0829+046 134507 54273.57300 22000.0   0.0000    1.3200    0.4220
       0829+046 124604 54288.53200 22000.0   0.0000    1.2530    0.3080
       0829+046 151550 54294.63600 22000.0   0.0000    0.4620    0.3410
       0829+046 153433 54294.64900 22000.0   0.0000    0.8920    0.5050
       0829+046 120252 54322.50200 22000.0   0.0000    0.9160    0.3410
       0829+046 124019 54322.52800 22000.0   0.0000    1.3350    0.3670
       0829+046 092555 54372.39300 22000.0   0.0000    1.1880    0.4190
       0829+046 081228 54386.34200 22000.0   0.0000    0.3770    0.1660
       0829+046 083238 54386.35600 22000.0   0.0000    0.4130    0.1550
       0829+046 034438 54457.15600 22000.0   0.0000    0.8680    0.3120
       0829+046 040321 54457.16900 22000.0   0.0000    0.7950    0.3060
       0829+046 035150 54461.16100 22000.0   0.0000    0.7150    0.1940
       0829+046 223209 54511.93900 22000.0   0.0000    0.5210    0.2230
       0829+046 211131 54560.88300 22000.0   0.0000    0.4620    0.2120
       0829+046 190614 54575.79600 22000.0   0.0000    0.7810    0.5350
       0829+046 191912 54575.80500 22000.0   0.0000    0.6010    0.2270
       0829+046 170643 54639.71300 22000.0   0.0000    1.4280    0.2790
       0829+046 144702 54666.61600 22000.0   0.0000    1.3020    0.2390
       0829+046 150126 54666.62600 22000.0   0.0000    0.7540    0.2180
       0829+046 221326 54911.92600 22000.0   0.0000    0.3890    0.3570
       0829+046 222624 54911.93500 22000.0   0.0000    0.1360    0.4670
       0829+046 133628 55033.56700 22000.0   0.0000    0.8420    0.3760
       0829+046 134926 55033.57600 22000.0   0.0000    1.2560    0.4420
       0829+046 082652 55062.35200 22000.0   0.0000    1.5000    0.3010
       0829+046 084116 55062.36200 22000.0   0.0000    0.7910    0.3370
       0829+046 074633 55099.32400 22000.0   0.0000    0.7480    0.3010
       0829+046 080223 55121.33500 22000.0   0.0000    1.5770    0.4910
       0829+046 081648 55121.34500 22000.0   0.0000    1.0880    0.2740
       0829+046 030252 55209.12700 22000.0   0.0000    0.6960    0.4350
       0829+046 031716 55209.13700 22000.0   0.0000    0.6360    0.4700
       0829+046 154145 53826.65400 43000.0   0.0000    0.2540    0.3140
       0829+046 134214 53852.57100 43000.0   0.0000    0.3090    0.5330
       0829+046 134633 53854.57400 43000.0   0.0000    0.3370    0.5810
       0829+046 124145 53879.52900 43000.0   0.0000    0.4890    0.3780
       0829+046 104214 53911.44600 43000.0   0.0000    0.3090    0.3490
       0829+046 104214 53912.44600 43000.0   0.0000    0.4880    0.3550
       0829+046 104214 53913.44600 43000.0   0.0000    0.4630    0.3540
       0829+046 094145 53928.40400 43000.0   0.0000    0.3110    0.3570
       0829+046 074340 53951.32200 43000.0   0.0000    0.6380    0.3710
       0829+046 074340 53952.32200 43000.0   0.0000    0.4460    0.3140
       0829+046 064438 53971.28100 43000.0   0.0000    0.7010    0.4150
       0829+046 064438 53972.28100 43000.0   0.0000    0.7260    0.4230
       0829+046 063559 53973.27500 43000.0   0.0000    0.8750    0.4390
       0829+046 044214 53998.19600 43000.0   0.0000    0.8220    0.3390
       0829+046 044340 53999.19700 43000.0   0.0000    0.8130    0.3300
       0829+046 024409 54025.11400 43000.0   0.0000    0.4880    0.3750
       0829+046 104047 54277.44500 43000.0   0.0000    0.9040    0.1210
       0829+046 074047 54321.32000 43000.0   0.0000    0.8250    0.1280
       0829+046 074047 54322.32000 43000.0   0.0000    0.9180    0.1180
       0829+046 043628 54365.19200 43000.0   0.0000    0.7460    0.1090
       0829+046 005443 54423.03800 43000.0   0.0000    0.7900    0.1160
       0829+046 005443 54424.03800 43000.0   0.0000    0.6420    0.1070
       0829+046 005443 54436.03800 43000.0   0.0000    0.6900    0.1500
       0829+046 215609 54479.91400 43000.0   0.0000    0.4210    0.0910
       0829+046 215443 54480.91300 43000.0   0.0000    0.4840    0.0880
       0829+046 195638 54506.83100 43000.0   0.0000    0.5130    0.0900
       0829+046 195512 54507.83000 43000.0   0.0000    0.3900    0.0670
       0829+046 185316 54521.78700 43000.0   0.0000    0.5730    0.0880
       0829+046 185443 54522.78800 43000.0   0.0000    0.3890    0.0720
       0829+046 185024 54523.78500 43000.0   0.0000    0.4770    0.1010
       0829+046 155609 54556.66400 43000.0   0.0000    0.5980    0.0830
       0829+046 155736 54557.66500 43000.0   0.0000    0.4630    0.0700
       0829+046 135512 54580.58000 43000.0   0.0000    0.4210    0.0890
       0829+046 115707 54611.49800 43000.0   0.0000    0.5570    0.0960
       0829+046 115540 54612.49700 43000.0   0.0000    0.6360    0.0990
       0829+046 095443 54642.41300 43000.0   0.0000    0.5320    0.0910
       0829+046 095609 54643.41400 43000.0   0.0000    0.5060    0.0800
       0829+046 085414 54659.37100 43000.0   0.0000    0.1960    0.0600
       0829+046 085248 54660.37000 43000.0   0.0000    0.3270    0.0850
       0829+046 075638 54680.33100 43000.0   0.0000    0.4300    0.0740
       0829+046 075638 54681.33100 43000.0   0.0000    0.4000    0.0840
       0829+046 075512 54682.33000 43000.0   0.0000    0.4700    0.0870
       0829+046 055540 54708.24700 43000.0   0.0000    0.4790    0.1280
       0829+046 055540 54709.24700 43000.0   0.0000    0.4700    0.1410
       0829+046 055540 54710.24700 43000.0   0.0000    0.5930    0.1070
       0829+046 033852 54745.15200 43000.0   0.0000    0.7300    0.1750
       0829+046 005443 54779.03800 43000.0   0.0000    0.4710    0.0840
       0829+046 005609 54781.03900 43000.0   0.0000    0.7210    0.1460
       0829+046 005443 54808.03800 43000.0   0.0000    0.6080    0.1270
       0829+046 005443 54809.03800 43000.0   0.0000    0.5330    0.1230
       0829+046 215443 54841.91300 43000.0   0.0000    0.4440    0.1530
       0829+046 195512 54877.83000 43000.0   0.0000    0.9560    0.2770
       0829+046 195512 54878.83000 43000.0   0.0000    0.9870    0.2330
       0829+046 155443 54929.66300 43000.0   0.0000    0.4700    0.0690
       0829+046 155443 54930.66300 43000.0   0.0000    0.3860    0.0680
       0829+046 155443 54931.66300 43000.0   0.0000    0.5620    0.1090
       0829+046 125443 54960.53800 43000.0   0.0000    0.5460    0.0940
       0829+046 125443 54961.53800 43000.0   0.0000    0.5980    0.1060
       0829+046 095316 55010.41200 43000.0   0.0000    0.9820    0.1400
       0829+046 095443 55011.41300 43000.0   0.0000    1.0200    0.1720
       0829+046 005316 55168.03700 43000.0   0.0000    0.5880    0.1150
       0829+046 215609 55209.91400 43000.0   0.0000    0.4860    0.1020
       0829+046 171228 53444.71700  5000.0   0.0000    0.6930    0.0150
       0829+046 171521 53445.71900  5000.0   0.0000    0.6710    0.0150
       0829+046 181843 53477.76300  5000.0   0.0000    0.7100    0.0730
       0829+046 183014 53477.77100  5000.0   0.0000    0.6670    0.0710
       0829+046 191912 53478.80500  5000.0   0.0000    0.6940    0.0770
       0829+046 154857 53503.65900  5000.0   0.0000    0.6840    0.0810
       0829+046 181423 53503.76000  5000.0   0.0000    0.7220    0.0860
       0829+046 124438 53504.53100  5000.0   0.0000    0.6590    0.1020
       0829+046 180545 53504.75400  5000.0   0.0000    0.6840    0.0750
       0829+046 124145 53505.52900  5000.0   0.0000    0.6770    0.0960
       0829+046 153433 53505.64900  5000.0   0.0000    0.6630    0.1230
       0829+046 180126 53505.75100  5000.0   0.0000    0.6890    0.0880
       0829+046 122428 53543.51700  5000.0   0.0000    0.6530    0.0700
       0829+046 150711 53544.63000  5000.0   0.0000    0.7180    0.0870
       0829+046 102204 53607.43200  5000.0   0.0000    0.5880    0.0760
       0829+046 070447 53639.29500  5000.0   0.0000    0.6580    0.0730
       0829+046 102457 53639.43400  5000.0   0.0000    0.5730    0.0870
       0829+046 052819 53640.22800  5000.0   0.0000    0.6480    0.0730
       0829+046 042750 53724.18600  5000.0   0.0000    0.6840    0.0730
       0829+046 225345 53763.95400  5000.0   0.0000    0.7020    0.1330
       0829+046 205540 53770.87200  5000.0   0.0000    0.7180    0.0800
       0829+046 210838 53770.88100  5000.0   0.0000    0.7000    0.0750
       0829+046 175414 53826.74600  5000.0   0.0000    0.7440    0.1290
       0829+046 181131 53826.75800  5000.0   0.0000    0.6480    0.1010
       0829+046 155150 53851.66100  5000.0   0.0000    0.6430    0.0930
       0829+046 161033 53851.67400  5000.0   0.0000    0.6760    0.0850
       0829+046 094438 53975.40600  5000.0   0.0000    0.6360    0.0930
       0829+046 100321 53975.41900  5000.0   0.0000    0.6630    0.0810
       0829+046 065024 54012.28500  5000.0   0.0000    0.7260    0.1130
       0829+046 070907 54012.29800  5000.0   0.0000    0.7180    0.0900
       0829+046 043335 54024.19000  5000.0   0.0000    0.7560    0.0530
       0829+046 045219 54024.20300  5000.0   0.0000    0.7610    0.0550
       0829+046 202400 54199.85000  5000.0   0.0000    0.8310    0.0600
       0829+046 204243 54199.86300  5000.0   0.0000    0.7870    0.0540
       0829+046 140223 54296.58500  5000.0   0.0000    0.7540    0.1040
       0829+046 142107 54296.59800  5000.0   0.0000    0.9090    0.1010
       0829+046 082945 54348.35400  5000.0   0.0000    0.6540    0.1640
       0829+046 084243 54348.36300  5000.0   0.0000    0.6360    0.1800
       0829+046 085540 54348.37200  5000.0   0.0000    0.6230    0.1440
       0829+046 091004 54348.38200  5000.0   0.0000    0.5790    0.1380
       0829+046 071452 54374.30200  5000.0   0.0000    0.7120    0.1030
       0829+046 072916 54374.31200  5000.0   0.0000    0.6780    0.0750
       0829+046 171102 54563.71600  5000.0   0.0000    0.5170    0.1480
       0829+046 122848 54668.52000  5000.0   0.0000    0.5320    0.1130
       0829+046 111940 54689.47200  5000.0   0.0000    0.7640    0.1790
       0829+046 113238 54689.48100  5000.0   0.0000    0.5150    0.1190
       0829+046 210126 54912.87600  5000.0   0.0000    0.5620    0.3740
       0829+046 164214 55002.69600  5000.0   0.0000    0.9090    0.3590
       0829+046 131452 55034.55200  5000.0   0.0000    0.4560    0.2540
       0829+046 132916 55062.56200  5000.0   0.0000    0.8900    0.2060
       0829+046 053238 55100.23100  5000.0   0.0000    0.6530    0.0670
       0829+046 054536 55100.24000  5000.0   0.0000    0.6850    0.0610
       0829+046 071619 55122.30300  5000.0   0.0000    0.6210    0.0630
       0829+046 072916 55122.31200  5000.0   0.0000    0.6020    0.0670
       0829+046 004019 55210.02800  5000.0   0.0000    0.5930    0.0940
       0829+046 005316 55210.03700  5000.0   0.0000    0.6590    0.0760
       0829+046 171228 53451.71700  8000.0   0.0000    0.6690    0.0140
       0829+046 161326 53463.67600  8000.0   0.0000    0.6520    0.0130
       0829+046 162038 53478.68100  8000.0   0.0000    0.6550    0.0680
       0829+046 170223 53503.71000  8000.0   0.0000    0.6550    0.0660
       0829+046 194047 53503.82000  8000.0   0.0000    0.6320    0.1020
       0829+046 193209 53504.81400  8000.0   0.0000    0.6980    0.1740
       0829+046 141355 53505.59300  8000.0   0.0000    0.6570    0.0970
       0829+046 192750 53505.81100  8000.0   0.0000    0.6550    0.1070
       0829+046 153559 53543.65000  8000.0   0.0000    0.6550    0.1130
       0829+046 114702 53544.49100  8000.0   0.0000    0.6020    0.0890
       0829+046 100155 53578.41800  8000.0   0.0000    0.6580    0.0730
       0829+046 095443 53605.41300  8000.0   0.0000    0.7180    0.0660
       0829+046 050516 53637.21200  8000.0   0.0000    0.5940    0.0910
       0829+046 084116 53638.36200  8000.0   0.0000    0.6320    0.0690
       0829+046 021102 53698.09100  8000.0   0.0000    0.5490    0.1350
       0829+046 031257 53721.13400  8000.0   0.0000    0.6310    0.0700
       0829+046 233531 53721.98300  8000.0   0.0000    0.6860    0.0660
       0829+046 212555 53741.89300  8000.0   0.0000    0.6590    0.0160
       0829+046 041745 53743.17900  8000.0   0.0000    0.7280    0.1200
       0829+046 044214 53744.19600  8000.0   0.0000    0.6550    0.0940
       0829+046 211550 53771.88600  8000.0   0.0000    0.6440    0.0830
       0829+046 203238 53778.85600  8000.0   0.0000    0.5910    0.0280
       0829+046 202400 53804.85000  8000.0   0.0000    0.5950    0.0850
       0829+046 204116 53804.86200  8000.0   0.0000    0.6610    0.0840
       0829+046 184857 53830.78400  8000.0   0.0000    0.5400    0.2580
       0829+046 162916 53850.68700  8000.0   0.0000    0.6810    0.1070
       0829+046 164800 53850.70000  8000.0   0.0000    0.6090    0.0990
       0829+046 151843 53860.63800  8000.0   0.0000    0.7180    0.0550
       0829+046 131745 53907.55400  8000.0   0.0000    0.6810    0.0450
       0829+046 103043 53956.43800  8000.0   0.0000    0.7930    0.0890
       0829+046 090545 53974.37900  8000.0   0.0000    0.6150    0.0550
       0829+046 064438 54011.28100  8000.0   0.0000    0.8210    0.0710
       0829+046 045931 54023.20800  8000.0   0.0000    0.8480    0.0800
       0829+046 042916 54038.18700  8000.0   0.0000    0.8920    0.0740
       0829+046 014214 54080.07100  8000.0   0.0000    0.9510    0.0420
       0829+046 005902 54099.04100  8000.0   0.0000    0.9240    0.0770
       0829+046 232819 54121.97800  8000.0   0.0000    0.8570    0.0820
       0829+046 212555 54149.89300  8000.0   0.0000    1.0700    0.1850
       0829+046 195219 54198.82800  8000.0   0.0000    0.8660    0.0490
       0829+046 201228 54219.84200  8000.0   0.0000    0.7000    0.1790
       0829+046 201228 54219.84200  8000.0   0.0000    0.7000    0.1790
       0829+046 141521 54275.59400  8000.0   0.0000    0.8900    0.0560
       0829+046 134800 54289.57500  8000.0   0.0000    0.8930    0.0530
       0829+046 152009 54295.63900  8000.0   0.0000    0.7260    0.0490
       0829+046 135345 54324.57900  8000.0   0.0000    0.8210    0.0650
       0829+046 051521 54435.21900  8000.0   0.0000    0.6470    0.0790
       0829+046 214019 54562.90300  8000.0   0.0000    0.5700    0.0760
       0829+046 180838 54576.75600  8000.0   0.0000    0.5130    0.0420
       0829+046 145540 54640.62200  8000.0   0.0000    0.5910    0.0500
       0829+046 135345 54652.57900  8000.0   0.0000    0.6120    0.0850
       0829+046 120000 54688.50000  8000.0   0.0000    0.6660    0.0790
       0829+046 094731 54723.40800  8000.0   0.0000    0.7690    0.1420
       0829+046 051814 54778.22100  8000.0   0.0000    0.5110    0.0720
       0829+046 201814 54951.84600  8000.0   0.0000    0.7460    0.1570
       0829+046 151257 55003.63400  8000.0   0.0000    0.6850    0.1300
       0829+046 143823 55035.61000  8000.0   0.0000    0.6420    0.1200
       0829+046 104800 55063.45000  8000.0   0.0000    0.7110    0.1130
       0829+046 112233 55077.47400  8000.0   0.0000    0.8130    0.0810
       0829+046 065609 55101.28900  8000.0   0.0000    0.6410    0.0720
       0829+046 061423 55123.26000  8000.0   0.0000    0.6690    0.0950
       0829+046 231814 55207.97100  8000.0   0.0000    0.5330    0.1340
       0836+710 131033 53509.54900 22000.0   0.0000    1.5490    0.5160
       0836+710 131033 53510.54900 22000.0   0.0000    1.9970    0.5780
       0836+710 021940 53637.09700 22000.0   0.0000    2.4100    0.3990
       0836+710 131159 53637.55000 22000.0   0.0000    2.1920    0.3910
       0836+710 182009 53638.76400 22000.0   0.0000    1.9420    0.4140
       0836+710 181004 53698.75700 22000.0   0.0000    2.1510    0.3190
       0836+710 204955 53721.86800 22000.0   0.0000    2.0110    0.3080
       0836+710 074340 53722.32200 22000.0   0.0000    1.9850    0.3270
       0836+710 034145 53744.15400 22000.0   0.0000    2.0490    0.2860
       0836+710 205707 53750.87300 22000.0   0.0000    2.1840    0.1270
       0836+710 205121 53764.86900 22000.0   0.0000    2.1750    0.1620
       0836+710 202400 53766.85000 22000.0   0.0000    2.0300    0.3370
       0836+710 230516 53772.96200 22000.0   0.0000    2.1610    0.2910
       0836+710 210126 53805.87600 22000.0   0.0000    2.3820    0.3170
       0836+710 211257 53805.88400 22000.0   0.0000    2.6290    0.3130
       0836+710 194340 53849.82200 22000.0   0.0000    2.3530    0.3050
       0836+710 195638 53849.83100 22000.0   0.0000    2.2590    0.2870
       0836+710 182721 53861.76900 22000.0   0.0000    2.2210    0.2670
       0836+710 184019 53861.77800 22000.0   0.0000    2.3000    0.2990
       0836+710 121423 53972.51000 22000.0   0.0000    2.3000    0.4580
       0836+710 122721 53972.51900 22000.0   0.0000    1.6530    0.4270
       0836+710 083531 54010.35800 22000.0   0.0000    1.8060    0.3810
       0836+710 084828 54010.36700 22000.0   0.0000    1.3570    0.3260
       0836+710 081102 54021.34100 22000.0   0.0000    2.2620    0.3280
       0836+710 082526 54021.35100 22000.0   0.0000    2.4910    0.3060
       0836+710 062136 54058.26500 22000.0   0.0000    2.4730    0.4010
       0836+710 063433 54058.27400 22000.0   0.0000    2.4340    0.4150
       0836+710 064731 54058.28300 22000.0   0.0000    2.3490    0.4470
       0836+710 070028 54058.29200 22000.0   0.0000    2.3110    0.3510
       0836+710 034604 54098.15700 22000.0   0.0000    2.1200    0.3360
       0836+710 035902 54098.16600 22000.0   0.0000    2.6000    0.3280
       0836+710 041159 54098.17500 22000.0   0.0000    1.6800    0.3390
       0836+710 042457 54098.18400 22000.0   0.0000    2.2480    0.3420
       0836+710 021228 54121.09200 22000.0   0.0000    2.2690    0.4390
       0836+710 022652 54121.10200 22000.0   0.0000    2.3550    0.4240
       0836+710 023950 54121.11100 22000.0   0.0000    1.8820    0.3880
       0836+710 025248 54121.12000 22000.0   0.0000    1.8040    0.4590
       0836+710 004145 54149.02900 22000.0   0.0000    2.2520    0.3560
       0836+710 005443 54149.03800 22000.0   0.0000    1.9540    0.3540
       0836+710 010740 54149.04700 22000.0   0.0000    1.7980    0.5080
       0836+710 012038 54149.05600 22000.0   0.0000    2.2850    0.5830
       0836+710 204702 54197.86600 22000.0   0.0000    1.6270    0.4340
       0836+710 211423 54197.88500 22000.0   0.0000    1.6280    0.3940
       0836+710 212721 54197.89400 22000.0   0.0000    1.7120    0.4380
       0836+710 213014 54218.89600 22000.0   0.0000    1.4760    0.2580
       0836+710 213014 54218.89600 22000.0   0.0000    1.4760    0.2580
       0836+710 215736 54218.91500 22000.0   0.0000    1.7790    0.3240
       0836+710 215736 54218.91500 22000.0   0.0000    1.7790    0.3240
       0836+710 221033 54218.92400 22000.0   0.0000    1.2960    0.3060
       0836+710 221033 54218.92400 22000.0   0.0000    1.2960    0.3060
       0836+710 081355 54274.34300 22000.0   0.0000    1.3380    0.4470
       0836+710 082652 54274.35200 22000.0   0.0000    1.8450    0.3830
       0836+710 083950 54274.36100 22000.0   0.0000    1.2480    0.3810
       0836+710 150711 54288.63000 22000.0   0.0000    1.9430    0.3060
       0836+710 152009 54288.63900 22000.0   0.0000    1.6280    0.3170
       0836+710 070614 54295.29600 22000.0   0.0000    1.5670    0.2760
       0836+710 072038 54295.30600 22000.0   0.0000    1.7500    0.2940
       0836+710 095150 54322.41100 22000.0   0.0000    1.9220    0.3060
       0836+710 061257 54324.25900 22000.0   0.0000    1.9400    0.3580
       0836+710 062555 54324.26800 22000.0   0.0000    1.7240    0.2950
       0836+710 203950 54372.86100 22000.0   0.0000    2.5770    0.8300
       0836+710 012204 54457.05700 22000.0   0.0000    2.5100    0.4460
       0836+710 013502 54457.06600 22000.0   0.0000    2.2450    0.2860
       0836+710 235707 54460.99800 22000.0   0.0000    1.8830    0.2410
       0836+710 001004 54461.00700 22000.0   0.0000    1.9560    0.1760
       0836+710 193755 54511.81800 22000.0   0.0000    1.6540    0.1870
       0836+710 195052 54511.82700 22000.0   0.0000    1.4070    0.2090
       0836+710 200516 54511.83700 22000.0   0.0000    1.3830    0.2240
       0836+710 201814 54511.84600 22000.0   0.0000    1.4430    0.2060
       0836+710 233111 54560.98000 22000.0   0.0000    1.1350    0.3780
       0836+710 070740 54575.29700 22000.0   0.0000    1.1560    0.3980
       0836+710 072038 54575.30600 22000.0   0.0000    1.9100    0.3920
       0836+710 053404 54640.23200 22000.0   0.0000    1.1580    0.2850
       0836+710 055540 54652.24700 22000.0   0.0000    1.7300    0.3230
       0836+710 061004 54652.25700 22000.0   0.0000    1.5960    0.2970
       0836+710 042624 54666.18500 22000.0   0.0000    1.8730    0.3110
       0836+710 043921 54666.19400 22000.0   0.0000    1.2930    0.2590
       0836+710 033726 54687.15100 22000.0   0.0000    1.7400    0.2800
       0836+710 002009 54722.01400 22000.0   0.0000    2.1810    0.4790
       0836+710 220321 54778.91900 22000.0   0.0000    1.9680    0.3670
       0836+710 221619 54778.92800 22000.0   0.0000    1.8470    0.3460
       0836+710 135345 54911.57900 22000.0   0.0000    1.5810    0.4170
       0836+710 140643 54911.58800 22000.0   0.0000    1.4070    0.3950
       0836+710 130321 54952.54400 22000.0   0.0000    1.8800    0.7110
       0836+710 043502 55032.19100 22000.0   0.0000    2.2020    0.4200
       0836+710 044926 55032.20100 22000.0   0.0000    2.4410    0.3820
       0836+710 113111 55098.48000 22000.0   0.0000    2.0850    0.2300
       0836+710 114409 55098.48900 22000.0   0.0000    2.2980    0.2260
       0836+710 232233 55120.97400 22000.0   0.0000    1.8270    0.4320
       0836+710 233657 55120.98400 22000.0   0.0000    2.1710    0.8560
       0836+710 182555 55208.76800 22000.0   0.0000    2.5940    0.2310
       0836+710 184019 55208.77800 22000.0   0.0000    2.4750    0.2570
       0836+710 161159 53826.67500 43000.0   0.0000    1.8870    0.7220
       0836+710 140643 53852.58800 43000.0   0.0000    1.9940    0.6860
       0836+710 140935 53854.59000 43000.0   0.0000    2.4160    0.6940
       0836+710 131159 53878.55000 43000.0   0.0000    1.8380    0.5130
       0836+710 131159 53879.55000 43000.0   0.0000    2.0790    0.5370
       0836+710 111102 53912.46600 43000.0   0.0000    1.7850    0.4860
       0836+710 111102 53913.46600 43000.0   0.0000    1.5620    0.4850
       0836+710 102204 53928.43200 43000.0   0.0000    1.3800    0.4870
       0836+710 081355 53951.34300 43000.0   0.0000    1.7430    0.5160
       0836+710 081355 53952.34300 43000.0   0.0000    1.6450    0.4850
       0836+710 071326 53971.30100 43000.0   0.0000    1.2780    0.4530
       0836+710 051355 53998.21800 43000.0   0.0000    1.8170    0.4390
       0836+710 051355 53999.21800 43000.0   0.0000    1.6460    0.4150
       0836+710 031843 54025.13800 43000.0   0.0000    1.3080    0.4640
       0836+710 110935 54277.46500 43000.0   0.0000    1.2970    0.1410
       0836+710 080935 54321.34000 43000.0   0.0000    1.4990    0.1900
       0836+710 080935 54322.34000 43000.0   0.0000    1.5120    0.2000
       0836+710 050809 54365.21400 43000.0   0.0000    2.1130    0.2730
       0836+710 050809 54367.21400 43000.0   0.0000    1.7780    0.2270
       0836+710 041619 54390.17800 43000.0   0.0000    2.1410    0.3150
       0836+710 041033 54391.17400 43000.0   0.0000    1.9420    0.4500
       0836+710 012457 54423.05900 43000.0   0.0000    1.7980    0.2370
       0836+710 012038 54424.05600 43000.0   0.0000    1.8350    0.2570
       0836+710 012457 54436.05900 43000.0   0.0000    1.6080    0.2710
       0836+710 003307 54453.02300 43000.0   0.0000    1.2280    0.3310
       0836+710 223502 54478.94100 43000.0   0.0000    1.1590    0.1940
       0836+710 222750 54479.93600 43000.0   0.0000    1.4880    0.2230
       0836+710 222750 54480.93600 43000.0   0.0000    1.4330    0.2350
       0836+710 202945 54505.85400 43000.0   0.0000    1.5850    0.2080
       0836+710 202945 54506.85400 43000.0   0.0000    1.6730    0.2210
       0836+710 202945 54507.85400 43000.0   0.0000    1.5730    0.2090
       0836+710 192916 54521.81200 43000.0   0.0000    1.4150    0.1770
       0836+710 192916 54522.81200 43000.0   0.0000    1.5400    0.1860
       0836+710 192457 54523.80900 43000.0   0.0000    1.4540    0.2230
       0836+710 162916 54556.68700 43000.0   0.0000    1.7980    0.2070
       0836+710 162916 54557.68700 43000.0   0.0000    1.6760    0.1860
       0836+710 143657 54579.60900 43000.0   0.0000    1.4090    0.2010
       0836+710 142819 54580.60300 43000.0   0.0000    1.4660    0.1760
       0836+710 122848 54611.52000 43000.0   0.0000    1.5590    0.1750
       0836+710 123014 54612.52100 43000.0   0.0000    1.4210    0.1620
       0836+710 102916 54642.43700 43000.0   0.0000    1.9600    0.2700
       0836+710 102331 54643.43300 43000.0   0.0000    2.0710    0.2850
       0836+710 092848 54659.39500 43000.0   0.0000    2.1780    0.3700
       0836+710 093014 54660.39600 43000.0   0.0000    2.1230    0.3490
       0836+710 082233 54680.34900 43000.0   0.0000    1.9960    0.2310
       0836+710 083657 54680.35900 43000.0   0.0000    1.8370    0.2310
       0836+710 082233 54681.34900 43000.0   0.0000    2.1600    0.2520
       0836+710 083657 54681.35900 43000.0   0.0000    2.0080    0.2410
       0836+710 082233 54682.34900 43000.0   0.0000    1.8960    0.2330
       0836+710 083657 54682.35900 43000.0   0.0000    1.8670    0.2500
       0836+710 062848 54708.27000 43000.0   0.0000    2.4820    0.3030
       0836+710 063014 54709.27100 43000.0   0.0000    2.4230    0.2950
       0836+710 063014 54710.27100 43000.0   0.0000    2.4280    0.2800
       0836+710 040907 54745.17300 43000.0   0.0000    2.8250    0.4480
       0836+710 012457 54779.05900 43000.0   0.0000    2.5770    0.3820
       0836+710 012457 54780.05900 43000.0   0.0000    2.6310    0.3960
       0836+710 012457 54781.05900 43000.0   0.0000    2.4960    0.3760
       0836+710 012457 54808.05900 43000.0   0.0000    2.7310    0.3710
       0836+710 012624 54809.06000 43000.0   0.0000    2.2240    0.3250
       0836+710 222624 54841.93500 43000.0   0.0000    1.7560    0.3790
       0836+710 222750 54842.93600 43000.0   0.0000    2.4480    0.5130
       0836+710 202945 54877.85400 43000.0   0.0000    1.7250    0.3160
       0836+710 202945 54878.85400 43000.0   0.0000    1.9140    0.3070
       0836+710 202945 54879.85400 43000.0   0.0000    1.6690    0.2770
       0836+710 162916 54929.68700 43000.0   0.0000    2.1380    0.2500
       0836+710 163043 54930.68800 43000.0   0.0000    2.0160    0.2360
       0836+710 162916 54931.68700 43000.0   0.0000    2.3930    0.2720
       0836+710 132916 54960.56200 43000.0   0.0000    1.4140    0.1810
       0836+710 132916 54961.56200 43000.0   0.0000    1.4970    0.1880
       0836+710 102916 55009.43700 43000.0   0.0000    2.9070    0.3510
       0836+710 103335 55010.44000 43000.0   0.0000    3.2170    0.4490
       0836+710 102916 55011.43700 43000.0   0.0000    2.6540    0.3330
       0836+710 012624 55168.06000 43000.0   0.0000    3.9610    0.6280
       0836+710 222624 55209.93500 43000.0   0.0000    3.7400    0.4460
       0836+710 222624 55210.93500 43000.0   0.0000    3.1450    0.4300
       0836+710 181257 53444.75900  5000.0   0.0000    2.4420    0.0410
       0836+710 181257 53445.75900  5000.0   0.0000    2.4440    0.0410
       0836+710 172652 53454.72700  5000.0   0.0000    2.3800    0.0950
       0836+710 174702 53454.74100  5000.0   0.0000    2.3730    0.0930
       0836+710 194340 53454.82200  5000.0   0.0000    2.2930    0.0890
       0836+710 211423 53454.88500  5000.0   0.0000    2.3230    0.0880
       0836+710 171814 53456.72100  5000.0   0.0000    2.3380    0.0990
       0836+710 191159 53456.80000  5000.0   0.0000    2.3570    0.1000
       0836+710 025121 53457.11900  5000.0   0.0000    2.3870    0.0940
       0836+710 042457 53457.18400  5000.0   0.0000    2.3480    0.1150
       0836+710 102331 53457.43300  5000.0   0.0000    2.5170    0.1220
       0836+710 131326 53457.55100  5000.0   0.0000    2.3420    0.0950
       0836+710 152848 53477.64500  5000.0   0.0000    2.2920    0.0860
       0836+710 191745 53477.80400  5000.0   0.0000    2.3590    0.0860
       0836+710 005443 53478.03800  5000.0   0.0000    2.2570    0.0980
       0836+710 052233 53478.22400  5000.0   0.0000    2.5230    0.1140
       0836+710 105219 53478.45300  5000.0   0.0000    2.3080    0.0940
       0836+710 181257 53478.75900  5000.0   0.0000    2.3140    0.0920
       0836+710 214311 53478.90500  5000.0   0.0000    2.3670    0.0820
       0836+710 230643 53478.96300  5000.0   0.0000    2.3650    0.0900
       0836+710 080809 53503.33900  5000.0   0.0000    2.2620    0.1020
       0836+710 182009 53510.76400  5000.0   0.0000    2.2900    0.1370
       0836+710 082945 53511.35400  5000.0   0.0000    2.2630    0.0930
       0836+710 154311 53511.65500  5000.0   0.0000    2.2760    0.1050
       0836+710 102750 53543.43600  5000.0   0.0000    2.2290    0.0980
       0836+710 132457 53543.55900  5000.0   0.0000    2.2140    0.0900
       0836+710 203950 53543.86100  5000.0   0.0000    2.2620    0.0990
       0836+710 003307 53544.02300  5000.0   0.0000    2.2770    0.0990
       0836+710 080516 53544.33700  5000.0   0.0000    2.1800    0.1260
       0836+710 140223 53544.58500  5000.0   0.0000    2.1880    0.0880
       0836+710 175121 53544.74400  5000.0   0.0000    2.2340    0.0960
       0836+710 010740 53545.04700  5000.0   0.0000    2.2430    0.1010
       0836+710 033726 53545.15100  5000.0   0.0000    2.2030    0.0940
       0836+710 083823 53545.36000  5000.0   0.0000    2.3050    0.1070
       0836+710 084536 53576.36500  5000.0   0.0000    2.2730    0.1080
       0836+710 121843 53576.51300  5000.0   0.0000    2.2190    0.0870
       0836+710 005024 53577.03500  5000.0   0.0000    2.0910    0.1010
       0836+710 075804 53577.33200  5000.0   0.0000    2.2110    0.1310
       0836+710 192457 53577.80900  5000.0   0.0000    2.1500    0.1020
       0836+710 022652 53578.10200  5000.0   0.0000    2.2740    0.1010
       0836+710 080809 53578.33900  5000.0   0.0000    2.2120    0.0870
       0836+710 173238 53605.73100  5000.0   0.0000    2.1890    0.0900
       0836+710 011326 53606.05100  5000.0   0.0000    2.3430    0.1040
       0836+710 225638 53638.95600  5000.0   0.0000    2.1940    0.0890
       0836+710 031423 53639.13500  5000.0   0.0000    2.2260    0.0880
       0836+710 133628 53639.56700  5000.0   0.0000    2.1020    0.0860
       0836+710 184731 53639.78300  5000.0   0.0000    2.1460    0.1000
       0836+710 215024 53639.91000  5000.0   0.0000    2.1840    0.0860
       0836+710 013335 53640.06500  5000.0   0.0000    2.2480    0.0980
       0836+710 061550 53640.26100  5000.0   0.0000    2.1930    0.0740
       0836+710 223502 53723.94100  5000.0   0.0000    2.0700    0.0860
       0836+710 071159 53724.30000  5000.0   0.0000    2.1410    0.1090
       0836+710 004019 53764.02800  5000.0   0.0000    2.0500    0.1100
       0836+710 073921 53766.31900  5000.0   0.0000    2.1310    0.0960
       0836+710 213852 53770.90200  5000.0   0.0000    2.0320    0.0860
       0836+710 215024 53770.91000  5000.0   0.0000    2.1150    0.0890
       0836+710 195052 53826.82700  5000.0   0.0000    2.1360    0.1060
       0836+710 200350 53826.83600  5000.0   0.0000    2.0560    0.1110
       0836+710 174116 53851.73700  5000.0   0.0000    2.0570    0.1100
       0836+710 113950 53974.48600  5000.0   0.0000    2.1950    0.0900
       0836+710 115248 53974.49500  5000.0   0.0000    2.1840    0.0860
       0836+710 092555 54023.39300  5000.0   0.0000    2.1930    0.0690
       0836+710 093852 54023.40200  5000.0   0.0000    2.2120    0.0700
       0836+710 011619 54200.05300  5000.0   0.0000    2.2160    0.0790
       0836+710 012916 54200.06200  5000.0   0.0000    2.2230    0.0740
       0836+710 160907 54296.67300  5000.0   0.0000    2.2010    0.1030
       0836+710 162204 54296.68200  5000.0   0.0000    2.2440    0.1290
       0836+710 091131 54374.38300  5000.0   0.0000    2.1740    0.0860
       0836+710 092428 54374.39200  5000.0   0.0000    2.1910    0.0730
       0836+710 182428 54563.76700  5000.0   0.0000    2.0520    0.0720
       0836+710 183852 54563.77700  5000.0   0.0000    2.1370    0.0760
       0836+710 001004 54724.00700  5000.0   0.0000    1.9650    0.2220
       0836+710 002302 54724.01600  5000.0   0.0000    1.7930    0.0900
       0836+710 172400 54912.72500  5000.0   0.0000    1.9060    0.2710
       0836+710 173657 54912.73400  5000.0   0.0000    1.7140    0.3760
       0836+710 164633 54953.69900  5000.0   0.0000    1.9290    0.3510
       0836+710 125736 55002.54000  5000.0   0.0000    1.8650    0.4860
       0836+710 092555 55034.39300  5000.0   0.0000    1.7730    0.2450
       0836+710 094019 55034.40300  5000.0   0.0000    1.7890    0.2290
       0836+710 095316 55062.41200  5000.0   0.0000    1.8420    0.1680
       0836+710 100740 55062.42200  5000.0   0.0000    1.8240    0.2100
       0836+710 101033 55099.42400  5000.0   0.0000    1.7870    0.0640
       0836+710 102457 55099.43400  5000.0   0.0000    1.7880    0.0640
       0836+710 000711 55122.00500  5000.0   0.0000    2.3860    0.4480
       0836+710 210545 55209.87900  5000.0   0.0000    1.6670    0.1310
       0836+710 212009 55209.88900  5000.0   0.0000    1.8910    0.1840
       0836+710 034604 53349.15700  8000.0   0.0000    2.0140    0.0800
       0836+710 053531 53349.23300  8000.0   0.0000    2.0370    0.0770
       0836+710 062136 53349.26500  8000.0   0.0000    2.0210    0.0720
       0836+710 072750 53349.31100  8000.0   0.0000    2.0760    0.0730
       0836+710 080935 53349.34000  8000.0   0.0000    1.7770    0.0990
       0836+710 084116 53349.36200  8000.0   0.0000    1.9130    0.1110
       0836+710 094311 53349.40500  8000.0   0.0000    2.2110    0.1120
       0836+710 102916 53349.43700  8000.0   0.0000    2.0720    0.0900
       0836+710 132457 53349.55900  8000.0   0.0000    2.1100    0.1010
       0836+710 165638 53349.70600  8000.0   0.0000    1.9960    0.0910
       0836+710 193043 53349.81300  8000.0   0.0000    2.1670    0.1100
       0836+710 201102 53349.84100  8000.0   0.0000    2.0410    0.0900
       0836+710 220907 53349.92300  8000.0   0.0000    2.0380    0.0770
       0836+710 224926 53349.95100  8000.0   0.0000    2.0550    0.0830
       0836+710 000126 53350.00100  8000.0   0.0000    2.0620    0.0840
       0836+710 020350 53350.08600  8000.0   0.0000    2.0640    0.0680
       0836+710 034019 53350.15300  8000.0   0.0000    2.0110    0.0680
       0836+710 061550 53350.26100  8000.0   0.0000    2.0300    0.0970
       0836+710 070614 53350.29600  8000.0   0.0000    1.9650    0.0680
       0836+710 115121 53350.49400  8000.0   0.0000    2.1540    0.1130
       0836+710 130614 53350.54600  8000.0   0.0000    1.9810    0.1060
       0836+710 141648 53350.59500  8000.0   0.0000    2.0210    0.0910
       0836+710 155316 53350.66200  8000.0   0.0000    2.0290    0.0900
       0836+710 164633 53350.69900  8000.0   0.0000    2.0320    0.0940
       0836+710 185150 53350.78600  8000.0   0.0000    1.8990    0.0840
       0836+710 193335 53350.81500  8000.0   0.0000    1.6520    0.0730
       0836+710 210000 53350.87500  8000.0   0.0000    2.1050    0.0760
       0836+710 214145 53350.90400  8000.0   0.0000    2.0620    0.0670
       0836+710 231355 53350.96800  8000.0   0.0000    1.9200    0.0700
       0836+710 235540 53350.99700  8000.0   0.0000    2.0210    0.0680
       0836+710 023111 53351.10500  8000.0   0.0000    1.9060    0.0710
       0836+710 033559 53351.15000  8000.0   0.0000    1.9960    0.0720
       0836+710 053111 53351.23000  8000.0   0.0000    2.0320    0.0680
       0836+710 062009 53351.26400  8000.0   0.0000    2.0290    0.0750
       0836+710 092555 53351.39300  8000.0   0.0000    1.9990    0.0880
       0836+710 121716 53351.51200  8000.0   0.0000    2.1080    0.0920
       0836+710 134633 53351.57400  8000.0   0.0000    1.9960    0.0880
       0836+710 153433 53351.64900  8000.0   0.0000    2.0770    0.1130
       0836+710 162916 53351.68700  8000.0   0.0000    2.3530    0.1060
       0836+710 183307 53351.77300  8000.0   0.0000    2.0640    0.0950
       0836+710 204116 53351.86200  8000.0   0.0000    2.0550    0.0810
       0836+710 212302 53351.89100  8000.0   0.0000    1.8950    0.0700
       0836+710 230643 53351.96300  8000.0   0.0000    1.8630    0.0650
       0836+710 234828 53351.99200  8000.0   0.0000    2.0390    0.0710
       0836+710 005736 53352.04000  8000.0   0.0000    1.9580    0.0730
       0836+710 020350 53352.08600  8000.0   0.0000    1.9000    0.0730
       0836+710 030545 53352.12900  8000.0   0.0000    2.0220    0.0660
       0836+710 050516 53352.21200  8000.0   0.0000    2.0250    0.0710
       0836+710 055414 53352.24600  8000.0   0.0000    2.0550    0.0730
       0836+710 075512 53352.33000  8000.0   0.0000    1.9310    0.0780
       0836+710 085833 53352.37400  8000.0   0.0000    2.0060    0.0720
       0836+710 121257 53352.50900  8000.0   0.0000    1.9440    0.1020
       0836+710 134214 53352.57100  8000.0   0.0000    2.1770    0.0970
       0836+710 205121 53387.86900  8000.0   0.0000    1.8700    0.0800
       0836+710 221452 53387.92700  8000.0   0.0000    1.8520    0.0780
       0836+710 023823 53418.11000  8000.0   0.0000    1.8590    0.0780
       0836+710 181257 53451.75900  8000.0   0.0000    1.8590    0.0280
       0836+710 002136 53455.01500  8000.0   0.0000    1.8660    0.1590
       0836+710 221912 53456.93000  8000.0   0.0000    1.7340    0.0910
       0836+710 234702 53456.99100  8000.0   0.0000    1.9010    0.1640
       0836+710 064311 53457.28000  8000.0   0.0000    1.8150    0.1070
       0836+710 091004 53457.38200  8000.0   0.0000    1.8230    0.1230
       0836+710 141355 53457.59300  8000.0   0.0000    1.7240    0.0860
       0836+710 235414 53477.99600  8000.0   0.0000    1.7760    0.0870
       0836+710 061550 53478.26100  8000.0   0.0000    1.6900    0.1920
       0836+710 094857 53478.40900  8000.0   0.0000    1.6220    0.0990
       0836+710 141102 53478.59100  8000.0   0.0000    1.6230    0.0940
       0836+710 171521 53478.71900  8000.0   0.0000    1.7900    0.0770
       0836+710 053404 53511.23200  8000.0   0.0000    1.8360    0.1010
       0836+710 144409 53543.61400  8000.0   0.0000    1.6440    0.0810
       0836+710 094145 53544.40400  8000.0   0.0000    1.6860    0.0830
       0836+710 195219 53544.82800  8000.0   0.0000    1.7570    0.1150
       0836+710 070321 53545.29400  8000.0   0.0000    1.6900    0.1790
       0836+710 141102 53576.59100  8000.0   0.0000    1.6740    0.0780
       0836+710 210252 53576.87700  8000.0   0.0000    1.8340    0.1330
       0836+710 034438 53577.15600  8000.0   0.0000    1.7170    0.1580
       0836+710 215736 53605.91500  8000.0   0.0000    1.8720    0.1030
       0836+710 051102 53606.21600  8000.0   0.0000    1.8700    0.0920
       0836+710 055121 53637.24400  8000.0   0.0000    1.7880    0.1130
       0836+710 172400 53637.72500  8000.0   0.0000    1.8580    0.0940
       0836+710 105804 53638.45700  8000.0   0.0000    1.7900    0.0690
       0836+710 031004 53698.13200  8000.0   0.0000    1.8110    0.0940
       0836+710 213433 53698.89900  8000.0   0.0000    1.7990    0.0830
       0836+710 194926 53720.82600  8000.0   0.0000    1.7200    0.0860
       0836+710 052819 53721.22800  8000.0   0.0000    1.7890    0.0700
       0836+710 002136 53722.01500  8000.0   0.0000    1.8060    0.0820
       0836+710 171648 53722.72000  8000.0   0.0000    1.8170    0.0900
       0836+710 215609 53741.91400  8000.0   0.0000    1.7530    0.0400
       0836+710 080057 53743.33400  8000.0   0.0000    1.8220    0.0860
       0836+710 082400 53744.35000  8000.0   0.0000    1.8510    0.0820
       0836+710 184731 53765.78300  8000.0   0.0000    1.8930    0.0980
       0836+710 220447 53771.92000  8000.0   0.0000    1.8220    0.0880
       0836+710 221619 53771.92800  8000.0   0.0000    1.8190    0.0900
       0836+710 205707 53778.87300  8000.0   0.0000    1.8630    0.0430
       0836+710 212009 53804.88900  8000.0   0.0000    2.0570    0.1330
       0836+710 092428 53835.39200  8000.0   0.0000    2.0200    0.2050
       0836+710 093726 53835.40100  8000.0   0.0000    1.7790    0.1870
       0836+710 103628 53835.44200  8000.0   0.0000    2.0820    0.1770
       0836+710 105052 53835.45200  8000.0   0.0000    1.9700    0.2460
       0836+710 115707 53835.49800  8000.0   0.0000    1.9320    0.2140
       0836+710 121004 53835.50700  8000.0   0.0000    1.9310    0.1880
       0836+710 131452 53835.55200  8000.0   0.0000    1.9500    0.1510
       0836+710 132750 53835.56100  8000.0   0.0000    1.7470    0.1380
       0836+710 144116 53835.61200  8000.0   0.0000    1.7630    0.1370
       0836+710 145414 53835.62100  8000.0   0.0000    1.8870    0.1510
       0836+710 160614 53835.67100  8000.0   0.0000    1.9390    0.1630
       0836+710 171355 53835.71800  8000.0   0.0000    1.7730    0.5270
       0836+710 182555 53835.76800  8000.0   0.0000    1.8610    0.1650
       0836+710 183852 53835.77700  8000.0   0.0000    1.7850    0.2040
       0836+710 194340 53835.82200  8000.0   0.0000    1.8470    0.1700
       0836+710 195638 53835.83100  8000.0   0.0000    1.7380    0.1650
       0836+710 211257 53835.88400  8000.0   0.0000    1.8350    0.1780
       0836+710 212555 53835.89300  8000.0   0.0000    1.7580    0.1690
       0836+710 222916 53835.93700  8000.0   0.0000    1.8420    0.1360
       0836+710 224214 53835.94600  8000.0   0.0000    1.9530    0.1590
       0836+710 235121 53835.99400  8000.0   0.0000    1.7580    0.1580
       0836+710 000545 53836.00400  8000.0   0.0000    1.6690    0.1650
       0836+710 010907 53836.04800  8000.0   0.0000    1.8390    0.2170
       0836+710 012204 53836.05700  8000.0   0.0000    1.8320    0.2650
       0836+710 022819 53836.10300  8000.0   0.0000    1.7580    0.1620
       0836+710 024116 53836.11200  8000.0   0.0000    1.5970    0.1750
       0836+710 040447 53836.17000  8000.0   0.0000    2.0780    0.2010
       0836+710 041745 53836.17900  8000.0   0.0000    1.9630    0.2030
       0836+710 052233 53836.22400  8000.0   0.0000    1.7860    0.2120
       0836+710 053531 53836.23300  8000.0   0.0000    1.9340    0.1830
       0836+710 064857 53836.28400  8000.0   0.0000    1.5700    0.1660
       0836+710 070155 53836.29300  8000.0   0.0000    1.9180    0.3020
       0836+710 081521 53836.34400  8000.0   0.0000    1.9090    0.1870
       0836+710 082819 53836.35300  8000.0   0.0000    2.0520    0.1930
       0836+710 094311 53836.40500  8000.0   0.0000    1.9190    0.2970
       0836+710 125609 53836.53900  8000.0   0.0000    1.8530    0.1920
       0836+710 130907 53836.54800  8000.0   0.0000    1.9190    0.2710
       0836+710 140935 53836.59000  8000.0   0.0000    1.9410    0.1540
       0836+710 142233 53836.59900  8000.0   0.0000    1.9040    0.2070
       0836+710 164800 53836.70000  8000.0   0.0000    1.9070    0.1640
       0836+710 170057 53836.70900  8000.0   0.0000    1.8210    0.1590
       0836+710 182009 53836.76400  8000.0   0.0000    1.7310    0.1690
       0836+710 183307 53836.77300  8000.0   0.0000    1.9750    0.2000
       0836+710 193755 53836.81800  8000.0   0.0000    1.9370    0.1530
       0836+710 195052 53836.82700  8000.0   0.0000    1.8290    0.1900
       0836+710 205414 53836.87100  8000.0   0.0000    1.8830    0.2900
       0836+710 210711 53836.88000  8000.0   0.0000    1.6770    0.3710
       0836+710 220447 53836.92000  8000.0   0.0000    1.8910    0.1450
       0836+710 221745 53836.92900  8000.0   0.0000    1.8360    0.1390
       0836+710 234955 53836.99300  8000.0   0.0000    1.7850    0.1620
       0836+710 000252 53837.00200  8000.0   0.0000    1.7840    0.1990
       0836+710 010321 53837.04400  8000.0   0.0000    1.9620    0.1490
       0836+710 011619 53837.05300  8000.0   0.0000    1.8300    0.1450
       0836+710 022233 53837.09900  8000.0   0.0000    1.8550    0.1900
       0836+710 023657 53837.10900  8000.0   0.0000    1.8490    0.1720
       0836+710 040028 53837.16700  8000.0   0.0000    1.9000    0.1540
       0836+710 041326 53837.17600  8000.0   0.0000    1.8820    0.1630
       0836+710 051814 53837.22100  8000.0   0.0000    1.8250    0.1890
       0836+710 053111 53837.23000  8000.0   0.0000    1.8930    0.2720
       0836+710 064438 53837.28100  8000.0   0.0000    1.7400    0.1420
       0836+710 185736 53850.79000  8000.0   0.0000    2.0450    0.1400
       0836+710 173111 53860.73000  8000.0   0.0000    1.9020    0.0530
       0836+710 153014 53907.64600  8000.0   0.0000    1.9710    0.0730
       0836+710 121716 53956.51200  8000.0   0.0000    1.8970    0.1100
       0836+710 115248 53973.49500  8000.0   0.0000    1.9160    0.1660
       0836+710 085414 54011.37100  8000.0   0.0000    2.0940    0.1720
       0836+710 085833 54022.37400  8000.0   0.0000    2.2320    0.1270
       0836+710 084955 54037.36800  8000.0   0.0000    2.3680    0.1570
       0836+710 060838 54080.25600  8000.0   0.0000    2.2070    0.1400
       0836+710 050350 54099.21100  8000.0   0.0000    2.1240    0.0860
       0836+710 013043 54150.06300  8000.0   0.0000    2.1850    0.1000
       0836+710 153433 54199.64900  8000.0   0.0000    2.2070    0.1420
       0836+710 155443 54220.66300  8000.0   0.0000    2.2250    0.1680
       0836+710 155443 54220.66300  8000.0   0.0000    2.2250    0.1680
       0836+710 082819 54275.35300  8000.0   0.0000    2.1110    0.0990
       0836+710 080516 54289.33700  8000.0   0.0000    2.0080    0.0980
       0836+710 094019 54295.40300  8000.0   0.0000    2.0080    0.1630
       0836+710 083657 54324.35900  8000.0   0.0000    2.0710    0.0780
       0836+710 071033 54344.29900  8000.0   0.0000    1.8490    0.0790
       0836+710 040740 54373.17200  8000.0   0.0000    1.8550    0.1340
       0836+710 010740 54421.04700  8000.0   0.0000    1.8970    0.2390
       0836+710 000126 54435.00100  8000.0   0.0000    1.7820    0.1030
       0836+710 214857 54476.90900  8000.0   0.0000    1.4290    0.1610
       0836+710 180252 54512.75200  8000.0   0.0000    1.6820    0.0870
       0836+710 185024 54562.78500  8000.0   0.0000    1.7610    0.1000
       0836+710 071159 54576.30000  8000.0   0.0000    1.6990    0.1600
       0836+710 060000 54605.25000  8000.0   0.0000    1.4780    0.1330
       0836+710 042750 54641.18600  8000.0   0.0000    1.5930    0.1250
       0836+710 051940 54667.22200  8000.0   0.0000    1.6000    0.1890
       0836+710 041912 54688.18000  8000.0   0.0000    1.5770    0.1810
       0836+710 053823 54723.23500  8000.0   0.0000    1.6930    0.1450
       0836+710 010614 54778.04600  8000.0   0.0000    1.6030    0.1480
       0836+710 160028 54951.66700  8000.0   0.0000    2.1010    0.3450
       0836+710 110350 55003.46100  8000.0   0.0000    1.5910    0.2160
       0836+710 102916 55035.43700  8000.0   0.0000    1.3450    0.1430
       0836+710 064019 55064.27800  8000.0   0.0000    1.4150    0.1100
       0836+710 072038 55077.30600  8000.0   0.0000    1.4610    0.1400
       0836+710 085121 55100.36900  8000.0   0.0000    1.4960    0.0410
       0836+710 082233 55123.34900  8000.0   0.0000    1.4700    0.0900
       0836+710 012624 55208.06000  8000.0   0.0000    1.5850    0.0920
       0851+202 214731 53372.90800 22000.0   0.0000    2.9620    0.1840
       0851+202 231228 53372.96700 22000.0   0.0000    2.9000    0.1800
       0851+202 000711 53373.00500 22000.0   0.0000    2.9970    0.1890
       0851+202 214731 53373.90800 22000.0   0.0000    2.9430    0.1850
       0851+202 231228 53373.96700 22000.0   0.0000    3.0320    0.1870
       0851+202 000711 53374.00500 22000.0   0.0000    3.0240    0.1860
       0851+202 214857 53376.90900 22000.0   0.0000    3.0440    0.1870
       0851+202 231228 53376.96700 22000.0   0.0000    3.0330    0.1890
       0851+202 000711 53377.00500 22000.0   0.0000    3.1280    0.1940
       0851+202 214857 53377.90900 22000.0   0.0000    3.0200    0.1870
       0851+202 231228 53377.96700 22000.0   0.0000    2.9900    0.1840
       0851+202 000711 53378.00500 22000.0   0.0000    3.0390    0.1910
       0851+202 214857 53378.90900 22000.0   0.0000    2.9500    0.1850
       0851+202 231228 53378.96700 22000.0   0.0000    2.9730    0.1840
       0851+202 214857 53379.90900 22000.0   0.0000    3.0100    0.1920
       0851+202 231228 53379.96700 22000.0   0.0000    3.0530    0.1900
       0851+202 000711 53380.00500 22000.0   0.0000    2.9930    0.1870
       0851+202 214857 53380.90900 22000.0   0.0000    2.9130    0.1800
       0851+202 231228 53380.96700 22000.0   0.0000    2.9610    0.1850
       0851+202 000711 53381.00500 22000.0   0.0000    3.1160    0.1930
       0851+202 191033 53413.79900 22000.0   0.0000    2.9510    0.0960
       0851+202 203950 53413.86100 22000.0   0.0000    2.9960    0.0960
       0851+202 191033 53414.79900 22000.0   0.0000    3.0510    0.1750
       0851+202 191452 53415.80200 22000.0   0.0000    2.8500    0.1470
       0851+202 203950 53415.86100 22000.0   0.0000    3.0040    0.1050
       0851+202 164047 53441.69500 22000.0   0.0000    2.3280    0.0760
       0851+202 181004 53441.75700 22000.0   0.0000    2.2750    0.0750
       0851+202 164047 53442.69500 22000.0   0.0000    2.3660    0.0810
       0851+202 181004 53442.75700 22000.0   0.0000    2.2590    0.0710
       0851+202 164047 53443.69500 22000.0   0.0000    2.3440    0.0790
       0851+202 181004 53443.75700 22000.0   0.0000    2.2330    0.0750
       0851+202 171102 53465.71600 22000.0   0.0000    2.1480    0.3110
       0851+202 154019 53466.65300 22000.0   0.0000    2.0810    0.3100
       0851+202 134047 53509.57000 22000.0   0.0000    2.3090    0.5190
       0851+202 134047 53510.57000 22000.0   0.0000    2.3650    0.5660
       0851+202 093852 53637.40200 22000.0   0.0000    3.7280    0.3250
       0851+202 060252 53638.25200 22000.0   0.0000    3.6220    0.4280
       0851+202 003433 53721.02400 22000.0   0.0000    3.1420    0.3270
       0851+202 041033 53722.17400 22000.0   0.0000    3.1940    0.3370
       0851+202 010321 53744.04400 22000.0   0.0000    2.5950    0.3530
       0851+202 212302 53750.89100 22000.0   0.0000    3.7230    0.2060
       0851+202 212136 53764.89000 22000.0   0.0000    3.0380    0.2020
       0851+202 195931 53766.83300 22000.0   0.0000    2.3550    0.3720
       0851+202 001131 53773.00800 22000.0   0.0000    3.1630    0.3050
       0851+202 002428 53773.01700 22000.0   0.0000    3.2370    0.3080
       0851+202 003726 53773.02600 22000.0   0.0000    3.2660    0.2940
       0851+202 223335 53805.94000 22000.0   0.0000    4.7670    0.7510
       0851+202 224507 53805.94800 22000.0   0.0000    4.3930    0.6130
       0851+202 211131 53849.88300 22000.0   0.0000    5.6430    0.4630
       0851+202 212428 53849.89200 22000.0   0.0000    5.2590    0.4550
       0851+202 195345 53861.82900 22000.0   0.0000    4.8150    0.3780
       0851+202 200643 53861.83800 22000.0   0.0000    4.6980    0.3940
       0851+202 140935 53955.59000 22000.0   0.0000    3.5160    0.5710
       0851+202 101452 53973.42700 22000.0   0.0000    3.7670    0.3650
       0851+202 063852 54010.27700 22000.0   0.0000    3.2450    0.3860
       0851+202 065150 54010.28600 22000.0   0.0000    3.3620    0.4400
       0851+202 061004 54022.25700 22000.0   0.0000    3.2930    0.3820
       0851+202 062302 54022.26600 22000.0   0.0000    3.2700    0.4450
       0851+202 030126 54058.12600 22000.0   0.0000    3.6490    0.5850
       0851+202 031423 54058.13500 22000.0   0.0000    3.5130    0.5460
       0851+202 032721 54058.14400 22000.0   0.0000    4.0430    0.4300
       0851+202 034019 54058.15300 22000.0   0.0000    2.7960    0.4690
       0851+202 002136 54098.01500 22000.0   0.0000    3.3620    0.3530
       0851+202 003433 54098.02400 22000.0   0.0000    3.3290    0.3570
       0851+202 004857 54098.03400 22000.0   0.0000    3.3220    0.3640
       0851+202 010155 54098.04300 22000.0   0.0000    3.4810    0.3660
       0851+202 224926 54120.95100 22000.0   0.0000    2.6730    0.5420
       0851+202 230223 54120.96000 22000.0   0.0000    3.4050    0.5170
       0851+202 231648 54120.97000 22000.0   0.0000    3.7050    0.5240
       0851+202 232945 54120.97900 22000.0   0.0000    2.1670    0.4610
       0851+202 213140 54148.89700 22000.0   0.0000    2.7630    0.4820
       0851+202 214438 54148.90600 22000.0   0.0000    3.0860    0.4800
       0851+202 131326 54198.55100 22000.0   0.0000    1.7000    0.6020
       0851+202 132750 54198.56100 22000.0   0.0000    1.8530    0.5080
       0851+202 134047 54198.57000 22000.0   0.0000    1.5720    0.4500
       0851+202 135345 54198.57900 22000.0   0.0000    1.0490    0.3690
       0851+202 133502 54219.56600 22000.0   0.0000    1.7650    0.3860
       0851+202 133502 54219.56600 22000.0   0.0000    1.7650    0.3860
       0851+202 134800 54219.57500 22000.0   0.0000    1.5300    0.3290
       0851+202 134800 54219.57500 22000.0   0.0000    1.5300    0.3290
       0851+202 140057 54219.58400 22000.0   0.0000    1.5170    0.3770
       0851+202 140057 54219.58400 22000.0   0.0000    1.5170    0.3770
       0851+202 141355 54219.59300 22000.0   0.0000    1.0340    0.3000
       0851+202 141355 54219.59300 22000.0   0.0000    1.0340    0.3000
       0851+202 134047 54274.57000 22000.0   0.0000    2.0050    0.3250
       0851+202 135345 54274.57900 22000.0   0.0000    1.5620    0.2850
       0851+202 140643 54274.58800 22000.0   0.0000    1.3250    0.3470
       0851+202 141940 54274.59700 22000.0   0.0000    1.6060    0.3430
       0851+202 171648 54288.72000 22000.0   0.0000    1.7810    0.4460
       0851+202 163209 54294.68900 22000.0   0.0000    2.0630    0.3670
       0851+202 164507 54294.69800 22000.0   0.0000    2.6460    0.4300
       0851+202 165804 54294.70700 22000.0   0.0000    1.8720    0.4230
       0851+202 120252 54323.50200 22000.0   0.0000    1.3870    0.4140
       0851+202 122848 54323.52000 22000.0   0.0000    2.2730    0.3810
       0851+202 124145 54323.52900 22000.0   0.0000    1.4370    0.4800
       0851+202 125443 54323.53800 22000.0   0.0000    2.4650    0.5320
       0851+202 111102 54345.46600 22000.0   0.0000    1.6810    0.3710
       0851+202 112400 54345.47500 22000.0   0.0000    1.6590    0.3830
       0851+202 113823 54345.48500 22000.0   0.0000    2.1960    0.3310
       0851+202 115121 54345.49400 22000.0   0.0000    2.3640    0.4160
       0851+202 104340 54372.44700 22000.0   0.0000    1.8630    0.3840
       0851+202 105638 54372.45600 22000.0   0.0000    1.6320    0.4090
       0851+202 110935 54372.46500 22000.0   0.0000    1.8790    0.4410
       0851+202 093014 54386.39600 22000.0   0.0000    2.5590    0.2240
       0851+202 094311 54386.40500 22000.0   0.0000    2.0340    0.1880
       0851+202 040907 54461.17300 22000.0   0.0000    3.0920    0.2470
       0851+202 042331 54461.18300 22000.0   0.0000    2.7370    0.2130
       0851+202 032721 54479.14400 22000.0   0.0000    3.9850    0.3540
       0851+202 034019 54479.15300 22000.0   0.0000    3.2510    0.3860
       0851+202 003433 54512.02400 22000.0   0.0000    3.0130    0.2460
       0851+202 004731 54512.03300 22000.0   0.0000    2.8680    0.3250
       0851+202 010028 54512.04200 22000.0   0.0000    2.9240    0.2960
       0851+202 011326 54512.05100 22000.0   0.0000    2.3860    0.2740
       0851+202 193921 54561.81900 22000.0   0.0000    3.6950    0.2380
       0851+202 195219 54561.82800 22000.0   0.0000    3.1210    0.2030
       0851+202 200643 54561.83800 22000.0   0.0000    3.5290    0.2050
       0851+202 181004 54575.75700 22000.0   0.0000    3.2400    1.1420
       0851+202 155609 54603.66400 22000.0   0.0000    4.1430    0.4690
       0851+202 152555 54639.64300 22000.0   0.0000    3.1440    0.3520
       0851+202 153852 54639.65200 22000.0   0.0000    3.3730    0.3720
       0851+202 145248 54651.62000 22000.0   0.0000    2.4450    0.4650
       0851+202 131745 54666.55400 22000.0   0.0000    3.6980    0.3830
       0851+202 133043 54666.56300 22000.0   0.0000    3.3230    0.3390
       0851+202 121004 54687.50700 22000.0   0.0000    3.3000    0.4380
       0851+202 122302 54687.51600 22000.0   0.0000    3.2450    0.4340
       0851+202 090126 54722.37600 22000.0   0.0000    2.6830    0.6360
       0851+202 062136 54779.26500 22000.0   0.0000    3.3840    0.4250
       0851+202 063433 54779.27400 22000.0   0.0000    3.3510    0.4570
       0851+202 032302 54816.14100 22000.0   0.0000    3.5550    0.4510
       0851+202 204409 54911.86400 22000.0   0.0000    5.5460    0.6380
       0851+202 205707 54911.87300 22000.0   0.0000    5.8110    0.6650
       0851+202 195638 54952.83100 22000.0   0.0000    4.9200    1.0390
       0851+202 143404 55001.60700 22000.0   0.0000    6.0240    0.9660
       0851+202 144702 55001.61600 22000.0   0.0000    5.8640    0.9640
       0851+202 065316 55062.28700 22000.0   0.0000    8.2190    0.9310
       0851+202 070740 55062.29700 22000.0   0.0000    7.7710    0.9010
       0851+202 060545 55099.25400 22000.0   0.0000    6.8830    0.4430
       0851+202 062009 55099.26400 22000.0   0.0000    7.9340    0.4980
       0851+202 063014 55121.27100 22000.0   0.0000    8.8430    0.8380
       0851+202 064438 55121.28100 22000.0   0.0000    8.9100    0.7710
       0851+202 013209 55209.06400 22000.0   0.0000   11.4560    0.6090
       0851+202 014507 55209.07300 22000.0   0.0000   11.7550    0.6400
       0851+202 154145 53473.65400 43000.0   0.0000    1.1300    0.2070
       0851+202 200516 53473.83700 43000.0   0.0000    1.5910    0.2610
       0851+202 223209 53473.93900 43000.0   0.0000    1.4610    0.9780
       0851+202 165219 53826.70300 43000.0   0.0000    3.5910    1.2710
       0851+202 163628 53827.69200 43000.0   0.0000    2.9980    1.0620
       0851+202 143657 53854.60900 43000.0   0.0000    5.2330    1.0890
       0851+202 145121 53855.61900 43000.0   0.0000    5.3300    1.2000
       0851+202 134340 53878.57200 43000.0   0.0000    3.6050    0.7560
       0851+202 134340 53879.57200 43000.0   0.0000    3.7040    0.8080
       0851+202 113657 53911.48400 43000.0   0.0000    3.0580    0.6820
       0851+202 114409 53912.48900 43000.0   0.0000    2.9660    0.6490
       0851+202 114409 53913.48900 43000.0   0.0000    2.8240    0.6420
       0851+202 104214 53928.44600 43000.0   0.0000    1.5850    0.4760
       0851+202 104507 53931.44800 43000.0   0.0000    1.4710    0.5080
       0851+202 084409 53951.36400 43000.0   0.0000    2.0610    0.5390
       0851+202 084409 53952.36400 43000.0   0.0000    1.6560    0.4870
       0851+202 074340 53971.32200 43000.0   0.0000    1.8930    0.5500
       0851+202 074507 53973.32300 43000.0   0.0000    2.2750    0.6350
       0851+202 054116 53998.23700 43000.0   0.0000    2.4890    0.5360
       0851+202 054116 53999.23700 43000.0   0.0000    2.7030    0.5730
       0851+202 034145 54025.15400 43000.0   0.0000    1.2800    0.4700
       0851+202 034145 54026.15400 43000.0   0.0000    0.9280    0.4530
       0851+202 114409 54277.48900 43000.0   0.0000    1.3210    0.1970
       0851+202 084409 54321.36400 43000.0   0.0000    1.5870    0.1930
       0851+202 084409 54322.36400 43000.0   0.0000    1.5330    0.1940
       0851+202 054409 54365.23900 43000.0   0.0000    2.1900    0.2640
       0851+202 043628 54367.19200 43000.0   0.0000    1.9090    0.2550
       0851+202 054409 54367.23900 43000.0   0.0000    1.8280    0.2270
       0851+202 043628 54390.19200 43000.0   0.0000    2.2230    0.3270
       0851+202 044214 54391.19600 43000.0   0.0000    2.4950    0.3760
       0851+202 015931 54423.08300 43000.0   0.0000    3.1650    0.3990
       0851+202 020350 54424.08600 43000.0   0.0000    3.0960    0.4290
       0851+202 015931 54436.08300 43000.0   0.0000    3.7060    0.5750
       0851+202 015931 54436.08300 43000.0   0.0000    3.7060    0.5750
       0851+202 005902 54453.04100 43000.0   0.0000    3.0890    0.5480
       0851+202 210711 54479.88000 43000.0   0.0000    3.6660    0.5140
       0851+202 230643 54479.96300 43000.0   0.0000    3.7650    0.5730
       0851+202 210545 54480.87900 43000.0   0.0000    3.4230    0.4790
       0851+202 190614 54505.79600 43000.0   0.0000    3.2730    0.4180
       0851+202 205248 54505.87000 43000.0   0.0000    3.8340    0.5230
       0851+202 205121 54506.86900 43000.0   0.0000    3.9690    0.5320
       0851+202 190740 54507.79700 43000.0   0.0000    3.6200    0.4540
       0851+202 205248 54507.87000 43000.0   0.0000    3.9160    0.5180
       0851+202 180711 54521.75500 43000.0   0.0000    2.6020    0.2890
       0851+202 195219 54521.82800 43000.0   0.0000    2.9110    0.3490
       0851+202 180711 54522.75500 43000.0   0.0000    2.5960    0.2880
       0851+202 195219 54522.82800 43000.0   0.0000    2.9150    0.3510
       0851+202 180711 54523.75500 43000.0   0.0000    2.6990    0.3130
       0851+202 195052 54523.82700 43000.0   0.0000    2.9350    0.3610
       0851+202 165219 54556.70300 43000.0   0.0000    3.8980    0.4270
       0851+202 165219 54557.70300 43000.0   0.0000    3.8920    0.4470
       0851+202 134507 54579.57300 43000.0   0.0000    2.2310    0.2870
       0851+202 145121 54579.61900 43000.0   0.0000    2.4980    0.2790
       0851+202 145121 54580.61900 43000.0   0.0000    2.5870    0.2630
       0851+202 110643 54611.46300 43000.0   0.0000    3.8460    0.4050
       0851+202 125150 54611.53600 43000.0   0.0000    3.9220    0.4120
       0851+202 130321 54611.54400 43000.0   0.0000    4.1930    0.4930
       0851+202 110643 54612.46300 43000.0   0.0000    3.6870    0.3760
       0851+202 125150 54612.53600 43000.0   0.0000    3.5170    0.3790
       0851+202 130321 54612.54400 43000.0   0.0000    3.3160    0.3780
       0851+202 090711 54642.38000 43000.0   0.0000    2.6660    0.3300
       0851+202 090545 54643.37900 43000.0   0.0000    3.3450    0.4190
       0851+202 080643 54659.33800 43000.0   0.0000    2.8810    0.4270
       0851+202 095609 54659.41400 43000.0   0.0000    2.5010    0.4400
       0851+202 080643 54660.33800 43000.0   0.0000    3.1520    0.4800
       0851+202 095443 54660.41300 43000.0   0.0000    2.9100    0.4910
       0851+202 070614 54680.29600 43000.0   0.0000    3.0450    0.3250
       0851+202 085540 54680.37200 43000.0   0.0000    2.9050    0.3410
       0851+202 070614 54681.29600 43000.0   0.0000    3.2780    0.3280
       0851+202 085414 54681.37100 43000.0   0.0000    2.9700    0.3260
       0851+202 070740 54682.29700 43000.0   0.0000    3.0410    0.3260
       0851+202 085540 54682.37200 43000.0   0.0000    2.8360    0.3620
       0851+202 050643 54708.21300 43000.0   0.0000    3.3880    0.4210
       0851+202 065150 54708.28600 43000.0   0.0000    2.8620    0.4250
       0851+202 070321 54708.29400 43000.0   0.0000    2.8460    0.4360
       0851+202 050643 54709.21300 43000.0   0.0000    3.2310    0.4020
       0851+202 065150 54709.28600 43000.0   0.0000    3.1630    0.3710
       0851+202 070321 54709.29400 43000.0   0.0000    3.0100    0.4340
       0851+202 050643 54710.21300 43000.0   0.0000    3.0170    0.3840
       0851+202 065150 54710.28600 43000.0   0.0000    2.9590    0.3620
       0851+202 070321 54710.29400 43000.0   0.0000    3.1590    0.4470
       0851+202 045219 54744.20300 43000.0   0.0000    3.2260    0.5350
       0851+202 044926 54745.20100 43000.0   0.0000    3.1090    0.5520
       0851+202 015804 54779.08200 43000.0   0.0000    3.2690    0.4940
       0851+202 015931 54780.08300 43000.0   0.0000    3.5920    0.5350
       0851+202 015931 54781.08300 43000.0   0.0000    3.7030    0.5500
       0851+202 015931 54808.08300 43000.0   0.0000    4.7180    0.6830
       0851+202 015931 54809.08300 43000.0   0.0000    4.1130    0.6070
       0851+202 210252 54840.87700 43000.0   0.0000    5.8890    1.0590
       0851+202 230643 54840.96300 43000.0   0.0000    5.2660    0.9900
       0851+202 210545 54841.87900 43000.0   0.0000    5.0150    0.8630
       0851+202 230643 54841.96300 43000.0   0.0000    4.3510    0.7780
       0851+202 210545 54842.87900 43000.0   0.0000    5.4230    0.8500
       0851+202 190740 54877.79700 43000.0   0.0000    6.5020    1.0960
       0851+202 190614 54878.79600 43000.0   0.0000    6.5640    0.8800
       0851+202 205121 54879.86900 43000.0   0.0000    7.3230    1.0220
       0851+202 150545 54929.62900 43000.0   0.0000    4.9880    0.5440
       0851+202 165219 54929.70300 43000.0   0.0000    5.4420    0.5810
       0851+202 150545 54931.62900 43000.0   0.0000    5.0730    0.5450
       0851+202 165219 54931.70300 43000.0   0.0000    5.8330    0.6280
       0851+202 135219 54959.57800 43000.0   0.0000    4.7270    0.5570
       0851+202 135219 54960.57800 43000.0   0.0000    4.8470    0.5700
       0851+202 120545 54961.50400 43000.0   0.0000    4.3700    0.4900
       0851+202 135219 54961.57800 43000.0   0.0000    4.7850    0.5570
       0851+202 105219 55009.45300 43000.0   0.0000    6.0780    0.7290
       0851+202 110350 55009.46100 43000.0   0.0000    6.2470    0.8300
       0851+202 110223 55011.46000 43000.0   0.0000    6.4960    0.7850
       0851+202 234955 55155.99300 43000.0   0.0000    7.9030    0.9330
       0851+202 000545 55158.00400 43000.0   0.0000   10.1990    1.4870
       0851+202 235414 55160.99600 43000.0   0.0000   11.8350    1.7500
       0851+202 235121 55163.99400 43000.0   0.0000   13.9310    1.7820
       0851+202 235540 55164.99700 43000.0   0.0000   13.1240    1.7090
       0851+202 235540 55165.99700 43000.0   0.0000   13.7000    1.8710
       0851+202 015931 55168.08300 43000.0   0.0000   14.2310    2.2750
       0851+202 224633 55174.94900 43000.0   0.0000   13.7820    1.7170
       0851+202 225512 55175.95500 43000.0   0.0000   14.2350    1.7700
       0851+202 224214 55176.94600 43000.0   0.0000   14.9180    1.8300
       0851+202 230350 55178.96100 43000.0   0.0000   13.6310    1.7370
       0851+202 215316 55184.91200 43000.0   0.0000   15.6620    1.8330
       0851+202 215902 55185.91600 43000.0   0.0000   13.6860    1.6270
       0851+202 220614 55186.92100 43000.0   0.0000   15.7260    1.8860
       0851+202 221326 55187.92600 43000.0   0.0000   17.9780    2.5830
       0851+202 215024 55188.91000 43000.0   0.0000   15.4050    1.8320
       0851+202 215736 55189.91500 43000.0   0.0000   16.3480    1.9680
       0851+202 211257 55209.88400 43000.0   0.0000   13.9710    1.5190
       0851+202 230643 55209.96300 43000.0   0.0000   14.6310    1.6410
       0851+202 211131 55210.88300 43000.0   0.0000   10.7420    1.2510
       0851+202 230643 55210.96300 43000.0   0.0000   10.5460    1.2530
       0851+202 193921 55213.81900 43000.0   0.0000   12.4400    1.2240
       0851+202 200643 55213.83800 43000.0   0.0000   13.4300    1.4070
       0851+202 200350 55214.83600 43000.0   0.0000   13.1590    1.4120
       0851+202 201521 55214.84400 43000.0   0.0000   13.3980    1.4100
       0851+202 030000 53355.12500  5000.0   0.0000    1.7250    0.0270
       0851+202 042750 53355.18600  5000.0   0.0000    1.7350    0.0380
       0851+202 055414 53355.24600  5000.0   0.0000    1.6850    0.0450
       0851+202 054409 53357.23900  5000.0   0.0000    1.6000    0.0400
       0851+202 023950 53358.11100  5000.0   0.0000    1.7140    0.0720
       0851+202 041159 53358.17500  5000.0   0.0000    1.6940    0.0990
       0851+202 054409 53358.23900  5000.0   0.0000    1.6300    0.0880
       0851+202 023950 53360.11100  5000.0   0.0000    1.6780    0.0570
       0851+202 041159 53360.17500  5000.0   0.0000    1.6730    0.1700
       0851+202 231355 53381.96800  5000.0   0.0000    1.6090    0.0290
       0851+202 221326 53383.92600  5000.0   0.0000    1.5400    0.0240
       0851+202 221159 53384.92500  5000.0   0.0000    1.5480    0.0270
       0851+202 171102 53444.71600  5000.0   0.0000    1.4540    0.0250
       0851+202 164340 53445.69700  5000.0   0.0000    1.5050    0.0260
       0851+202 203657 53454.85900  5000.0   0.0000    1.5370    0.0880
       0851+202 204828 53454.86700  5000.0   0.0000    1.6000    0.1020
       0851+202 184311 53456.78000  5000.0   0.0000    1.6080    0.0820
       0851+202 184311 53477.78000  5000.0   0.0000    1.6160    0.0720
       0851+202 185443 53477.78800  5000.0   0.0000    1.6580    0.0770
       0851+202 133043 53478.56300  5000.0   0.0000    1.5500    0.0970
       0851+202 134214 53478.57100  5000.0   0.0000    1.6250    0.1010
       0851+202 193209 53478.81400  5000.0   0.0000    1.6750    0.0800
       0851+202 231940 53478.97200  5000.0   0.0000    1.6450    0.0910
       0851+202 155902 53503.66600  5000.0   0.0000    1.5360    0.1050
       0851+202 182555 53503.76800  5000.0   0.0000    1.5540    0.0920
       0851+202 210000 53503.87500  5000.0   0.0000    1.6800    0.0850
       0851+202 125443 53504.53800  5000.0   0.0000    1.5430    0.0860
       0851+202 181550 53504.76100  5000.0   0.0000    1.7000    0.0810
       0851+202 205248 53504.87000  5000.0   0.0000    1.5960    0.0860
       0851+202 125150 53505.53600  5000.0   0.0000    1.5420    0.0880
       0851+202 154438 53505.65600  5000.0   0.0000    1.5540    0.0990
       0851+202 181131 53505.75800  5000.0   0.0000    1.6730    0.0900
       0851+202 204828 53505.86700  5000.0   0.0000    1.6040    0.0820
       0851+202 145414 53511.62100  5000.0   0.0000    1.5490    0.0870
       0851+202 123559 53543.52500  5000.0   0.0000    1.6070    0.1000
       0851+202 151843 53544.63800  5000.0   0.0000    1.5450    0.0910
       0851+202 103502 53607.44100  5000.0   0.0000    1.6530    0.0830
       0851+202 023238 53639.10600  5000.0   0.0000    1.8590    0.1060
       0851+202 071745 53639.30400  5000.0   0.0000    1.7720    0.0710
       0851+202 054116 53640.23700  5000.0   0.0000    1.6830    0.0820
       0851+202 222204 53723.93200  5000.0   0.0000    1.9620    0.0920
       0851+202 044047 53724.19500  5000.0   0.0000    1.9530    0.0840
       0851+202 230516 53763.96200  5000.0   0.0000    2.0210    0.0920
       0851+202 033559 53766.15000  5000.0   0.0000    2.1570    0.0950
       0851+202 224633 53770.94900  5000.0   0.0000    2.0880    0.0880
       0851+202 225804 53770.95700  5000.0   0.0000    2.0960    0.0860
       0851+202 231102 53770.96600  5000.0   0.0000    2.1140    0.0810
       0851+202 182848 53826.77000  5000.0   0.0000    2.2920    0.1380
       0851+202 184145 53826.77900  5000.0   0.0000    2.3140    0.1020
       0851+202 162750 53851.68600  5000.0   0.0000    2.4690    0.1150
       0851+202 164047 53851.69500  5000.0   0.0000    2.4450    0.1240
       0851+202 103628 53975.44200  5000.0   0.0000    2.3360    0.0920
       0851+202 104926 53975.45100  5000.0   0.0000    2.2190    0.0880
       0851+202 072750 54012.31100  5000.0   0.0000    2.2200    0.0740
       0851+202 074047 54012.32000  5000.0   0.0000    2.2740    0.0940
       0851+202 050935 54024.21500  5000.0   0.0000    2.3200    0.0720
       0851+202 052400 54024.22500  5000.0   0.0000    2.1860    0.0700
       0851+202 210000 54199.87500  5000.0   0.0000    1.7570    0.0660
       0851+202 211423 54199.88500  5000.0   0.0000    1.8210    0.0660
       0851+202 143950 54296.61100  5000.0   0.0000    1.2940    0.1410
       0851+202 145248 54296.62000  5000.0   0.0000    1.1890    0.1140
       0851+202 105219 54348.45300  5000.0   0.0000    1.7810    0.0640
       0851+202 110516 54348.46200  5000.0   0.0000    1.7830    0.0590
       0851+202 111814 54348.47100  5000.0   0.0000    1.5930    0.0540
       0851+202 113238 54348.48100  5000.0   0.0000    1.6980    0.0560
       0851+202 114536 54348.49000  5000.0   0.0000    1.6490    0.0570
       0851+202 074340 54374.32200  5000.0   0.0000    1.7940    0.0820
       0851+202 075638 54374.33100  5000.0   0.0000    1.7930    0.0980
       0851+202 061843 54397.26300  5000.0   0.0000    1.8270    0.1980
       0851+202 063140 54397.27200  5000.0   0.0000    1.8830    0.2280
       0851+202 104800 54668.45000  5000.0   0.0000    1.9830    0.1650
       0851+202 110057 54668.45900  5000.0   0.0000    1.7380    0.1380
       0851+202 095150 54689.41100  5000.0   0.0000    1.6080    0.0840
       0851+202 100447 54689.42000  5000.0   0.0000    1.0590    0.1220
       0851+202 043628 54724.19200  5000.0   0.0000    1.8720    0.0830
       0851+202 044926 54724.20100  5000.0   0.0000    1.9670    0.0880
       0851+202 211550 54912.88600  5000.0   0.0000    2.0970    0.3030
       0851+202 212848 54912.89500  5000.0   0.0000    1.8770    0.2100
       0851+202 203950 54953.86100  5000.0   0.0000    3.3010    1.1180
       0851+202 205414 54953.87100  5000.0   0.0000    1.4350    0.7200
       0851+202 165638 55002.70600  5000.0   0.0000    1.7230    0.4160
       0851+202 171102 55002.71600  5000.0   0.0000    2.2680    0.4290
       0851+202 135638 55034.58100  5000.0   0.0000    1.8240    0.3450
       0851+202 134507 55062.57300  5000.0   0.0000    2.1530    0.2770
       0851+202 135804 55062.58200  5000.0   0.0000    2.0020    0.2290
       0851+202 060126 55100.25100  5000.0   0.0000    2.1840    0.0680
       0851+202 061550 55100.26100  5000.0   0.0000    2.2290    0.0680
       0851+202 074507 55122.32300  5000.0   0.0000    2.3400    0.0790
       0851+202 075931 55122.33300  5000.0   0.0000    2.4460    0.0830
       0851+202 010907 55210.04800  5000.0   0.0000    3.4520    0.1060
       0851+202 012331 55210.05800  5000.0   0.0000    3.3980    0.1290
       0851+202 204955 53382.86800  8000.0   0.0000    1.8750    0.0600
       0851+202 221452 53382.92700  8000.0   0.0000    1.8860    0.0600
       0851+202 231102 53382.96600  8000.0   0.0000    1.8450    0.0590
       0851+202 230935 53387.96500  8000.0   0.0000    1.7860    0.0920
       0851+202 231940 53387.97200  8000.0   0.0000    1.9440    0.0940
       0851+202 191326 53412.80100  8000.0   0.0000    2.0580    0.0520
       0851+202 205833 53412.87400  8000.0   0.0000    1.8180    0.0450
       0851+202 022526 53418.10100  8000.0   0.0000    1.9570    0.1380
       0851+202 231228 53456.96700  8000.0   0.0000    1.8440    0.1340
       0851+202 232400 53456.97500  8000.0   0.0000    1.8810    0.1310
       0851+202 153433 53463.64900  8000.0   0.0000    1.8690    0.0360
       0851+202 155150 53463.66100  8000.0   0.0000    1.9350    0.0420
       0851+202 174243 53463.73800  8000.0   0.0000    1.8880    0.0310
       0851+202 154145 53464.65400  8000.0   0.0000    1.7180    0.0730
       0851+202 174243 53464.73800  8000.0   0.0000    1.9050    0.0360
       0851+202 232945 53477.97900  8000.0   0.0000    1.8660    0.1300
       0851+202 234116 53477.98700  8000.0   0.0000    2.0230    0.1500
       0851+202 163209 53478.68900  8000.0   0.0000    1.8920    0.0880
       0851+202 171228 53503.71700  8000.0   0.0000    1.9200    0.0740
       0851+202 195052 53503.82700  8000.0   0.0000    1.9040    0.1800
       0851+202 170223 53504.71000  8000.0   0.0000    2.1640    0.1520
       0851+202 142400 53505.60000  8000.0   0.0000    1.9300    0.0750
       0851+202 193755 53505.81800  8000.0   0.0000    2.1780    0.0990
       0851+202 214438 53505.90600  8000.0   0.0000    2.0470    0.1450
       0851+202 194340 53510.82200  8000.0   0.0000    2.0960    0.1010
       0851+202 112652 53511.47700  8000.0   0.0000    2.2410    0.1000
       0851+202 154731 53543.65800  8000.0   0.0000    2.1650    0.1300
       0851+202 115833 53544.49900  8000.0   0.0000    2.2010    0.1070
       0851+202 151716 53577.63700  8000.0   0.0000    2.2620    0.1240
       0851+202 100614 53605.42100  8000.0   0.0000    2.7170    0.1070
       0851+202 051648 53637.22000  8000.0   0.0000    2.2980    0.1000
       0851+202 085414 53638.37100  8000.0   0.0000    2.5060    0.0710
       0851+202 022233 53698.09900  8000.0   0.0000    2.7080    0.1180
       0851+202 032428 53721.14200  8000.0   0.0000    2.7910    0.0870
       0851+202 234702 53721.99100  8000.0   0.0000    2.7190    0.0950
       0851+202 222624 53741.93500  8000.0   0.0000    2.8720    0.0640
       0851+202 043043 53743.18800  8000.0   0.0000    2.7520    0.1080
       0851+202 195219 53743.82800  8000.0   0.0000    2.9760    0.1080
       0851+202 045345 53744.20400  8000.0   0.0000    2.6680    0.1220
       0851+202 022233 53765.09900  8000.0   0.0000    2.9840    0.1920
       0851+202 231102 53771.96600  8000.0   0.0000    2.6350    0.0990
       0851+202 232400 53771.97500  8000.0   0.0000    2.8430    0.1120
       0851+202 233657 53771.98400  8000.0   0.0000    2.7730    0.1250
       0851+202 212555 53778.89300  8000.0   0.0000    2.6170    0.0600
       0851+202 222457 53804.93400  8000.0   0.0000    2.9140    0.1420
       0851+202 223628 53804.94200  8000.0   0.0000    3.1080    0.1060
       0851+202 224926 53804.95100  8000.0   0.0000    3.1220    0.1190
       0851+202 190740 53830.79700  8000.0   0.0000    3.8380    0.3440
       0851+202 192038 53830.80600  8000.0   0.0000    4.0480    0.4170
       0851+202 170516 53850.71200  8000.0   0.0000    3.5790    0.1390
       0851+202 171814 53850.72100  8000.0   0.0000    3.7260    0.1680
       0851+202 173111 53850.73000  8000.0   0.0000    3.6200    0.1900
       0851+202 160028 53860.66700  8000.0   0.0000    3.6360    0.0850
       0851+202 135931 53907.58300  8000.0   0.0000    3.8930    0.1160
       0851+202 105638 53956.45600  8000.0   0.0000    3.0470    0.2360
       0851+202 094857 53974.40900  8000.0   0.0000    3.0180    0.0890
       0851+202 071912 54011.30500  8000.0   0.0000    2.6020    0.1190
       0851+202 055707 54023.24800  8000.0   0.0000    2.7360    0.1030
       0851+202 052526 54038.22600  8000.0   0.0000    2.4070    0.0990
       0851+202 023823 54080.11000  8000.0   0.0000    2.7600    0.0650
       0851+202 015512 54099.08000  8000.0   0.0000    2.6660    0.0900
       0851+202 222204 54149.93200  8000.0   0.0000    2.2080    0.3660
       0851+202 213726 54185.90100  8000.0   0.0000    2.3650    0.4930
       0851+202 204955 54198.86800  8000.0   0.0000    1.9890    0.0660
       0851+202 211004 54219.88200  8000.0   0.0000    1.8610    0.1200
       0851+202 211004 54219.88200  8000.0   0.0000    1.8610    0.1200
       0851+202 151257 54275.63400  8000.0   0.0000    1.7300    0.1040
       0851+202 142233 54289.59900  8000.0   0.0000    1.7410    0.0820
       0851+202 155316 54295.66200  8000.0   0.0000    1.5950    0.1280
       0851+202 142819 54324.60300  8000.0   0.0000    1.6290    0.1400
       0851+202 101326 54373.42600  8000.0   0.0000    2.2200    0.0890
       0851+202 054116 54435.23700  8000.0   0.0000    2.2610    0.0720
       0851+202 033559 54477.15000  8000.0   0.0000    2.2530    0.1650
       0851+202 235414 54512.99600  8000.0   0.0000    1.7300    0.3660
       0851+202 201521 54576.84400  8000.0   0.0000    2.5330    0.0830
       0851+202 183433 54604.77400  8000.0   0.0000    2.8950    0.2700
       0851+202 152302 54640.64100  8000.0   0.0000    2.7380    0.1170
       0851+202 142819 54652.60300  8000.0   0.0000    2.9240    0.1590
       0851+202 134340 54667.57200  8000.0   0.0000    2.6460    0.1080
       0851+202 123433 54688.52400  8000.0   0.0000    2.6360    0.0840
       0851+202 102204 54723.43200  8000.0   0.0000    2.4930    0.3270
       0851+202 055248 54778.24500  8000.0   0.0000    2.3350    0.1020
       0851+202 205121 54951.86900  8000.0   0.0000    3.3170    0.2380
       0851+202 155443 55003.66300  8000.0   0.0000    2.9400    0.1700
       0851+202 151257 55035.63400  8000.0   0.0000    3.1570    0.1200
       0851+202 111355 55063.46800  8000.0   0.0000    3.3830    0.0900
       0851+202 081355 55100.34300  8000.0   0.0000    3.5360    0.0550
       0851+202 074507 55123.32300  8000.0   0.0000    4.0120    0.1250
       0851+202 004857 55208.03400  8000.0   0.0000    6.4460    0.2300
       0954+658 221619 53372.92800 22000.0   0.0000    1.7160    0.1140
       0954+658 233950 53372.98600 22000.0   0.0000    1.6070    0.1090
       0954+658 010321 53373.04400 22000.0   0.0000    1.5720    0.1120
       0954+658 221619 53373.92800 22000.0   0.0000    1.6940    0.1120
       0954+658 233950 53373.98600 22000.0   0.0000    1.7350    0.1130
       0954+658 010321 53374.04400 22000.0   0.0000    1.6380    0.1100
       0954+658 221619 53376.92800 22000.0   0.0000    1.6250    0.1060
       0954+658 233950 53376.98600 22000.0   0.0000    1.6960    0.1120
       0954+658 010321 53377.04400 22000.0   0.0000    1.6370    0.1090
       0954+658 221619 53377.92800 22000.0   0.0000    1.6490    0.1100
       0954+658 233950 53377.98600 22000.0   0.0000    1.6280    0.1130
       0954+658 010321 53378.04400 22000.0   0.0000    1.6420    0.1100
       0954+658 221619 53378.92800 22000.0   0.0000    1.6580    0.1080
       0954+658 233823 53378.98500 22000.0   0.0000    1.7170    0.1120
       0954+658 221619 53379.92800 22000.0   0.0000    1.6560    0.1080
       0954+658 233823 53379.98500 22000.0   0.0000    1.6640    0.1150
       0954+658 010321 53380.04400 22000.0   0.0000    1.5930    0.1050
       0954+658 221619 53380.92800 22000.0   0.0000    1.5200    0.1010
       0954+658 233950 53380.98600 22000.0   0.0000    1.6400    0.1060
       0954+658 010321 53381.04400 22000.0   0.0000    1.5980    0.1060
       0954+658 194047 53413.82000 22000.0   0.0000    1.4630    0.0570
       0954+658 211004 53413.88200 22000.0   0.0000    1.4090    0.0540
       0954+658 224047 53413.94500 22000.0   0.0000    1.4150    0.0570
       0954+658 194047 53415.82000 22000.0   0.0000    1.4730    0.0720
       0954+658 211004 53415.88200 22000.0   0.0000    1.4010    0.0630
       0954+658 170935 53441.71500 22000.0   0.0000    1.6920    0.0590
       0954+658 184019 53441.77800 22000.0   0.0000    1.6630    0.0530
       0954+658 200935 53441.84000 22000.0   0.0000    1.5980    0.0570
       0954+658 171355 53442.71800 22000.0   0.0000    1.6280    0.0720
       0954+658 184019 53442.77800 22000.0   0.0000    1.6700    0.0550
       0954+658 200935 53442.84000 22000.0   0.0000    1.6440    0.0610
       0954+658 184019 53443.77800 22000.0   0.0000    1.6810    0.0590
       0954+658 173950 53465.73600 22000.0   0.0000    1.2380    0.2390
       0954+658 161033 53466.67400 22000.0   0.0000    1.1810    0.3840
       0954+658 174116 53466.73700 22000.0   0.0000    1.2960    0.2470
       0954+658 184604 53606.78200 22000.0   0.0000    1.1010    0.4000
       0954+658 185736 53606.79000 22000.0   0.0000    0.8780    0.4240
       0954+658 132331 53637.55800 22000.0   0.0000    1.3230    0.6260
       0954+658 215024 53637.91000 22000.0   0.0000    1.0820    0.4700
       0954+658 071326 53638.30100 22000.0   0.0000    1.1710    0.3080
       0954+658 182136 53698.76500 22000.0   0.0000    1.0420    0.3650
       0954+658 163502 53720.69100 22000.0   0.0000    1.2010    0.4710
       0954+658 210126 53721.87600 22000.0   0.0000    1.3250    0.3120
       0954+658 035316 53744.16200 22000.0   0.0000    0.9180    0.2280
       0954+658 220614 53750.92100 22000.0   0.0000    1.1340    0.0730
       0954+658 225052 53750.95200 22000.0   0.0000    1.2290    0.1330
       0954+658 220740 53764.92200 22000.0   0.0000    1.1820    0.1500
       0954+658 224633 53764.94900 22000.0   0.0000    1.2170    0.1530
       0954+658 022526 53766.10100 22000.0   0.0000    1.1440    0.3470
       0954+658 234409 53772.98900 22000.0   0.0000    1.4190    0.2850
       0954+658 213014 53805.89600 22000.0   0.0000    1.7160    0.4180
       0954+658 214731 53805.90800 22000.0   0.0000    1.4930    0.5330
       0954+658 201521 53849.84400 22000.0   0.0000    1.9560    0.2690
       0954+658 203404 53849.85700 22000.0   0.0000    1.7250    0.2920
       0954+658 185736 53861.79000 22000.0   0.0000    2.1440    0.2750
       0954+658 191619 53861.80300 22000.0   0.0000    1.9330    0.2450
       0954+658 131745 53955.55400 22000.0   0.0000    1.1210    0.5370
       0954+658 124438 53972.53100 22000.0   0.0000    0.9050    0.3890
       0954+658 090545 54010.37900 22000.0   0.0000    0.7510    0.3400
       0954+658 092555 54010.39300 22000.0   0.0000    0.9900    0.3270
       0954+658 084243 54021.36300 22000.0   0.0000    0.9440    0.3320
       0954+658 090126 54021.37600 22000.0   0.0000    1.1070    0.2700
       0954+658 071745 54058.30400 22000.0   0.0000    1.4020    0.3680
       0954+658 073628 54058.31700 22000.0   0.0000    1.2030    0.4060
       0954+658 075638 54058.33100 22000.0   0.0000    1.0460    0.3870
       0954+658 081521 54058.34400 22000.0   0.0000    1.0210    0.4210
       0954+658 044214 54098.19600 22000.0   0.0000    1.3450    0.3120
       0954+658 050223 54098.21000 22000.0   0.0000    1.8140    0.3320
       0954+658 052107 54098.22300 22000.0   0.0000    1.6600    0.3200
       0954+658 053950 54098.23600 22000.0   0.0000    1.2150    0.3240
       0954+658 031004 54121.13200 22000.0   0.0000    1.6380    0.4160
       0954+658 032848 54121.14500 22000.0   0.0000    2.0380    0.4740
       0954+658 034857 54121.15900 22000.0   0.0000    1.6260    0.3690
       0954+658 015804 54149.08200 22000.0   0.0000    1.3700    0.4380
       0954+658 021648 54149.09500 22000.0   0.0000    1.5990    0.4490
       0954+658 023531 54149.10800 22000.0   0.0000    1.7760    0.3470
       0954+658 220321 54197.91900 22000.0   0.0000    1.4540    0.4250
       0954+658 222204 54197.93200 22000.0   0.0000    1.1990    0.3950
       0954+658 224214 54197.94600 22000.0   0.0000    1.2460    0.3880
       0954+658 222457 54218.93400 22000.0   0.0000    0.9410    0.3390
       0954+658 222457 54218.93400 22000.0   0.0000    0.9410    0.3390
       0954+658 091131 54274.38300 22000.0   0.0000    0.7450    0.4460
       0954+658 153726 54288.65100 22000.0   0.0000    0.7370    0.3350
       0954+658 155736 54288.66500 22000.0   0.0000    1.4220    0.3380
       0954+658 073755 54295.31800 22000.0   0.0000    0.9640    0.3220
       0954+658 075638 54295.33100 22000.0   0.0000    1.2450    0.3160
       0954+658 102331 54322.43300 22000.0   0.0000    2.1640    0.3230
       0954+658 104214 54322.44600 22000.0   0.0000    1.8870    0.3370
       0954+658 131452 54323.55200 22000.0   0.0000    1.3510    0.3000
       0954+658 133335 54323.56500 22000.0   0.0000    1.2900    0.3340
       0954+658 121131 54345.50800 22000.0   0.0000    1.4620    0.3150
       0954+658 124857 54345.53400 22000.0   0.0000    1.2570    0.4020
       0954+658 130740 54345.54700 22000.0   0.0000    1.4930    0.3110
       0954+658 180000 54456.75000 22000.0   0.0000    1.0880    0.3110
       0954+658 185736 54456.79000 22000.0   0.0000    0.9270    0.2780
       0954+658 225931 54460.95800 22000.0   0.0000    1.1210    0.2380
       0954+658 172945 54478.72900 22000.0   0.0000    1.9490    0.4800
       0954+658 174828 54478.74200 22000.0   0.0000    0.8130    0.3550
       0954+658 180711 54478.75500 22000.0   0.0000    1.4410    0.4240
       0954+658 203238 54511.85600 22000.0   0.0000    1.4900    0.3740
       0954+658 204536 54511.86500 22000.0   0.0000    1.2910    0.5310
       0954+658 205833 54511.87400 22000.0   0.0000    1.4820    0.2840
       0954+658 081228 54561.34200 22000.0   0.0000    2.7470    0.4220
       0954+658 033726 54575.15100 22000.0   0.0000    2.9570    0.4740
       0954+658 060126 54640.25100 22000.0   0.0000    1.7280    0.3240
       0954+658 062428 54652.26700 22000.0   0.0000    2.6090    0.4630
       0954+658 063726 54652.27600 22000.0   0.0000    1.8270    0.3670
       0954+658 045345 54666.20400 22000.0   0.0000    2.5530    0.3320
       0954+658 050643 54666.21300 22000.0   0.0000    2.8710    0.3470
       0954+658 035150 54687.16100 22000.0   0.0000    2.9680    0.4040
       0954+658 040447 54687.17000 22000.0   0.0000    3.2110    0.4230
       0954+658 223209 54778.93900 22000.0   0.0000    1.4130    0.3230
       0954+658 224507 54778.94800 22000.0   0.0000    1.5850    0.3250
       0954+658 202233 54815.84900 22000.0   0.0000    0.9940    0.4370
       0954+658 142107 54911.59800 22000.0   0.0000    0.2030    0.3990
       0954+658 143404 54911.60700 22000.0   0.0000    0.5760    0.3960
       0954+658 050350 55032.21100 22000.0   0.0000    1.8020    0.4820
       0954+658 051814 55032.22100 22000.0   0.0000    1.0090    0.3730
       0954+658 120000 55098.50000 22000.0   0.0000    1.5960    0.1970
       0954+658 121257 55098.50900 22000.0   0.0000    1.3740    0.2700
       0954+658 235121 55120.99400 22000.0   0.0000    2.4700    1.8130
       0954+658 185609 55208.78900 22000.0   0.0000    1.7470    0.2760
       0954+658 190907 55208.79800 22000.0   0.0000    1.2640    0.2230
       0954+658 172107 53827.72300 43000.0   0.0000    1.8830    0.7520
       0954+658 180545 53827.75400 43000.0   0.0000    2.1590    0.7960
       0954+658 152136 53855.64000 43000.0   0.0000    2.5950    0.8790
       0954+658 142107 53878.59800 43000.0   0.0000    1.3350    0.5090
       0954+658 150545 53878.62900 43000.0   0.0000    1.0840    0.4680
       0954+658 142107 53879.59800 43000.0   0.0000    1.1170    0.4470
       0954+658 150545 53879.62900 43000.0   0.0000    1.2060    0.5140
       0954+658 122136 53911.51500 43000.0   0.0000    1.2750    0.4630
       0954+658 122136 53912.51500 43000.0   0.0000    1.1110    0.4640
       0954+658 130614 53912.54600 43000.0   0.0000    1.1120    0.4380
       0954+658 122136 53913.51500 43000.0   0.0000    1.4460    0.4730
       0954+658 092136 53951.39000 43000.0   0.0000    1.0830    0.4130
       0954+658 092136 53952.39000 43000.0   0.0000    0.8560    0.4050
       0954+658 100614 53952.42100 43000.0   0.0000    0.8620    0.4040
       0954+658 082107 53971.34800 43000.0   0.0000    0.6850    0.3810
       0954+658 090545 53971.37900 43000.0   0.0000    0.7620    0.3800
       0954+658 062136 53998.26500 43000.0   0.0000    1.0990    0.3610
       0954+658 070614 53999.29600 43000.0   0.0000    1.1740    0.3680
       0954+658 070614 54000.29600 43000.0   0.0000    1.0280    0.3520
       0954+658 042204 54025.18200 43000.0   0.0000    0.9440    0.5180
       0954+658 122136 54277.51500 43000.0   0.0000    1.1030    0.2050
       0954+658 130614 54277.54600 43000.0   0.0000    1.1220    0.2220
       0954+658 092136 54321.39000 43000.0   0.0000    1.4970    0.2000
       0954+658 100614 54321.42100 43000.0   0.0000    1.8240    0.2510
       0954+658 092136 54322.39000 43000.0   0.0000    1.5550    0.2000
       0954+658 100614 54322.42100 43000.0   0.0000    1.6520    0.2180
       0954+658 062302 54365.26600 43000.0   0.0000    1.5530    0.1950
       0954+658 070614 54365.29600 43000.0   0.0000    1.7310    0.2360
       0954+658 062428 54366.26700 43000.0   0.0000    1.6730    0.2630
       0954+658 070740 54366.29700 43000.0   0.0000    1.4640    0.1990
       0954+658 062136 54367.26500 43000.0   0.0000    1.4840    0.1810
       0954+658 070447 54389.29500 43000.0   0.0000    1.3080    0.1880
       0954+658 051814 54390.22100 43000.0   0.0000    2.1130    0.3140
       0954+658 052233 54391.22400 43000.0   0.0000    1.5280    0.2290
       0954+658 060711 54391.25500 43000.0   0.0000    1.7320    0.2380
       0954+658 023657 54422.10900 43000.0   0.0000    1.3230    0.2030
       0954+658 032009 54422.13900 43000.0   0.0000    1.4330    0.2160
       0954+658 023657 54423.10900 43000.0   0.0000    1.3970    0.2050
       0954+658 032136 54423.14000 43000.0   0.0000    1.6000    0.2180
       0954+658 022107 54435.09800 43000.0   0.0000    1.3590    0.2700
       0954+658 023657 54436.10900 43000.0   0.0000    1.5990    0.2750
       0954+658 032136 54436.14000 43000.0   0.0000    1.5540    0.2790
       0954+658 013628 54453.06700 43000.0   0.0000    1.4180    0.2860
       0954+658 022107 54453.09800 43000.0   0.0000    1.3890    0.2880
       0954+658 002136 54478.01500 43000.0   0.0000    1.5120    0.2890
       0954+658 233657 54479.98400 43000.0   0.0000    1.1290    0.1840
       0954+658 212302 54505.89100 43000.0   0.0000    1.1160    0.2190
       0954+658 220740 54505.92200 43000.0   0.0000    1.0310    0.1640
       0954+658 212136 54506.89000 43000.0   0.0000    1.0960    0.1680
       0954+658 220614 54506.92100 43000.0   0.0000    0.9040    0.1380
       0954+658 212009 54507.88900 43000.0   0.0000    1.1330    0.1920
       0954+658 220614 54507.92100 43000.0   0.0000    0.9640    0.1390
       0954+658 202233 54521.84900 43000.0   0.0000    1.1020    0.1470
       0954+658 210711 54521.88000 43000.0   0.0000    1.0550    0.1540
       0954+658 202107 54522.84800 43000.0   0.0000    1.2960    0.1810
       0954+658 210711 54522.88000 43000.0   0.0000    1.1290    0.1450
       0954+658 202107 54523.84800 43000.0   0.0000    1.0740    0.1410
       0954+658 210711 54523.88000 43000.0   0.0000    1.1420    0.1470
       0954+658 172107 54556.72300 43000.0   0.0000    2.3040    0.2600
       0954+658 180711 54556.75500 43000.0   0.0000    2.0270    0.2370
       0954+658 172107 54557.72300 43000.0   0.0000    2.0760    0.2410
       0954+658 180711 54557.75500 43000.0   0.0000    2.1310    0.2530
       0954+658 152136 54579.64000 43000.0   0.0000    1.6190    0.2440
       0954+658 160614 54579.67100 43000.0   0.0000    1.7930    0.2520
       0954+658 152136 54580.64000 43000.0   0.0000    1.9740    0.2250
       0954+658 160614 54580.67100 43000.0   0.0000    1.7960    0.2200
       0954+658 142107 54596.59800 43000.0   0.0000    1.2930    0.2280
       0954+658 150711 54596.63000 43000.0   0.0000    1.4680    0.3230
       0954+658 132204 54611.55700 43000.0   0.0000    1.9650    0.2220
       0954+658 140643 54611.58800 43000.0   0.0000    1.9690    0.2210
       0954+658 132204 54612.55700 43000.0   0.0000    1.8650    0.2020
       0954+658 140643 54612.58800 43000.0   0.0000    1.6920    0.1960
       0954+658 112107 54642.47300 43000.0   0.0000    2.4680    0.3400
       0954+658 120545 54642.50400 43000.0   0.0000    2.5340    0.3540
       0954+658 112233 54643.47400 43000.0   0.0000    2.2630    0.3180
       0954+658 120711 54643.50500 43000.0   0.0000    2.2870    0.3160
       0954+658 102204 54659.43200 43000.0   0.0000    2.6310    0.4510
       0954+658 110643 54659.46300 43000.0   0.0000    2.7520    0.5190
       0954+658 102204 54660.43200 43000.0   0.0000    2.8610    0.4930
       0954+658 110643 54660.46300 43000.0   0.0000    2.5260    0.4360
       0954+658 092136 54680.39000 43000.0   0.0000    2.6660    0.3050
       0954+658 100614 54680.42100 43000.0   0.0000    2.7820    0.3200
       0954+658 092136 54681.39000 43000.0   0.0000    2.9540    0.3090
       0954+658 100740 54681.42200 43000.0   0.0000    2.9450    0.3570
       0954+658 092136 54682.39000 43000.0   0.0000    2.6300    0.3150
       0954+658 100614 54682.42100 43000.0   0.0000    2.9710    0.3850
       0954+658 072204 54708.30700 43000.0   0.0000    1.8370    0.2710
       0954+658 080643 54708.33800 43000.0   0.0000    1.8120    0.2150
       0954+658 074214 54709.32100 43000.0   0.0000    1.7720    0.2310
       0954+658 072204 54710.30700 43000.0   0.0000    1.7720    0.2230
       0954+658 080643 54710.33800 43000.0   0.0000    1.6600    0.2220
       0954+658 052107 54744.22300 43000.0   0.0000    1.2600    0.3080
       0954+658 052107 54745.22300 43000.0   0.0000    1.4080    0.2710
       0954+658 060545 54745.25400 43000.0   0.0000    1.5050    0.2660
       0954+658 023657 54779.10900 43000.0   0.0000    1.3490    0.2090
       0954+658 032136 54779.14000 43000.0   0.0000    1.2640    0.2160
       0954+658 023657 54780.10900 43000.0   0.0000    1.1810    0.1880
       0954+658 032136 54780.14000 43000.0   0.0000    1.1170    0.1790
       0954+658 023657 54781.10900 43000.0   0.0000    1.3850    0.2370
       0954+658 032136 54781.14000 43000.0   0.0000    1.0970    0.2130
       0954+658 023657 54808.10900 43000.0   0.0000    1.4840    0.2520
       0954+658 032302 54808.14100 43000.0   0.0000    1.2580    0.2160
       0954+658 023657 54809.10900 43000.0   0.0000    1.2090    0.1940
       0954+658 032136 54809.14000 43000.0   0.0000    1.2320    0.2550
       0954+658 002009 54841.01400 43000.0   0.0000    1.0730    0.2780
       0954+658 002136 54842.01500 43000.0   0.0000    0.8290    0.2810
       0954+658 213559 54877.90000 43000.0   0.0000    1.4640    0.3030
       0954+658 214311 54878.90500 43000.0   0.0000    1.4540    0.3330
       0954+658 212136 54879.89000 43000.0   0.0000    1.1540    0.2550
       0954+658 172107 54929.72300 43000.0   0.0000    1.4870    0.1930
       0954+658 180545 54929.75400 43000.0   0.0000    1.2620    0.1690
       0954+658 172233 54930.72400 43000.0   0.0000    1.4130    0.1700
       0954+658 180711 54930.75500 43000.0   0.0000    1.3520    0.1640
       0954+658 172107 54931.72300 43000.0   0.0000    1.7160    0.1970
       0954+658 142233 54959.59900 43000.0   0.0000    1.2390    0.1880
       0954+658 150838 54960.63100 43000.0   0.0000    1.5460    0.2440
       0954+658 142107 54961.59800 43000.0   0.0000    1.2630    0.1690
       0954+658 150711 54961.63000 43000.0   0.0000    1.4070    0.1900
       0954+658 120838 55009.50600 43000.0   0.0000    1.7100    0.2890
       0954+658 112107 55010.47300 43000.0   0.0000    1.8430    0.3230
       0954+658 112233 55011.47400 43000.0   0.0000    1.7360    0.3290
       0954+658 012038 55156.05600 43000.0   0.0000    1.2940    0.2010
       0954+658 013755 55158.06800 43000.0   0.0000    1.4570    0.2740
       0954+658 014340 55159.07200 43000.0   0.0000    1.4270    0.2750
       0954+658 012331 55161.05800 43000.0   0.0000    1.5230    0.2510
       0954+658 012331 55164.05800 43000.0   0.0000    1.6530    0.2460
       0954+658 012457 55165.05900 43000.0   0.0000    1.5600    0.2560
       0954+658 023823 55168.11000 43000.0   0.0000    1.8710    0.3120
       0954+658 023823 55168.11000 43000.0   0.0000    1.8710    0.3120
       0954+658 023823 55168.11000 43000.0   0.0000    1.8710    0.3120
       0954+658 032136 55168.14000 43000.0   0.0000    1.9770    0.3250
       0954+658 032136 55168.14000 43000.0   0.0000    1.9770    0.3250
       0954+658 032136 55168.14000 43000.0   0.0000    1.9770    0.3250
       0954+658 001716 55175.01200 43000.0   0.0000    1.9560    0.3790
       0954+658 002721 55176.01900 43000.0   0.0000    1.8500    0.2680
       0954+658 001131 55177.00800 43000.0   0.0000    1.8630    0.2530
       0954+658 003433 55179.02400 43000.0   0.0000    1.7910    0.2540
       0954+658 233531 55186.98300 43000.0   0.0000    1.8190    0.2710
       0954+658 234536 55187.99000 43000.0   0.0000    1.7790    0.3550
       0954+658 231940 55188.97200 43000.0   0.0000    2.0060    0.2660
       0954+658 233657 55209.98400 43000.0   0.0000    1.9140    0.2500
       0954+658 002302 55210.01600 43000.0   0.0000    1.7640    0.2420
       0954+658 233823 55210.98500 43000.0   0.0000    1.4440    0.2500
       0954+658 002302 55211.01600 43000.0   0.0000    1.5870    0.2280
       0954+658 215024 55213.91000 43000.0   0.0000    1.6550    0.2210
       0954+658 212302 55214.89100 43000.0   0.0000    1.7390    0.2030
       0954+658 215150 55214.91100 43000.0   0.0000    1.5680    0.2040
       0954+658 032721 53355.14400  5000.0   0.0000    0.8590    0.0320
       0954+658 045638 53355.20600  5000.0   0.0000    0.8630    0.0260
       0954+658 062302 53355.26600  5000.0   0.0000    0.9350    0.0890
       0954+658 044047 53357.19500  5000.0   0.0000    0.8770    0.0440
       0954+658 061131 53357.25800  5000.0   0.0000    0.9200    0.0370
       0954+658 030838 53358.13100  5000.0   0.0000    0.9130    0.3200
       0954+658 044047 53358.19500  5000.0   0.0000    0.9160    0.0420
       0954+658 061131 53358.25800  5000.0   0.0000    0.7570    0.1340
       0954+658 030838 53360.13100  5000.0   0.0000    0.8530    0.0860
       0954+658 044047 53360.19500  5000.0   0.0000    0.8670    0.0870
       0954+658 220740 53383.92200  5000.0   0.0000    0.9810    0.0150
       0954+658 232107 53384.97300  5000.0   0.0000    0.9780    0.0160
       0954+658 194633 53444.82400  5000.0   0.0000    0.9470    0.0170
       0954+658 194800 53445.82500  5000.0   0.0000    0.9330    0.0160
       0954+658 183307 53454.77300  5000.0   0.0000    0.9040    0.0870
       0954+658 220028 53454.91700  5000.0   0.0000    0.9050    0.0740
       0954+658 195804 53456.83200  5000.0   0.0000    0.9590    0.0980
       0954+658 051102 53457.21600  5000.0   0.0000    0.9310    0.1020
       0954+658 135931 53457.58300  5000.0   0.0000    0.9210    0.0860
       0954+658 054536 53478.24000  5000.0   0.0000    0.8870    0.1070
       0954+658 221912 53478.93000  5000.0   0.0000    0.9000    0.0680
       0954+658 184604 53510.78200  5000.0   0.0000    1.1160    0.1190
       0954+658 024536 53511.11500  5000.0   0.0000    1.0560    0.0830
       0954+658 085248 53511.37000  5000.0   0.0000    1.0340    0.0830
       0954+658 160740 53511.67200  5000.0   0.0000    1.0740    0.0820
       0954+658 140057 53543.58400  5000.0   0.0000    1.0160    0.0780
       0954+658 005736 53544.04000  5000.0   0.0000    1.0540    0.0930
       0954+658 084116 53544.36200  5000.0   0.0000    0.9740    0.1000
       0954+658 182721 53544.76900  5000.0   0.0000    0.9750    0.0790
       0954+658 040028 53545.16700  5000.0   0.0000    1.0540    0.0770
       0954+658 125902 53576.54100  5000.0   0.0000    0.8100    0.0770
       0954+658 011326 53577.05100  5000.0   0.0000    0.8500    0.0920
       0954+658 194047 53587.82000  5000.0   0.0000    0.8010    0.1120
       0954+658 181004 53605.75700  5000.0   0.0000    0.8550    0.0880
       0954+658 015052 53606.07700  5000.0   0.0000    0.8700    0.0920
       0954+658 233238 53638.98100  5000.0   0.0000    0.9800    0.0930
       0954+658 035024 53639.16000  5000.0   0.0000    0.9870    0.0850
       0954+658 085540 53639.37200  5000.0   0.0000    0.8590    0.0650
       0954+658 141228 53639.59200  5000.0   0.0000    1.0880    0.0760
       0954+658 191033 53639.79900  5000.0   0.0000    0.9240    0.0900
       0954+658 221452 53639.92700  5000.0   0.0000    0.9180    0.0890
       0954+658 020935 53640.09000  5000.0   0.0000    1.0110    0.0820
       0954+658 065316 53640.28700  5000.0   0.0000    0.9610    0.0780
       0954+658 225804 53723.95700  5000.0   0.0000    1.1720    0.0790
       0954+658 073628 53724.31700  5000.0   0.0000    1.1250    0.0720
       0954+658 010447 53764.04500  5000.0   0.0000    1.0130    0.0920
       0954+658 080223 53766.33500  5000.0   0.0000    0.9200    0.0790
       0954+658 220321 53770.91900  5000.0   0.0000    0.8920    0.0810
       0954+658 221619 53770.92800  5000.0   0.0000    0.9280    0.0830
       0954+658 222916 53770.93700  5000.0   0.0000    0.8200    0.0760
       0954+658 201648 53826.84500  5000.0   0.0000    0.9930    0.0920
       0954+658 202945 53826.85400  5000.0   0.0000    0.8820    0.1100
       0954+658 180838 53851.75600  5000.0   0.0000    1.1710    0.0830
       0954+658 182136 53851.76500  5000.0   0.0000    1.0890    0.0830
       0954+658 120711 53974.50500  5000.0   0.0000    1.1070    0.0950
       0954+658 122009 53974.51400  5000.0   0.0000    1.1790    0.0890
       0954+658 091550 54012.38600  5000.0   0.0000    1.2250    0.0930
       0954+658 093014 54012.39600  5000.0   0.0000    1.2920    0.1030
       0954+658 095443 54023.41300  5000.0   0.0000    1.1560    0.0610
       0954+658 100740 54023.42200  5000.0   0.0000    1.1950    0.0610
       0954+658 014340 54200.07200  5000.0   0.0000    1.3400    0.0630
       0954+658 015804 54200.08200  5000.0   0.0000    1.3580    0.0600
       0954+658 214604 54289.90700  5000.0   0.0000    0.9120    0.0750
       0954+658 215902 54289.91600  5000.0   0.0000    0.9590    0.0860
       0954+658 163628 54296.69200  5000.0   0.0000    0.9050    0.1160
       0954+658 164926 54296.70100  5000.0   0.0000    0.9400    0.0850
       0954+658 120126 54348.50100  5000.0   0.0000    0.8800    0.0400
       0954+658 121550 54348.51100  5000.0   0.0000    0.8710    0.0390
       0954+658 122848 54348.52000  5000.0   0.0000    0.8830    0.0380
       0954+658 093852 54374.40200  5000.0   0.0000    0.8970    0.0590
       0954+658 095150 54374.41100  5000.0   0.0000    0.9370    0.0550
       0954+658 185316 54563.78700  5000.0   0.0000    0.8510    0.1160
       0954+658 190614 54563.79600  5000.0   0.0000    0.8570    0.1550
       0954+658 182009 54912.76400  5000.0   0.0000    0.7230    0.2330
       0954+658 183307 54912.77300  5000.0   0.0000    1.0070    0.2740
       0954+658 174243 54953.73800  5000.0   0.0000    0.8810    0.3630
       0954+658 175707 54953.74800  5000.0   0.0000    0.8590    0.2990
       0954+658 135638 55002.58100  5000.0   0.0000    1.0070    0.2950
       0954+658 140935 55002.59000  5000.0   0.0000    1.0250    0.3570
       0954+658 102331 55034.43300  5000.0   0.0000    0.9900    0.2040
       0954+658 105219 55062.45300  5000.0   0.0000    1.1570    0.2310
       0954+658 110643 55062.46300  5000.0   0.0000    1.0690    0.2090
       0954+658 110935 55099.46500  5000.0   0.0000    1.2250    0.0770
       0954+658 112400 55099.47500  5000.0   0.0000    1.1710    0.0770
       0954+658 010740 55122.04700  5000.0   0.0000    1.2000    0.0810
       0954+658 012038 55122.05600  5000.0   0.0000    1.3090    0.1920
       0954+658 220447 55209.92000  5000.0   0.0000    1.2210    0.1310
       0954+658 033140 53349.14700  8000.0   0.0000    1.0930    0.0580
       0954+658 041912 53349.18000  8000.0   0.0000    1.0980    0.0590
       0954+658 060838 53349.25600  8000.0   0.0000    1.0170    0.0580
       0954+658 071326 53349.30100  8000.0   0.0000    0.9490    0.0700
       0954+658 075931 53349.33300  8000.0   0.0000    1.0630    0.0720
       0954+658 092848 53349.39500  8000.0   0.0000    1.1470    0.0650
       0954+658 101452 53349.42700  8000.0   0.0000    1.1500    0.0700
       0954+658 111521 53349.46900  8000.0   0.0000    1.1290    0.0790
       0954+658 171648 53349.72000  8000.0   0.0000    1.1880    0.1170
       0954+658 200223 53349.83500  8000.0   0.0000    0.9240    0.0820
       0954+658 224047 53349.94500  8000.0   0.0000    1.1960    0.0740
       0954+658 003307 53350.02300  8000.0   0.0000    1.2160    0.0810
       0954+658 023531 53350.10800  8000.0   0.0000    1.1310    0.0570
       0954+658 045052 53350.20200  8000.0   0.0000    1.0650    0.0790
       0954+658 161326 53350.67600  8000.0   0.0000    1.1400    0.0800
       0954+658 192331 53350.80800  8000.0   0.0000    1.1130    0.0750
       0954+658 213140 53350.89700  8000.0   0.0000    1.1110    0.0630
       0954+658 234536 53350.99000  8000.0   0.0000    1.1710    0.0580
       0954+658 013502 53351.06600  8000.0   0.0000    1.0900    0.0630
       0954+658 040740 53351.17200  8000.0   0.0000    1.1130    0.0580
       0954+658 065150 53351.28600  8000.0   0.0000    1.0510    0.0620
       0954+658 095736 53351.41500  8000.0   0.0000    1.1060    0.0860
       0954+658 124857 53351.53400  8000.0   0.0000    1.1200    0.0950
       0954+658 155443 53351.66300  8000.0   0.0000    1.1880    0.0920
       0954+658 190447 53351.79500  8000.0   0.0000    1.1530    0.0690
       0954+658 211257 53351.88400  8000.0   0.0000    1.0760    0.0580
       0954+658 233823 53351.98500  8000.0   0.0000    1.1300    0.0640
       0954+658 012916 53352.06200  8000.0   0.0000    1.1140    0.0530
       0954+658 033852 53352.15200  8000.0   0.0000    1.0980    0.0580
       0954+658 062555 53352.26800  8000.0   0.0000    1.0110    0.0570
       0954+658 093014 53352.39600  8000.0   0.0000    1.0450    0.0580
       0954+658 124438 53352.53100  8000.0   0.0000    1.1110    0.0890
       0954+658 220155 53387.91800  8000.0   0.0000    1.2180    0.0710
       0954+658 194340 53412.82200  8000.0   0.0000    1.1120    0.0290
       0954+658 212721 53412.89400  8000.0   0.0000    1.1560    0.0300
       0954+658 221159 53412.92500  8000.0   0.0000    1.0710    0.0280
       0954+658 193209 53451.81400  8000.0   0.0000    1.0750    0.0170
       0954+658 003140 53457.02200  8000.0   0.0000    1.2180    0.1050
       0954+658 094311 53457.40500  8000.0   0.0000    1.1440    0.1100
       0954+658 181423 53463.76000  8000.0   0.0000    1.0720    0.0190
       0954+658 191159 53463.80000  8000.0   0.0000    1.1120    0.0210
       0954+658 181257 53464.75900  8000.0   0.0000    1.1170    0.0280
       0954+658 191452 53464.80200  8000.0   0.0000    1.1520    0.0210
       0954+658 002848 53478.02000  8000.0   0.0000    1.0780    0.0760
       0954+658 222750 53510.93600  8000.0   0.0000    1.0390    0.1180
       0954+658 055707 53511.24800  8000.0   0.0000    1.0840    0.1080
       0954+658 121843 53511.51300  8000.0   0.0000    1.0890    0.0710
       0954+658 190321 53543.79400  8000.0   0.0000    1.1090    0.3350
       0954+658 073921 53545.31900  8000.0   0.0000    1.1950    0.1330
       0954+658 042038 53577.18100  8000.0   0.0000    0.9110    0.1220
       0954+658 001004 53578.00700  8000.0   0.0000    0.9570    0.1080
       0954+658 215316 53587.91200  8000.0   0.0000    0.9100    0.1280
       0954+658 123307 53605.52300  8000.0   0.0000    0.9820    0.0680
       0954+658 054536 53606.24000  8000.0   0.0000    1.0670    0.0790
       0954+658 180000 53637.75000  8000.0   0.0000    1.0490    0.0840
       0954+658 014047 53638.07000  8000.0   0.0000    1.1370    0.0790
       0954+658 113404 53638.48200  8000.0   0.0000    1.0180    0.0670
       0954+658 034604 53698.15700  8000.0   0.0000    1.1170    0.0840
       0954+658 220907 53698.92300  8000.0   0.0000    1.0430    0.0770
       0954+658 055248 53721.24500  8000.0   0.0000    1.3420    0.0670
       0954+658 173950 53722.73600  8000.0   0.0000    1.3100    0.0960
       0954+658 230643 53741.96300  8000.0   0.0000    1.1100    0.0260
       0954+658 235121 53741.99400  8000.0   0.0000    1.0660    0.0240
       0954+658 082526 53743.35100  8000.0   0.0000    1.1830    0.0740
       0954+658 204409 53743.86400  8000.0   0.0000    1.3270    0.0900
       0954+658 191033 53765.79900  8000.0   0.0000    0.6980    0.1210
       0954+658 225345 53771.95400  8000.0   0.0000    0.8720    0.0660
       0954+658 220447 53778.92000  8000.0   0.0000    0.9020    0.0330
       0954+658 225052 53778.95200  8000.0   0.0000    0.9000    0.0300
       0954+658 214731 53804.90800  8000.0   0.0000    0.9920    0.0910
       0954+658 220614 53804.92100  8000.0   0.0000    0.9880    0.0900
       0954+658 212136 53830.89000  8000.0   0.0000    1.1070    0.2250
       0954+658 191452 53850.80200  8000.0   0.0000    1.2600    0.1560
       0954+658 180545 53860.75400  8000.0   0.0000    1.4780    0.0470
       0954+658 160321 53907.66900  8000.0   0.0000    1.1230    0.0470
       0954+658 124311 53956.53000  8000.0   0.0000    1.1420    0.0780
       0954+658 122555 53973.51800  8000.0   0.0000    1.2410    0.0760
       0954+658 094438 54011.40600  8000.0   0.0000    1.3080    0.0840
       0954+658 093307 54022.39800  8000.0   0.0000    1.3920    0.0630
       0954+658 092428 54037.39200  8000.0   0.0000    1.2410    0.1190
       0954+658 063433 54080.27400  8000.0   0.0000    1.0340    0.0590
       0954+658 053823 54099.23500  8000.0   0.0000    1.2020    0.0640
       0954+658 020516 54150.08700  8000.0   0.0000    1.1250    0.0610
       0954+658 051648 54186.22000  8000.0   0.0000    1.3650    0.1770
       0954+658 161619 54199.67800  8000.0   0.0000    1.4340    0.0870
       0954+658 090126 54275.37600  8000.0   0.0000    0.8910    0.1050
       0954+658 083950 54289.36100  8000.0   0.0000    1.0250    0.1070
       0954+658 101452 54295.42700  8000.0   0.0000    0.9810    0.0700
       0954+658 091004 54324.38200  8000.0   0.0000    1.1050    0.1710
       0954+658 074507 54344.32300  8000.0   0.0000    1.0240    0.0750
       0954+658 044214 54373.19600  8000.0   0.0000    1.1800    0.0690
       0954+658 014926 54421.07600  8000.0   0.0000    1.2140    0.0660
       0954+658 003559 54435.02500  8000.0   0.0000    1.2040    0.0630
       0954+658 183726 54512.77600  8000.0   0.0000    0.9590    0.0790
       0954+658 192457 54562.80900  8000.0   0.0000    1.0280    0.1310
       0954+658 063014 54576.27100  8000.0   0.0000    1.6230    0.1430
       0954+658 052526 54605.22600  8000.0   0.0000    1.3800    0.1800
       0954+658 040155 54641.16800  8000.0   0.0000    1.3450    0.0680
       0954+658 071033 54653.29900  8000.0   0.0000    1.3830    0.2000
       0954+658 062848 54667.27000  8000.0   0.0000    1.8410    0.1130
       0954+658 064731 54723.28300  8000.0   0.0000    1.9750    0.2170
       0954+658 021521 54778.09400  8000.0   0.0000    1.6220    0.1010
       0954+658 171648 54951.72000  8000.0   0.0000    1.1150    0.1090
       0954+658 122009 55003.51400  8000.0   0.0000    1.2770    0.0970
       0954+658 112945 55035.47900  8000.0   0.0000    1.0970    0.0710
       0954+658 074926 55064.32600  8000.0   0.0000    1.3790    0.1090
       0954+658 081355 55077.34300  8000.0   0.0000    1.3850    0.1790
       0954+658 095902 55100.41600  8000.0   0.0000    1.3260    0.0940
       0954+658 093014 55123.39600  8000.0   0.0000    1.3510    0.0760
       0954+658 023404 55208.10700  8000.0   0.0000    1.5270    0.0860
       1156+295 142945 53606.60400 22000.0   0.0000    1.9700    0.3720
       1156+295 095150 53637.41100 22000.0   0.0000    1.7460    0.3270
       1156+295 061423 53638.26000 22000.0   0.0000    1.7900    0.4210
       1156+295 042331 53722.18300 22000.0   0.0000    1.7760    0.3050
       1156+295 102457 53722.43400 22000.0   0.0000    1.9780    0.3990
       1156+295 011619 53744.05300 22000.0   0.0000    1.7140    0.2810
       1156+295 074926 53749.32600 22000.0   0.0000    1.6670    0.6990
       1156+295 000000 53766.00000 22000.0   0.0000    2.8110    0.3850
       1156+295 010907 53773.04800 22000.0   0.0000    2.6570    0.2970
       1156+295 012038 53773.05600 22000.0   0.0000    2.4020    0.3180
       1156+295 013335 53773.06500 22000.0   0.0000    2.4480    0.2860
       1156+295 230057 53805.95900 22000.0   0.0000    2.6480    0.4670
       1156+295 231228 53805.96700 22000.0   0.0000    2.6950    0.4190
       1156+295 232526 53805.97600 22000.0   0.0000    2.7320    0.5340
       1156+295 225804 53849.95700 22000.0   0.0000    3.4670    0.4000
       1156+295 231102 53849.96600 22000.0   0.0000    3.5950    0.3620
       1156+295 214019 53861.90300 22000.0   0.0000    3.7190    0.3770
       1156+295 215316 53861.91200 22000.0   0.0000    3.6260    0.3360
       1156+295 183559 53926.77500 22000.0   0.0000    4.6330    0.5890
       1156+295 154438 53955.65600 22000.0   0.0000    5.9130    0.5530
       1156+295 155736 53955.66500 22000.0   0.0000    5.3300    0.5020
       1156+295 144409 53972.61400 22000.0   0.0000    4.5060    0.8470
       1156+295 145833 53972.62400 22000.0   0.0000    4.0920    0.4800
       1156+295 110643 54010.46300 22000.0   0.0000    4.9790    1.2490
       1156+295 111940 54010.47200 22000.0   0.0000    2.4540    0.6040
       1156+295 063852 54022.27700 22000.0   0.0000    2.9250    0.4250
       1156+295 065150 54022.28600 22000.0   0.0000    3.1870    0.4240
       1156+295 053111 54057.23000 22000.0   0.0000    3.2810    0.5730
       1156+295 055414 54057.24600 22000.0   0.0000    3.0150    0.5090
       1156+295 060838 54057.25600 22000.0   0.0000    1.9500    0.6070
       1156+295 042457 54081.18400 22000.0   0.0000    2.1600    0.4100
       1156+295 043921 54081.19400 22000.0   0.0000    1.8560    0.3980
       1156+295 045219 54081.20300 22000.0   0.0000    2.6390    0.4280
       1156+295 022400 54120.10000 22000.0   0.0000    1.6390    0.4050
       1156+295 023657 54120.10900 22000.0   0.0000    1.3590    0.6320
       1156+295 024955 54120.11800 22000.0   0.0000    1.2630    0.6510
       1156+295 030252 54120.12700 22000.0   0.0000    1.2500    0.8940
       1156+295 001423 54148.01000 22000.0   0.0000    1.6220    0.4850
       1156+295 002721 54148.01900 22000.0   0.0000    0.9180    0.7870
       1156+295 004145 54148.02900 22000.0   0.0000    1.3590    0.4850
       1156+295 224340 54217.94700 22000.0   0.0000    1.2780    0.4220
       1156+295 224340 54217.94700 22000.0   0.0000    1.2780    0.4220
       1156+295 230935 54217.96500 22000.0   0.0000    1.3580    0.4140
       1156+295 230935 54217.96500 22000.0   0.0000    1.3580    0.4140
       1156+295 232400 54217.97500 22000.0   0.0000    1.8320    0.4250
       1156+295 232400 54217.97500 22000.0   0.0000    1.8320    0.4250
       1156+295 181550 54273.76100 22000.0   0.0000    1.6410    0.4590
       1156+295 182848 54273.77000 22000.0   0.0000    0.7410    0.6190
       1156+295 184145 54273.77900 22000.0   0.0000    0.9490    0.6000
       1156+295 185443 54273.78800 22000.0   0.0000    0.8680    0.5310
       1156+295 200935 54287.84000 22000.0   0.0000    1.0850    0.3910
       1156+295 202400 54287.85000 22000.0   0.0000    1.3430    0.3820
       1156+295 204536 54294.86500 22000.0   0.0000    1.6650    0.4210
       1156+295 163502 54322.69100 22000.0   0.0000    1.0020    0.3130
       1156+295 164800 54322.70000 22000.0   0.0000    1.1730    0.3160
       1156+295 170057 54322.70900 22000.0   0.0000    0.9660    0.3770
       1156+295 171521 54322.71900 22000.0   0.0000    0.8040    0.3090
       1156+295 153852 54344.65200 22000.0   0.0000    0.4990    0.2980
       1156+295 160614 54344.67100 22000.0   0.0000    0.7860    0.3250
       1156+295 054116 54456.23700 22000.0   0.0000    1.3890    0.2930
       1156+295 055414 54456.24600 22000.0   0.0000    1.2780    0.2510
       1156+295 060711 54456.25500 22000.0   0.0000    1.4530    0.3420
       1156+295 062136 54456.26500 22000.0   0.0000    1.2250    0.2510
       1156+295 075931 54461.33300 22000.0   0.0000    1.1290    0.2150
       1156+295 054955 54478.24300 22000.0   0.0000    0.9990    0.2310
       1156+295 060252 54478.25200 22000.0   0.0000    1.0520    0.2520
       1156+295 061550 54478.26100 22000.0   0.0000    0.8850    0.1910
       1156+295 062848 54478.27000 22000.0   0.0000    1.1120    0.1950
       1156+295 033307 54511.14800 22000.0   0.0000    1.0900    0.2530
       1156+295 034604 54511.15700 22000.0   0.0000    2.0090    0.2850
       1156+295 035902 54511.16600 22000.0   0.0000    1.1720    0.2350
       1156+295 041159 54511.17500 22000.0   0.0000    1.5110    0.1960
       1156+295 022945 54561.10400 22000.0   0.0000    1.0860    0.5170
       1156+295 202945 54639.85400 22000.0   0.0000    2.6460    0.3050
       1156+295 204243 54639.86300 22000.0   0.0000    2.9910    0.3540
       1156+295 184438 54666.78100 22000.0   0.0000    3.4210    0.3520
       1156+295 190028 54666.79200 22000.0   0.0000    2.2910    0.2620
       1156+295 170935 54687.71500 22000.0   0.0000    3.1290    0.4100
       1156+295 172233 54687.72400 22000.0   0.0000    1.8110    0.2620
       1156+295 140057 54722.58400 22000.0   0.0000    4.5850    0.9440
       1156+295 141521 54722.59400 22000.0   0.0000    5.1360    1.1430
       1156+295 104047 54778.44500 22000.0   0.0000    3.3750    0.5430
       1156+295 105345 54778.45400 22000.0   0.0000    3.4480    0.5480
       1156+295 082107 54816.34800 22000.0   0.0000    2.4380    0.5260
       1156+295 083404 54816.35700 22000.0   0.0000    3.9160    0.6670
       1156+295 014214 54912.07100 22000.0   0.0000    3.3730    0.7890
       1156+295 015512 54912.08000 22000.0   0.0000    3.4190    0.5130
       1156+295 010028 54953.04200 22000.0   0.0000    1.6550    0.7810
       1156+295 193921 55001.81900 22000.0   0.0000    1.2090    0.5270
       1156+295 195219 55001.82800 22000.0   0.0000    1.5480    0.4460
       1156+295 172400 55033.72500 22000.0   0.0000    1.4020    0.2650
       1156+295 173657 55033.73400 22000.0   0.0000    1.9130    0.3330
       1156+295 130155 55098.54300 22000.0   0.0000    0.8000    0.2250
       1156+295 131619 55098.55300 22000.0   0.0000    2.0030    0.3370
       1156+295 111648 55121.47000 22000.0   0.0000    1.0920    0.1860
       1156+295 112945 55121.47900 22000.0   0.0000    2.1100    0.2510
       1156+295 061550 55209.26100 22000.0   0.0000    1.3820    0.1460
       1156+295 062848 55209.27000 22000.0   0.0000    1.0460    0.1590
       1156+295 175121 53827.74400 43000.0   0.0000    3.0690    1.2010
       1156+295 065150 53998.28600 43000.0   0.0000    3.9850    0.8360
       1156+295 065150 53999.28600 43000.0   0.0000    3.6780    0.7840
       1156+295 045052 54026.20200 43000.0   0.0000    2.0570    0.7130
       1156+295 125150 54277.53600 43000.0   0.0000    0.6670    0.1420
       1156+295 095024 54321.41000 43000.0   0.0000    0.9710    0.1550
       1156+295 095150 54322.41100 43000.0   0.0000    1.1310    0.1630
       1156+295 065150 54365.28600 43000.0   0.0000    1.1420    0.1500
       1156+295 065150 54366.28600 43000.0   0.0000    1.1210    0.1580
       1156+295 055248 54391.24500 43000.0   0.0000    1.0680    0.1370
       1156+295 030838 54422.13100 43000.0   0.0000    0.8700    0.1560
       1156+295 030545 54423.12900 43000.0   0.0000    1.1630    0.1870
       1156+295 030545 54436.12900 43000.0   0.0000    1.0930    0.2190
       1156+295 020643 54453.08800 43000.0   0.0000    0.8540    0.1980
       1156+295 000545 54479.00400 43000.0   0.0000    1.1700    0.2590
       1156+295 000711 54480.00500 43000.0   0.0000    1.2410    0.1940
       1156+295 215150 54505.91100 43000.0   0.0000    1.3220    0.3110
       1156+295 215150 54506.91100 43000.0   0.0000    1.3830    0.1810
       1156+295 215150 54507.91100 43000.0   0.0000    1.5540    0.2110
       1156+295 205121 54521.86900 43000.0   0.0000    1.3140    0.1820
       1156+295 205121 54522.86900 43000.0   0.0000    1.6310    0.1970
       1156+295 205121 54523.86900 43000.0   0.0000    1.5210    0.1750
       1156+295 175121 54556.74400 43000.0   0.0000    2.4930    0.2660
       1156+295 175121 54557.74400 43000.0   0.0000    2.4990    0.2720
       1156+295 155150 54579.66100 43000.0   0.0000    1.7350    0.2010
       1156+295 155150 54580.66100 43000.0   0.0000    1.7380    0.1970
       1156+295 145121 54598.61900 43000.0   0.0000    1.6370    0.2520
       1156+295 134340 54611.57200 43000.0   0.0000    2.0470    0.2170
       1156+295 133921 54612.56900 43000.0   0.0000    2.0260    0.2190
       1156+295 114702 54642.49100 43000.0   0.0000    2.5900    0.3190
       1156+295 114409 54643.48900 43000.0   0.0000    2.8590    0.3350
       1156+295 120711 54658.50500 43000.0   0.0000    3.3800    0.5540
       1156+295 104507 54659.44800 43000.0   0.0000    2.2080    0.3470
       1156+295 104507 54660.44800 43000.0   0.0000    2.3700    0.3730
       1156+295 094311 54680.40500 43000.0   0.0000    2.6770    0.2980
       1156+295 094438 54681.40600 43000.0   0.0000    2.7470    0.3020
       1156+295 093726 54682.40100 43000.0   0.0000    2.5630    0.3090
       1156+295 095150 54682.41100 43000.0   0.0000    2.5310    0.2930
       1156+295 074800 54708.32500 43000.0   0.0000    2.6880    0.3190
       1156+295 074340 54709.32200 43000.0   0.0000    3.2460    0.3600
       1156+295 074340 54710.32200 43000.0   0.0000    3.2750    0.3610
       1156+295 055121 54745.24400 43000.0   0.0000    3.3220    0.4920
       1156+295 030000 54779.12500 43000.0   0.0000    2.8990    0.4090
       1156+295 025833 54780.12400 43000.0   0.0000    3.1920    0.4450
       1156+295 030000 54781.12500 43000.0   0.0000    3.0520    0.4490
       1156+295 030000 54808.12500 43000.0   0.0000    3.1780    0.4310
       1156+295 030126 54809.12600 43000.0   0.0000    2.7780    0.3890
       1156+295 000711 54841.00500 43000.0   0.0000    3.3670    0.5750
       1156+295 000711 54842.00500 43000.0   0.0000    3.4580    0.7330
       1156+295 215150 54877.91100 43000.0   0.0000    2.2290    0.4250
       1156+295 215150 54878.91100 43000.0   0.0000    2.2830    0.4450
       1156+295 175121 54929.74400 43000.0   0.0000    2.1710    0.2470
       1156+295 175121 54930.74400 43000.0   0.0000    2.1350    0.2340
       1156+295 175248 54931.74500 43000.0   0.0000    2.4400    0.2760
       1156+295 145121 54960.61900 43000.0   0.0000    1.5250    0.2020
       1156+295 145121 54961.61900 43000.0   0.0000    1.6530    0.2080
       1156+295 114409 55009.48900 43000.0   0.0000    1.5630    0.2120
       1156+295 114702 55011.49100 43000.0   0.0000    2.0440    0.2760
       1156+295 030000 55168.12500 43000.0   0.0000    1.3960    0.2120
       1156+295 235248 55209.99500 43000.0   0.0000    1.9530    0.2360
       1156+295 000711 55210.00500 43000.0   0.0000    1.7790    0.2130
       1156+295 235121 55210.99400 43000.0   0.0000    1.8460    0.2730
       1156+295 154145 53477.65400  5000.0   0.0000    0.8550    0.0960
       1156+295 012038 53478.05600  5000.0   0.0000    0.7990    0.0840
       1156+295 013209 53478.06400  5000.0   0.0000    0.8690    0.0760
       1156+295 195931 53478.83300  5000.0   0.0000    0.8550    0.1100
       1156+295 165345 53510.70400  5000.0   0.0000    0.8680    0.0810
       1156+295 233238 53510.98100  5000.0   0.0000    0.8000    0.0910
       1156+295 150711 53511.63000  5000.0   0.0000    0.8710    0.0860
       1156+295 124857 53543.53400  5000.0   0.0000    1.0430    0.0850
       1156+295 205540 53543.87200  5000.0   0.0000    1.0390    0.0800
       1156+295 153307 53544.64800  5000.0   0.0000    0.9080    0.0860
       1156+295 112945 53576.47900  5000.0   0.0000    1.0060    0.0850
       1156+295 161033 53577.67400  5000.0   0.0000    1.1020    0.1150
       1156+295 175540 53587.74700  5000.0   0.0000    1.3200    0.0870
       1156+295 104926 53607.45100  5000.0   0.0000    1.3280    0.0850
       1156+295 073043 53639.31300  5000.0   0.0000    1.0420    0.0800
       1156+295 105052 53639.45200  5000.0   0.0000    0.8870    0.0740
       1156+295 154731 53639.65800  5000.0   0.0000    0.9200    0.0730
       1156+295 045512 53724.20500  5000.0   0.0000    1.2530    0.0790
       1156+295 231940 53763.97200  5000.0   0.0000    1.5250    0.0900
       1156+295 034857 53766.15900  5000.0   0.0000    1.3710    0.0820
       1156+295 234243 53770.98800  5000.0   0.0000    1.4210    0.0970
       1156+295 235540 53770.99700  5000.0   0.0000    1.4280    0.0910
       1156+295 000711 53771.00500  5000.0   0.0000    1.4400    0.0870
       1156+295 231814 53825.97100  5000.0   0.0000    1.6960    0.0860
       1156+295 234828 53851.99200  5000.0   0.0000    1.8670    0.1010
       1156+295 000126 53852.00100  5000.0   0.0000    1.9090    0.1010
       1156+295 144828 53974.61700  5000.0   0.0000    2.1220    0.1020
       1156+295 150126 53974.62600  5000.0   0.0000    2.1500    0.0940
       1156+295 113657 54012.48400  5000.0   0.0000    1.9990    0.0760
       1156+295 114955 54012.49300  5000.0   0.0000    1.8840    0.0870
       1156+295 061257 54024.25900  5000.0   0.0000    1.7860    0.0820
       1156+295 214731 54199.90800  5000.0   0.0000    1.2890    0.0570
       1156+295 220028 54199.91700  5000.0   0.0000    1.2740    0.0570
       1156+295 191619 54296.80300  5000.0   0.0000    1.2590    0.0790
       1156+295 192916 54296.81200  5000.0   0.0000    1.2500    0.0700
       1156+295 152555 54347.64300  5000.0   0.0000    1.0390    0.0710
       1156+295 155316 54347.66200  5000.0   0.0000    1.0770    0.0580
       1156+295 121843 54374.51300  5000.0   0.0000    0.9430    0.0710
       1156+295 123140 54374.52200  5000.0   0.0000    1.0810    0.0750
       1156+295 153559 54668.65000  5000.0   0.0000    1.5950    0.1350
       1156+295 154857 54668.65900  5000.0   0.0000    2.2160    0.3290
       1156+295 143950 54689.61100  5000.0   0.0000    1.5460    0.0870
       1156+295 145248 54689.62000  5000.0   0.0000    1.4740    0.0820
       1156+295 132204 54779.55700  5000.0   0.0000    2.1450    0.1000
       1156+295 133502 54779.56600  5000.0   0.0000    2.1630    0.0870
       1156+295 020223 54913.08500  5000.0   0.0000    2.7190    0.3630
       1156+295 021648 54913.09500  5000.0   0.0000    2.6910    0.3020
       1156+295 015638 54954.08100  5000.0   0.0000    2.6790    0.3140
       1156+295 211423 55002.88500  5000.0   0.0000    2.3740    0.0980
       1156+295 190740 55034.79700  5000.0   0.0000    2.2580    0.2260
       1156+295 182009 55062.76400  5000.0   0.0000    2.1390    0.2350
       1156+295 134633 55099.57400  5000.0   0.0000    1.8660    0.0900
       1156+295 135931 55099.58300  5000.0   0.0000    1.8430    0.1470
       1156+295 090252 55122.37700  5000.0   0.0000    1.6920    0.1180
       1156+295 091716 55122.38700  5000.0   0.0000    1.8030    0.1710
       1156+295 055121 55210.24400  5000.0   0.0000    1.5000    0.0880
       1156+295 060419 55210.25300  5000.0   0.0000    1.5480    0.0770
       1156+295 204243 53477.86300  8000.0   0.0000    1.0340    0.0780
       1156+295 205248 53477.87000  8000.0   0.0000    0.9790    0.0730
       1156+295 164507 53478.69800  8000.0   0.0000    0.9740    0.1090
       1156+295 195638 53510.83100  8000.0   0.0000    1.6720    0.0740
       1156+295 121131 53544.50800  8000.0   0.0000    1.1880    0.1080
       1156+295 200809 53544.83900  8000.0   0.0000    1.2140    0.1530
       1156+295 172652 53576.72700  8000.0   0.0000    1.1860    0.1770
       1156+295 101912 53605.43000  8000.0   0.0000    1.3310    0.0810
       1156+295 153307 53606.64800  8000.0   0.0000    1.1330    0.0770
       1156+295 135052 53637.57700  8000.0   0.0000    1.3760    0.0650
       1156+295 090711 53638.38000  8000.0   0.0000    1.3210    0.0740
       1156+295 023531 53698.10800  8000.0   0.0000    1.9220    0.0940
       1156+295 033852 53721.15200  8000.0   0.0000    1.5350    0.0750
       1156+295 000000 53722.00000  8000.0   0.0000    1.4900    0.0910
       1156+295 082233 53722.34900  8000.0   0.0000    1.5150    0.0740
       1156+295 044340 53743.19700  8000.0   0.0000    1.8100    0.0830
       1156+295 000711 53772.00500  8000.0   0.0000    2.0290    0.1010
       1156+295 002009 53772.01400  8000.0   0.0000    2.0540    0.0990
       1156+295 003307 53772.02300  8000.0   0.0000    2.1020    0.0940
       1156+295 223502 53778.94100  8000.0   0.0000    1.8410    0.0440
       1156+295 231814 53804.97100  8000.0   0.0000    2.0260    0.0930
       1156+295 233111 53804.98000  8000.0   0.0000    2.0380    0.0900
       1156+295 222624 53830.93500  8000.0   0.0000    2.0060    0.2210
       1156+295 202400 53850.85000  8000.0   0.0000    2.5010    0.2240
       1156+295 203657 53850.85900  8000.0   0.0000    2.4630    0.1930
       1156+295 192331 53859.80800  8000.0   0.0000    2.5860    0.1210
       1156+295 190907 53860.79800  8000.0   0.0000    2.8000    0.0960
       1156+295 185443 53907.78800  8000.0   0.0000    2.7060    0.1480
       1156+295 143111 53956.60500  8000.0   0.0000    2.4100    0.1340
       1156+295 141355 53973.59300  8000.0   0.0000    3.2390    0.1040
       1156+295 064604 54023.28200  8000.0   0.0000    2.6890    0.1270
       1156+295 062302 54038.26600  8000.0   0.0000    2.0290    0.0960
       1156+295 033559 54080.15000  8000.0   0.0000    2.2470    0.0840
       1156+295 023111 54099.10500  8000.0   0.0000    1.8160    0.0810
       1156+295 212428 54198.89200  8000.0   0.0000    1.1860    0.0670
       1156+295 214438 54219.90600  8000.0   0.0000    1.5050    0.0810
       1156+295 214438 54219.90600  8000.0   0.0000    1.5050    0.0810
       1156+295 153140 54275.64700  8000.0   0.0000    1.2440    0.1420
       1156+295 152428 54289.64200  8000.0   0.0000    1.1000    0.0530
       1156+295 165638 54295.70600  8000.0   0.0000    1.1660    0.0750
       1156+295 152302 54324.64100  8000.0   0.0000    1.0770    0.0720
       1156+295 112400 54373.47500  8000.0   0.0000    1.0780    0.0970
       1156+295 075638 54421.33100  8000.0   0.0000    0.7530    0.0740
       1156+295 064438 54435.28100  8000.0   0.0000    0.8770    0.0600
       1156+295 043043 54477.18800  8000.0   0.0000    0.7490    0.0730
       1156+295 004857 54513.03400  8000.0   0.0000    0.7590    0.0650
       1156+295 235248 54575.99500  8000.0   0.0000    1.5330    0.0730
       1156+295 233531 54604.98300  8000.0   0.0000    1.5640    0.0640
       1156+295 201521 54640.84400  8000.0   0.0000    1.7150    0.0730
       1156+295 192916 54652.81200  8000.0   0.0000    1.9220    0.1480
       1156+295 184438 54667.78100  8000.0   0.0000    2.0430    0.1120
       1156+295 172652 54688.72700  8000.0   0.0000    2.0550    0.1110
       1156+295 105638 54777.45600  8000.0   0.0000    2.9320    0.1300
       1156+295 015052 54952.07700  8000.0   0.0000    2.8330    0.3080
       1156+295 204536 55003.86500  8000.0   0.0000    2.4660    0.1750
       1156+295 201102 55035.84100  8000.0   0.0000    2.1070    0.0820
       1156+295 155609 55063.66400  8000.0   0.0000    1.8060    0.0600
       1156+295 142652 55100.60200  8000.0   0.0000    1.4160    0.1720
       1156+295 144828 55122.61700  8000.0   0.0000    1.4620    0.0810
       1156+295 072038 55208.30600  8000.0   0.0000    1.4990    0.1090
       1219+285 231940 53764.97200 22000.0   0.0000    0.4400    0.1280
       1219+285 040028 53772.16700 22000.0   0.0000    0.4030    0.2780
       1219+285 232819 53849.97800 22000.0   0.0000    0.3720    0.3910
       1219+285 221033 53861.92400 22000.0   0.0000    0.3720    0.3270
       1219+285 222750 53861.93600 22000.0   0.0000    0.4130    0.3260
       1219+285 181716 54666.76200 22000.0   0.0000    0.4770    0.1570
       1219+285 183014 54666.77100 22000.0   0.0000    0.3770    0.1730
       1219+285 163755 53855.69300 43000.0   0.0000    0.5630    0.8710
       1219+285 103628 53952.44200 43000.0   0.0000    0.4670    0.3770
       1219+285 093559 53971.40000 43000.0   0.0000    0.3580    0.3930
       1219+285 073628 53998.31700 43000.0   0.0000    0.3480    0.3300
       1219+285 073628 53999.31700 43000.0   0.0000    0.3590    0.3040
       1219+285 073628 54000.31700 43000.0   0.0000    0.4180    0.3010
       1219+285 053657 54025.23400 43000.0   0.0000    0.3120    0.4400
       1219+285 053657 54026.23400 43000.0   0.0000    0.3490    0.3640
       1219+285 133628 54277.56700 43000.0   0.0000    0.2950    0.1420
       1219+285 102916 54321.43700 43000.0   0.0000    0.5830    0.0890
       1219+285 102916 54322.43700 43000.0   0.0000    0.4880    0.1000
       1219+285 072916 54365.31200 43000.0   0.0000    0.6890    0.1100
       1219+285 072916 54366.31200 43000.0   0.0000    0.5190    0.0770
       1219+285 072038 54389.30600 43000.0   0.0000    0.4910    0.0780
       1219+285 034311 54422.15500 43000.0   0.0000    0.7020    0.1470
       1219+285 034019 54423.15300 43000.0   0.0000    0.6770    0.0990
       1219+285 024409 54435.11400 43000.0   0.0000    0.6350    0.1850
       1219+285 034438 54436.15600 43000.0   0.0000    0.5130    0.1200
       1219+285 024243 54453.11300 43000.0   0.0000    0.6010    0.1490
       1219+285 004311 54480.03000 43000.0   0.0000    0.6020    0.1030
       1219+285 222750 54505.93600 43000.0   0.0000    0.5120    0.0890
       1219+285 222916 54506.93700 43000.0   0.0000    0.5940    0.0880
       1219+285 222750 54507.93600 43000.0   0.0000    0.5820    0.0830
       1219+285 212848 54521.89500 43000.0   0.0000    0.5000    0.0920
       1219+285 212848 54522.89500 43000.0   0.0000    0.5000    0.0660
       1219+285 212848 54523.89500 43000.0   0.0000    0.4980    0.0620
       1219+285 182848 54556.77000 43000.0   0.0000    0.5740    0.0690
       1219+285 182428 54557.76700 43000.0   0.0000    0.6440    0.1080
       1219+285 162750 54579.68600 43000.0   0.0000    0.6230    0.1010
       1219+285 163043 54580.68800 43000.0   0.0000    0.6540    0.0970
       1219+285 152848 54596.64500 43000.0   0.0000    0.5710    0.1050
       1219+285 142819 54611.60300 43000.0   0.0000    0.4380    0.0700
       1219+285 142945 54612.60400 43000.0   0.0000    0.3330    0.0800
       1219+285 122721 54643.51900 43000.0   0.0000    0.7150    0.1130
       1219+285 153307 54655.64800 43000.0   0.0000    0.3840    0.0870
       1219+285 112400 54659.47500 43000.0   0.0000    0.2710    0.0850
       1219+285 112819 54660.47800 43000.0   0.0000    0.3810    0.0920
       1219+285 102916 54680.43700 43000.0   0.0000    0.4390    0.1020
       1219+285 102916 54681.43700 43000.0   0.0000    0.4390    0.0710
       1219+285 082652 54708.35200 43000.0   0.0000    0.4550    0.1050
       1219+285 082945 54709.35400 43000.0   0.0000    0.4470    0.0800
       1219+285 082945 54710.35400 43000.0   0.0000    0.3620    0.0750
       1219+285 034438 54779.15600 43000.0   0.0000    0.2900    0.0620
       1219+285 034438 54780.15600 43000.0   0.0000    0.4340    0.0840
       1219+285 034604 54781.15700 43000.0   0.0000    0.2750    0.0710
       1219+285 034438 54808.15600 43000.0   0.0000    0.4760    0.1000
       1219+285 034438 54809.15600 43000.0   0.0000    0.3980    0.0940
       1219+285 004311 54841.03000 43000.0   0.0000    0.4750    0.1620
       1219+285 223209 54877.93900 43000.0   0.0000    0.5600    0.2210
       1219+285 222916 54878.93700 43000.0   0.0000    0.6070    0.1650
       1219+285 182848 54929.77000 43000.0   0.0000    0.3750    0.0570
       1219+285 152721 54961.64400 43000.0   0.0000    0.3090    0.0670
       1219+285 122848 55009.52000 43000.0   0.0000    0.5030    0.0990
       1219+285 122721 55010.51900 43000.0   0.0000    0.5330    0.0930
       1219+285 034311 55168.15500 43000.0   0.0000    0.4700    0.0920
       1219+285 004145 55210.02900 43000.0   0.0000    0.3140    0.0960
       1219+285 002848 53724.02000  5000.0   0.0000    0.4790    0.0790
       1219+285 080809 53724.33900  5000.0   0.0000    0.4820    0.0740
       1219+285 233111 53763.98000  5000.0   0.0000    0.4180    0.0910
       1219+285 030711 53770.13000  5000.0   0.0000    0.5170    0.0780
       1219+285 031843 53770.13800  5000.0   0.0000    0.4690    0.0660
       1219+285 033140 53770.14700  5000.0   0.0000    0.4870    0.0620
       1219+285 234536 53825.99000  5000.0   0.0000    0.5250    0.0720
       1219+285 001843 53852.01300  5000.0   0.0000    0.5240    0.0920
       1219+285 003726 53852.02600  5000.0   0.0000    0.4850    0.0830
       1219+285 163502 53974.69100  5000.0   0.0000    0.4120    0.0780
       1219+285 165345 53974.70400  5000.0   0.0000    0.4350    0.0810
       1219+285 141228 54011.59200  5000.0   0.0000    0.4680    0.1190
       1219+285 143111 54011.60500  5000.0   0.0000    0.5050    0.1040
       1219+285 144955 54011.61800  5000.0   0.0000    0.4370    0.0930
       1219+285 063014 54024.27100  5000.0   0.0000    0.5070    0.0580
       1219+285 064857 54024.28400  5000.0   0.0000    0.4800    0.0510
       1219+285 194633 54296.82400  5000.0   0.0000    0.5470    0.0610
       1219+285 200643 54296.83800  5000.0   0.0000    0.5230    0.0620
       1219+285 124731 54374.53300  5000.0   0.0000    0.4610    0.0560
       1219+285 130028 54374.54200  5000.0   0.0000    0.5390    0.0530
       1219+285 141102 54689.59100  5000.0   0.0000    0.3770    0.1980
       1219+285 142526 54689.60100  5000.0   0.0000    0.4620    0.0750
       1219+285 114409 54779.48900  5000.0   0.0000    0.5260    0.0730
       1219+285 115707 54779.49800  5000.0   0.0000    0.6330    0.0720
       1219+285 121004 54779.50700  5000.0   0.0000    0.5660    0.0780
       1219+285 122428 54779.51700  5000.0   0.0000    0.5410    0.0860
       1219+285 003726 54913.02600  5000.0   0.0000    0.5000    0.2420
       1219+285 010321 54913.04400  5000.0   0.0000    0.3990    0.3160
       1219+285 000419 54954.00300  5000.0   0.0000    0.4160    0.3370
       1219+285 001716 54954.01200  5000.0   0.0000    0.4440    0.2780
       1219+285 171102 55034.71600  5000.0   0.0000    0.4110    0.3740
       1219+285 172526 55034.72600  5000.0   0.0000    0.4690    0.3170
       1219+285 175248 55034.74500  5000.0   0.0000    0.4780    0.3690
       1219+285 163335 55062.69000  5000.0   0.0000    0.3860    0.2260
       1219+285 164800 55062.70000  5000.0   0.0000    0.4540    0.2900
       1219+285 171521 55062.71900  5000.0   0.0000    0.4230    0.2520
       1219+285 120000 55099.50000  5000.0   0.0000    0.5760    0.1580
       1219+285 121423 55099.51000  5000.0   0.0000    0.4420    0.0850
       1219+285 093307 55122.39800  5000.0   0.0000    0.5360    0.1530
       1219+285 094731 55122.40800  5000.0   0.0000    0.4530    0.1380
       1219+285 100028 55122.41700  5000.0   0.0000    0.4940    0.0890
       1219+285 022526 55210.10100  5000.0   0.0000    0.4490    0.0700
       1219+285 023950 55210.11100  5000.0   0.0000    0.4650    0.0650
       1219+285 025248 55210.12000  5000.0   0.0000    0.4830    0.0630
       1219+285 030711 55210.13000  5000.0   0.0000    0.4340    0.0690
       1219+285 002136 53742.01500  8000.0   0.0000    0.4580    0.0140
       1219+285 033852 53771.15200  8000.0   0.0000    0.5250    0.2500
       1219+285 232107 53778.97300  8000.0   0.0000    0.5180    0.0180
       1219+285 000000 53805.00000  8000.0   0.0000    0.4470    0.0830
       1219+285 001716 53805.01200  8000.0   0.0000    0.4830    0.0800
       1219+285 230223 53830.96000  8000.0   0.0000    0.5300    0.2000
       1219+285 205414 53850.87100  8000.0   0.0000    0.3320    0.1700
       1219+285 211257 53850.88400  8000.0   0.0000    0.4030    0.1630
       1219+285 193921 53859.81900  8000.0   0.0000    0.5030    0.0710
       1219+285 195219 53860.82800  8000.0   0.0000    0.4560    0.0440
       1219+285 154438 53956.65600  8000.0   0.0000    0.4690    0.1040
       1219+285 073043 54023.31300  8000.0   0.0000    0.5660    0.1180
       1219+285 042916 54080.18700  8000.0   0.0000    0.4540    0.0440
       1219+285 032302 54099.14100  8000.0   0.0000    0.4430    0.0690
       1219+285 234243 54149.98800  8000.0   0.0000    0.3920    0.1170
       1219+285 003559 54186.02500  8000.0   0.0000    0.4690    0.1990
       1219+285 235540 54198.99700  8000.0   0.0000    0.5050    0.0880
       1219+285 003307 54220.02300  8000.0   0.0000    0.5010    0.0620
       1219+285 003307 54220.02300  8000.0   0.0000    0.5010    0.0620
       1219+285 183559 54275.77500  8000.0   0.0000    0.4550    0.0510
       1219+285 172107 54289.72300  8000.0   0.0000    0.6820    0.1650
       1219+285 192624 54295.81000  8000.0   0.0000    0.4500    0.1230
       1219+285 175121 54324.74400  8000.0   0.0000    0.6220    0.1190
       1219+285 132916 54373.56200  8000.0   0.0000    0.5380    0.0730
       1219+285 031716 54513.13700  8000.0   0.0000    0.4940    0.0910
       1219+285 220447 54575.92000  8000.0   0.0000    0.5260    0.0580
       1219+285 213140 54604.89700  8000.0   0.0000    0.4530    0.0700
       1219+285 181131 54640.75800  8000.0   0.0000    0.4620    0.0430
       1219+285 172526 54652.72600  8000.0   0.0000    0.5040    0.0590
       1219+285 163209 54667.68900  8000.0   0.0000    0.4780    0.0520
       1219+285 153140 54688.64700  8000.0   0.0000    0.4680    0.0690
       1219+285 132038 54723.55600  8000.0   0.0000    0.3360    0.0960
       1219+285 072204 54778.30700  8000.0   0.0000    0.3540    0.0770
       1219+285 221326 54951.92600  8000.0   0.0000    0.5070    0.0590
       1219+285 172526 55003.72600  8000.0   0.0000    0.4350    0.0700
       1219+285 122721 55063.51900  8000.0   0.0000    0.5080    0.0590
       1219+285 160321 55076.66900  8000.0   0.0000    0.5700    0.1590
       1219+285 045931 55208.20800  8000.0   0.0000    0.5020    0.1090
       1226+023 015931 53373.08300 22000.0   0.0000   20.3590    1.2240
       1226+023 035150 53373.16100 22000.0   0.0000   20.2750    1.2190
       1226+023 015931 53374.08300 22000.0   0.0000   19.9380    1.1990
       1226+023 035150 53374.16100 22000.0   0.0000   20.7910    1.2500
       1226+023 015931 53377.08300 22000.0   0.0000   20.4910    1.2320
       1226+023 035150 53377.16100 22000.0   0.0000   20.8600    1.2540
       1226+023 015931 53378.08300 22000.0   0.0000   20.5340    1.2340
       1226+023 035150 53378.16100 22000.0   0.0000   20.5820    1.2370
       1226+023 015931 53380.08300 22000.0   0.0000   20.3960    1.2270
       1226+023 035150 53380.16100 22000.0   0.0000   20.2330    1.2170
       1226+023 015931 53381.08300 22000.0   0.0000   20.2340    1.2160
       1226+023 035150 53381.16100 22000.0   0.0000   20.6830    1.2430
       1226+023 233950 53413.98600 22000.0   0.0000   17.8580    0.5390
       1226+023 014047 53414.07000 22000.0   0.0000   18.4320    0.5580
       1226+023 014047 53416.07000 22000.0   0.0000   18.2840    0.5540
       1226+023 211004 53441.88200 22000.0   0.0000   18.5620    0.5310
       1226+023 231355 53441.96800 22000.0   0.0000   19.5670    0.5720
       1226+023 211004 53442.88200 22000.0   0.0000   19.2820    0.5510
       1226+023 230935 53442.96500 22000.0   0.0000   19.5710    0.5580
       1226+023 230809 53443.96400 22000.0   0.0000   19.0150    0.5470
       1226+023 220907 53465.92300 22000.0   0.0000   19.5810    1.3920
       1226+023 200935 53466.84000 22000.0   0.0000   18.8130    1.3350
       1226+023 221033 53466.92400 22000.0   0.0000   18.7590    1.3270
       1226+023 173950 53509.73600 22000.0   0.0000   17.5790    1.4910
       1226+023 184019 53510.77800 22000.0   0.0000   15.2930    1.3490
       1226+023 173950 53511.73600 22000.0   0.0000   16.3310    1.4200
       1226+023 131033 53606.54900 22000.0   0.0000   17.0500    0.8340
       1226+023 155736 53629.66500 22000.0   0.0000   20.9250    1.0350
       1226+023 074340 53637.32200 22000.0   0.0000   22.4200    0.9490
       1226+023 100740 53637.42200 22000.0   0.0000   19.6990    0.8160
       1226+023 135219 53638.57800 22000.0   0.0000   20.1910    0.8400
       1226+023 071912 53721.30500 22000.0   0.0000   26.9610    1.4840
       1226+023 081102 53721.34100 22000.0   0.0000   26.0290    1.5810
       1226+023 021521 53722.09400 22000.0   0.0000   26.9460    1.4820
       1226+023 044047 53722.19500 22000.0   0.0000   27.0540    1.4780
       1226+023 093852 53722.40200 22000.0   0.0000   26.0200    1.4370
       1226+023 013209 53744.06400 22000.0   0.0000   28.4080    1.2160
       1226+023 071326 53749.30100 22000.0   0.0000   28.8540    1.4470
       1226+023 080516 53749.33700 22000.0   0.0000   26.2910    1.3430
       1226+023 233531 53750.98300 22000.0   0.0000   26.8310    1.3510
       1226+023 003559 53751.02500 22000.0   0.0000   26.5830    1.3340
       1226+023 233238 53764.98100 22000.0   0.0000   25.9620    1.2470
       1226+023 003307 53765.02300 22000.0   0.0000   26.3490    1.2710
       1226+023 234702 53765.99100 22000.0   0.0000   26.9310    1.2110
       1226+023 033433 53772.14900 22000.0   0.0000   29.0270    1.3960
       1226+023 034731 53772.15800 22000.0   0.0000   29.3860    1.3970
       1226+023 001004 53806.00700 22000.0   0.0000   28.5850    1.5910
       1226+023 002302 53806.01600 22000.0   0.0000   28.3360    1.5730
       1226+023 214604 53849.90700 22000.0   0.0000   27.7400    1.5970
       1226+023 215902 53849.91600 22000.0   0.0000   27.7370    1.5900
       1226+023 202819 53861.85300 22000.0   0.0000   29.2770    1.6380
       1226+023 204243 53861.86300 22000.0   0.0000   29.1990    1.6330
       1226+023 143823 53926.61000 22000.0   0.0000   26.2010    3.1320
       1226+023 163921 53926.69400 22000.0   0.0000   24.9290    2.9940
       1226+023 143238 53955.60600 22000.0   0.0000   24.6130    1.7890
       1226+023 144536 53955.61500 22000.0   0.0000   26.3520    1.8960
       1226+023 134800 53972.57500 22000.0   0.0000   23.2180    1.4540
       1226+023 101033 54010.42400 22000.0   0.0000   27.6890    1.9880
       1226+023 102331 54010.43300 22000.0   0.0000   26.0500    1.8650
       1226+023 094311 54021.40500 22000.0   0.0000   30.3660    1.4650
       1226+023 095609 54021.41400 22000.0   0.0000   26.9220    1.3140
       1226+023 065024 54057.28500 22000.0   0.0000   26.8290    1.5030
       1226+023 070321 54057.29400 22000.0   0.0000   25.2110    1.4530
       1226+023 071619 54057.30300 22000.0   0.0000   25.8340    1.4150
       1226+023 073043 54057.31300 22000.0   0.0000   24.4920    1.4890
       1226+023 051355 54081.21800 22000.0   0.0000   27.2470    0.9880
       1226+023 052652 54081.22700 22000.0   0.0000   27.0490    0.9950
       1226+023 053950 54081.23600 22000.0   0.0000   26.8520    0.9890
       1226+023 062009 54097.26400 22000.0   0.0000   27.4760    1.6880
       1226+023 063307 54097.27300 22000.0   0.0000   27.0400    1.6610
       1226+023 064604 54097.28200 22000.0   0.0000   27.1970    1.6710
       1226+023 033140 54120.14700 22000.0   0.0000   22.6420    1.3610
       1226+023 034438 54120.15600 22000.0   0.0000   24.1680    0.9940
       1226+023 035902 54120.16600 22000.0   0.0000   24.0700    0.9890
       1226+023 011033 54148.04900 22000.0   0.0000   30.1760    1.5700
       1226+023 012331 54148.05800 22000.0   0.0000   25.8410    0.9340
       1226+023 013628 54148.06700 22000.0   0.0000   26.5300    0.9450
       1226+023 222331 54183.93300 22000.0   0.0000   26.6780    2.8100
       1226+023 223628 54183.94200 22000.0   0.0000   24.4730    2.7780
       1226+023 193502 54196.81600 22000.0   0.0000   27.2540    1.4910
       1226+023 194800 54196.82500 22000.0   0.0000   27.1340    1.4270
       1226+023 200057 54196.83400 22000.0   0.0000   27.3840    1.4070
       1226+023 194800 54217.82500 22000.0   0.0000   26.0700    1.3210
       1226+023 194800 54217.82500 22000.0   0.0000   26.0700    1.3210
       1226+023 200057 54217.83400 22000.0   0.0000   25.8430    1.3120
       1226+023 200057 54217.83400 22000.0   0.0000   25.8430    1.3120
       1226+023 210419 54217.87800 22000.0   0.0000   26.3450    1.3480
       1226+023 210419 54217.87800 22000.0   0.0000   26.3450    1.3480
       1226+023 211716 54217.88700 22000.0   0.0000   26.2810    1.3700
       1226+023 211716 54217.88700 22000.0   0.0000   26.2810    1.3700
       1226+023 161033 54273.67400 22000.0   0.0000   26.2720    1.4720
       1226+023 162331 54273.68300 22000.0   0.0000   25.8410    1.4710
       1226+023 163628 54273.69200 22000.0   0.0000   27.1540    1.5250
       1226+023 191326 54287.80100 22000.0   0.0000   29.7800    1.5520
       1226+023 192624 54287.81000 22000.0   0.0000   30.7560    1.5990
       1226+023 183140 54294.77200 22000.0   0.0000   29.3120    1.5060
       1226+023 184604 54294.78200 22000.0   0.0000   28.2130    1.4490
       1226+023 144243 54322.61300 22000.0   0.0000   28.9860    1.3430
       1226+023 145540 54322.62200 22000.0   0.0000   29.5600    1.3630
       1226+023 151004 54322.63200 22000.0   0.0000   25.8200    1.2320
       1226+023 112945 54344.47900 22000.0   0.0000   31.1870    1.3050
       1226+023 114243 54344.48800 22000.0   0.0000   30.5190    1.2790
       1226+023 115707 54344.49800 22000.0   0.0000   30.3380    1.3050
       1226+023 125024 54372.53500 22000.0   0.0000   31.6680    0.4630
       1226+023 130447 54372.54500 22000.0   0.0000   29.9550    0.5780
       1226+023 034857 54456.15900 22000.0   0.0000   32.5970    1.6590
       1226+023 040155 54456.16800 22000.0   0.0000   32.9810    1.6780
       1226+023 041452 54456.17700 22000.0   0.0000   32.7920    1.6670
       1226+023 052233 54461.22400 22000.0   0.0000   31.0380    0.9560
       1226+023 053531 54461.23300 22000.0   0.0000   30.5650    0.9410
       1226+023 035736 54478.16500 22000.0   0.0000   31.0530    1.2600
       1226+023 041033 54478.17400 22000.0   0.0000   30.7710    1.2460
       1226+023 042331 54478.18300 22000.0   0.0000   30.1530    1.2220
       1226+023 014047 54511.07000 22000.0   0.0000   30.9360    1.5700
       1226+023 015345 54511.07900 22000.0   0.0000   31.0180    1.5730
       1226+023 020643 54511.08800 22000.0   0.0000   30.7790    1.5670
       1226+023 195512 54560.83000 22000.0   0.0000   34.1110    1.3880
       1226+023 200809 54560.83900 22000.0   0.0000   34.2350    1.3840
       1226+023 214857 54576.90900 22000.0   0.0000   34.7450    3.4800
       1226+023 220155 54576.91800 22000.0   0.0000   33.5650    3.3630
       1226+023 180252 54603.75200 22000.0   0.0000   35.4820    3.5620
       1226+023 181550 54603.76100 22000.0   0.0000   32.8340    3.2980
       1226+023 180000 54639.75000 22000.0   0.0000   29.0040    2.9060
       1226+023 181257 54639.75900 22000.0   0.0000   28.9050    2.8960
       1226+023 172819 54651.72800 22000.0   0.0000   28.5610    4.3540
       1226+023 155316 54666.66200 22000.0   0.0000   29.6930    2.6790
       1226+023 160740 54666.67200 22000.0   0.0000   31.7140    2.8630
       1226+023 144536 54687.61500 22000.0   0.0000   27.5890    3.3150
       1226+023 145833 54687.62400 22000.0   0.0000   27.4460    3.2980
       1226+023 113823 54722.48500 22000.0   0.0000   26.8000    5.3630
       1226+023 115121 54722.49400 22000.0   0.0000   26.0200    5.2130
       1226+023 084536 54778.36500 22000.0   0.0000   27.9620    2.8530
       1226+023 085833 54778.37400 22000.0   0.0000   28.4750    2.9060
       1226+023 064019 54816.27800 22000.0   0.0000   22.1940    2.7150
       1226+023 234702 54911.99100 22000.0   0.0000   28.7180    2.8940
       1226+023 000000 54912.00000 22000.0   0.0000   27.0520    2.7290
       1226+023 231521 54952.96900 22000.0   0.0000   30.9720    2.0120
       1226+023 174116 55001.73700 22000.0   0.0000   29.4300    3.8560
       1226+023 175414 55001.74600 22000.0   0.0000   29.0530    3.8110
       1226+023 151257 55033.63400 22000.0   0.0000   26.6160    2.1480
       1226+023 152555 55033.64300 22000.0   0.0000   26.1640    2.1660
       1226+023 093140 55098.39700 22000.0   0.0000   25.6570    1.6310
       1226+023 094438 55098.40600 22000.0   0.0000   27.8970    1.6920
       1226+023 094731 55121.40800 22000.0   0.0000   27.6300    2.2190
       1226+023 100028 55121.41700 22000.0   0.0000   27.9730    2.2470
       1226+023 044633 55209.19900 22000.0   0.0000   27.6030    1.3950
       1226+023 050057 55209.20900 22000.0   0.0000   27.6570    1.4010
       1226+023 174116 53468.73700 43000.0   0.0000   14.6540    1.2860
       1226+023 183307 53468.77300 43000.0   0.0000   13.3280    1.0280
       1226+023 213307 53468.89800 43000.0   0.0000   13.9470    0.9950
       1226+023 233238 53468.98100 43000.0   0.0000   13.2650    0.9410
       1226+023 003307 53469.02300 43000.0   0.0000   13.5710    0.9620
       1226+023 174116 53469.73700 43000.0   0.0000   14.7860    1.5020
       1226+023 200223 53469.83500 43000.0   0.0000   14.6880    1.0440
       1226+023 213307 53469.89800 43000.0   0.0000   14.6220    1.0450
       1226+023 233238 53469.98100 43000.0   0.0000   13.7200    0.9790
       1226+023 003307 53470.02300 43000.0   0.0000   14.4340    1.0280
       1226+023 210545 53825.87900 43000.0   0.0000   25.2580    7.8050
       1226+023 210545 53826.87900 43000.0   0.0000   24.8630    7.6660
       1226+023 180545 53878.75400 43000.0   0.0000   16.1770    2.5630
       1226+023 130740 53913.54700 43000.0   0.0000   18.4650    3.3930
       1226+023 160614 53913.67100 43000.0   0.0000   19.3480    3.0810
       1226+023 135052 53928.57700 43000.0   0.0000   13.9580    2.0510
       1226+023 105052 53951.45200 43000.0   0.0000   18.2630    4.0510
       1226+023 115121 53951.49400 43000.0   0.0000   16.1760    3.3930
       1226+023 130614 53951.54600 43000.0   0.0000   16.1440    3.2250
       1226+023 095150 53971.41100 43000.0   0.0000   15.1800    3.9020
       1226+023 105052 53971.45200 43000.0   0.0000   13.3510    3.1200
       1226+023 120545 53971.50400 43000.0   0.0000   17.6650    3.6250
       1226+023 120711 53972.50500 43000.0   0.0000   16.7340    3.7680
       1226+023 075052 53998.32700 43000.0   0.0000   11.1450    2.2420
       1226+023 085121 53998.36900 43000.0   0.0000   13.1930    2.4380
       1226+023 075052 53999.32700 43000.0   0.0000   11.2190    2.2240
       1226+023 085121 53999.36900 43000.0   0.0000   13.1960    2.3280
       1226+023 075052 54000.32700 43000.0   0.0000    9.8320    1.9720
       1226+023 100614 54000.42100 43000.0   0.0000   13.9740    2.4020
       1226+023 080643 54025.33800 43000.0   0.0000   14.5060    3.4280
       1226+023 080643 54026.33800 43000.0   0.0000   14.6600    3.3360
       1226+023 135219 54277.57800 43000.0   0.0000   20.2830    2.4130
       1226+023 145121 54277.61900 43000.0   0.0000   21.6650    2.4430
       1226+023 160614 54277.67100 43000.0   0.0000   20.9750    2.3640
       1226+023 094604 54320.40700 43000.0   0.0000   20.5050    3.1030
       1226+023 101452 54320.42700 43000.0   0.0000   27.2330    3.3880
       1226+023 105052 54321.45200 43000.0   0.0000   24.1350    2.7020
       1226+023 115121 54321.49400 43000.0   0.0000   23.1320    2.6300
       1226+023 130614 54321.54600 43000.0   0.0000   24.1980    2.6560
       1226+023 105052 54322.45200 43000.0   0.0000   26.8200    3.0350
       1226+023 115121 54322.49400 43000.0   0.0000   23.2770    2.6050
       1226+023 130614 54322.54600 43000.0   0.0000   21.8010    2.4490
       1226+023 075219 54365.32800 43000.0   0.0000   28.1040    3.0720
       1226+023 085121 54365.36900 43000.0   0.0000   26.8740    2.7880
       1226+023 100614 54365.42100 43000.0   0.0000   21.3890    2.3090
       1226+023 075052 54366.32700 43000.0   0.0000   27.0920    2.9540
       1226+023 085121 54366.36900 43000.0   0.0000   22.1670    2.4050
       1226+023 075052 54389.32700 43000.0   0.0000   22.7110    2.3050
       1226+023 090711 54389.38000 43000.0   0.0000   24.0430    2.4660
       1226+023 090545 54390.37900 43000.0   0.0000   24.5970    2.3920
       1226+023 040614 54423.17100 43000.0   0.0000   25.7220    3.3100
       1226+023 050643 54423.21300 43000.0   0.0000   20.2960    2.4570
       1226+023 062136 54423.26500 43000.0   0.0000   26.1420    3.2180
       1226+023 040614 54436.17100 43000.0   0.0000   23.4480    5.2360
       1226+023 050643 54436.21300 43000.0   0.0000   22.2310    3.7620
       1226+023 062136 54436.26500 43000.0   0.0000   20.6330    3.1950
       1226+023 062136 54437.26500 43000.0   0.0000   18.8550    2.9430
       1226+023 030711 54453.13000 43000.0   0.0000   18.9420    2.9210
       1226+023 040614 54453.17100 43000.0   0.0000   21.7380    3.3000
       1226+023 052107 54453.22300 43000.0   0.0000   18.8440    2.9430
       1226+023 010614 54479.04600 43000.0   0.0000   24.1580    3.4990
       1226+023 020643 54479.08800 43000.0   0.0000   24.7030    3.5490
       1226+023 032136 54479.14000 43000.0   0.0000   22.1110    3.2300
       1226+023 010614 54480.04600 43000.0   0.0000   26.5610    3.5480
       1226+023 020643 54480.08800 43000.0   0.0000   25.9520    3.5230
       1226+023 032136 54480.14000 43000.0   0.0000   25.6670    3.7170
       1226+023 230516 54504.96200 43000.0   0.0000   21.9450    2.5260
       1226+023 012038 54505.05600 43000.0   0.0000   23.7560    3.0230
       1226+023 230516 54505.96200 43000.0   0.0000   25.3110    2.9630
       1226+023 010614 54506.04600 43000.0   0.0000   22.1380    2.7290
       1226+023 230643 54506.96300 43000.0   0.0000   22.1590    2.5950
       1226+023 012204 54507.05700 43000.0   0.0000   24.3600    3.0150
       1226+023 215150 54521.91100 43000.0   0.0000   18.8050    1.9920
       1226+023 230643 54521.96300 43000.0   0.0000   17.6010    1.8970
       1226+023 002136 54522.01500 43000.0   0.0000   17.5530    1.9320
       1226+023 215150 54522.91100 43000.0   0.0000   21.4200    2.2370
       1226+023 230643 54522.96300 43000.0   0.0000   22.6900    2.4020
       1226+023 002136 54523.01500 43000.0   0.0000   22.8610    2.4760
       1226+023 215150 54523.91100 43000.0   0.0000   20.0260    2.0460
       1226+023 185150 54556.78600 43000.0   0.0000   26.6460    2.4770
       1226+023 200643 54556.83800 43000.0   0.0000   28.2330    2.8270
       1226+023 185150 54557.78600 43000.0   0.0000   25.7000    2.8050
       1226+023 200516 54557.83700 43000.0   0.0000   28.8040    3.0110
       1226+023 212136 54557.89000 43000.0   0.0000   29.1070    3.0540
       1226+023 180711 54579.75500 43000.0   0.0000   23.4800    2.2410
       1226+023 192204 54579.80700 43000.0   0.0000   22.3540    2.2610
       1226+023 180711 54580.75500 43000.0   0.0000   22.6610    2.1280
       1226+023 192204 54580.80700 43000.0   0.0000   22.4450    2.1850
       1226+023 170643 54596.71300 43000.0   0.0000   23.4870    2.7690
       1226+023 182302 54596.76600 43000.0   0.0000   25.8300    2.8740
       1226+023 170516 54598.71200 43000.0   0.0000   24.4700    2.6250
       1226+023 182302 54598.76600 43000.0   0.0000   24.7640    2.8550
       1226+023 145121 54611.61900 43000.0   0.0000   23.8550    2.0930
       1226+023 160614 54611.67100 43000.0   0.0000   20.1710    1.8770
       1226+023 125150 54643.53600 43000.0   0.0000   18.7850    1.9190
       1226+023 140643 54643.58800 43000.0   0.0000   18.5910    2.1190
       1226+023 145248 54655.62000 43000.0   0.0000   19.7760    3.1260
       1226+023 115121 54658.49400 43000.0   0.0000   19.5830    2.4880
       1226+023 115121 54659.49400 43000.0   0.0000   23.2280    2.9370
       1226+023 130614 54659.54600 43000.0   0.0000   26.8860    3.8490
       1226+023 142107 54659.59800 43000.0   0.0000   27.8250    4.2750
       1226+023 115121 54660.49400 43000.0   0.0000   17.0800    2.2560
       1226+023 130614 54660.54600 43000.0   0.0000   24.6880    3.6090
       1226+023 142107 54660.59800 43000.0   0.0000   23.1320    3.5690
       1226+023 132204 54679.55700 43000.0   0.0000   18.7530    1.9720
       1226+023 105052 54680.45200 43000.0   0.0000   18.8440    1.7870
       1226+023 120711 54680.50500 43000.0   0.0000   19.0090    1.9040
       1226+023 132204 54680.55700 43000.0   0.0000   18.0460    1.8570
       1226+023 105219 54681.45300 43000.0   0.0000   18.6940    1.7680
       1226+023 120545 54681.50400 43000.0   0.0000   19.3680    1.9310
       1226+023 105219 54682.45300 43000.0   0.0000   16.8140    1.6420
       1226+023 120711 54682.50500 43000.0   0.0000   18.6280    1.8380
       1226+023 085121 54708.36900 43000.0   0.0000   16.5280    1.6570
       1226+023 100614 54708.42100 43000.0   0.0000   17.4990    1.7620
       1226+023 112107 54708.47300 43000.0   0.0000   17.0950    1.7480
       1226+023 085121 54709.36900 43000.0   0.0000   21.5140    2.1620
       1226+023 100614 54709.42100 43000.0   0.0000   18.0640    1.8230
       1226+023 112107 54709.47300 43000.0   0.0000   18.4610    1.8800
       1226+023 085121 54710.36900 43000.0   0.0000   20.8950    2.0900
       1226+023 100740 54710.42200 43000.0   0.0000   17.4990    1.8320
       1226+023 112233 54710.47400 43000.0   0.0000   19.0880    1.9240
       1226+023 090711 54743.38000 43000.0   0.0000   20.4800    2.9020
       1226+023 065443 54744.28800 43000.0   0.0000   15.0520    1.9900
       1226+023 075052 54744.32700 43000.0   0.0000   15.4360    2.1480
       1226+023 090711 54744.38000 43000.0   0.0000   18.2500    2.6130
       1226+023 065316 54745.28700 43000.0   0.0000   14.0920    1.9020
       1226+023 090711 54745.38000 43000.0   0.0000   16.4910    2.4040
       1226+023 052107 54779.22300 43000.0   0.0000   14.5370    2.0320
       1226+023 062136 54779.26500 43000.0   0.0000   14.8660    2.1430
       1226+023 040614 54780.17100 43000.0   0.0000   17.3140    2.3080
       1226+023 052107 54780.22300 43000.0   0.0000   18.2980    2.5950
       1226+023 062136 54780.26500 43000.0   0.0000   19.0700    2.7420
       1226+023 040614 54781.17100 43000.0   0.0000   17.0430    2.2770
       1226+023 052107 54781.22300 43000.0   0.0000   17.2040    2.3870
       1226+023 062136 54781.26500 43000.0   0.0000   16.8500    2.4260
       1226+023 040740 54808.17200 43000.0   0.0000   21.1740    2.6170
       1226+023 052233 54808.22400 43000.0   0.0000   23.3260    2.9170
       1226+023 062136 54808.26500 43000.0   0.0000   23.6660    2.9450
       1226+023 040740 54809.17200 43000.0   0.0000   18.0470    2.3190
       1226+023 052233 54809.22400 43000.0   0.0000   20.1380    2.5790
       1226+023 062136 54809.26500 43000.0   0.0000   20.5840    2.5980
       1226+023 020516 54841.08700 43000.0   0.0000   23.7400    3.5800
       1226+023 032136 54841.14000 43000.0   0.0000   23.5900    3.5000
       1226+023 012204 54877.05700 43000.0   0.0000   22.7260    2.7590
       1226+023 000545 54879.00400 43000.0   0.0000   24.3830    3.0900
       1226+023 012204 54879.05700 43000.0   0.0000   24.9200    3.0190
       1226+023 185150 54929.78600 43000.0   0.0000   23.7690    2.3160
       1226+023 200643 54929.83800 43000.0   0.0000   22.7120    2.3320
       1226+023 212136 54929.89000 43000.0   0.0000   25.3720    2.6050
       1226+023 185150 54930.78600 43000.0   0.0000   25.6120    2.4430
       1226+023 200643 54930.83800 43000.0   0.0000   24.0460    2.4110
       1226+023 212136 54930.89000 43000.0   0.0000   26.3580    2.6570
       1226+023 170643 54960.71300 43000.0   0.0000   22.3800    2.4200
       1226+023 182136 54960.76500 43000.0   0.0000   22.6480    2.5580
       1226+023 170643 54961.71300 43000.0   0.0000   21.8020    2.3920
       1226+023 182136 54961.76500 43000.0   0.0000   23.9070    2.7220
       1226+023 125150 55009.53600 43000.0   0.0000   20.1650    2.0100
       1226+023 140643 55009.58800 43000.0   0.0000   17.7190    1.9480
       1226+023 152136 55009.64000 43000.0   0.0000   15.4910    1.7860
       1226+023 125150 55010.53600 43000.0   0.0000   17.4290    1.8060
       1226+023 151843 55010.63800 43000.0   0.0000   15.7600    1.7880
       1226+023 140516 55011.58700 43000.0   0.0000   17.7090    2.0770
       1226+023 152009 55011.63900 43000.0   0.0000   16.9490    1.8440
       1226+023 062302 55167.26600 43000.0   0.0000   23.6740    3.8870
       1226+023 052233 55168.22400 43000.0   0.0000   27.1720    4.0100
       1226+023 062302 55168.26600 43000.0   0.0000   25.9160    3.8800
       1226+023 050350 55175.21100 43000.0   0.0000   27.4860    3.5140
       1226+023 051521 55176.21900 43000.0   0.0000   27.1330    3.4810
       1226+023 045804 55177.20700 43000.0   0.0000   27.4200    3.5340
       1226+023 052107 55179.22300 43000.0   0.0000   26.8700    3.4740
       1226+023 042457 55187.18400 43000.0   0.0000   28.1620    3.5930
       1226+023 043043 55188.18800 43000.0   0.0000   30.2580    3.7550
       1226+023 040740 55189.17200 43000.0   0.0000   28.9360    3.6110
       1226+023 010614 55210.04600 43000.0   0.0000   27.0800    2.8810
       1226+023 022233 55210.09900 43000.0   0.0000   30.6460    3.3780
       1226+023 032136 55210.14000 43000.0   0.0000   29.5710    3.2670
       1226+023 022233 55211.09900 43000.0   0.0000   27.2030    3.0280
       1226+023 032302 55211.14100 43000.0   0.0000   27.3640    2.9660
       1226+023 020350 55212.08600 43000.0   0.0000   32.2680    3.4850
       1226+023 015804 55214.08200 43000.0   0.0000   29.6160    3.2480
       1226+023 065150 53355.28600  5000.0   0.0000   34.2080    0.3630
       1226+023 083657 53355.35900  5000.0   0.0000   33.9990    0.3630
       1226+023 064604 53357.28200  5000.0   0.0000   33.3270    0.3660
       1226+023 084409 53357.36400  5000.0   0.0000   34.3520    0.4470
       1226+023 064604 53358.28200  5000.0   0.0000   33.9050    0.3610
       1226+023 084409 53358.36400  5000.0   0.0000   34.3970    0.3790
       1226+023 064604 53359.28200  5000.0   0.0000   34.0950    0.3800
       1226+023 084409 53359.36400  5000.0   0.0000   34.1350    0.3660
       1226+023 030711 53382.13000  5000.0   0.0000   33.7480    0.4830
       1226+023 020223 53384.08500  5000.0   0.0000   34.0420    0.4900
       1226+023 030252 53385.12700  5000.0   0.0000   34.2640    0.4910
       1226+023 030252 53386.12700  5000.0   0.0000   34.3450    0.4890
       1226+023 030252 53387.12700  5000.0   0.0000   34.0950    0.4850
       1226+023 030252 53388.12700  5000.0   0.0000   34.1280    0.4860
       1226+023 030252 53389.12700  5000.0   0.0000   34.2420    0.4870
       1226+023 030252 53390.12700  5000.0   0.0000   34.2030    0.4910
       1226+023 231228 53444.96700  5000.0   0.0000   34.8700    0.5830
       1226+023 231355 53445.96800  5000.0   0.0000   34.8890    0.5830
       1226+023 231228 53448.96700  5000.0   0.0000   34.7500    0.5810
       1226+023 231228 53449.96700  5000.0   0.0000   34.7560    0.5810
       1226+023 231228 53450.96700  5000.0   0.0000   34.7310    0.5810
       1226+023 223209 53454.93900  5000.0   0.0000   34.9380    0.7070
       1226+023 224340 53454.94700  5000.0   0.0000   34.8430    0.7060
       1226+023 203111 53456.85500  5000.0   0.0000   35.1000    0.7270
       1226+023 204243 53456.86300  5000.0   0.0000   34.9480    0.7230
       1226+023 014507 53478.07300  5000.0   0.0000   34.7600    0.6120
       1226+023 015638 53478.08100  5000.0   0.0000   34.9810    0.6130
       1226+023 201228 53478.84200  5000.0   0.0000   34.9540    0.6170
       1226+023 170350 53510.71100  5000.0   0.0000   35.8020    0.8330
       1226+023 210838 53543.88100  5000.0   0.0000   34.7850    0.6860
       1226+023 154604 53544.65700  5000.0   0.0000   34.5460    0.6900
       1226+023 114243 53576.48800  5000.0   0.0000   35.2300    0.8490
       1226+023 162331 53577.68300  5000.0   0.0000   34.6740    0.8240
       1226+023 182302 53587.76600  5000.0   0.0000   34.8150    0.8820
       1226+023 143111 53605.60500  5000.0   0.0000   34.6870    0.7640
       1226+023 110223 53607.46000  5000.0   0.0000   35.7690    0.7750
       1226+023 074340 53639.32200  5000.0   0.0000   36.2870    0.7770
       1226+023 050809 53724.21400  5000.0   0.0000   34.9420    0.7770
       1226+023 234116 53763.98700  5000.0   0.0000   34.4060    0.8720
       1226+023 041159 53766.17500  5000.0   0.0000   34.9010    0.8840
       1226+023 034438 53770.15600  5000.0   0.0000   35.4120    0.5370
       1226+023 035736 53770.16500  5000.0   0.0000   35.4470    0.5390
       1226+023 003433 53826.02400  5000.0   0.0000   34.7320    0.9290
       1226+023 220907 53851.92300  5000.0   0.0000   34.0730    1.3050
       1226+023 222204 53851.93200  5000.0   0.0000   34.0910    1.3060
       1226+023 131326 53974.55100  5000.0   0.0000   32.7520    0.7030
       1226+023 132624 53974.56000  5000.0   0.0000   32.4030    0.6830
       1226+023 100155 54012.41800  5000.0   0.0000   36.1660    0.5150
       1226+023 101452 54012.42700  5000.0   0.0000   36.2230    0.5750
       1226+023 104047 54023.44500  5000.0   0.0000   35.2490    0.7500
       1226+023 105345 54023.45400  5000.0   0.0000   34.1360    0.7260
       1226+023 221452 54199.92700  5000.0   0.0000   35.6140    0.6610
       1226+023 222916 54199.93700  5000.0   0.0000   35.5680    0.6600
       1226+023 173657 54296.73400  5000.0   0.0000   36.8090    0.9830
       1226+023 174955 54296.74300  5000.0   0.0000   37.0320    0.9970
       1226+023 132038 54347.55600  5000.0   0.0000   36.7670    1.0500
       1226+023 133502 54347.56600  5000.0   0.0000   37.0710    1.0600
       1226+023 134800 54347.57500  5000.0   0.0000   37.1700    1.0600
       1226+023 103755 54374.44300  5000.0   0.0000   35.5870    0.8760
       1226+023 105052 54374.45200  5000.0   0.0000   37.7270    0.9020
       1226+023 131452 54668.55200  5000.0   0.0000   38.2820    1.7840
       1226+023 132750 54668.56100  5000.0   0.0000   37.9730    1.7760
       1226+023 121843 54689.51300  5000.0   0.0000   37.5090    0.8530
       1226+023 123140 54689.52200  5000.0   0.0000   37.3830    0.8680
       1226+023 095024 54779.41000  5000.0   0.0000   38.7410    0.8170
       1226+023 100447 54779.42000  5000.0   0.0000   38.8250    0.8250
       1226+023 224340 54912.94700  5000.0   0.0000   40.0080    1.3500
       1226+023 225638 54912.95600  5000.0   0.0000   40.3200    1.3200
       1226+023 220907 54953.92300  5000.0   0.0000   41.0540    2.1500
       1226+023 222204 54953.93200  5000.0   0.0000   40.9680    2.1210
       1226+023 182721 55002.76900  5000.0   0.0000   40.2430    1.4460
       1226+023 184145 55002.77900  5000.0   0.0000   40.0910    1.3420
       1226+023 151257 55034.63400  5000.0   0.0000   38.3560    1.4270
       1226+023 152721 55034.64400  5000.0   0.0000   38.8490    1.4230
       1226+023 144828 55062.61700  5000.0   0.0000   37.8200    1.2250
       1226+023 150126 55062.62600  5000.0   0.0000   37.7090    1.2060
       1226+023 093433 55099.39900  5000.0   0.0000   40.0630    0.9160
       1226+023 103335 55122.44000  5000.0   0.0000   40.4370    0.9280
       1226+023 104633 55122.44900  5000.0   0.0000   41.4330    0.9480
       1226+023 033852 55210.15200  5000.0   0.0000   39.5290    0.8290
       1226+023 035150 55210.16100  5000.0   0.0000   39.5170    0.8300
       1226+023 030711 53350.13000  8000.0   0.0000   27.8430    0.6590
       1226+023 051648 53350.22000  8000.0   0.0000   28.1020    0.6690
       1226+023 043335 53351.19000  8000.0   0.0000   28.2080    0.6640
       1226+023 040740 53352.17200  8000.0   0.0000   27.9520    0.6590
       1226+023 065443 53352.28800  8000.0   0.0000   27.7720    0.6550
       1226+023 100028 53352.41700  8000.0   0.0000   28.4220    0.6800
       1226+023 010321 53383.04400  8000.0   0.0000   28.3130    0.8990
       1226+023 025833 53383.12400  8000.0   0.0000   28.0910    0.8910
       1226+023 225804 53412.95700  8000.0   0.0000   29.3250    0.7160
       1226+023 002721 53413.01900  8000.0   0.0000   29.6540    0.7230
       1226+023 045931 53418.20800  8000.0   0.0000   29.4750    0.4760
       1226+023 231521 53451.96900  8000.0   0.0000   28.5430    0.3920
       1226+023 005902 53457.04100  8000.0   0.0000   29.0030    0.8760
       1226+023 011033 53457.04900  8000.0   0.0000   28.9080    0.8710
       1226+023 221326 53463.92600  8000.0   0.0000   28.6400    0.4280
       1226+023 221159 53464.92500  8000.0   0.0000   28.5320    0.4290
       1226+023 210545 53477.87900  8000.0   0.0000   28.8060    0.7810
       1226+023 211716 53477.88700  8000.0   0.0000   28.9470    0.7820
       1226+023 200643 53510.83800  8000.0   0.0000   28.8860    0.6960
       1226+023 161326 53543.67600  8000.0   0.0000   27.0040    0.8440
       1226+023 202107 53544.84800  8000.0   0.0000   29.1780    0.8940
       1226+023 173950 53576.73600  8000.0   0.0000   28.7440    0.6260
       1226+023 144243 53577.61300  8000.0   0.0000   28.8150    0.6170
       1226+023 103209 53605.43900  8000.0   0.0000   29.3110    0.9700
       1226+023 154604 53606.65700  8000.0   0.0000   28.0190    0.9330
       1226+023 140223 53637.58500  8000.0   0.0000   28.0970    0.5800
       1226+023 092009 53638.38900  8000.0   0.0000   29.0280    0.6100
       1226+023 035024 53721.16000  8000.0   0.0000   28.9390    0.6850
       1226+023 083531 53722.35800  8000.0   0.0000   29.1330    0.6960
       1226+023 003559 53742.02500  8000.0   0.0000   29.3640    0.6520
       1226+023 013628 53742.06700  8000.0   0.0000   29.2090    0.6490
       1226+023 025121 53742.11900  8000.0   0.0000   29.3200    0.6510
       1226+023 045512 53743.20500  8000.0   0.0000   28.6920    0.5920
       1226+023 051940 53744.22200  8000.0   0.0000   28.9220    0.5970
       1226+023 035150 53771.16100  8000.0   0.0000   30.1670    0.9920
       1226+023 040447 53771.17000  8000.0   0.0000   29.6870    0.9540
       1226+023 233531 53778.98300  8000.0   0.0000   28.4730    0.6440
       1226+023 003559 53779.02500  8000.0   0.0000   28.7470    0.6490
       1226+023 015052 53779.07700  8000.0   0.0000   28.2850    0.6390
       1226+023 004731 53805.03300  8000.0   0.0000   28.7940    0.7740
       1226+023 010028 53805.04200  8000.0   0.0000   29.0360    0.7860
       1226+023 233404 53830.98200  8000.0   0.0000   29.1850    1.4840
       1226+023 234243 53830.98800  8000.0   0.0000   29.0780    1.4740
       1226+023 214731 53850.90800  8000.0   0.0000   30.6110    0.9500
       1226+023 220155 53850.91800  8000.0   0.0000   28.9050    0.9140
       1226+023 210838 53859.88100  8000.0   0.0000   29.4240    0.6260
       1226+023 203657 53860.85900  8000.0   0.0000   29.4890    0.6330
       1226+023 165052 53907.70200  8000.0   0.0000   30.2940    0.8400
       1226+023 133043 53956.56300  8000.0   0.0000   30.2160    1.2550
       1226+023 131326 53973.55100  8000.0   0.0000   31.0830    0.6800
       1226+023 103043 54011.43800  8000.0   0.0000   31.4630    1.1980
       1226+023 102038 54022.43100  8000.0   0.0000   31.5120    1.0770
       1226+023 095609 54037.41400  8000.0   0.0000   31.5490    0.8150
       1226+023 081814 54059.34600  8000.0   0.0000   31.6180    1.5380
       1226+023 073043 54080.31300  8000.0   0.0000   31.8970    0.5080
       1226+023 062721 54099.26900  8000.0   0.0000   32.0750    0.6950
       1226+023 025248 54150.12000  8000.0   0.0000   32.3890    0.8540
       1226+023 230516 54185.96200  8000.0   0.0000   32.9220    1.9800
       1226+023 221745 54198.92900  8000.0   0.0000   32.8370    0.7080
       1226+023 223755 54219.94300  8000.0   0.0000   33.3110    0.9150
       1226+023 223755 54219.94300  8000.0   0.0000   33.3110    0.9150
       1226+023 163335 54275.69000  8000.0   0.0000   33.9600    1.1080
       1226+023 155024 54289.66000  8000.0   0.0000   33.9480    0.4910
       1226+023 172233 54295.72400  8000.0   0.0000   33.6340    1.0510
       1226+023 155024 54324.66000  8000.0   0.0000   34.6870    1.0190
       1226+023 133209 54343.56400  8000.0   0.0000   32.7890    1.0540
       1226+023 115121 54373.49400  8000.0   0.0000   34.6390    0.7900
       1226+023 082400 54421.35000  8000.0   0.0000   34.1980    0.9340
       1226+023 071159 54435.30000  8000.0   0.0000   34.8060    0.6020
       1226+023 045804 54477.20700  8000.0   0.0000   33.9540    1.7190
       1226+023 011452 54513.05200  8000.0   0.0000   34.5910    1.0180
       1226+023 204536 54575.86500  8000.0   0.0000   34.6570    0.9120
       1226+023 200350 54604.83600  8000.0   0.0000   34.7670    0.9140
       1226+023 164340 54640.69700  8000.0   0.0000   35.0510    0.7950
       1226+023 155736 54652.66500  8000.0   0.0000   34.7900    1.1240
       1226+023 151257 54667.63400  8000.0   0.0000   34.5340    1.2910
       1226+023 140350 54688.58600  8000.0   0.0000   34.9120    0.8520
       1226+023 115248 54723.49500  8000.0   0.0000   35.0150    1.7760
       1226+023 085414 54777.37100  8000.0   0.0000   35.4650    0.8610
       1226+023 234955 54951.99300  8000.0   0.0000   35.2240    1.1790
       1226+023 185150 55003.78600  8000.0   0.0000   35.4770    1.3450
       1226+023 181004 55035.75700  8000.0   0.0000   35.2470    0.7960
       1226+023 135345 55063.57900  8000.0   0.0000   34.7400    0.3040
       1226+023 135931 55076.58300  8000.0   0.0000   35.6780    1.1120
       1226+023 105638 55100.45600  8000.0   0.0000   34.2380    0.3880
       1226+023 102750 55123.43600  8000.0   0.0000   34.5310    1.3210
       1226+023 033140 55208.14700  8000.0   0.0000   35.4180    1.1260
       1253-055 025540 53373.12200 22000.0   0.0000   20.0330    1.2060
       1253-055 044800 53373.20000 22000.0   0.0000   19.0550    1.1470
       1253-055 025540 53374.12200 22000.0   0.0000   19.1790    1.1560
       1253-055 044800 53374.20000 22000.0   0.0000   19.0090    1.1430
       1253-055 025540 53377.12200 22000.0   0.0000   19.3620    1.1630
       1253-055 044800 53377.20000 22000.0   0.0000   19.4290    1.1680
       1253-055 025540 53378.12200 22000.0   0.0000   19.9800    1.2000
       1253-055 044800 53378.20000 22000.0   0.0000   20.4060    1.2270
       1253-055 025540 53380.12200 22000.0   0.0000   19.3760    1.1640
       1253-055 044800 53380.20000 22000.0   0.0000   19.6940    1.1830
       1253-055 025540 53381.12200 22000.0   0.0000   19.3410    1.1630
       1253-055 044800 53381.20000 22000.0   0.0000   19.2640    1.1580
       1253-055 004019 53414.02800 22000.0   0.0000   16.9330    0.5110
       1253-055 023950 53414.11100 22000.0   0.0000   16.2150    0.4910
       1253-055 003852 53416.02700 22000.0   0.0000   16.5380    0.5080
       1253-055 023950 53416.11100 22000.0   0.0000   16.7160    0.5100
       1253-055 221033 53441.92400 22000.0   0.0000   17.1140    0.4900
       1253-055 001004 53442.00700 22000.0   0.0000   17.2580    0.4920
       1253-055 221033 53442.92400 22000.0   0.0000   17.6410    0.5030
       1253-055 001004 53443.00700 22000.0   0.0000   17.2620    0.4940
       1253-055 221619 53443.92800 22000.0   0.0000   16.4240    0.4870
       1253-055 211004 53466.88200 22000.0   0.0000   17.1960    1.2580
       1253-055 230935 53466.96500 22000.0   0.0000   16.3280    1.1650
       1253-055 191033 53509.79900 22000.0   0.0000   14.9660    1.2920
       1253-055 191033 53510.79900 22000.0   0.0000   14.9430    1.3080
       1253-055 191033 53511.79900 22000.0   0.0000   14.8600    1.2810
       1253-055 133628 53606.56700 22000.0   0.0000   14.6190    0.9850
       1253-055 103209 53637.43900 22000.0   0.0000   15.6140    0.6690
       1253-055 104800 53637.45000 22000.0   0.0000   15.5590    0.6920
       1253-055 141648 53638.59500 22000.0   0.0000   15.6150    0.7470
       1253-055 143238 53638.60600 22000.0   0.0000   16.1070    0.7690
       1253-055 050516 53722.21200 22000.0   0.0000   16.3930    0.9200
       1253-055 051940 53722.22200 22000.0   0.0000   16.7370    0.9460
       1253-055 020809 53744.08900 22000.0   0.0000   16.9210    0.7730
       1253-055 022400 53744.10000 22000.0   0.0000   16.7810    0.7920
       1253-055 002009 53751.01400 22000.0   0.0000   14.4170    0.7360
       1253-055 061131 53753.25800 22000.0   0.0000   15.8360    0.8650
       1253-055 062009 53753.26400 22000.0   0.0000   16.4500    0.9240
       1253-055 052945 53754.22900 22000.0   0.0000   16.5540    0.9360
       1253-055 053657 53754.23400 22000.0   0.0000   15.2420    0.8600
       1253-055 002009 53765.01400 22000.0   0.0000   14.9090    0.7300
       1253-055 004019 53766.02800 22000.0   0.0000   15.7510    0.8880
       1253-055 005024 53766.03500 22000.0   0.0000   15.3390    0.7880
       1253-055 043755 53772.19300 22000.0   0.0000   16.3290    0.8110
       1253-055 045052 53772.20200 22000.0   0.0000   15.4540    0.8460
       1253-055 003559 53806.02500 22000.0   0.0000   16.7300    0.9710
       1253-055 004731 53806.03300 22000.0   0.0000   16.3900    0.9560
       1253-055 221326 53849.92600 22000.0   0.0000   18.2660    1.1090
       1253-055 222624 53849.93500 22000.0   0.0000   18.3490    1.1180
       1253-055 205707 53861.87300 22000.0   0.0000   20.4170    1.1590
       1253-055 211004 53861.88200 22000.0   0.0000   20.5230    1.1800
       1253-055 165512 53926.70500 22000.0   0.0000   19.8070    2.3310
       1253-055 150000 53955.62500 22000.0   0.0000   18.2940    1.3660
       1253-055 151257 53955.63400 22000.0   0.0000   19.7020    1.4570
       1253-055 141521 53972.59400 22000.0   0.0000   16.7810    1.1700
       1253-055 142945 53972.60400 22000.0   0.0000   15.8700    1.0410
       1253-055 101159 54021.42500 22000.0   0.0000   23.0790    1.1700
       1253-055 102457 54021.43400 22000.0   0.0000   23.7520    1.1860
       1253-055 082233 54057.34900 22000.0   0.0000   22.6450    1.3770
       1253-055 083531 54057.35800 22000.0   0.0000   24.5440    1.4280
       1253-055 084955 54057.36800 22000.0   0.0000   24.9950    1.4020
       1253-055 063307 54081.27300 22000.0   0.0000   24.3010    0.9070
       1253-055 064604 54081.28200 22000.0   0.0000   24.3230    0.9200
       1253-055 065902 54081.29100 22000.0   0.0000   24.8370    0.9070
       1253-055 070155 54097.29300 22000.0   0.0000   23.3580    1.4540
       1253-055 071452 54097.30200 22000.0   0.0000   24.2470    1.4950
       1253-055 072750 54097.31100 22000.0   0.0000   23.5430    1.4680
       1253-055 041326 54120.17600 22000.0   0.0000   25.4900    1.5280
       1253-055 042624 54120.18500 22000.0   0.0000   20.9470    2.6470
       1253-055 043921 54120.19400 22000.0   0.0000   22.7820    2.0320
       1253-055 015052 54148.07700 22000.0   0.0000   20.9690    0.7900
       1253-055 020350 54148.08600 22000.0   0.0000   21.7390    1.0710
       1253-055 021814 54148.09600 22000.0   0.0000   21.8590    1.2670
       1253-055 225052 54183.95200 22000.0   0.0000   19.8070    2.3310
       1253-055 230350 54183.96100 22000.0   0.0000   18.8460    2.6710
       1253-055 205833 54196.87400 22000.0   0.0000   19.4690    1.0510
       1253-055 211131 54196.88300 22000.0   0.0000   19.1700    1.0220
       1253-055 212555 54196.89300 22000.0   0.0000   19.3920    1.0380
       1253-055 220155 54217.91800 22000.0   0.0000   18.0180    0.9720
       1253-055 220155 54217.91800 22000.0   0.0000   18.0180    0.9720
       1253-055 221452 54217.92700 22000.0   0.0000   16.8770    1.0840
       1253-055 221452 54217.92700 22000.0   0.0000   16.8770    1.0840
       1253-055 222750 54217.93600 22000.0   0.0000   17.7700    1.1750
       1253-055 222750 54217.93600 22000.0   0.0000   17.7700    1.1750
       1253-055 165219 54273.70300 22000.0   0.0000   13.9550    0.9170
       1253-055 170516 54273.71200 22000.0   0.0000   14.0730    0.9090
       1253-055 171814 54273.72100 22000.0   0.0000   13.1160    0.8300
       1253-055 190028 54294.79200 22000.0   0.0000   15.5940    0.8700
       1253-055 191326 54294.80100 22000.0   0.0000   15.0960    0.8480
       1253-055 152428 54322.64200 22000.0   0.0000   13.5240    0.7950
       1253-055 153726 54322.65100 22000.0   0.0000   16.1320    0.8300
       1253-055 155024 54322.66000 22000.0   0.0000   12.8310    0.7510
       1253-055 141648 54344.59500 22000.0   0.0000   16.1760    0.7240
       1253-055 144116 54344.61200 22000.0   0.0000   15.9040    0.7180
       1253-055 131912 54372.55500 22000.0   0.0000   20.6860    0.5330
       1253-055 133209 54372.56400 22000.0   0.0000   20.1770    0.4480
       1253-055 042916 54456.18700 22000.0   0.0000   22.3450    1.1470
       1253-055 044340 54456.19700 22000.0   0.0000   21.8850    1.1460
       1253-055 045638 54456.20600 22000.0   0.0000   20.8160    1.0850
       1253-055 054955 54461.24300 22000.0   0.0000   20.2770    0.6440
       1253-055 060252 54461.25200 22000.0   0.0000   20.1790    0.6960
       1253-055 043755 54478.19300 22000.0   0.0000   19.2910    0.7970
       1253-055 045052 54478.20200 22000.0   0.0000   19.3070    0.7980
       1253-055 050516 54478.21200 22000.0   0.0000   18.3250    0.7680
       1253-055 022107 54511.09800 22000.0   0.0000   19.1040    0.9930
       1253-055 023531 54511.10800 22000.0   0.0000   19.5260    1.0540
       1253-055 024828 54511.11700 22000.0   0.0000   18.6270    1.0450
       1253-055 215024 54560.91000 22000.0   0.0000   20.5110    0.9470
       1253-055 220321 54560.91900 22000.0   0.0000   20.0120    0.9340
       1253-055 190028 54603.79200 22000.0   0.0000   20.4760    2.2480
       1253-055 182848 54639.77000 22000.0   0.0000   18.7990    1.8910
       1253-055 184145 54639.77900 22000.0   0.0000   18.7030    1.8820
       1253-055 174243 54651.73800 22000.0   0.0000   19.9320    3.0140
       1253-055 175707 54651.74800 22000.0   0.0000   20.8320    3.1380
       1253-055 162204 54666.68200 22000.0   0.0000   20.5690    1.8660
       1253-055 163502 54666.69100 22000.0   0.0000   20.3640    1.8490
       1253-055 120545 54722.50400 22000.0   0.0000   19.9470    3.9980
       1253-055 091423 54778.38500 22000.0   0.0000   23.2110    2.3780
       1253-055 092721 54778.39400 22000.0   0.0000   21.8460    2.2470
       1253-055 065443 54816.28800 22000.0   0.0000   21.9990    3.2210
       1253-055 001550 54912.01100 22000.0   0.0000   16.8700    1.7460
       1253-055 002848 54912.02000 22000.0   0.0000   16.2780    1.6790
       1253-055 233111 54952.98000 22000.0   0.0000   16.9240    1.3500
       1253-055 234409 54952.98900 22000.0   0.0000   16.2670    1.2730
       1253-055 181004 55001.75700 22000.0   0.0000   12.4240    1.6940
       1253-055 182302 55001.76600 22000.0   0.0000   12.5750    1.7020
       1253-055 154019 55033.65300 22000.0   0.0000   10.7880    1.0560
       1253-055 155443 55033.66300 22000.0   0.0000    9.7240    0.8780
       1253-055 100028 55098.41700 22000.0   0.0000   13.8000    0.9280
       1253-055 101326 55098.42600 22000.0   0.0000   12.2970    0.8690
       1253-055 101619 55121.42800 22000.0   0.0000   13.7000    1.1150
       1253-055 102916 55121.43700 22000.0   0.0000   13.2170    1.0830
       1253-055 051521 55209.21900 22000.0   0.0000   14.5120    0.7590
       1253-055 052945 55209.22900 22000.0   0.0000   14.8020    0.7560
       1253-055 180252 53468.75200 43000.0   0.0000   21.2680    2.1510
       1253-055 190321 53468.79400 43000.0   0.0000   21.4420    1.7420
       1253-055 220321 53468.91900 43000.0   0.0000   19.0840    1.3510
       1253-055 230223 53468.96000 43000.0   0.0000   19.2350    1.3590
       1253-055 203238 53469.85600 43000.0   0.0000   18.4790    1.3370
       1253-055 220321 53469.91900 43000.0   0.0000   20.5000    1.4470
       1253-055 230223 53469.96000 43000.0   0.0000   20.2350    1.4300
       1253-055 010321 53470.04400 43000.0   0.0000   18.3480    1.3270
       1253-055 214145 53825.90400 43000.0   0.0000   20.4090    6.4640
       1253-055 213726 53826.90100 43000.0   0.0000   19.0300    5.9550
       1253-055 214311 53827.90500 43000.0   0.0000   22.8400    7.5960
       1253-055 173657 53854.73400 43000.0   0.0000   21.2880    5.2770
       1253-055 194214 53854.82100 43000.0   0.0000   21.5590    3.6140
       1253-055 194214 53855.82100 43000.0   0.0000   25.2440    4.2400
       1253-055 184145 53878.77900 43000.0   0.0000   18.2410    2.9440
       1253-055 164214 53913.69600 43000.0   0.0000   14.5480    2.3810
       1253-055 113657 53951.48400 43000.0   0.0000   20.2930    4.6650
       1253-055 134340 53951.57200 43000.0   0.0000   17.4560    3.4310
       1253-055 103628 53971.44200 43000.0   0.0000   21.8600    5.8390
       1253-055 124438 53971.53100 43000.0   0.0000   22.7680    4.8720
       1253-055 083657 53998.35900 43000.0   0.0000   16.4690    3.4440
       1253-055 104340 53998.44700 43000.0   0.0000   18.9740    3.2950
       1253-055 104340 53999.44700 43000.0   0.0000   18.0970    3.1100
       1253-055 083657 54000.35900 43000.0   0.0000   17.9750    3.5710
       1253-055 104340 54000.44700 43000.0   0.0000   17.9470    3.1800
       1253-055 084409 54025.36400 43000.0   0.0000   17.2950    4.1560
       1253-055 084409 54026.36400 43000.0   0.0000   15.7540    3.7660
       1253-055 143657 54277.60900 43000.0   0.0000   12.2850    1.4880
       1253-055 163921 54277.69400 43000.0   0.0000   12.9950    1.4670
       1253-055 113531 54321.48300 43000.0   0.0000   16.3830    1.8810
       1253-055 134047 54321.57000 43000.0   0.0000   15.5010    1.7330
       1253-055 113657 54322.48400 43000.0   0.0000   14.5320    1.6970
       1253-055 134047 54322.57000 43000.0   0.0000   12.8890    1.4620
       1253-055 101745 54361.42900 43000.0   0.0000   14.5060    1.6610
       1253-055 104047 54365.44500 43000.0   0.0000   13.6530    1.5740
       1253-055 083657 54366.35900 43000.0   0.0000   17.4730    2.1830
       1253-055 065443 54389.28800 43000.0   0.0000   20.6630    2.0500
       1253-055 073628 54389.31700 43000.0   0.0000   19.2330    1.9250
       1253-055 094019 54389.40300 43000.0   0.0000   18.5660    1.8810
       1253-055 045052 54423.20200 43000.0   0.0000   21.7880    2.7570
       1253-055 065443 54423.28800 43000.0   0.0000   22.4370    2.7560
       1253-055 065902 54424.29100 43000.0   0.0000   21.7590    3.4750
       1253-055 045052 54436.20200 43000.0   0.0000   19.0620    5.1710
       1253-055 065443 54436.28800 43000.0   0.0000   19.1730    3.2610
       1253-055 065443 54437.28800 43000.0   0.0000   18.2800    3.1120
       1253-055 035150 54453.16100 43000.0   0.0000   20.0730    3.4150
       1253-055 055121 54453.24400 43000.0   0.0000   17.0950    2.6320
       1253-055 060252 54453.25200 43000.0   0.0000   16.0990    2.4950
       1253-055 035443 54479.16300 43000.0   0.0000   19.2120    2.6880
       1253-055 015219 54480.07800 43000.0   0.0000   21.8260    2.8890
       1253-055 035609 54480.16400 43000.0   0.0000   20.6830    2.8210
       1253-055 234536 54504.99000 43000.0   0.0000   17.5640    2.0090
       1253-055 020643 54505.08800 43000.0   0.0000   16.2830    1.9810
       1253-055 233238 54505.98100 43000.0   0.0000   18.2070    2.1040
       1253-055 234536 54505.99000 43000.0   0.0000   17.6070    2.0550
       1253-055 014800 54506.07500 43000.0   0.0000   18.0030    2.1670
       1253-055 234536 54506.99000 43000.0   0.0000   16.3870    1.9060
       1253-055 020643 54507.08800 43000.0   0.0000   17.6980    2.1370
       1253-055 221745 54521.92900 43000.0   0.0000   15.8990    1.6630
       1253-055 223628 54521.94200 43000.0   0.0000   14.9410    1.5520
       1253-055 221745 54522.92900 43000.0   0.0000   20.4610    2.1050
       1253-055 223628 54522.94200 43000.0   0.0000   17.4380    1.7890
       1253-055 010614 54523.04600 43000.0   0.0000   17.8590    1.9120
       1253-055 222038 54523.93100 43000.0   0.0000   19.5380    1.9200
       1253-055 223628 54523.94200 43000.0   0.0000   17.5530    1.7720
       1253-055 191745 54556.80400 43000.0   0.0000   22.1600    2.0220
       1253-055 193628 54556.81700 43000.0   0.0000   22.6040    2.0860
       1253-055 220614 54556.92100 43000.0   0.0000   23.4020    2.4030
       1253-055 191745 54557.80400 43000.0   0.0000   19.5940    1.8070
       1253-055 193628 54557.81700 43000.0   0.0000   22.9550    2.1000
       1253-055 220447 54557.92000 43000.0   0.0000   21.2530    2.2210
       1253-055 200643 54579.83800 43000.0   0.0000   17.4510    1.7530
       1253-055 171814 54580.72100 43000.0   0.0000   15.4880    1.4390
       1253-055 200643 54580.83800 43000.0   0.0000   17.2820    1.6810
       1253-055 190740 54596.79700 43000.0   0.0000   19.5120    2.1720
       1253-055 190740 54597.79700 43000.0   0.0000   16.7440    1.8530
       1253-055 163628 54598.69200 43000.0   0.0000   21.1440    2.4450
       1253-055 190740 54598.79700 43000.0   0.0000   23.1930    2.9100
       1253-055 152009 54611.63900 43000.0   0.0000   19.7760    1.7300
       1253-055 153726 54611.65100 43000.0   0.0000   20.3940    1.7750
       1253-055 180711 54611.75500 43000.0   0.0000   18.9760    1.8490
       1253-055 180711 54612.75500 43000.0   0.0000   19.6940    1.9130
       1253-055 160614 54641.67100 43000.0   0.0000   17.5220    2.1550
       1253-055 160614 54643.67100 43000.0   0.0000   18.8440    2.2710
       1253-055 150711 54655.63000 43000.0   0.0000   21.1250    3.1880
       1253-055 123014 54659.52100 43000.0   0.0000   21.3270    2.5300
       1253-055 150711 54659.63000 43000.0   0.0000   23.4680    3.5560
       1253-055 123140 54660.52200 43000.0   0.0000   21.4720    2.6250
       1253-055 140643 54679.58800 43000.0   0.0000   17.4620    1.8220
       1253-055 112107 54680.47300 43000.0   0.0000   21.6760    1.9790
       1253-055 113657 54680.48400 43000.0   0.0000   19.4020    1.7570
       1253-055 140643 54680.58800 43000.0   0.0000   15.5550    1.6650
       1253-055 111940 54681.47200 43000.0   0.0000   19.1740    1.7590
       1253-055 113657 54681.48400 43000.0   0.0000   18.9360    1.7410
       1253-055 140809 54681.58900 43000.0   0.0000   16.4070    1.7010
       1253-055 111940 54682.47200 43000.0   0.0000   18.3780    1.7460
       1253-055 113657 54682.48400 43000.0   0.0000   16.6950    1.6050
       1253-055 140643 54682.58800 43000.0   0.0000   16.3700    1.7060
       1253-055 095443 54707.41300 43000.0   0.0000   19.1540    1.9040
       1253-055 093307 54708.39800 43000.0   0.0000   22.4540    2.2820
       1253-055 120711 54709.50500 43000.0   0.0000   19.5230    2.0300
       1253-055 093852 54743.40200 43000.0   0.0000   16.9660    2.3230
       1253-055 073628 54744.31700 43000.0   0.0000   17.0070    2.1820
       1253-055 094019 54744.40300 43000.0   0.0000   17.3330    2.3930
       1253-055 073628 54745.31700 43000.0   0.0000   16.3500    2.0920
       1253-055 094145 54745.40400 43000.0   0.0000   14.2910    2.0270
       1253-055 043755 54779.19300 43000.0   0.0000   18.5300    2.4540
       1253-055 045052 54779.20200 43000.0   0.0000   17.6930    2.3360
       1253-055 065150 54779.28600 43000.0   0.0000   18.1540    2.5250
       1253-055 043755 54780.19300 43000.0   0.0000   22.1400    2.8720
       1253-055 045219 54780.20300 43000.0   0.0000   20.1190    2.6430
       1253-055 065150 54780.28600 43000.0   0.0000   20.9120    2.8800
       1253-055 043628 54781.19200 43000.0   0.0000   21.9690    2.8610
       1253-055 045219 54781.20300 43000.0   0.0000   20.1660    2.6570
       1253-055 065150 54781.28600 43000.0   0.0000   18.8840    2.6650
       1253-055 043755 54808.19300 43000.0   0.0000   21.7910    2.6600
       1253-055 045219 54808.20300 43000.0   0.0000   22.9690    2.8520
       1253-055 065150 54808.28600 43000.0   0.0000   22.9260    2.8120
       1253-055 070321 54808.29400 43000.0   0.0000   23.1670    2.8420
       1253-055 043755 54809.19300 43000.0   0.0000   18.8970    2.3650
       1253-055 045219 54809.20300 43000.0   0.0000   19.4060    2.4330
       1253-055 065150 54809.28600 43000.0   0.0000   19.2410    2.3870
       1253-055 070321 54809.29400 43000.0   0.0000   19.4420    2.4830
       1253-055 015219 54841.07800 43000.0   0.0000   23.9250    3.6800
       1253-055 035736 54841.16500 43000.0   0.0000   21.0920    3.0540
       1253-055 020643 54877.08800 43000.0   0.0000   13.7160    1.7080
       1253-055 234536 54878.99000 43000.0   0.0000   13.9910    1.7320
       1253-055 020643 54879.08800 43000.0   0.0000   14.9930    1.9810
       1253-055 192038 54929.80600 43000.0   0.0000   12.6610    1.1690
       1253-055 193628 54929.81700 43000.0   0.0000   11.8690    1.1460
       1253-055 220614 54929.92100 43000.0   0.0000   12.6250    1.2600
       1253-055 191745 54930.80400 43000.0   0.0000   12.7120    1.1810
       1253-055 193628 54930.81700 43000.0   0.0000   12.2330    1.1430
       1253-055 220614 54930.92100 43000.0   0.0000   12.8340    1.2780
       1253-055 190740 54960.79700 43000.0   0.0000   12.3020    1.3700
       1253-055 190740 54961.79700 43000.0   0.0000   12.0790    1.3600
       1253-055 132204 55009.55700 43000.0   0.0000    9.9690    0.9810
       1253-055 133628 55009.56700 43000.0   0.0000   10.4770    1.0650
       1253-055 160740 55010.67200 43000.0   0.0000   10.6210    1.1850
       1253-055 133628 55011.56700 43000.0   0.0000   10.1010    1.0530
       1253-055 072457 55152.30900 43000.0   0.0000   12.3890    1.4490
       1253-055 062721 55157.26900 43000.0   0.0000   14.0740    1.6640
       1253-055 071326 55157.30100 43000.0   0.0000   13.9700    1.6580
       1253-055 070740 55161.29700 43000.0   0.0000   14.4520    2.1360
       1253-055 062302 55164.26600 43000.0   0.0000   19.7680    2.8220
       1253-055 070740 55164.29700 43000.0   0.0000   18.8250    2.6320
       1253-055 070907 55165.29800 43000.0   0.0000   17.7390    2.8370
       1253-055 062302 55166.26600 43000.0   0.0000   20.5720    2.4940
       1253-055 065316 55167.28700 43000.0   0.0000   15.2140    2.5650
       1253-055 065316 55167.28700 43000.0   0.0000   15.2140    2.5650
       1253-055 044214 55168.19600 43000.0   0.0000   14.5080    2.1080
       1253-055 044214 55168.19600 43000.0   0.0000   14.5080    2.1080
       1253-055 044507 55168.19800 43000.0   0.0000   15.1620    2.1970
       1253-055 065316 55168.28700 43000.0   0.0000   14.7770    2.1670
       1253-055 051521 55175.21900 43000.0   0.0000   18.3170    2.2780
       1253-055 052107 55177.22300 43000.0   0.0000   18.3160    2.2820
       1253-055 053238 55179.23100 43000.0   0.0000   17.2570    2.1630
       1253-055 043335 55187.19000 43000.0   0.0000   16.7080    2.0920
       1253-055 044214 55188.19600 43000.0   0.0000   18.3930    2.2100
       1253-055 052819 55188.22800 43000.0   0.0000   19.0630    2.2920
       1253-055 041745 55189.17900 43000.0   0.0000   17.9840    2.2000
       1253-055 035024 55210.16000 43000.0   0.0000   15.5720    1.7520
       1253-055 035609 55211.16400 43000.0   0.0000   16.0550    1.7360
       1253-055 022652 55212.10200 43000.0   0.0000   17.0380    1.7870
       1253-055 025248 55212.12000 43000.0   0.0000   17.1160    1.8060
       1253-055 022233 55214.09900 43000.0   0.0000   17.2990    1.8270
       1253-055 024828 55214.11700 43000.0   0.0000   16.2730    1.7400
       1253-055 072038 53355.30600  5000.0   0.0000   11.3220    0.1280
       1253-055 075638 53355.33100  5000.0   0.0000   11.3250    0.1250
       1253-055 091550 53355.38600  5000.0   0.0000   11.3470    0.1240
       1253-055 071452 53357.30200  5000.0   0.0000   11.2580    0.1240
       1253-055 075931 53357.33300  5000.0   0.0000   11.0130    0.1390
       1253-055 091257 53357.38400  5000.0   0.0000   11.3230    0.1740
       1253-055 071452 53358.30200  5000.0   0.0000   11.3220    0.1210
       1253-055 075931 53358.33300  5000.0   0.0000   11.3400    0.1240
       1253-055 091257 53358.38400  5000.0   0.0000   11.3810    0.1250
       1253-055 071452 53359.30200  5000.0   0.0000   11.3640    0.1230
       1253-055 075931 53359.33300  5000.0   0.0000   11.3990    0.1230
       1253-055 091257 53359.38400  5000.0   0.0000   11.2210    0.1250
       1253-055 040321 53382.16900  5000.0   0.0000   11.1790    0.1610
       1253-055 030252 53384.12700  5000.0   0.0000   11.2570    0.1630
       1253-055 030252 53385.12700  5000.0   0.0000   11.3920    0.1650
       1253-055 030252 53386.12700  5000.0   0.0000   11.3390    0.1640
       1253-055 030545 53387.12900  5000.0   0.0000   11.2680    0.1630
       1253-055 030419 53388.12800  5000.0   0.0000   11.3270    0.1630
       1253-055 030252 53389.12700  5000.0   0.0000   11.4240    0.1650
       1253-055 231228 53444.96700  5000.0   0.0000   11.6020    0.1950
       1253-055 231228 53445.96700  5000.0   0.0000   11.7260    0.1970
       1253-055 231228 53448.96700  5000.0   0.0000   11.7190    0.1960
       1253-055 231228 53449.96700  5000.0   0.0000   11.7090    0.1960
       1253-055 231228 53450.96700  5000.0   0.0000   11.6770    0.1960
       1253-055 225512 53454.95500  5000.0   0.0000   11.9960    0.2560
       1253-055 230643 53454.96300  5000.0   0.0000   12.1840    0.2590
       1253-055 205414 53456.87100  5000.0   0.0000   12.4200    0.2840
       1253-055 210545 53456.87900  5000.0   0.0000   12.2500    0.2730
       1253-055 202400 53478.85000  5000.0   0.0000   12.3220    0.2310
       1253-055 223502 53478.94100  5000.0   0.0000   12.2340    0.2290
       1253-055 171228 53510.71700  5000.0   0.0000   12.7790    0.3110
       1253-055 185902 53510.79100  5000.0   0.0000   12.4360    0.2970
       1253-055 212009 53543.88900  5000.0   0.0000   12.2730    0.2580
       1253-055 155902 53544.66600  5000.0   0.0000   12.1990    0.2560
       1253-055 184438 53544.78100  5000.0   0.0000   12.1700    0.2530
       1253-055 132750 53576.56100  5000.0   0.0000   12.0700    0.3100
       1253-055 163628 53577.69200  5000.0   0.0000   12.1500    0.3030
       1253-055 183433 53587.77400  5000.0   0.0000   12.5440    0.3260
       1253-055 144409 53605.61400  5000.0   0.0000   13.1040    0.3010
       1253-055 111355 53607.46800  5000.0   0.0000   13.0820    0.3010
       1253-055 092136 53639.39000  5000.0   0.0000   12.7210    0.2610
       1253-055 111521 53639.46900  5000.0   0.0000   12.6570    0.2600
       1253-055 051940 53724.22200  5000.0   0.0000   13.0540    0.3010
       1253-055 081940 53724.34700  5000.0   0.0000   12.9960    0.2990
       1253-055 070907 53750.29800  5000.0   0.0000   13.2760    0.5450
       1253-055 071619 53750.30300  5000.0   0.0000   13.4770    0.5510
       1253-055 074507 53753.32300  5000.0   0.0000   12.9910    0.5370
       1253-055 065316 53754.28700  5000.0   0.0000   12.9870    0.5320
       1253-055 070155 53754.29300  5000.0   0.0000   13.0110    0.5300
       1253-055 012916 53764.06200  5000.0   0.0000   12.6030    0.3360
       1253-055 042038 53766.18100  5000.0   0.0000   12.7370    0.3630
       1253-055 040907 53770.17300  5000.0   0.0000   12.9040    0.2100
       1253-055 042204 53770.18200  5000.0   0.0000   13.0140    0.2130
       1253-055 010028 53826.04200  5000.0   0.0000   12.3990    0.3440
       1253-055 011159 53826.05000  5000.0   0.0000   12.4140    0.3410
       1253-055 223628 53851.94200  5000.0   0.0000   12.1710    0.4740
       1253-055 225052 53851.95200  5000.0   0.0000   12.1840    0.4730
       1253-055 134214 53974.57100  5000.0   0.0000   11.7700    0.2650
       1253-055 135512 53974.58000  5000.0   0.0000   11.8740    0.2940
       1253-055 103043 54012.43800  5000.0   0.0000   12.2790    0.6380
       1253-055 104340 54012.44700  5000.0   0.0000   12.5490    0.7750
       1253-055 110809 54023.46400  5000.0   0.0000   12.9190    0.4020
       1253-055 112233 54023.47400  5000.0   0.0000   13.9370    0.4160
       1253-055 224340 54199.94700  5000.0   0.0000   13.3950    0.2540
       1253-055 225638 54199.95600  5000.0   0.0000   13.4110    0.2550
       1253-055 180419 54296.75300  5000.0   0.0000   12.7770    0.4010
       1253-055 181716 54296.76200  5000.0   0.0000   13.2700    0.4000
       1253-055 140223 54347.58500  5000.0   0.0000   12.5070    0.3620
       1253-055 141521 54347.59400  5000.0   0.0000   12.5620    0.3610
       1253-055 142819 54347.60300  5000.0   0.0000   12.2520    0.3550
       1253-055 110516 54374.46200  5000.0   0.0000   12.7270    0.3520
       1253-055 111940 54374.47200  5000.0   0.0000   12.8460    0.3370
       1253-055 134214 54668.57100  5000.0   0.0000   12.4910    0.6420
       1253-055 135638 54668.58100  5000.0   0.0000   12.2080    0.5680
       1253-055 124604 54689.53200  5000.0   0.0000   11.8610    0.2820
       1253-055 125902 54689.54100  5000.0   0.0000   11.9420    0.3000
       1253-055 101912 54779.43000  5000.0   0.0000   11.5640    0.2670
       1253-055 103209 54779.43900  5000.0   0.0000   11.4990    0.2740
       1253-055 231102 54912.96600  5000.0   0.0000   11.6910    0.4710
       1253-055 232400 54912.97500  5000.0   0.0000   11.8470    0.4790
       1253-055 223628 54953.94200  5000.0   0.0000   11.0830    0.7800
       1253-055 225052 54953.95200  5000.0   0.0000   11.4220    0.7030
       1253-055 185609 55002.78900  5000.0   0.0000   11.0720    0.5360
       1253-055 154145 55034.65400  5000.0   0.0000   10.1690    0.4470
       1253-055 155609 55034.66400  5000.0   0.0000   10.2420    0.4520
       1253-055 151716 55062.63700  5000.0   0.0000    9.9490    0.4010
       1253-055 153140 55062.64700  5000.0   0.0000    9.7610    0.3680
       1253-055 095024 55099.41000  5000.0   0.0000    8.5110    0.2050
       1253-055 110223 55122.46000  5000.0   0.0000    9.3810    0.2410
       1253-055 111648 55122.47000  5000.0   0.0000    9.2640    0.2430
       1253-055 040740 55210.17200  5000.0   0.0000    9.1520    0.2050
       1253-055 042038 55210.18100  5000.0   0.0000    9.1330    0.2070
       1253-055 015931 53383.08300  8000.0   0.0000   13.7750    0.4370
       1253-055 035024 53383.16000  8000.0   0.0000   13.5440    0.4300
       1253-055 234243 53412.98800  8000.0   0.0000   14.3080    0.3490
       1253-055 011159 53413.05000  8000.0   0.0000   14.2040    0.3460
       1253-055 231814 53451.97100  8000.0   0.0000   13.6600    0.1870
       1253-055 012204 53457.05700  8000.0   0.0000   13.7270    0.4300
       1253-055 013335 53457.06500  8000.0   0.0000   13.8370    0.4290
       1253-055 211257 53463.88400  8000.0   0.0000   13.8620    0.2080
       1253-055 231228 53463.96700  8000.0   0.0000   13.7760    0.2060
       1253-055 210711 53464.88000  8000.0   0.0000   13.7650    0.2080
       1253-055 231355 53464.96800  8000.0   0.0000   13.7340    0.2060
       1253-055 212848 53477.89500  8000.0   0.0000   14.0810    0.3960
       1253-055 214019 53477.90300  8000.0   0.0000   13.9140    0.3840
       1253-055 201521 53510.84400  8000.0   0.0000   13.8910    0.3420
       1253-055 224340 53510.94700  8000.0   0.0000   13.7210    0.3370
       1253-055 162624 53543.68500  8000.0   0.0000   13.2790    0.9210
       1253-055 203238 53544.85600  8000.0   0.0000   14.0600    0.4860
       1253-055 175121 53576.74400  8000.0   0.0000   14.1290    0.3180
       1253-055 145414 53577.62100  8000.0   0.0000   14.3130    0.3170
       1253-055 104340 53605.44700  8000.0   0.0000   14.8500    0.4970
       1253-055 125736 53605.54000  8000.0   0.0000   14.2420    0.4800
       1253-055 141521 53637.59400  8000.0   0.0000   14.6710    0.3070
       1253-055 093307 53638.39800  8000.0   0.0000   14.9830    0.3130
       1253-055 120000 53638.50000  8000.0   0.0000   14.4750    0.3020
       1253-055 040321 53721.16900  8000.0   0.0000   13.8010    0.3390
       1253-055 061843 53721.26300  8000.0   0.0000   13.7460    0.3310
       1253-055 084702 53722.36600  8000.0   0.0000   14.1950    0.3460
       1253-055 012038 53742.05600  8000.0   0.0000   14.0690    0.3140
       1253-055 032721 53742.14400  8000.0   0.0000   13.9420    0.3100
       1253-055 050643 53743.21300  8000.0   0.0000   13.7920    0.2950
       1253-055 053111 53744.23000  8000.0   0.0000   14.0310    0.3230
       1253-055 062848 53750.27000  8000.0   0.0000   14.4120    0.3720
       1253-055 063726 53750.27600  8000.0   0.0000   13.3610    0.2720
       1253-055 065736 53753.29000  8000.0   0.0000   14.3120    0.2440
       1253-055 070614 53753.29600  8000.0   0.0000   13.7020    0.2420
       1253-055 061423 53754.26000  8000.0   0.0000   13.7770    0.2330
       1253-055 062302 53754.26600  8000.0   0.0000   13.7400    0.2310
       1253-055 042916 53771.18700  8000.0   0.0000   13.6360    0.5210
       1253-055 002136 53779.01500  8000.0   0.0000   13.0010    0.2950
       1253-055 022652 53779.10200  8000.0   0.0000   12.9490    0.2920
       1253-055 011326 53805.05100  8000.0   0.0000   12.9300    0.3510
       1253-055 012624 53805.06000  8000.0   0.0000   13.0270    0.3570
       1253-055 235248 53830.99500  8000.0   0.0000   12.6760    0.6720
       1253-055 000252 53831.00200  8000.0   0.0000   12.8830    0.6590
       1253-055 222750 53850.93600  8000.0   0.0000   13.7980    0.4610
       1253-055 213433 53859.89900  8000.0   0.0000   13.8620    0.3220
       1253-055 210252 53860.87700  8000.0   0.0000   13.7530    0.3030
       1253-055 171648 53907.72000  8000.0   0.0000   15.2270    0.4230
       1253-055 135638 53956.58100  8000.0   0.0000   14.9330    0.6250
       1253-055 133921 53973.56900  8000.0   0.0000   14.8230    0.3670
       1253-055 105638 54011.45600  8000.0   0.0000   15.8790    0.6170
       1253-055 104633 54022.44900  8000.0   0.0000   15.4670    0.6700
       1253-055 102204 54037.43200  8000.0   0.0000   17.2030    0.4940
       1253-055 084409 54059.36400  8000.0   0.0000   18.7040    1.3960
       1253-055 075638 54080.33100  8000.0   0.0000   16.8480    0.2860
       1253-055 065316 54099.28700  8000.0   0.0000   16.5160    0.3680
       1253-055 031843 54150.13800  8000.0   0.0000   16.8320    0.4500
       1253-055 233111 54185.98000  8000.0   0.0000   16.0930    0.9720
       1253-055 224340 54198.94700  8000.0   0.0000   15.6810    0.3380
       1253-055 230350 54219.96100  8000.0   0.0000   15.2640    0.4200
       1253-055 230350 54219.96100  8000.0   0.0000   15.2640    0.4200
       1253-055 170643 54275.71300  8000.0   0.0000   14.2230    0.4940
       1253-055 161619 54289.67800  8000.0   0.0000   13.8770    0.2260
       1253-055 174828 54295.74200  8000.0   0.0000   13.4970    0.4290
       1253-055 161619 54324.67800  8000.0   0.0000   13.5570    0.4200
       1253-055 135804 54343.58200  8000.0   0.0000   13.4900    0.8930
       1253-055 121716 54373.51200  8000.0   0.0000   13.3860    0.3360
       1253-055 084955 54421.36800  8000.0   0.0000   12.9760    0.6260
       1253-055 073755 54435.31800  8000.0   0.0000   14.1110    0.2510
       1253-055 052400 54477.22500  8000.0   0.0000   13.4800    0.6920
       1253-055 014047 54513.07000  8000.0   0.0000   13.6270    0.3650
       1253-055 211131 54575.88300  8000.0   0.0000   14.4010    0.3810
       1253-055 203823 54604.86000  8000.0   0.0000   14.2250    0.3730
       1253-055 171814 54640.72100  8000.0   0.0000   13.9400    0.3220
       1253-055 163209 54652.68900  8000.0   0.0000   13.0300    0.5310
       1253-055 154731 54667.65800  8000.0   0.0000   14.2540    0.4750
       1253-055 143823 54688.61000  8000.0   0.0000   14.4870    0.3520
       1253-055 122555 54723.51800  8000.0   0.0000   13.1280    0.7620
       1253-055 092848 54777.39500  8000.0   0.0000   13.7710    0.3450
       1253-055 002302 54952.01600  8000.0   0.0000   13.0310    0.5120
       1253-055 192624 55003.81000  8000.0   0.0000   11.7950    0.4540
       1253-055 184438 55035.78100  8000.0   0.0000   10.7940    0.2790
       1253-055 142819 55063.60300  8000.0   0.0000   10.7170    0.1330
       1253-055 143404 55076.60700  8000.0   0.0000   10.5880    0.3790
       1253-055 112233 55100.47400  8000.0   0.0000   10.4220    0.6820
       1253-055 110223 55123.46000  8000.0   0.0000    9.9670    1.0510
       1253-055 040614 55208.17100  8000.0   0.0000   10.1170    0.4140
       1334-127 200350 53509.83600 22000.0   0.0000    7.0800    0.7330
       1334-127 200350 53510.83600 22000.0   0.0000    6.7880    0.6910
       1334-127 105931 53637.45800 22000.0   0.0000    6.1110    0.5730
       1334-127 111102 53637.46600 22000.0   0.0000    5.6880    0.4820
       1334-127 145540 53638.62200 22000.0   0.0000    6.1760    0.6510
       1334-127 053111 53722.23000 22000.0   0.0000    5.3020    0.4070
       1334-127 054243 53722.23800 22000.0   0.0000    4.9890    0.3950
       1334-127 005024 53751.03500 22000.0   0.0000    5.1530    0.2820
       1334-127 051814 53772.22100 22000.0   0.0000    4.6710    0.4480
       1334-127 053111 53772.23000 22000.0   0.0000    4.2370    0.4270
       1334-127 054243 53772.23800 22000.0   0.0000    4.3880    0.3970
       1334-127 015345 53806.07900 22000.0   0.0000    4.8480    0.4950
       1334-127 020643 53806.08800 22000.0   0.0000    4.3390    0.4870
       1334-127 021814 53806.09600 22000.0   0.0000    4.2540    0.4700
       1334-127 002848 53850.02000 22000.0   0.0000    3.7750    0.5690
       1334-127 004145 53850.02900 22000.0   0.0000    4.2700    0.5120
       1334-127 230935 53861.96500 22000.0   0.0000    4.4990    0.4460
       1334-127 232233 53861.97400 22000.0   0.0000    4.6580    0.4640
       1334-127 164633 53955.69900 22000.0   0.0000    4.4240    0.5000
       1334-127 165931 53955.70800 22000.0   0.0000    4.8180    0.5200
       1334-127 120000 54010.50000 22000.0   0.0000    3.7860    0.6630
       1334-127 110350 54021.46100 22000.0   0.0000    5.9620    0.5200
       1334-127 111648 54021.47000 22000.0   0.0000    6.0050    0.5220
       1334-127 090545 54058.37900 22000.0   0.0000    5.6930    0.6230
       1334-127 091843 54058.38800 22000.0   0.0000    5.3480    0.4990
       1334-127 093307 54058.39800 22000.0   0.0000    5.1570    0.4290
       1334-127 094604 54058.40700 22000.0   0.0000    5.1090    0.3820
       1334-127 063140 54098.27200 22000.0   0.0000    5.1500    0.5200
       1334-127 064438 54098.28100 22000.0   0.0000    5.4380    0.5150
       1334-127 065736 54098.29000 22000.0   0.0000    5.0350    0.6860
       1334-127 071033 54098.29900 22000.0   0.0000    6.4030    0.6810
       1334-127 045804 54121.20700 22000.0   0.0000    5.4260    0.7610
       1334-127 051102 54121.21600 22000.0   0.0000    5.7510    0.5180
       1334-127 052526 54121.22600 22000.0   0.0000    6.4140    0.5960
       1334-127 053823 54121.23500 22000.0   0.0000    5.2310    0.5060
       1334-127 032721 54149.14400 22000.0   0.0000    5.8600    0.5730
       1334-127 034019 54149.15300 22000.0   0.0000    5.2820    0.5470
       1334-127 035316 54149.16200 22000.0   0.0000    4.1490    0.5030
       1334-127 040614 54149.17100 22000.0   0.0000    4.9980    0.4230
       1334-127 235248 54197.99500 22000.0   0.0000    4.5280    0.7890
       1334-127 000545 54198.00400 22000.0   0.0000    4.4800    0.9350
       1334-127 002009 54198.01400 22000.0   0.0000    4.5020    0.7540
       1334-127 002721 54219.01900 22000.0   0.0000    5.1690    1.2000
       1334-127 002721 54219.01900 22000.0   0.0000    5.1690    1.2000
       1334-127 004019 54219.02800 22000.0   0.0000    7.1720    0.7570
       1334-127 004019 54219.02800 22000.0   0.0000    7.1720    0.7570
       1334-127 163502 54274.69100 22000.0   0.0000    7.5800    0.6550
       1334-127 164800 54274.70000 22000.0   0.0000    7.2460    0.7220
       1334-127 170057 54274.70900 22000.0   0.0000    7.5630    0.6990
       1334-127 171521 54274.71900 22000.0   0.0000    6.2120    0.6050
       1334-127 173238 54288.73100 22000.0   0.0000    9.1770    0.6070
       1334-127 174702 54288.74100 22000.0   0.0000    8.2080    0.5770
       1334-127 175833 54294.74900 22000.0   0.0000    7.1890    0.5290
       1334-127 181131 54294.75800 22000.0   0.0000    6.7360    0.5070
       1334-127 144955 54323.61800 22000.0   0.0000    6.3300    0.4960
       1334-127 151716 54323.63700 22000.0   0.0000    7.9970    0.5870
       1334-127 140350 54345.58600 22000.0   0.0000    5.6830    0.4540
       1334-127 141648 54345.59500 22000.0   0.0000    6.0160    0.5240
       1334-127 143111 54345.60500 22000.0   0.0000    6.9670    0.4610
       1334-127 144409 54345.61400 22000.0   0.0000    7.7050    0.4830
       1334-127 121716 54372.51200 22000.0   0.0000    5.8910    0.4690
       1334-127 123014 54372.52100 22000.0   0.0000    6.2100    0.3800
       1334-127 070614 54457.29600 22000.0   0.0000    8.3490    0.5450
       1334-127 072038 54457.30600 22000.0   0.0000    9.4970    0.6200
       1334-127 073335 54457.31500 22000.0   0.0000    7.6680    0.5020
       1334-127 074633 54457.32400 22000.0   0.0000    7.6010    0.5860
       1334-127 064731 54461.28300 22000.0   0.0000    8.5370    0.3620
       1334-127 070028 54461.29200 22000.0   0.0000    7.8550    0.3390
       1334-127 060711 54479.25500 22000.0   0.0000    7.8160    0.5400
       1334-127 024702 54512.11600 22000.0   0.0000    6.4150    0.4510
       1334-127 030000 54512.12500 22000.0   0.0000    6.2010    0.4060
       1334-127 031257 54512.13400 22000.0   0.0000    5.8930    0.3580
       1334-127 032555 54512.14300 22000.0   0.0000    6.4740    0.3880
       1334-127 005150 54561.03600 22000.0   0.0000    7.3610    0.8520
       1334-127 232819 54576.97800 22000.0   0.0000    6.5420    1.1610
       1334-127 205414 54603.87100 22000.0   0.0000    5.6220    1.8600
       1334-127 210711 54603.88000 22000.0   0.0000    5.5470    1.7640
       1334-127 205833 54639.87400 22000.0   0.0000    5.1380    0.5670
       1334-127 211131 54639.88300 22000.0   0.0000    4.9300    0.5580
       1334-127 201355 54651.84300 22000.0   0.0000    6.8400    1.0810
       1334-127 202652 54651.85200 22000.0   0.0000    4.1830    0.7220
       1334-127 171940 54666.72200 22000.0   0.0000    7.0120    0.6630
       1334-127 173238 54666.73100 22000.0   0.0000    5.0790    0.4960
       1334-127 161159 54687.67500 22000.0   0.0000    6.1140    0.7600
       1334-127 162457 54687.68400 22000.0   0.0000    6.0020    0.7530
       1334-127 131745 54722.55400 22000.0   0.0000    4.0770    1.3280
       1334-127 101159 54778.42500 22000.0   0.0000    6.9540    0.9030
       1334-127 102457 54778.43400 22000.0   0.0000    6.6800    0.9030
       1334-127 075219 54816.32800 22000.0   0.0000    6.1620    0.7380
       1334-127 080516 54816.33700 22000.0   0.0000    6.5220    0.7220
       1334-127 011326 54912.05100 22000.0   0.0000    5.5670    0.7120
       1334-127 012624 54912.06000 22000.0   0.0000    6.8220    0.8840
       1334-127 002848 54953.02000 22000.0   0.0000    7.9270    0.9560
       1334-127 004311 54953.03000 22000.0   0.0000    8.3090    0.9370
       1334-127 190907 55001.79800 22000.0   0.0000    6.6600    1.0180
       1334-127 170643 55033.71300 22000.0   0.0000    6.5110    0.7420
       1334-127 133209 55098.56400 22000.0   0.0000    6.5500    0.5280
       1334-127 134633 55098.57400 22000.0   0.0000    5.3430    0.4700
       1334-127 114536 55121.49000 22000.0   0.0000    5.7850    0.6430
       1334-127 120000 55121.50000 22000.0   0.0000    6.0940    0.8330
       1334-127 064604 55209.28200 22000.0   0.0000    5.1840    0.3310
       1334-127 065902 55209.29100 22000.0   0.0000    4.7480    0.4150
       1334-127 200643 53825.83800 43000.0   0.0000    3.9100    1.6570
       1334-127 205121 53825.86900 43000.0   0.0000    3.7750    1.4310
       1334-127 200643 53826.83800 43000.0   0.0000    4.3860    1.8450
       1334-127 205121 53827.86900 43000.0   0.0000    4.1030    1.6240
       1334-127 185150 53854.78600 43000.0   0.0000    4.4630    1.3490
       1334-127 180545 53855.75400 43000.0   0.0000    4.2170    2.2850
       1334-127 185150 53855.78600 43000.0   0.0000    5.1250    1.8190
       1334-127 175121 53878.74400 43000.0   0.0000    1.6600    0.7030
       1334-127 155150 53913.66100 43000.0   0.0000    2.4360    0.7220
       1334-127 145121 53928.61900 43000.0   0.0000    1.9380    0.6210
       1334-127 120545 53951.50400 43000.0   0.0000    2.6470    0.9180
       1334-127 125150 53951.53600 43000.0   0.0000    2.4360    0.7710
       1334-127 110643 53971.46300 43000.0   0.0000    4.7110    1.5460
       1334-127 115121 53971.49400 43000.0   0.0000    5.4010    1.6340
       1334-127 095150 53998.41100 43000.0   0.0000    4.3410    1.0460
       1334-127 090545 53999.37900 43000.0   0.0000    3.6460    0.9750
       1334-127 095150 53999.41100 43000.0   0.0000    3.7520    0.8860
       1334-127 095150 54000.41100 43000.0   0.0000    3.9490    0.9290
       1334-127 075052 54026.32700 43000.0   0.0000    3.0800    1.2500
       1334-127 150711 54277.63000 43000.0   0.0000    7.7230    1.1190
       1334-127 155150 54277.66100 43000.0   0.0000    7.8910    0.9990
       1334-127 120545 54321.50400 43000.0   0.0000    8.5050    1.2230
       1334-127 125150 54321.53600 43000.0   0.0000    7.2810    0.8620
       1334-127 120711 54322.50500 43000.0   0.0000    5.9850    0.8140
       1334-127 125150 54322.53600 43000.0   0.0000    5.9320    0.7210
       1334-127 090711 54365.38000 43000.0   0.0000   12.1760    1.4200
       1334-127 090252 54366.37700 43000.0   0.0000    8.5820    1.2480
       1334-127 094857 54366.40900 43000.0   0.0000   11.6940    1.3210
       1334-127 080643 54389.33800 43000.0   0.0000   10.3690    1.1110
       1334-127 085248 54389.37000 43000.0   0.0000    9.7110    1.0580
       1334-127 080223 54390.33500 43000.0   0.0000   11.4550    1.2210
       1334-127 085414 54390.37100 43000.0   0.0000   11.5140    1.1550
       1334-127 052233 54422.22400 43000.0   0.0000    7.3610    1.1180
       1334-127 060711 54422.25500 43000.0   0.0000    7.7610    1.0480
       1334-127 052107 54423.22300 43000.0   0.0000    9.8320    1.3020
       1334-127 060711 54423.25500 43000.0   0.0000   10.2070    1.3290
       1334-127 060838 54437.25600 43000.0   0.0000   10.7110    3.2720
       1334-127 042204 54453.18200 43000.0   0.0000    7.6770    1.2520
       1334-127 050643 54453.21300 43000.0   0.0000    7.4670    1.2040
       1334-127 022107 54480.09800 43000.0   0.0000   10.0070    1.3490
       1334-127 030419 54480.12800 43000.0   0.0000    9.5310    1.3300
       1334-127 002136 54505.01500 43000.0   0.0000    7.7130    0.8810
       1334-127 010740 54505.04700 43000.0   0.0000    8.0360    0.9330
       1334-127 001131 54506.00800 43000.0   0.0000    7.8990    0.9240
       1334-127 005316 54506.03700 43000.0   0.0000    7.5140    0.8870
       1334-127 002136 54507.01500 43000.0   0.0000    6.9380    0.8060
       1334-127 010740 54507.04700 43000.0   0.0000    7.6730    0.8930
       1334-127 000711 54523.00500 43000.0   0.0000    7.7630    0.8040
       1334-127 202107 54556.84800 43000.0   0.0000    7.7050    0.6990
       1334-127 210711 54556.88000 43000.0   0.0000    7.9930    0.7610
       1334-127 202233 54557.84900 43000.0   0.0000    6.8480    0.6850
       1334-127 210711 54557.88000 43000.0   0.0000    8.2610    0.7980
       1334-127 182136 54579.76500 43000.0   0.0000    7.4370    0.6680
       1334-127 190614 54579.79600 43000.0   0.0000    6.2280    0.6100
       1334-127 190740 54580.79700 43000.0   0.0000    7.5290    0.7130
       1334-127 172107 54598.72300 43000.0   0.0000    8.8900    1.1490
       1334-127 180545 54598.75400 43000.0   0.0000    8.2370    0.9930
       1334-127 170643 54611.71300 43000.0   0.0000    5.1300    0.4910
       1334-127 170643 54612.71300 43000.0   0.0000    5.1140    0.4870
       1334-127 140643 54659.58800 43000.0   0.0000    6.9600    0.9120
       1334-127 132204 54660.55700 43000.0   0.0000    6.7560    0.8780
       1334-127 122136 54680.51500 43000.0   0.0000    4.5450    0.4620
       1334-127 130614 54680.54600 43000.0   0.0000    4.8020    0.5120
       1334-127 122136 54681.51500 43000.0   0.0000    5.7690    0.5250
       1334-127 130614 54681.54600 43000.0   0.0000    4.4920    0.4620
       1334-127 102204 54708.43200 43000.0   0.0000    7.0000    0.8010
       1334-127 110809 54708.46400 43000.0   0.0000    6.3180    0.6520
       1334-127 110643 54709.46300 43000.0   0.0000    8.4390    0.9120
       1334-127 110643 54710.46300 43000.0   0.0000    7.6130    0.7930
       1334-127 080643 54744.33800 43000.0   0.0000    6.4090    0.8300
       1334-127 085121 54744.36900 43000.0   0.0000    5.3810    0.7240
       1334-127 080516 54745.33700 43000.0   0.0000    5.6300    0.7710
       1334-127 085121 54745.36900 43000.0   0.0000    4.3590    0.5880
       1334-127 053657 54779.23400 43000.0   0.0000    5.1110    0.6830
       1334-127 060711 54779.25500 43000.0   0.0000    4.3350    0.6000
       1334-127 053531 54780.23300 43000.0   0.0000    5.9600    0.8020
       1334-127 060711 54780.25500 43000.0   0.0000    5.9610    0.7950
       1334-127 053657 54781.23400 43000.0   0.0000    5.9700    0.8130
       1334-127 060711 54781.25500 43000.0   0.0000    5.6570    0.7860
       1334-127 053657 54808.23400 43000.0   0.0000    8.4150    1.0550
       1334-127 060711 54808.25500 43000.0   0.0000    7.5590    0.9580
       1334-127 053657 54809.23400 43000.0   0.0000    7.1400    0.9300
       1334-127 060711 54809.25500 43000.0   0.0000    7.1760    0.9190
       1334-127 025540 54841.12200 43000.0   0.0000    5.1120    1.1380
       1334-127 022107 54842.09800 43000.0   0.0000    5.5000    1.0220
       1334-127 002302 54877.01600 43000.0   0.0000    6.4990    0.8780
       1334-127 010614 54877.04600 43000.0   0.0000    6.3640    0.8530
       1334-127 002136 54879.01500 43000.0   0.0000    6.5900    0.9160
       1334-127 010614 54879.04600 43000.0   0.0000    6.5300    0.9300
       1334-127 202107 54929.84800 43000.0   0.0000    6.3050    0.5820
       1334-127 210711 54929.88000 43000.0   0.0000    6.9120    0.6630
       1334-127 202107 54930.84800 43000.0   0.0000    7.0810    0.6510
       1334-127 210711 54930.88000 43000.0   0.0000    6.9460    0.6490
       1334-127 172107 54960.72300 43000.0   0.0000    6.3640    0.6130
       1334-127 180711 54960.75500 43000.0   0.0000    6.5830    0.6610
       1334-127 172107 54961.72300 43000.0   0.0000    4.8450    0.4850
       1334-127 180711 54961.75500 43000.0   0.0000    6.5380    0.6780
       1334-127 150711 55009.63000 43000.0   0.0000    4.9740    0.5660
       1334-127 141940 55011.59700 43000.0   0.0000    4.5110    0.7050
       1334-127 150711 55011.63000 43000.0   0.0000    4.8030    0.5390
       1334-127 053657 55167.23400 43000.0   0.0000    4.6130    0.8720
       1334-127 053657 55167.23400 43000.0   0.0000    4.6130    0.8720
       1334-127 053657 55168.23400 43000.0   0.0000    5.5350    0.8190
       1334-127 053657 55168.23400 43000.0   0.0000    5.6430    0.8400
       1334-127 053657 55168.23400 43000.0   0.0000    5.6430    0.8400
       1334-127 060711 55168.25500 43000.0   0.0000    5.0850    0.7870
       1334-127 023657 55210.10900 43000.0   0.0000    4.5860    0.4910
       1334-127 030711 55210.13000 43000.0   0.0000    4.8300    0.5200
       1334-127 023657 55211.10900 43000.0   0.0000    4.0140    0.4250
       1334-127 183726 53503.77600  5000.0   0.0000    5.2170    0.1460
       1334-127 211131 53503.88300  5000.0   0.0000    5.1890    0.1400
       1334-127 232400 53503.97500  5000.0   0.0000    5.1940    0.1380
       1334-127 182721 53504.76900  5000.0   0.0000    5.4890    0.1780
       1334-127 210419 53504.87800  5000.0   0.0000    5.2100    0.1410
       1334-127 231814 53504.97100  5000.0   0.0000    5.1070    0.1360
       1334-127 182302 53505.76600  5000.0   0.0000    4.9790    0.1370
       1334-127 210000 53505.87500  5000.0   0.0000    4.9100    0.1320
       1334-127 231228 53505.96700  5000.0   0.0000    4.9380    0.1330
       1334-127 162624 53544.68500  5000.0   0.0000    5.2070    0.1430
       1334-127 185609 53544.78900  5000.0   0.0000    5.0890    0.1340
       1334-127 133921 53576.56900  5000.0   0.0000    4.8530    0.1600
       1334-127 170350 53577.71100  5000.0   0.0000    4.6020    0.1400
       1334-127 093307 53639.39800  5000.0   0.0000    4.9160    0.1250
       1334-127 114243 53639.48800  5000.0   0.0000    4.8620    0.1210
       1334-127 144116 53639.61200  5000.0   0.0000    4.6320    0.1250
       1334-127 054702 53724.24100  5000.0   0.0000    3.5160    0.1130
       1334-127 083238 53724.35600  5000.0   0.0000    3.6300    0.1150
       1334-127 014047 53764.07000  5000.0   0.0000    3.7160    0.1370
       1334-127 044633 53766.19900  5000.0   0.0000    3.5020    0.1320
       1334-127 044926 53770.20100  5000.0   0.0000    3.5290    0.0960
       1334-127 050223 53770.21000  5000.0   0.0000    3.5800    0.0960
       1334-127 051355 53770.21800  5000.0   0.0000    3.4680    0.0880
       1334-127 014926 53826.07600  5000.0   0.0000    3.0440    0.1310
       1334-127 020223 53826.08500  5000.0   0.0000    3.0020    0.1210
       1334-127 021521 53826.09400  5000.0   0.0000    2.9670    0.1200
       1334-127 230516 53851.96200  5000.0   0.0000    3.2160    0.1480
       1334-127 231814 53851.97100  5000.0   0.0000    3.3070    0.1490
       1334-127 140935 53974.59000  5000.0   0.0000    3.0450    0.1070
       1334-127 142233 53974.59900  5000.0   0.0000    2.8360    0.1200
       1334-127 105804 54012.45700  5000.0   0.0000    3.4870    0.0860
       1334-127 111102 54012.46600  5000.0   0.0000    3.3380    0.0880
       1334-127 113657 54023.48400  5000.0   0.0000    5.0150    0.1670
       1334-127 233404 54199.98200  5000.0   0.0000    3.7260    0.0870
       1334-127 234828 54199.99200  5000.0   0.0000    3.7070    0.0940
       1334-127 183140 54296.77200  5000.0   0.0000    5.7470    0.1730
       1334-127 184604 54296.78200  5000.0   0.0000    5.7450    0.1940
       1334-127 132331 54348.55800  5000.0   0.0000    4.2920    0.1720
       1334-127 133628 54348.56700  5000.0   0.0000    5.1290    0.2090
       1334-127 134926 54348.57600  5000.0   0.0000    5.1190    0.1660
       1334-127 140350 54348.58600  5000.0   0.0000    4.7560    0.1550
       1334-127 113404 54374.48200  5000.0   0.0000    4.9740    0.1370
       1334-127 114702 54374.49100  5000.0   0.0000    4.8350    0.1380
       1334-127 163335 54668.69000  5000.0   0.0000    4.6060    0.3970
       1334-127 164800 54668.70000  5000.0   0.0000    4.3030    0.2830
       1334-127 153726 54689.65100  5000.0   0.0000    4.7510    0.1760
       1334-127 155150 54689.66100  5000.0   0.0000    4.7880    0.1680
       1334-127 104633 54779.44900  5000.0   0.0000    4.0260    0.1640
       1334-127 110057 54779.45900  5000.0   0.0000    3.8690    0.1450
       1334-127 233950 54912.98600  5000.0   0.0000    4.7600    0.2700
       1334-127 235248 54912.99500  5000.0   0.0000    4.5900    0.4200
       1334-127 230516 54953.96200  5000.0   0.0000    5.2820    0.5890
       1334-127 231814 54953.97100  5000.0   0.0000    5.3680    0.3490
       1334-127 192457 55002.80900  5000.0   0.0000    5.1210    0.1740
       1334-127 193755 55002.81800  5000.0   0.0000    5.1000    0.1680
       1334-127 161033 55034.67400  5000.0   0.0000    5.1010    0.2930
       1334-127 162457 55034.68400  5000.0   0.0000    5.1860    0.2880
       1334-127 154731 55062.65800  5000.0   0.0000    5.1600    0.3820
       1334-127 160028 55062.66700  5000.0   0.0000    5.2050    0.3420
       1334-127 123014 55099.52100  5000.0   0.0000    5.1060    0.1330
       1334-127 124311 55099.53000  5000.0   0.0000    5.2020    0.1790
       1334-127 114955 55122.49300  5000.0   0.0000    3.7570    0.2040
       1334-127 043628 55210.19200  5000.0   0.0000    4.0460    0.1190
       1334-127 200350 53503.83600  8000.0   0.0000    6.8010    0.1690
       1334-127 195345 53504.82900  8000.0   0.0000    6.4870    0.2120
       1334-127 220447 53504.92000  8000.0   0.0000    6.7820    0.1710
       1334-127 195052 53505.82700  8000.0   0.0000    6.4450    0.1670
       1334-127 220028 53505.91700  8000.0   0.0000    6.4850    0.1720
       1334-127 205833 53544.87400  8000.0   0.0000    6.7010    0.2850
       1334-127 181843 53576.76300  8000.0   0.0000    6.4110    0.2700
       1334-127 131033 53605.54900  8000.0   0.0000    5.7320    0.2130
       1334-127 161159 53606.67500  8000.0   0.0000    5.6460    0.2080
       1334-127 144116 53637.61200  8000.0   0.0000    5.6940    0.1510
       1334-127 095902 53638.41600  8000.0   0.0000    5.4750    0.1350
       1334-127 121131 53638.50800  8000.0   0.0000    5.5510    0.1420
       1334-127 042916 53721.18700  8000.0   0.0000    4.6240    0.1400
       1334-127 063014 53721.27100  8000.0   0.0000    4.5320    0.1340
       1334-127 015052 53742.07700  8000.0   0.0000    3.8280    0.0860
       1334-127 023531 53742.10800  8000.0   0.0000    3.9510    0.0880
       1334-127 053404 53743.23200  8000.0   0.0000    3.7760    0.1210
       1334-127 055833 53744.24900  8000.0   0.0000    3.9830    0.1150
       1334-127 045638 53771.20600  8000.0   0.0000    4.3060    0.1710
       1334-127 050935 53771.21500  8000.0   0.0000    4.4330    0.1730
       1334-127 052107 53771.22300  8000.0   0.0000    4.4290    0.1770
       1334-127 005024 53779.03500  8000.0   0.0000    4.0180    0.0990
       1334-127 013628 53779.06700  8000.0   0.0000    4.1860    0.0960
       1334-127 015931 53805.08300  8000.0   0.0000    3.7160    0.1400
       1334-127 021228 53805.09200  8000.0   0.0000    3.7050    0.1330
       1334-127 022526 53805.10100  8000.0   0.0000    3.7370    0.2090
       1334-127 003140 53831.02200  8000.0   0.0000    3.8600    0.2330
       1334-127 004438 53831.03100  8000.0   0.0000    3.7180    0.2670
       1334-127 225804 53850.95700  8000.0   0.0000    4.1060    0.3080
       1334-127 231102 53850.96600  8000.0   0.0000    3.5860    0.2900
       1334-127 232526 53850.97600  8000.0   0.0000    3.7670    0.3310
       1334-127 222204 53860.93200  8000.0   0.0000    3.9030    0.0900
       1334-127 182009 53907.76400  8000.0   0.0000    3.5840    0.1210
       1334-127 152555 53956.64300  8000.0   0.0000    3.6550    0.1810
       1334-127 161033 53973.67400  8000.0   0.0000    3.7050    0.1580
       1334-127 114828 54022.49200  8000.0   0.0000    3.7210    0.1510
       1334-127 111521 54037.46900  8000.0   0.0000    3.7880    0.2680
       1334-127 085833 54080.37400  8000.0   0.0000    4.5590    0.0940
       1334-127 075345 54099.32900  8000.0   0.0000    3.9490    0.1310
       1334-127 042038 54150.18100  8000.0   0.0000    3.9720    0.1260
       1334-127 002428 54186.01700  8000.0   0.0000    4.5930    0.3100
       1334-127 233657 54198.98400  8000.0   0.0000    4.5840    0.1170
       1334-127 235707 54219.99800  8000.0   0.0000    4.6720    0.1710
       1334-127 235707 54219.99800  8000.0   0.0000    4.6720    0.1710
       1334-127 180126 54275.75100  8000.0   0.0000    6.1550    0.2250
       1334-127 171102 54289.71600  8000.0   0.0000    6.1440    0.1190
       1334-127 184311 54295.78000  8000.0   0.0000    5.8110    0.1930
       1334-127 171648 54324.72000  8000.0   0.0000    5.5760    0.1800
       1334-127 150000 54343.62500  8000.0   0.0000    6.0320    0.2280
       1334-127 131033 54373.54900  8000.0   0.0000    5.2850    0.1980
       1334-127 095024 54421.41000  8000.0   0.0000    5.9620    0.1950
       1334-127 083950 54435.36100  8000.0   0.0000    5.5570    0.1190
       1334-127 062555 54477.26800  8000.0   0.0000    5.6170    0.3280
       1334-127 024243 54513.11300  8000.0   0.0000    6.2780    0.2410
       1334-127 230643 54575.96300  8000.0   0.0000    6.2100    0.1700
       1334-127 224214 54604.94600  8000.0   0.0000    6.3180    0.1840
       1334-127 192204 54640.80700  8000.0   0.0000    6.0590    0.1560
       1334-127 183559 54652.77500  8000.0   0.0000    5.8190    0.2220
       1334-127 174243 54667.73800  8000.0   0.0000    5.8930    0.2220
       1334-127 164047 54688.69500  8000.0   0.0000    5.4000    0.1490
       1334-127 142945 54723.60400  8000.0   0.0000    5.2520    0.3210
       1334-127 100321 54777.41900  8000.0   0.0000    4.6740    0.1700
       1334-127 004857 54952.03400  8000.0   0.0000    6.4720    0.4630
       1334-127 200057 55003.83400  8000.0   0.0000    5.8680    0.2980
       1334-127 191745 55035.80400  8000.0   0.0000    6.0300    0.1710
       1334-127 150252 55063.62700  8000.0   0.0000    5.5750    0.1070
       1334-127 152721 55076.64400  8000.0   0.0000    5.9110    0.2930
       1334-127 123433 55100.52400  8000.0   0.0000    4.5050    0.7660
       1334-127 062848 55208.27000  8000.0   0.0000    4.1450    0.2840
       1354+195 055707 53772.24800 22000.0   0.0000    2.2570    0.4360
       1354+195 060838 53772.25600 22000.0   0.0000    2.0010    0.3230
       1354+195 023238 53806.10600 22000.0   0.0000    2.0320    0.4640
       1354+195 024536 53806.11500 22000.0   0.0000    1.9860    0.4190
       1354+195 005736 53850.04000 22000.0   0.0000    2.1370    0.4170
       1354+195 011033 53850.04900 22000.0   0.0000    2.1170    0.4140
       1354+195 233823 53861.98500 22000.0   0.0000    2.0960    0.2840
       1354+195 235121 53861.99400 22000.0   0.0000    1.8730    0.3120
       1354+195 134800 54009.57500 22000.0   0.0000    2.1170    0.4080
       1354+195 140057 54009.58400 22000.0   0.0000    2.4530    0.4680
       1354+195 123852 54021.52700 22000.0   0.0000    1.2910    0.2940
       1354+195 125150 54021.53600 22000.0   0.0000    1.8240    0.3420
       1354+195 103628 54058.44200 22000.0   0.0000    1.9840    0.2380
       1354+195 104926 54058.45100 22000.0   0.0000    1.8940    0.2430
       1354+195 110223 54058.46000 22000.0   0.0000    1.9580    0.2510
       1354+195 111521 54058.46900 22000.0   0.0000    1.8550    0.2580
       1354+195 080223 54098.33500 22000.0   0.0000    2.6700    0.4060
       1354+195 081521 54098.34400 22000.0   0.0000    3.0320    0.6810
       1354+195 084243 54098.36300 22000.0   0.0000    1.2520    0.6610
       1354+195 060711 54121.25500 22000.0   0.0000    1.9440    0.4410
       1354+195 062009 54121.26400 22000.0   0.0000    2.4380    0.4600
       1354+195 063307 54121.27300 22000.0   0.0000    2.2100    0.5020
       1354+195 042204 54149.18200 22000.0   0.0000    2.3080    0.4310
       1354+195 044926 54149.20100 22000.0   0.0000    1.7820    0.3530
       1354+195 050223 54149.21000 22000.0   0.0000    2.6280    0.4000
       1354+195 003433 54198.02400 22000.0   0.0000    3.4620    0.6420
       1354+195 004857 54198.03400 22000.0   0.0000    2.5150    0.5560
       1354+195 012331 54219.05800 22000.0   0.0000    2.8030    1.2940
       1354+195 012331 54219.05800 22000.0   0.0000    2.8030    1.2940
       1354+195 153852 54274.65200 22000.0   0.0000    2.9090    0.4220
       1354+195 155316 54274.66200 22000.0   0.0000    2.1550    0.4660
       1354+195 160614 54274.67100 22000.0   0.0000    1.8890    0.4580
       1354+195 161912 54274.68000 22000.0   0.0000    2.2260    0.3630
       1354+195 194047 54287.82000 22000.0   0.0000    2.6260    0.3190
       1354+195 195512 54287.83000 22000.0   0.0000    2.1580    0.3110
       1354+195 201648 54294.84500 22000.0   0.0000    2.3290    0.3010
       1354+195 203111 54294.85500 22000.0   0.0000    2.5420    0.2930
       1354+195 154604 54323.65700 22000.0   0.0000    3.1360    0.3910
       1354+195 155902 54323.66600 22000.0   0.0000    1.3710    0.3240
       1354+195 161159 54323.67500 22000.0   0.0000    1.7850    0.2950
       1354+195 162457 54323.68400 22000.0   0.0000    1.6450    0.3320
       1354+195 150000 54345.62500 22000.0   0.0000    1.4370    0.2900
       1354+195 151257 54345.63400 22000.0   0.0000    2.3070    0.3350
       1354+195 152555 54345.64300 22000.0   0.0000    2.6820    0.3330
       1354+195 153852 54345.65200 22000.0   0.0000    2.7860    0.3970
       1354+195 080223 54457.33500 22000.0   0.0000    2.8580    0.3930
       1354+195 081521 54457.34400 22000.0   0.0000    2.8670    0.3700
       1354+195 082819 54457.35300 22000.0   0.0000    2.6730    0.3970
       1354+195 071619 54461.30300 22000.0   0.0000    2.2790    0.1840
       1354+195 072916 54461.31200 22000.0   0.0000    2.4730    0.2010
       1354+195 062302 54479.26600 22000.0   0.0000    2.2460    0.3120
       1354+195 063559 54479.27500 22000.0   0.0000    1.8630    0.3610
       1354+195 064857 54479.28400 22000.0   0.0000    3.1820    0.2890
       1354+195 034145 54512.15400 22000.0   0.0000    1.9860    0.2430
       1354+195 035443 54512.16300 22000.0   0.0000    2.1870    0.1930
       1354+195 040907 54512.17300 22000.0   0.0000    2.2680    0.2390
       1354+195 042204 54512.18200 22000.0   0.0000    2.0410    0.2140
       1354+195 010740 54561.04700 22000.0   0.0000    2.0600    0.3550
       1354+195 012038 54561.05600 22000.0   0.0000    2.7070    0.4900
       1354+195 224633 54576.94900 22000.0   0.0000    2.6580    0.3320
       1354+195 225931 54576.95800 22000.0   0.0000    2.6230    0.3930
       1354+195 193335 54639.81500 22000.0   0.0000    2.5220    0.2970
       1354+195 194633 54639.82400 22000.0   0.0000    2.5760    0.2960
       1354+195 174828 54666.74200 22000.0   0.0000    2.0350    0.2420
       1354+195 180126 54666.75100 22000.0   0.0000    1.8580    0.2280
       1354+195 165345 54687.70400 22000.0   0.0000    1.8670    0.2760
       1354+195 133209 54722.56400 22000.0   0.0000    2.4910    1.1270
       1354+195 134633 54722.57400 22000.0   0.0000    1.5350    0.4350
       1354+195 082107 54779.34800 22000.0   0.0000    2.2530    0.3100
       1354+195 083404 54779.35700 22000.0   0.0000    2.2330    0.3350
       1354+195 224340 54911.94700 22000.0   0.0000    1.7500    0.3910
       1354+195 225638 54911.95600 22000.0   0.0000    1.6210    0.3810
       1354+195 215736 54952.91500 22000.0   0.0000    1.7260    1.1500
       1354+195 164926 55001.70100 22000.0   0.0000    1.4470    0.4740
       1354+195 140643 55033.58800 22000.0   0.0000    1.4400    0.2880
       1354+195 142107 55033.59800 22000.0   0.0000    1.2820    0.2560
       1354+195 140223 55098.58500 22000.0   0.0000    2.4290    0.3610
       1354+195 141648 55098.59500 22000.0   0.0000    2.1910    0.3530
       1354+195 121550 55121.51100 22000.0   0.0000    1.5490    0.2390
       1354+195 123014 55121.52100 22000.0   0.0000    1.9480    0.2700
       1354+195 071452 55209.30200 22000.0   0.0000    1.5380    0.1970
       1354+195 072916 55209.31200 22000.0   0.0000    1.7180    0.1680
       1354+195 212136 53825.89000 43000.0   0.0000    2.2060    0.8370
       1354+195 212136 53826.89000 43000.0   0.0000    1.4360    0.6870
       1354+195 192204 53854.80700 43000.0   0.0000    2.2270    0.7550
       1354+195 182136 53878.76500 43000.0   0.0000    1.4170    0.4780
       1354+195 162204 53913.68200 43000.0   0.0000    1.1880    0.4430
       1354+195 152136 53928.64000 43000.0   0.0000    1.4860    0.5070
       1354+195 132204 53951.55700 43000.0   0.0000    1.6560    0.5120
       1354+195 132204 53952.55700 43000.0   0.0000    1.4250    0.4760
       1354+195 122136 53971.51500 43000.0   0.0000    1.5470    0.5570
       1354+195 122136 53972.51500 43000.0   0.0000    1.3390    0.5530
       1354+195 102204 53999.43200 43000.0   0.0000    1.2940    0.3930
       1354+195 102204 54000.43200 43000.0   0.0000    1.1850    0.4250
       1354+195 082107 54025.34800 43000.0   0.0000    0.7540    0.5310
       1354+195 082107 54026.34800 43000.0   0.0000    1.1110    0.4950
       1354+195 162204 54277.68200 43000.0   0.0000    1.8670    0.2860
       1354+195 132204 54321.55700 43000.0   0.0000    2.3680    0.3040
       1354+195 132204 54322.55700 43000.0   0.0000    1.9430    0.2630
       1354+195 102331 54365.43300 43000.0   0.0000    1.9960    0.2840
       1354+195 092302 54389.39100 43000.0   0.0000    2.2560    0.2840
       1354+195 091716 54390.38700 43000.0   0.0000    2.7150    0.3800
       1354+195 063559 54422.27500 43000.0   0.0000    1.6600    0.2520
       1354+195 063726 54423.27600 43000.0   0.0000    2.2580    0.2910
       1354+195 063559 54436.27500 43000.0   0.0000    2.7740    0.4420
       1354+195 063559 54437.27500 43000.0   0.0000    2.4430    0.4070
       1354+195 053531 54453.23300 43000.0   0.0000    1.9270    0.4000
       1354+195 033852 54479.15200 43000.0   0.0000    2.8340    0.6040
       1354+195 034019 54480.15300 43000.0   0.0000    2.5770    0.4320
       1354+195 014340 54505.07200 43000.0   0.0000    2.4030    0.3380
       1354+195 012331 54506.05800 43000.0   0.0000    2.1920    0.2870
       1354+195 014047 54507.07000 43000.0   0.0000    2.4630    0.3390
       1354+195 004019 54523.02800 43000.0   0.0000    2.3680    0.2680
       1354+195 213559 54556.90000 43000.0   0.0000    2.7110    0.3140
       1354+195 222204 54556.93200 43000.0   0.0000    2.9340    0.3410
       1354+195 193628 54579.81700 43000.0   0.0000    2.0600    0.2330
       1354+195 202107 54579.84800 43000.0   0.0000    1.9900    0.2250
       1354+195 193628 54580.81700 43000.0   0.0000    1.9520    0.2130
       1354+195 202107 54580.84800 43000.0   0.0000    2.1090    0.2210
       1354+195 192204 54596.80700 43000.0   0.0000    1.8420    0.2580
       1354+195 183559 54598.77500 43000.0   0.0000    1.8180    0.3120
       1354+195 182136 54611.76500 43000.0   0.0000    2.1740    0.2330
       1354+195 173657 54612.73400 43000.0   0.0000    1.9160    0.2060
       1354+195 182136 54612.76500 43000.0   0.0000    2.1090    0.2360
       1354+195 153559 54641.65000 43000.0   0.0000    2.1330    0.3400
       1354+195 162204 54641.68200 43000.0   0.0000    2.1590    0.3240
       1354+195 162204 54642.68200 43000.0   0.0000    2.1370    0.2970
       1354+195 153726 54643.65100 43000.0   0.0000    2.0580    0.2990
       1354+195 162204 54643.68200 43000.0   0.0000    1.9410    0.2930
       1354+195 143531 54659.60800 43000.0   0.0000    2.9360    0.4970
       1354+195 152009 54659.63900 43000.0   0.0000    2.7210    0.4880
       1354+195 143657 54660.60900 43000.0   0.0000    2.5230    0.4680
       1354+195 152136 54660.64000 43000.0   0.0000    2.8800    0.4790
       1354+195 133628 54679.56700 43000.0   0.0000    2.0500    0.2540
       1354+195 142107 54679.59800 43000.0   0.0000    1.9580    0.2350
       1354+195 133628 54680.56700 43000.0   0.0000    2.0200    0.2800
       1354+195 142107 54680.59800 43000.0   0.0000    1.9860    0.2340
       1354+195 133628 54681.56700 43000.0   0.0000    2.0880    0.2640
       1354+195 142107 54681.59800 43000.0   0.0000    1.8930    0.2470
       1354+195 133628 54682.56700 43000.0   0.0000    1.9150    0.2490
       1354+195 142107 54682.59800 43000.0   0.0000    2.2160    0.2900
       1354+195 113657 54708.48400 43000.0   0.0000    2.0310    0.2480
       1354+195 113657 54709.48400 43000.0   0.0000    1.6430    0.2200
       1354+195 122302 54709.51600 43000.0   0.0000    2.1320    0.2790
       1354+195 113657 54710.48400 43000.0   0.0000    1.9130    0.2450
       1354+195 122136 54710.51500 43000.0   0.0000    2.0880    0.2790
       1354+195 092009 54743.38900 43000.0   0.0000    2.1390    0.4340
       1354+195 092136 54744.39000 43000.0   0.0000    1.7270    0.3330
       1354+195 092009 54745.38900 43000.0   0.0000    2.3070    0.4330
       1354+195 063559 54779.27500 43000.0   0.0000    1.4440    0.2450
       1354+195 073628 54779.31700 43000.0   0.0000    1.9870    0.3120
       1354+195 063726 54780.27600 43000.0   0.0000    1.8820    0.3200
       1354+195 073755 54780.31800 43000.0   0.0000    2.0540    0.3320
       1354+195 063726 54781.27600 43000.0   0.0000    1.5850    0.3210
       1354+195 073628 54781.31700 43000.0   0.0000    1.8190    0.2970
       1354+195 063726 54808.27600 43000.0   0.0000    1.9850    0.3390
       1354+195 063559 54809.27500 43000.0   0.0000    1.6470    0.2730
       1354+195 033726 54842.15100 43000.0   0.0000    1.7070    0.5320
       1354+195 014047 54877.07000 43000.0   0.0000    1.7220    0.3280
       1354+195 013921 54879.06900 43000.0   0.0000    1.4890    0.3510
       1354+195 222038 54928.93100 43000.0   0.0000    1.3830    0.1640
       1354+195 213726 54929.90100 43000.0   0.0000    1.5010    0.1850
       1354+195 222204 54929.93200 43000.0   0.0000    1.5400    0.1780
       1354+195 213559 54930.90000 43000.0   0.0000    1.5190    0.1670
       1354+195 222204 54930.93200 43000.0   0.0000    1.5590    0.2010
       1354+195 183559 54959.77500 43000.0   0.0000    1.2770    0.1780
       1354+195 192204 54959.80700 43000.0   0.0000    1.4830    0.1950
       1354+195 183559 54960.77500 43000.0   0.0000    1.5020    0.2130
       1354+195 192204 54960.80700 43000.0   0.0000    1.4350    0.1870
       1354+195 183559 54961.77500 43000.0   0.0000    1.3810    0.1860
       1354+195 192204 54961.80700 43000.0   0.0000    1.4320    0.1860
       1354+195 153559 55009.65000 43000.0   0.0000    1.3100    0.2420
       1354+195 162038 55009.68100 43000.0   0.0000    1.5740    0.2470
       1354+195 153559 55010.65000 43000.0   0.0000    1.4890    0.1930
       1354+195 162038 55010.68100 43000.0   0.0000    1.4880    0.2290
       1354+195 153559 55011.65000 43000.0   0.0000    1.7700    0.2890
       1354+195 063726 55168.27600 43000.0   0.0000    1.9190    0.3310
       1354+195 033726 55210.15100 43000.0   0.0000    1.8390    0.2200
       1354+195 084409 53724.36400  5000.0   0.0000    1.4460    0.0740
       1354+195 000545 53764.00400  5000.0   0.0000    1.5250    0.0890
       1354+195 045931 53766.20800  5000.0   0.0000    1.4840    0.1170
       1354+195 052819 53770.22800  5000.0   0.0000    1.5390    0.0800
       1354+195 053950 53770.23600  5000.0   0.0000    1.5260    0.0710
       1354+195 055248 53770.24500  5000.0   0.0000    1.5590    0.0720
       1354+195 022819 53826.10300  5000.0   0.0000    1.5350    0.0870
       1354+195 005609 53852.03900  5000.0   0.0000    1.5140    0.1040
       1354+195 010907 53852.04800  5000.0   0.0000    1.5200    0.0950
       1354+195 171228 53974.71700  5000.0   0.0000    1.5320    0.0790
       1354+195 172526 53974.72600  5000.0   0.0000    1.5510    0.0830
       1354+195 150838 54011.63100  5000.0   0.0000    1.5100    0.1140
       1354+195 152136 54011.64000  5000.0   0.0000    1.5430    0.1340
       1354+195 125024 54023.53500  5000.0   0.0000    1.5310    0.0580
       1354+195 130321 54023.54400  5000.0   0.0000    1.4300    0.0620
       1354+195 202400 54296.85000  5000.0   0.0000    1.5700    0.1040
       1354+195 203657 54296.85900  5000.0   0.0000    1.7160    0.0930
       1354+195 141814 54348.59600  5000.0   0.0000    1.6440    0.0540
       1354+195 143238 54348.60600  5000.0   0.0000    1.6950    0.0640
       1354+195 144536 54348.61500  5000.0   0.0000    1.6740    0.0600
       1354+195 145833 54348.62400  5000.0   0.0000    1.6410    0.0580
       1354+195 131619 54374.55300  5000.0   0.0000    1.6510    0.0680
       1354+195 135638 54689.58100  5000.0   0.0000    1.9260    0.0810
       1354+195 123852 54779.52700  5000.0   0.0000    1.8010    0.0720
       1354+195 125150 54779.53600  5000.0   0.0000    1.7640    0.0780
       1354+195 011912 54913.05500  5000.0   0.0000    1.7560    0.2640
       1354+195 010155 54954.04300  5000.0   0.0000    1.9450    0.3120
       1354+195 202652 55002.85200  5000.0   0.0000    1.8470    0.0840
       1354+195 203950 55002.86100  5000.0   0.0000    1.8310    0.0820
       1354+195 180838 55034.75600  5000.0   0.0000    1.9580    0.3740
       1354+195 182302 55034.76600  5000.0   0.0000    1.7940    0.2360
       1354+195 173111 55062.73000  5000.0   0.0000    1.8350    0.2760
       1354+195 174536 55062.74000  5000.0   0.0000    1.8770    0.3220
       1354+195 130028 55099.54200  5000.0   0.0000    1.8570    0.1320
       1354+195 131452 55099.55200  5000.0   0.0000    1.8820    0.1030
       1354+195 122009 55122.51400  5000.0   0.0000    1.9370    0.0770
       1354+195 123433 55122.52400  5000.0   0.0000    1.9290    0.0980
       1354+195 050643 55210.21300  5000.0   0.0000    1.8890    0.0800
       1354+195 051940 55210.22200  5000.0   0.0000    1.8620    0.0760
       1354+195 030545 53742.12900  8000.0   0.0000    1.5050    0.0340
       1354+195 094019 53766.40300  8000.0   0.0000    1.6460    0.1670
       1354+195 054702 53771.24100  8000.0   0.0000    1.5330    0.0880
       1354+195 060000 53771.25000  8000.0   0.0000    1.5740    0.0810
       1354+195 020516 53779.08700  8000.0   0.0000    1.5430    0.0390
       1354+195 023823 53805.11000  8000.0   0.0000    1.5980    0.1120
       1354+195 025121 53805.11900  8000.0   0.0000    1.6020    0.1000
       1354+195 030252 53805.12700  8000.0   0.0000    1.5600    0.0780
       1354+195 010028 53831.04200  8000.0   0.0000    1.5720    0.1470
       1354+195 011326 53831.05100  8000.0   0.0000    1.5310    0.1400
       1354+195 233950 53850.98600  8000.0   0.0000    1.6500    0.1710
       1354+195 225219 53859.95300  8000.0   0.0000    1.5380    0.0540
       1354+195 202945 53907.85400  8000.0   0.0000    1.5920    0.0700
       1354+195 185316 53955.78700  8000.0   0.0000    1.6330    0.0810
       1354+195 173823 53973.73500  8000.0   0.0000    1.6540    0.0590
       1354+195 150838 54010.63100  8000.0   0.0000    1.6710    0.0810
       1354+195 131452 54022.55200  8000.0   0.0000    1.7260    0.1140
       1354+195 125150 54037.53600  8000.0   0.0000    1.8580    0.1430
       1354+195 102624 54080.43500  8000.0   0.0000    1.7170    0.0610
       1354+195 092136 54099.39000  8000.0   0.0000    1.8770    0.1390
       1354+195 054828 54150.24200  8000.0   0.0000    1.7230    0.0650
       1354+195 022819 54186.10300  8000.0   0.0000    1.8730    0.2500
       1354+195 014047 54199.07000  8000.0   0.0000    1.7610    0.0900
       1354+195 020057 54220.08400  8000.0   0.0000    1.7080    0.0870
       1354+195 020057 54220.08400  8000.0   0.0000    1.7080    0.0870
       1354+195 200350 54275.83600  8000.0   0.0000    1.8800    0.0840
       1354+195 193209 54288.81400  8000.0   0.0000    1.8560    0.0420
       1354+195 205414 54295.87100  8000.0   0.0000    1.8590    0.0740
       1354+195 192038 54324.80600  8000.0   0.0000    1.9340    0.0850
       1354+195 170350 54343.71100  8000.0   0.0000    1.8450    0.0550
       1354+195 152136 54373.64000  8000.0   0.0000    1.8100    0.0550
       1354+195 112945 54421.47900  8000.0   0.0000    2.1720    0.2360
       1354+195 104340 54435.44700  8000.0   0.0000    1.8870    0.0780
       1354+195 082945 54477.35400  8000.0   0.0000    1.9110    0.1110
       1354+195 044633 54513.19900  8000.0   0.0000    1.9400    0.0830
       1354+195 223209 54575.93900  8000.0   0.0000    2.0180    0.0640
       1354+195 220740 54604.92200  8000.0   0.0000    1.9820    0.0750
       1354+195 184731 54640.78300  8000.0   0.0000    2.0150    0.0730
       1354+195 180126 54652.75100  8000.0   0.0000    1.9860    0.0780
       1354+195 171521 54667.71900  8000.0   0.0000    1.9440    0.0820
       1354+195 160614 54688.67100  8000.0   0.0000    1.9370    0.0680
       1354+195 135512 54723.58000  8000.0   0.0000    1.9440    0.1370
       1354+195 073921 54778.31900  8000.0   0.0000    1.9950    0.0800
       1354+195 224800 54951.95000  8000.0   0.0000    2.1330    0.0990
       1354+195 180000 55003.75000  8000.0   0.0000    2.0790    0.1050
       1354+195 171648 55035.72000  8000.0   0.0000    1.9430    0.1360
       1354+195 130155 55063.54300  8000.0   0.0000    2.0740    0.1100
       1354+195 165512 55076.70500  8000.0   0.0000    2.1590    0.0990
       1354+195 123014 55123.52100  8000.0   0.0000    1.9660    0.1090
       1354+195 053531 55208.23300  8000.0   0.0000    2.1260    0.1380
       1510-089 004019 53444.02800 22000.0   0.0000    3.0150    0.0950
       1510-089 112233 53637.47400 22000.0   0.0000    1.5840    0.5370
       1510-089 151716 53638.63700 22000.0   0.0000    1.7250    0.4150
       1510-089 105345 53722.45400 22000.0   0.0000    1.4350    0.4320
       1510-089 110516 53722.46200 22000.0   0.0000    1.7270    0.4590
       1510-089 082945 53749.35400 22000.0   0.0000    1.6610    0.5650
       1510-089 084116 53749.36200 22000.0   0.0000    1.6510    0.4670
       1510-089 070028 53772.29200 22000.0   0.0000    0.9290    0.2950
       1510-089 072331 53772.30800 22000.0   0.0000    1.0470    0.3150
       1510-089 033726 53806.15100 22000.0   0.0000    0.8330    0.4340
       1510-089 035609 53806.16400 22000.0   0.0000    1.3930    0.4940
       1510-089 015345 53850.07900 22000.0   0.0000    1.9270    0.4670
       1510-089 021228 53850.09200 22000.0   0.0000    2.2050    0.4900
       1510-089 003433 53862.02400 22000.0   0.0000    2.1760    0.3610
       1510-089 005443 53862.03800 22000.0   0.0000    1.9480    0.4470
       1510-089 171102 53954.71600 22000.0   0.0000    1.8460    0.3840
       1510-089 173111 53954.73000 22000.0   0.0000    2.2880    0.4360
       1510-089 092136 54057.39000 22000.0   0.0000    2.1110    0.7130
       1510-089 101745 54057.42900 22000.0   0.0000    1.4860    0.4760
       1510-089 081521 54097.34400 22000.0   0.0000    1.2220    0.3280
       1510-089 083404 54097.35700 22000.0   0.0000    1.6450    0.3600
       1510-089 085248 54097.37000 22000.0   0.0000    1.3870    0.3900
       1510-089 091257 54097.38400 22000.0   0.0000    1.0730    0.3900
       1510-089 060545 54120.25400 22000.0   0.0000    1.2590    0.4620
       1510-089 062428 54120.26700 22000.0   0.0000    1.3100    0.4610
       1510-089 011452 54218.05200 22000.0   0.0000    2.2240    0.5190
       1510-089 011452 54218.05200 22000.0   0.0000    2.2240    0.5190
       1510-089 013335 54218.06500 22000.0   0.0000    2.1020    0.5170
       1510-089 013335 54218.06500 22000.0   0.0000    2.1020    0.5170
       1510-089 015345 54218.07900 22000.0   0.0000    2.2790    0.5210
       1510-089 015345 54218.07900 22000.0   0.0000    2.2790    0.5210
       1510-089 021228 54218.09200 22000.0   0.0000    2.4470    0.5370
       1510-089 021228 54218.09200 22000.0   0.0000    2.4470    0.5370
       1510-089 193335 54273.81500 22000.0   0.0000    1.4980    1.0030
       1510-089 201102 54273.84100 22000.0   0.0000    1.1170    0.7930
       1510-089 203950 54287.86100 22000.0   0.0000    2.4780    0.4500
       1510-089 205248 54287.87000 22000.0   0.0000    2.0630    0.4690
       1510-089 211716 54294.88700 22000.0   0.0000    2.4590    0.5430
       1510-089 213726 54294.90100 22000.0   0.0000    2.4970    0.5750
       1510-089 173404 54322.73200 22000.0   0.0000    2.1310    0.3910
       1510-089 175248 54322.74500 22000.0   0.0000    2.6070    0.4010
       1510-089 181131 54322.75800 22000.0   0.0000    3.5640    0.4850
       1510-089 183140 54322.77200 22000.0   0.0000    3.3240    0.5140
       1510-089 162457 54344.68400 22000.0   0.0000    2.4050    0.3390
       1510-089 164340 54344.69700 22000.0   0.0000    2.5340    0.3540
       1510-089 170223 54344.71000 22000.0   0.0000    2.5280    0.3680
       1510-089 172233 54344.72400 22000.0   0.0000    2.2870    0.3440
       1510-089 164340 54345.69700 22000.0   0.0000    2.4910    0.3790
       1510-089 173950 54345.73600 22000.0   0.0000    2.5730    0.4050
       1510-089 152428 54372.64200 22000.0   0.0000    2.5190    1.3330
       1510-089 153852 54372.65200 22000.0   0.0000    2.2910    1.0010
       1510-089 064019 54456.27800 22000.0   0.0000    1.5710    0.4220
       1510-089 065902 54456.29100 22000.0   0.0000    2.8110    0.4240
       1510-089 064857 54478.28400 22000.0   0.0000    1.8700    0.2570
       1510-089 070740 54478.29700 22000.0   0.0000    2.1750    0.2680
       1510-089 072624 54478.31000 22000.0   0.0000    2.7510    0.3190
       1510-089 074507 54478.32300 22000.0   0.0000    1.6680    0.2800
       1510-089 043209 54511.18900 22000.0   0.0000    2.5800    0.3000
       1510-089 045052 54511.20200 22000.0   0.0000    2.1310    0.2290
       1510-089 050935 54511.21500 22000.0   0.0000    2.1620    0.2870
       1510-089 052819 54511.22800 22000.0   0.0000    2.2720    0.2890
       1510-089 030419 54561.12800 22000.0   0.0000    2.9220    0.4350
       1510-089 001257 54577.00900 22000.0   0.0000    3.3040    0.5890
       1510-089 002555 54577.01800 22000.0   0.0000    4.0180    0.5280
       1510-089 221326 54603.92600 22000.0   0.0000    4.0520    1.4360
       1510-089 220614 54639.92100 22000.0   0.0000    2.9170    0.3640
       1510-089 221912 54639.93000 22000.0   0.0000    3.9470    0.4510
       1510-089 212136 54651.89000 22000.0   0.0000    3.3780    0.5640
       1510-089 213433 54651.89900 22000.0   0.0000    2.4320    0.4580
       1510-089 194507 54665.82300 22000.0   0.0000    2.9210    0.3620
       1510-089 195931 54665.83300 22000.0   0.0000    2.9790    0.3890
       1510-089 181843 54687.76300 22000.0   0.0000    2.9420    0.3920
       1510-089 183307 54687.77300 22000.0   0.0000    3.7300    0.4840
       1510-089 151843 54722.63800 22000.0   0.0000    3.7910    0.8010
       1510-089 115833 54778.49900 22000.0   0.0000    2.8970    0.5660
       1510-089 121131 54778.50800 22000.0   0.0000    2.5380    0.5760
       1510-089 030000 54912.12500 22000.0   0.0000    2.0830    0.4680
       1510-089 021648 54953.09500 22000.0   0.0000    3.0680    0.8550
       1510-089 022945 54953.10400 22000.0   0.0000    3.0840    1.0220
       1510-089 205707 55001.87300 22000.0   0.0000    4.8320    0.8820
       1510-089 211131 55001.88300 22000.0   0.0000    4.6760    0.9950
       1510-089 182136 55033.76500 22000.0   0.0000    3.6070    0.4740
       1510-089 183559 55033.77500 22000.0   0.0000    2.6850    0.5440
       1510-089 151550 55098.63600 22000.0   0.0000    2.5680    0.4000
       1510-089 124604 55121.53200 22000.0   0.0000    3.3230    0.5130
       1510-089 074507 55209.32300 22000.0   0.0000    3.3340    0.3010
       1510-089 075804 55209.33200 22000.0   0.0000    3.0000    0.3730
       1510-089 223628 53825.94200 43000.0   0.0000    1.6380    0.7690
       1510-089 223628 53826.94200 43000.0   0.0000    1.4170    0.6330
       1510-089 203657 53854.85900 43000.0   0.0000    2.6000    0.9360
       1510-089 193628 53878.81700 43000.0   0.0000    1.4820    0.5990
       1510-089 173657 53912.73400 43000.0   0.0000    0.9600    0.4710
       1510-089 143657 53951.60900 43000.0   0.0000    0.9600    0.4210
       1510-089 143657 53952.60900 43000.0   0.0000    0.6350    0.4230
       1510-089 133628 53972.56700 43000.0   0.0000    1.7250    0.6830
       1510-089 113657 53998.48400 43000.0   0.0000    1.2590    0.4720
       1510-089 113657 53999.48400 43000.0   0.0000    1.1630    0.4410
       1510-089 093559 54025.40000 43000.0   0.0000    1.0510    0.6590
       1510-089 173657 54277.73400 43000.0   0.0000    2.2180    0.3200
       1510-089 143657 54321.60900 43000.0   0.0000    2.4110    0.2890
       1510-089 143657 54322.60900 43000.0   0.0000    2.3630    0.3100
       1510-089 113657 54365.48400 43000.0   0.0000    1.8400    0.2590
       1510-089 103628 54389.44200 43000.0   0.0000    2.2600    0.3360
       1510-089 075219 54422.32800 43000.0   0.0000    1.6150    0.2580
       1510-089 075219 54423.32800 43000.0   0.0000    2.1310    0.3030
       1510-089 075219 54436.32800 43000.0   0.0000    1.8040    0.4430
       1510-089 075052 54437.32700 43000.0   0.0000    2.0540    0.4960
       1510-089 065150 54453.28600 43000.0   0.0000    1.4630    0.2840
       1510-089 045052 54479.20200 43000.0   0.0000    2.1900    0.3460
       1510-089 045219 54480.20300 43000.0   0.0000    2.2710    0.3330
       1510-089 022945 54506.10400 43000.0   0.0000    2.2630    0.3070
       1510-089 025248 54507.12000 43000.0   0.0000    2.5860    0.3170
       1510-089 015219 54523.07800 43000.0   0.0000    2.6410    0.2840
       1510-089 225219 54555.95300 43000.0   0.0000    3.1260    0.3340
       1510-089 225219 54556.95300 43000.0   0.0000    3.0980    0.3380
       1510-089 204828 54579.86700 43000.0   0.0000    3.1910    0.3770
       1510-089 215316 54579.91200 43000.0   0.0000    2.6300    0.2830
       1510-089 205121 54580.86900 43000.0   0.0000    2.9470    0.3040
       1510-089 185150 54611.78600 43000.0   0.0000    3.7530    0.3590
       1510-089 185150 54612.78600 43000.0   0.0000    3.6500    0.3530
       1510-089 165219 54641.70300 43000.0   0.0000    2.0780    0.3220
       1510-089 165052 54642.70200 43000.0   0.0000    2.3690    0.2940
       1510-089 165219 54643.70300 43000.0   0.0000    2.8740    0.3560
       1510-089 155150 54659.66100 43000.0   0.0000    2.9420    0.4560
       1510-089 155316 54660.66200 43000.0   0.0000    2.9620    0.4430
       1510-089 145121 54680.61900 43000.0   0.0000    1.1830    0.1660
       1510-089 145121 54681.61900 43000.0   0.0000    1.4680    0.2080
       1510-089 145121 54682.61900 43000.0   0.0000    1.3430    0.1990
       1510-089 125150 54708.53600 43000.0   0.0000    3.0040    0.3400
       1510-089 125150 54709.53600 43000.0   0.0000    2.8580    0.3520
       1510-089 125316 54710.53700 43000.0   0.0000    3.5240    0.4250
       1510-089 103755 54743.44300 43000.0   0.0000    2.2980    0.4040
       1510-089 103755 54744.44300 43000.0   0.0000    2.4140    0.4110
       1510-089 075052 54779.32700 43000.0   0.0000    2.2650    0.3270
       1510-089 075219 54780.32800 43000.0   0.0000    2.0230    0.2900
       1510-089 075052 54781.32700 43000.0   0.0000    2.5370    0.3780
       1510-089 075052 54808.32700 43000.0   0.0000    2.0260    0.2990
       1510-089 075052 54809.32700 43000.0   0.0000    1.8710    0.2620
       1510-089 025248 54877.12000 43000.0   0.0000    1.7800    0.4170
       1510-089 225219 54928.95300 43000.0   0.0000    2.0270    0.2310
       1510-089 225219 54929.95300 43000.0   0.0000    2.3380    0.2520
       1510-089 225219 54930.95300 43000.0   0.0000    2.4870    0.2480
       1510-089 195052 54960.82700 43000.0   0.0000    3.2800    0.3480
       1510-089 195219 54961.82800 43000.0   0.0000    3.4500    0.3720
       1510-089 165219 55010.70300 43000.0   0.0000    2.6390    0.3140
       1510-089 165052 55011.70200 43000.0   0.0000    2.6890    0.3320
       1510-089 074633 55168.32400 43000.0   0.0000    2.8330    0.4520
       1510-089 044214 55210.19600 43000.0   0.0000    3.0830    0.3420
       1510-089 044214 55211.19600 43000.0   0.0000    3.1780    0.3460
       1510-089 004311 53445.03000  5000.0   0.0000    2.7670    0.0480
       1510-089 004311 53446.03000  5000.0   0.0000    2.7500    0.0460
       1510-089 004311 53448.03000  5000.0   0.0000    2.8010    0.0480
       1510-089 004311 53449.03000  5000.0   0.0000    2.7860    0.0470
       1510-089 004311 53450.03000  5000.0   0.0000    2.8290    0.0480
       1510-089 004311 53451.03000  5000.0   0.0000    2.7710    0.0470
       1510-089 022233 53478.09900  5000.0   0.0000    2.8890    0.0960
       1510-089 023404 53478.10700  5000.0   0.0000    2.9040    0.0970
       1510-089 224800 53478.95000  5000.0   0.0000    2.8300    0.0980
       1510-089 212302 53503.89100  5000.0   0.0000    2.8510    0.1080
       1510-089 233531 53503.98300  5000.0   0.0000    2.8340    0.0970
       1510-089 013755 53504.06800  5000.0   0.0000    2.8910    0.1080
       1510-089 211423 53504.88500  5000.0   0.0000    2.8790    0.1100
       1510-089 232819 53504.97800  5000.0   0.0000    2.8960    0.1010
       1510-089 013209 53505.06400  5000.0   0.0000    2.9390    0.1010
       1510-089 211004 53505.88200  5000.0   0.0000    2.8230    0.0950
       1510-089 232233 53505.97400  5000.0   0.0000    2.8280    0.1000
       1510-089 020223 53506.08500  5000.0   0.0000    2.7720    0.1010
       1510-089 214731 53543.90800  5000.0   0.0000    2.1900    0.0900
       1510-089 190907 53544.79800  5000.0   0.0000    2.1480    0.0960
       1510-089 171648 53577.72000  5000.0   0.0000    1.6950    0.1470
       1510-089 195512 53577.83000  5000.0   0.0000    1.8640    0.1030
       1510-089 184731 53587.78300  5000.0   0.0000    1.7420    0.1360
       1510-089 182721 53605.76900  5000.0   0.0000    1.7480    0.1380
       1510-089 115540 53639.49700  5000.0   0.0000    1.5950    0.0910
       1510-089 145248 53639.62000  5000.0   0.0000    1.6470    0.0840
       1510-089 161452 53639.67700  5000.0   0.0000    1.7200    0.0850
       1510-089 060000 53724.25000  5000.0   0.0000    1.7570    0.1010
       1510-089 090711 53724.38000  5000.0   0.0000    1.8610    0.0900
       1510-089 051228 53766.21700  5000.0   0.0000    1.6930    0.0990
       1510-089 081940 53766.34700  5000.0   0.0000    1.6530    0.0980
       1510-089 061843 53770.26300  5000.0   0.0000    1.6830    0.0770
       1510-089 063140 53770.27200  5000.0   0.0000    1.5990    0.0940
       1510-089 064438 53770.28100  5000.0   0.0000    1.6250    0.0920
       1510-089 030838 53826.13100  5000.0   0.0000    1.5230    0.1560
       1510-089 033307 53826.14800  5000.0   0.0000    1.4590    0.1630
       1510-089 013755 53852.06800  5000.0   0.0000    1.4400    0.1010
       1510-089 015219 53852.07800  5000.0   0.0000    1.3940    0.1080
       1510-089 160321 53974.66900  5000.0   0.0000    2.0900    0.1120
       1510-089 161619 53974.67800  5000.0   0.0000    2.0100    0.0910
       1510-089 133921 54011.56900  5000.0   0.0000    1.6460    0.0640
       1510-089 135345 54011.57900  5000.0   0.0000    1.6850    0.0940
       1510-089 122136 54023.51500  5000.0   0.0000    1.7170    0.0830
       1510-089 000252 54200.00200  5000.0   0.0000    1.3600    0.0680
       1510-089 001550 54200.01100  5000.0   0.0000    1.3450    0.0980
       1510-089 210838 54296.88100  5000.0   0.0000    1.5170    0.0860
       1510-089 212136 54296.89000  5000.0   0.0000    1.6600    0.0940
       1510-089 160907 54347.67300  5000.0   0.0000    1.7570    0.0960
       1510-089 162204 54347.68200  5000.0   0.0000    1.6370    0.1020
       1510-089 163502 54347.69100  5000.0   0.0000    1.6780    0.0970
       1510-089 164926 54347.70100  5000.0   0.0000    1.6180    0.0670
       1510-089 173531 54348.73300  5000.0   0.0000    1.6630    0.0700
       1510-089 174828 54348.74200  5000.0   0.0000    1.6830    0.0750
       1510-089 180252 54348.75200  5000.0   0.0000    1.4030    0.0520
       1510-089 181550 54348.76100  5000.0   0.0000    1.7880    0.0610
       1510-089 170223 54668.71000  5000.0   0.0000    2.5450    0.1490
       1510-089 171521 54668.71900  5000.0   0.0000    2.3570    0.1500
       1510-089 160614 54689.67100  5000.0   0.0000    2.5130    0.0870
       1510-089 161912 54689.68000  5000.0   0.0000    2.3670    0.1170
       1510-089 135052 54779.57700  5000.0   0.0000    1.6680    0.0940
       1510-089 140516 54779.58700  5000.0   0.0000    1.4420    0.0850
       1510-089 023238 54913.10600  5000.0   0.0000    1.8160    0.3980
       1510-089 024536 54913.11500  5000.0   0.0000    2.0310    0.2480
       1510-089 021521 54954.09400  5000.0   0.0000    2.0350    0.3050
       1510-089 214311 55002.90500  5000.0   0.0000    2.5120    0.1070
       1510-089 192457 55034.80900  5000.0   0.0000    2.8370    0.2460
       1510-089 184857 55062.78400  5000.0   0.0000    2.9510    0.2600
       1510-089 141648 55099.59500  5000.0   0.0000    2.5540    0.1020
       1510-089 143111 55099.60500  5000.0   0.0000    2.6650    0.1000
       1510-089 141814 55121.59600  5000.0   0.0000    2.4790    0.0870
       1510-089 143238 55121.60600  5000.0   0.0000    2.4360    0.0910
       1510-089 062136 55210.26500  5000.0   0.0000    2.3450    0.0930
       1510-089 063559 55210.27500  5000.0   0.0000    2.3630    0.0910
       1510-089 003307 53452.02300  8000.0   0.0000    2.9720    0.0530
       1510-089 234243 53463.98800  8000.0   0.0000    3.0770    0.0470
       1510-089 234116 53464.98700  8000.0   0.0000    2.9610    0.0560
       1510-089 220740 53477.92200  8000.0   0.0000    3.1020    0.2620
       1510-089 221745 53477.92900  8000.0   0.0000    3.0070    0.1470
       1510-089 201355 53503.84300  8000.0   0.0000    2.8030    0.1500
       1510-089 003726 53504.02600  8000.0   0.0000    2.7230    0.1150
       1510-089 200350 53504.83600  8000.0   0.0000    2.9380    0.2280
       1510-089 221619 53504.92800  8000.0   0.0000    2.7100    0.1250
       1510-089 003014 53505.02100  8000.0   0.0000    2.8060    0.1070
       1510-089 200057 53505.83400  8000.0   0.0000    2.8440    0.1190
       1510-089 003559 53506.02500  8000.0   0.0000    2.7660    0.1330
       1510-089 194507 53543.82300  8000.0   0.0000    1.8870    0.1690
       1510-089 211131 53544.88300  8000.0   0.0000    1.7700    0.2330
       1510-089 183014 53576.77100  8000.0   0.0000    1.6120    0.0900
       1510-089 202819 53587.85300  8000.0   0.0000    1.5530    0.1290
       1510-089 162457 53606.68400  8000.0   0.0000    1.5050    0.0940
       1510-089 122428 53638.51700  8000.0   0.0000    1.6130    0.0820
       1510-089 115707 53698.49800  8000.0   0.0000    1.6460    0.1470
       1510-089 064145 53721.27900  8000.0   0.0000    1.6620    0.0950
       1510-089 083950 53743.36100  8000.0   0.0000    1.6410    0.0930
       1510-089 061004 53744.25700  8000.0   0.0000    1.5290    0.1110
       1510-089 062721 53771.26900  8000.0   0.0000    1.4130    0.1080
       1510-089 063852 53771.27700  8000.0   0.0000    1.6550    0.1030
       1510-089 065150 53771.28600  8000.0   0.0000    1.5530    0.1120
       1510-089 034019 53805.15300  8000.0   0.0000    1.3140    0.1300
       1510-089 035316 53805.16200  8000.0   0.0000    1.4280    0.1320
       1510-089 040447 53805.17000  8000.0   0.0000    1.2860    0.1680
       1510-089 014926 53831.07600  8000.0   0.0000    1.2900    0.2280
       1510-089 005609 53851.03900  8000.0   0.0000    1.5280    0.2080
       1510-089 233111 53860.98000  8000.0   0.0000    1.4750    0.0600
       1510-089 210419 53907.87800  8000.0   0.0000    1.8200    0.0810
       1510-089 180000 53955.75000  8000.0   0.0000    1.9230    0.1630
       1510-089 164507 53973.69800  8000.0   0.0000    1.9860    0.0660
       1510-089 141521 54010.59400  8000.0   0.0000    1.6410    0.1210
       1510-089 122136 54022.51500  8000.0   0.0000    1.5750    0.1120
       1510-089 093307 54080.39800  8000.0   0.0000    1.2510    0.0930
       1510-089 082819 54099.35300  8000.0   0.0000    1.1060    0.0780
       1510-089 045512 54150.20500  8000.0   0.0000    1.4600    0.0850
       1510-089 010614 54199.04600  8000.0   0.0000    1.3510    0.0690
       1510-089 012624 54220.06000  8000.0   0.0000    1.5590    0.0550
       1510-089 012624 54220.06000  8000.0   0.0000    1.5590    0.0550
       1510-089 192916 54275.81200  8000.0   0.0000    1.6460    0.0900
       1510-089 185736 54288.79000  8000.0   0.0000    1.7400    0.0790
       1510-089 201940 54295.84700  8000.0   0.0000    1.7800    0.0980
       1510-089 182721 54324.76900  8000.0   0.0000    1.9180    0.0960
       1510-089 161033 54343.67400  8000.0   0.0000    1.8830    0.0750
       1510-089 143950 54373.61100  8000.0   0.0000    1.7130    0.0640
       1510-089 105345 54421.45400  8000.0   0.0000    1.8860    0.2080
       1510-089 095024 54435.41000  8000.0   0.0000    1.6900    0.0740
       1510-089 073628 54477.31700  8000.0   0.0000    1.9570    0.1350
       1510-089 035316 54513.16200  8000.0   0.0000    2.0890    0.0970
       1510-089 002721 54576.01900  8000.0   0.0000    1.8570    0.0640
       1510-089 001131 54605.00800  8000.0   0.0000    2.1450    0.0760
       1510-089 205121 54640.86900  8000.0   0.0000    2.5710    0.0730
       1510-089 200516 54652.83700  8000.0   0.0000    2.6680    0.2060
       1510-089 191912 54667.80500  8000.0   0.0000    2.8820    0.1100
       1510-089 181004 54688.75700  8000.0   0.0000    2.8110    0.1150
       1510-089 113238 54777.48100  8000.0   0.0000    2.7450    0.0920
       1510-089 022526 54952.10100  8000.0   0.0000    1.8360    0.1520
       1510-089 210419 55003.87800  8000.0   0.0000    3.6800    0.2920
       1510-089 204702 55035.86600  8000.0   0.0000    3.2830    0.1830
       1510-089 163209 55063.68900  8000.0   0.0000    3.1530    0.0800
       1510-089 172945 55076.72900  8000.0   0.0000    3.0660    0.1460
       1510-089 145414 55100.62100  8000.0   0.0000    2.6390    0.2630
       1510-089 152428 55122.64200  8000.0   0.0000    2.0380    0.1060
       1510-089 075638 55208.33100  8000.0   0.0000    2.7190    0.2590
       1606+105 154311 53638.65500 22000.0   0.0000    0.8260    0.3190
       1606+105 063140 53722.27200 22000.0   0.0000    0.8990    0.3070
       1606+105 112945 53722.47900 22000.0   0.0000    0.7720    0.3380
       1606+105 073628 53772.31700 22000.0   0.0000    0.5640    0.2970
       1606+105 074926 53772.32600 22000.0   0.0000    0.5340    0.2750
       1606+105 023404 53850.10700 22000.0   0.0000    1.6420    0.3630
       1606+105 025248 53850.12000 22000.0   0.0000    1.4140    0.3740
       1606+105 011452 53862.05200 22000.0   0.0000    1.5340    0.3080
       1606+105 013335 53862.06500 22000.0   0.0000    1.6120    0.2760
       1606+105 212136 53926.89000 22000.0   0.0000    2.0330    0.4780
       1606+105 173657 53972.73400 22000.0   0.0000    0.6950    0.4020
       1606+105 141940 54009.59700 22000.0   0.0000    1.7400    0.3900
       1606+105 143823 54009.61000 22000.0   0.0000    1.1200    0.3370
       1606+105 132916 54021.56200 22000.0   0.0000    1.1310    0.3000
       1606+105 111102 54057.46600 22000.0   0.0000    2.5500    0.7130
       1606+105 120711 54057.50500 22000.0   0.0000    1.7860    1.4950
       1606+105 100614 54097.42100 22000.0   0.0000    2.0380    0.3510
       1606+105 102457 54097.43400 22000.0   0.0000    1.8570    0.3630
       1606+105 104507 54097.44800 22000.0   0.0000    1.9620    0.3300
       1606+105 110350 54097.46100 22000.0   0.0000    1.0890    0.3440
       1606+105 080643 54119.33800 22000.0   0.0000    1.9960    0.3990
       1606+105 084536 54119.36500 22000.0   0.0000    2.3960    0.4200
       1606+105 090419 54119.37800 22000.0   0.0000    2.2930    0.4350
       1606+105 050809 54148.21400 22000.0   0.0000    2.5430    0.4450
       1606+105 052652 54148.22700 22000.0   0.0000    2.2640    0.3610
       1606+105 054702 54148.24100 22000.0   0.0000    2.5540    0.3540
       1606+105 025414 54575.12100 22000.0   0.0000    1.3200    0.3590
       1606+105 011159 54604.05000 22000.0   0.0000    1.8480    0.5130
       1606+105 224800 54639.95000 22000.0   0.0000    1.9920    0.2510
       1606+105 220321 54651.91900 22000.0   0.0000    1.6660    0.3080
       1606+105 201355 54665.84300 22000.0   0.0000    1.7940    0.2660
       1606+105 202652 54665.85200 22000.0   0.0000    0.9390    0.2430
       1606+105 184731 54687.78300 22000.0   0.0000    0.9600    0.1820
       1606+105 190028 54687.79200 22000.0   0.0000    1.6670    0.2580
       1606+105 124019 54778.52800 22000.0   0.0000    0.6790    0.3310
       1606+105 032721 54912.14400 22000.0   0.0000    0.4670    0.3350
       1606+105 034145 54912.15400 22000.0   0.0000    1.4640    0.3630
       1606+105 024536 54953.11500 22000.0   0.0000    1.3150    0.6730
       1606+105 212555 55001.89300 22000.0   0.0000    0.5220    0.3060
       1606+105 214019 55001.90300 22000.0   0.0000    0.9770    0.3580
       1606+105 185024 55033.78500 22000.0   0.0000    0.9130    0.3170
       1606+105 190447 55033.79500 22000.0   0.0000    0.4590    0.2970
       1606+105 154438 55098.65600 22000.0   0.0000    0.4420    0.2360
       1606+105 150000 55120.62500 22000.0   0.0000    1.2090    0.1810
       1606+105 151257 55120.63400 22000.0   0.0000    0.7500    0.2000
       1606+105 081355 55209.34300 22000.0   0.0000    1.1140    0.2560
       1606+105 082819 55209.35300 22000.0   0.0000    1.0340    0.3110
       1606+105 225219 53825.95300 43000.0   0.0000    1.1780    0.5490
       1606+105 225219 53826.95300 43000.0   0.0000    1.1690    0.6080
       1606+105 225052 53827.95200 43000.0   0.0000    1.1180    0.5810
       1606+105 205121 53854.86900 43000.0   0.0000    1.6290    0.7690
       1606+105 195052 53878.82700 43000.0   0.0000    1.8970    0.5620
       1606+105 175121 53911.74400 43000.0   0.0000    0.7570    0.4020
       1606+105 175121 53912.74400 43000.0   0.0000    1.0230    0.4190
       1606+105 135052 53972.57700 43000.0   0.0000    0.8420    0.4640
       1606+105 115121 53998.49400 43000.0   0.0000    0.5490    0.3470
       1606+105 115121 53999.49400 43000.0   0.0000    0.6020    0.3510
       1606+105 095150 54026.41100 43000.0   0.0000    0.3660    0.3940
       1606+105 175121 54277.74400 43000.0   0.0000    1.2210    0.1960
       1606+105 145121 54321.61900 43000.0   0.0000    1.2960    0.1720
       1606+105 145121 54322.61900 43000.0   0.0000    1.0570    0.1480
       1606+105 114955 54365.49300 43000.0   0.0000    1.2330    0.1930
       1606+105 080643 54422.33800 43000.0   0.0000    1.6940    0.3100
       1606+105 080809 54423.33900 43000.0   0.0000    1.2100    0.1790
       1606+105 070614 54435.29600 43000.0   0.0000    1.6270    0.4880
       1606+105 080643 54436.33800 43000.0   0.0000    1.1260    0.2110
       1606+105 080643 54437.33800 43000.0   0.0000    1.1630    0.2330
       1606+105 050643 54480.21300 43000.0   0.0000    1.4430    0.2280
       1606+105 030711 54505.13000 43000.0   0.0000    1.0850    0.1450
       1606+105 024116 54506.11200 43000.0   0.0000    1.1260    0.1790
       1606+105 030711 54507.13000 43000.0   0.0000    1.2810    0.1750
       1606+105 020643 54523.08800 43000.0   0.0000    1.3280    0.1610
       1606+105 230935 54555.96500 43000.0   0.0000    1.7470    0.2170
       1606+105 230935 54556.96500 43000.0   0.0000    1.5860    0.1850
       1606+105 230809 54557.96400 43000.0   0.0000    1.7210    0.2360
       1606+105 220321 54579.91900 43000.0   0.0000    1.5510    0.2150
       1606+105 211004 54580.88200 43000.0   0.0000    1.3100    0.1420
       1606+105 191033 54611.79900 43000.0   0.0000    1.3990    0.1460
       1606+105 191033 54612.79900 43000.0   0.0000    1.3530    0.1620
       1606+105 171355 54641.71800 43000.0   0.0000    1.3450    0.1960
       1606+105 170935 54642.71500 43000.0   0.0000    0.8560    0.1380
       1606+105 170935 54643.71500 43000.0   0.0000    1.3890    0.1920
       1606+105 160740 54659.67200 43000.0   0.0000    1.8830    0.3130
       1606+105 160907 54660.67300 43000.0   0.0000    1.3310    0.2330
       1606+105 151004 54679.63200 43000.0   0.0000    0.7850    0.1100
       1606+105 151131 54680.63300 43000.0   0.0000    0.6450    0.1120
       1606+105 151004 54681.63200 43000.0   0.0000    0.8980    0.1250
       1606+105 150545 54682.62900 43000.0   0.0000    0.7420    0.1470
       1606+105 131033 54709.54900 43000.0   0.0000    1.5230    0.2180
       1606+105 105219 54743.45300 43000.0   0.0000    0.9990    0.2150
       1606+105 105219 54745.45300 43000.0   0.0000    1.5010    0.3580
       1606+105 080809 54779.33900 43000.0   0.0000    1.0260    0.1570
       1606+105 080516 54780.33700 43000.0   0.0000    0.9050    0.1720
       1606+105 080643 54781.33800 43000.0   0.0000    0.8630    0.1650
       1606+105 080643 54808.33800 43000.0   0.0000    0.8830    0.2030
       1606+105 080516 54809.33700 43000.0   0.0000    0.9250    0.1740
       1606+105 030545 54877.12900 43000.0   0.0000    1.0670    0.2990
       1606+105 230935 54929.96500 43000.0   0.0000    0.9100    0.1200
       1606+105 230935 54930.96500 43000.0   0.0000    0.9010    0.1210
       1606+105 200809 54960.83900 43000.0   0.0000    0.9100    0.1210
       1606+105 200935 54961.84000 43000.0   0.0000    0.8030    0.1120
       1606+105 170935 55009.71500 43000.0   0.0000    1.0430    0.1750
       1606+105 170935 55010.71500 43000.0   0.0000    0.8440    0.1300
       1606+105 170935 55011.71500 43000.0   0.0000    0.9000    0.1370
       1606+105 080809 55168.33900 43000.0   0.0000    0.7920    0.1650
       1606+105 001423 53511.01000  5000.0   0.0000    1.5920    0.0840
       1606+105 220028 53543.91700  5000.0   0.0000    1.5490    0.0860
       1606+105 163921 53544.69400  5000.0   0.0000    1.5880    0.0970
       1606+105 014340 53545.07200  5000.0   0.0000    1.6390    0.0900
       1606+105 225638 53576.95600  5000.0   0.0000    1.6610    0.0900
       1606+105 120838 53639.50600  5000.0   0.0000    1.3970    0.0720
       1606+105 162750 53639.68600  5000.0   0.0000    1.4810    0.0720
       1606+105 061131 53724.25800  5000.0   0.0000    1.4640    0.0960
       1606+105 131159 53724.55000  5000.0   0.0000    1.4770    0.0850
       1606+105 052526 53766.22600  5000.0   0.0000    1.4520    0.0800
       1606+105 065736 53770.29000  5000.0   0.0000    1.3690    0.0810
       1606+105 070907 53770.29800  5000.0   0.0000    1.3910    0.0780
       1606+105 072204 53770.30700  5000.0   0.0000    1.4180    0.0760
       1606+105 035024 53826.16000  5000.0   0.0000    1.4780    0.0870
       1606+105 033014 53852.14600  5000.0   0.0000    1.4460    0.0960
       1606+105 034857 53852.15900  5000.0   0.0000    1.4500    0.1190
       1606+105 191159 53974.80000  5000.0   0.0000    1.6890    0.1020
       1606+105 193043 53974.81300  5000.0   0.0000    1.6790    0.1080
       1606+105 165219 54011.70300  5000.0   0.0000    1.6420    0.0700
       1606+105 171102 54011.71600  5000.0   0.0000    1.6840    0.0900
       1606+105 173111 54011.73000  5000.0   0.0000    1.6430    0.1970
       1606+105 133755 54023.56800  5000.0   0.0000    1.6430    0.0740
       1606+105 135638 54023.58100  5000.0   0.0000    1.6490    0.0810
       1606+105 023238 54200.10600  5000.0   0.0000    2.1680    0.0650
       1606+105 025121 54200.11900  5000.0   0.0000    2.1800    0.0640
       1606+105 230809 54296.96400  5000.0   0.0000    1.8870    0.0730
       1606+105 232819 54296.97800  5000.0   0.0000    1.9360    0.0790
       1606+105 164800 54396.70000  5000.0   0.0000    1.5890    0.1010
       1606+105 170057 54396.70900  5000.0   0.0000    1.7370    0.0920
       1606+105 173111 54668.73000  5000.0   0.0000    1.7820    0.1220
       1606+105 174409 54668.73900  5000.0   0.0000    1.6440    0.1140
       1606+105 163502 54689.69100  5000.0   0.0000    1.7180    0.0750
       1606+105 164800 54689.70000  5000.0   0.0000    1.5510    0.0750
       1606+105 162750 54779.68600  5000.0   0.0000    1.7430    0.0800
       1606+105 164214 54779.69600  5000.0   0.0000    1.6870    0.0910
       1606+105 050223 54913.21000  5000.0   0.0000    1.4580    0.2110
       1606+105 051521 54913.21900  5000.0   0.0000    1.4620    0.2860
       1606+105 044800 54954.20000  5000.0   0.0000    1.4220    0.2050
       1606+105 001716 55003.01200  5000.0   0.0000    1.4620    0.0820
       1606+105 003014 55003.02100  5000.0   0.0000    1.4640    0.0790
       1606+105 221326 55034.92600  5000.0   0.0000    1.5310    0.1830
       1606+105 222624 55034.93500  5000.0   0.0000    1.6730    0.2560
       1606+105 212848 55062.89500  5000.0   0.0000    1.6250    0.2180
       1606+105 165512 55099.70500  5000.0   0.0000    1.5350    0.1140
       1606+105 170935 55099.71500  5000.0   0.0000    1.5590    0.1020
       1606+105 151843 55121.63800  5000.0   0.0000    1.5210    0.1820
       1606+105 153307 55121.64800  5000.0   0.0000    1.5090    0.0930
       1606+105 085540 55210.37200  5000.0   0.0000    1.3550    0.0880
       1606+105 090838 55210.38100  5000.0   0.0000    1.3810    0.0840
       1606+105 203950 53510.86100  8000.0   0.0000    1.4540    0.0890
       1606+105 034019 53511.15300  8000.0   0.0000    1.4730    0.1660
       1606+105 212302 53544.89100  8000.0   0.0000    1.3110    0.0940
       1606+105 184311 53576.78000  8000.0   0.0000    1.2830    0.0840
       1606+105 212555 53577.89300  8000.0   0.0000    1.2950    0.1130
       1606+105 194047 53605.82000  8000.0   0.0000    1.3370    0.1130
       1606+105 163628 53606.69200  8000.0   0.0000    1.2440    0.0800
       1606+105 150545 53637.62900  8000.0   0.0000    1.2040    0.0710
       1606+105 191619 53638.80300  8000.0   0.0000    1.2660    0.0910
       1606+105 121004 53698.50700  8000.0   0.0000    1.3220    0.0910
       1606+105 043502 53742.19100  8000.0   0.0000    1.3400    0.0330
       1606+105 055833 53743.24900  8000.0   0.0000    1.1890    0.0750
       1606+105 062302 53744.26600  8000.0   0.0000    1.2070    0.0650
       1606+105 095150 53766.41100  8000.0   0.0000    1.4310    0.1150
       1606+105 070447 53771.29500  8000.0   0.0000    1.1930    0.0880
       1606+105 071619 53771.30300  8000.0   0.0000    1.2160    0.0800
       1606+105 072916 53771.31200  8000.0   0.0000    1.1970    0.0890
       1606+105 042204 53805.18200  8000.0   0.0000    1.3110    0.0710
       1606+105 043921 53805.19400  8000.0   0.0000    1.2180    0.0790
       1606+105 021940 53831.09700  8000.0   0.0000    1.2770    0.2170
       1606+105 014214 53851.07100  8000.0   0.0000    1.2350    0.2040
       1606+105 020057 53851.08400  8000.0   0.0000    1.1340    0.2130
       1606+105 003726 53860.02600  8000.0   0.0000    1.4320    0.0440
       1606+105 002302 53861.01600  8000.0   0.0000    1.4100    0.0520
       1606+105 220614 53907.92100  8000.0   0.0000    1.7590    0.0630
       1606+105 193628 53955.81700  8000.0   0.0000    1.5580    0.0750
       1606+105 181423 53973.76000  8000.0   0.0000    1.3330    0.2130
       1606+105 155150 54010.66100  8000.0   0.0000    1.4180    0.0830
       1606+105 135052 54022.57700  8000.0   0.0000    1.5210    0.1210
       1606+105 131745 54037.55400  8000.0   0.0000    1.3470    0.1450
       1606+105 114116 54059.48700  8000.0   0.0000    1.7850    0.1210
       1606+105 110057 54080.45900  8000.0   0.0000    1.8730    0.0520
       1606+105 095609 54099.41400  8000.0   0.0000    2.0590    0.0730
       1606+105 074633 54121.32400  8000.0   0.0000    2.3350    0.1370
       1606+105 065150 54150.28600  8000.0   0.0000    2.5240    0.1000
       1606+105 024116 54199.11200  8000.0   0.0000    2.2250    0.0660
       1606+105 030126 54220.12600  8000.0   0.0000    2.0620    0.1010
       1606+105 030126 54220.12600  8000.0   0.0000    2.0620    0.1010
       1606+105 211004 54275.88200  8000.0   0.0000    1.7500    0.0800
       1606+105 200809 54288.83900  8000.0   0.0000    1.5940    0.0620
       1606+105 212848 54295.89500  8000.0   0.0000    1.6920    0.0630
       1606+105 195512 54324.83000  8000.0   0.0000    1.5900    0.0710
       1606+105 173823 54343.73500  8000.0   0.0000    1.5690    0.0550
       1606+105 155736 54373.66500  8000.0   0.0000    1.4800    0.0670
       1606+105 123014 54421.52100  8000.0   0.0000    1.3750    0.1210
       1606+105 111814 54435.47100  8000.0   0.0000    1.3610    0.0570
       1606+105 052233 54513.22400  8000.0   0.0000    1.5080    0.0770
       1606+105 033140 54576.14700  8000.0   0.0000    1.5670    0.0700
       1606+105 031843 54605.13800  8000.0   0.0000    1.5850    0.0950
       1606+105 235248 54640.99500  8000.0   0.0000    1.6300    0.0590
       1606+105 230643 54652.96300  8000.0   0.0000    1.5290    0.0760
       1606+105 222624 54666.93500  8000.0   0.0000    1.5070    0.0700
       1606+105 211716 54687.88700  8000.0   0.0000    1.5380    0.0510
       1606+105 191033 54723.79900  8000.0   0.0000    1.4700    0.2210
       1606+105 143238 54777.60600  8000.0   0.0000    1.4800    0.0600
       1606+105 044340 54952.19700  8000.0   0.0000    1.2350    0.2100
       1606+105 003014 55004.02100  8000.0   0.0000    1.3990    0.1050
       1606+105 233950 55035.98600  8000.0   0.0000    1.4680    0.1010
       1606+105 193209 55063.81400  8000.0   0.0000    1.3270    0.0990
       1606+105 203111 55076.85500  8000.0   0.0000    1.5870    0.1300
       1606+105 175540 55100.74700  8000.0   0.0000    1.3300    0.0970
       1606+105 182555 55122.76800  8000.0   0.0000    1.3660    0.0920
       1606+105 105804 55208.45700  8000.0   0.0000    1.1190    0.1540
       1611+343 011033 53444.04900 22000.0   0.0000    4.1520    0.1280
       1611+343 205540 53510.87200 22000.0   0.0000    4.3240    0.5020
       1611+343 205540 53511.87200 22000.0   0.0000    3.8850    0.4530
       1611+343 155443 53638.66300 22000.0   0.0000    4.7440    0.3500
       1611+343 160740 53698.67200 22000.0   0.0000    5.1150    0.4870
       1611+343 064311 53722.28000 22000.0   0.0000    4.3870    0.3380
       1611+343 114243 53722.48800 22000.0   0.0000    4.4800    0.4460
       1611+343 105804 53743.45700 22000.0   0.0000    4.1330    0.3620
       1611+343 025414 53744.12100 22000.0   0.0000    4.8690    0.3840
       1611+343 081521 53772.34400 22000.0   0.0000    3.7700    0.2940
       1611+343 082652 53772.35200 22000.0   0.0000    4.1090    0.2920
       1611+343 044926 53806.20100 22000.0   0.0000    4.1600    0.6920
       1611+343 050223 53806.21000 22000.0   0.0000    4.2260    0.5240
       1611+343 031131 53850.13300 22000.0   0.0000    4.3310    0.4150
       1611+343 032428 53850.14200 22000.0   0.0000    4.6190    0.4430
       1611+343 015219 53862.07800 22000.0   0.0000    4.8300    0.3700
       1611+343 020516 53862.08700 22000.0   0.0000    4.5350    0.3760
       1611+343 215609 53926.91400 22000.0   0.0000    5.1610    0.7290
       1611+343 211004 53954.88200 22000.0   0.0000    4.0400    0.4500
       1611+343 212302 53954.89100 22000.0   0.0000    4.4240    0.4610
       1611+343 200350 53972.83600 22000.0   0.0000    3.7570    0.3410
       1611+343 201648 53972.84500 22000.0   0.0000    3.5160    0.3160
       1611+343 164507 54009.69800 22000.0   0.0000    3.7320    0.4300
       1611+343 165931 54009.70800 22000.0   0.0000    3.8240    0.4420
       1611+343 153559 54021.65000 22000.0   0.0000    3.6740    0.3150
       1611+343 154857 54021.65900 22000.0   0.0000    4.2730    0.3260
       1611+343 135804 54056.58200 22000.0   0.0000    3.2600    0.6200
       1611+343 141102 54056.59100 22000.0   0.0000    3.3530    0.9250
       1611+343 110057 54119.45900 22000.0   0.0000    3.2250    0.3800
       1611+343 111355 54119.46800 22000.0   0.0000    3.6740    0.4600
       1611+343 112652 54119.47700 22000.0   0.0000    3.5930    0.3460
       1611+343 113950 54119.48600 22000.0   0.0000    3.1630    0.4450
       1611+343 090545 54147.37900 22000.0   0.0000    3.8200    0.4020
       1611+343 091843 54147.38800 22000.0   0.0000    3.8190    0.4580
       1611+343 093140 54147.39700 22000.0   0.0000    3.6890    0.5650
       1611+343 094438 54147.40600 22000.0   0.0000    3.1470    0.4510
       1611+343 015638 54184.08100 22000.0   0.0000    3.5660    0.7430
       1611+343 020935 54184.09000 22000.0   0.0000    3.7430    0.9550
       1611+343 031257 54197.13400 22000.0   0.0000    3.9600    1.6130
       1611+343 032721 54197.14400 22000.0   0.0000    3.7430    0.4880
       1611+343 034019 54197.15300 22000.0   0.0000    4.1680    0.8250
       1611+343 043043 54218.18800 22000.0   0.0000    3.7210    0.5720
       1611+343 043043 54218.18800 22000.0   0.0000    3.7210    0.5720
       1611+343 044340 54218.19700 22000.0   0.0000    4.0030    0.7090
       1611+343 044340 54218.19700 22000.0   0.0000    4.0030    0.7090
       1611+343 221159 54273.92500 22000.0   0.0000    2.8360    0.3570
       1611+343 222457 54273.93400 22000.0   0.0000    3.0580    0.3530
       1611+343 223755 54273.94300 22000.0   0.0000    3.3410    0.4180
       1611+343 225052 54273.95200 22000.0   0.0000    3.8640    0.3700
       1611+343 224926 54287.95100 22000.0   0.0000    3.4970    0.3240
       1611+343 230223 54287.96000 22000.0   0.0000    3.5760    0.3220
       1611+343 001550 54295.01100 22000.0   0.0000    3.6880    0.5970
       1611+343 003014 54295.02100 22000.0   0.0000    4.4170    0.9880
       1611+343 204702 54344.86600 22000.0   0.0000    2.9430    0.3890
       1611+343 210000 54344.87500 22000.0   0.0000    3.7170    0.4310
       1611+343 211257 54344.88400 22000.0   0.0000    2.7140    0.9960
       1611+343 212555 54344.89300 22000.0   0.0000    2.5920    0.9610
       1611+343 180838 54372.75600 22000.0   0.0000    2.9090    1.0100
       1611+343 134800 54455.57500 22000.0   0.0000    2.7430    0.1890
       1611+343 140057 54455.58400 22000.0   0.0000    2.2940    0.2590
       1611+343 141521 54455.59400 22000.0   0.0000    3.4530    0.2440
       1611+343 142819 54455.60300 22000.0   0.0000    3.2530    0.2320
       1611+343 093140 54479.39700 22000.0   0.0000    2.9500    0.2110
       1611+343 094438 54479.40600 22000.0   0.0000    2.7060    0.1950
       1611+343 095736 54479.41500 22000.0   0.0000    2.5700    0.2290
       1611+343 101033 54479.42400 22000.0   0.0000    2.6370    0.2680
       1611+343 063726 54512.27600 22000.0   0.0000    2.1970    0.2350
       1611+343 065024 54512.28500 22000.0   0.0000    2.5720    0.2300
       1611+343 070321 54512.29400 22000.0   0.0000    2.8230    0.2700
       1611+343 071745 54512.30400 22000.0   0.0000    2.1520    0.2300
       1611+343 045345 54561.20400 22000.0   0.0000    2.2890    0.4750
       1611+343 050809 54561.21400 22000.0   0.0000    3.1710    0.4040
       1611+343 001004 54575.00700 22000.0   0.0000    2.0080    0.3390
       1611+343 004019 54640.02800 22000.0   0.0000    2.1870    0.2740
       1611+343 005316 54640.03700 22000.0   0.0000    2.7240    0.3200
       1611+343 235707 54651.99800 22000.0   0.0000    3.4660    0.5540
       1611+343 001004 54652.00700 22000.0   0.0000    2.7500    0.4490
       1611+343 221159 54665.92500 22000.0   0.0000    2.9910    0.3230
       1611+343 222457 54665.93400 22000.0   0.0000    2.2770    0.2670
       1611+343 210419 54686.87800 22000.0   0.0000    2.8320    0.3800
       1611+343 173657 54722.73400 22000.0   0.0000    1.8010    0.4080
       1611+343 144409 54778.61400 22000.0   0.0000    2.7710    0.3610
       1611+343 145707 54778.62300 22000.0   0.0000    2.6470    0.3490
       1611+343 121004 54816.50700 22000.0   0.0000    3.1540    0.8610
       1611+343 054409 54912.23900 22000.0   0.0000    2.2280    0.3940
       1611+343 055833 54912.24900 22000.0   0.0000    1.8310    0.3830
       1611+343 050643 54953.21300 22000.0   0.0000    1.9540    0.8210
       1611+343 233238 55001.98100 22000.0   0.0000    2.8400    0.5390
       1611+343 234536 55001.99000 22000.0   0.0000    1.4070    0.3950
       1611+343 204955 55033.86800 22000.0   0.0000    2.2560    0.3490
       1611+343 210419 55033.87800 22000.0   0.0000    1.7150    0.2680
       1611+343 192750 55061.81100 22000.0   0.0000    2.2160    0.5360
       1611+343 194214 55061.82100 22000.0   0.0000    3.3700    0.5100
       1611+343 181257 55098.75900 22000.0   0.0000    1.9220    0.3340
       1611+343 170223 55120.71000 22000.0   0.0000    1.7770    0.2170
       1611+343 171521 55120.71900 22000.0   0.0000    2.5760    0.2910
       1611+343 104800 55209.45000 22000.0   0.0000    1.3490    0.2050
       1611+343 110223 55209.46000 22000.0   0.0000    1.4540    0.2300
       1611+343 232945 53825.97900 43000.0   0.0000    3.9980    1.3100
       1611+343 232819 53826.97800 43000.0   0.0000    3.7490    1.2620
       1611+343 233657 53827.98400 43000.0   0.0000    3.9540    1.3240
       1611+343 212848 53854.89500 43000.0   0.0000    3.4060    0.8460
       1611+343 202819 53878.85300 43000.0   0.0000    2.9710    0.6440
       1611+343 182848 53911.77000 43000.0   0.0000    2.7350    0.6190
       1611+343 183014 53912.77100 43000.0   0.0000    2.4420    0.5700
       1611+343 183014 53913.77100 43000.0   0.0000    3.1540    0.6680
       1611+343 173657 53928.73400 43000.0   0.0000    2.0520    0.6470
       1611+343 142819 53971.60300 43000.0   0.0000    2.4790    0.6670
       1611+343 142819 53972.60300 43000.0   0.0000    2.4000    0.6300
       1611+343 122848 53999.52000 43000.0   0.0000    2.1060    0.4840
       1611+343 122136 54000.51500 43000.0   0.0000    2.2940    0.5250
       1611+343 103043 54025.43800 43000.0   0.0000    1.7960    0.6010
       1611+343 103628 54026.44200 43000.0   0.0000    1.8940    0.6340
       1611+343 182136 54277.76500 43000.0   0.0000    2.4170    0.3000
       1611+343 183559 54277.77500 43000.0   0.0000    2.2290    0.4160
       1611+343 152848 54321.64500 43000.0   0.0000    2.0700    0.2410
       1611+343 152848 54322.64500 43000.0   0.0000    2.1210    0.2570
       1611+343 123559 54365.52500 43000.0   0.0000    1.8990    0.2410
       1611+343 112945 54389.47900 43000.0   0.0000    1.7660    0.2360
       1611+343 084409 54423.36400 43000.0   0.0000    2.3550    0.2970
       1611+343 084409 54424.36400 43000.0   0.0000    2.2040    0.2880
       1611+343 074340 54435.32200 43000.0   0.0000    1.7810    0.2940
       1611+343 084536 54436.36500 43000.0   0.0000    1.5140    0.2440
       1611+343 084536 54437.36500 43000.0   0.0000    1.5550    0.2550
       1611+343 074507 54453.32300 43000.0   0.0000    1.5440    0.3340
       1611+343 054409 54479.23900 43000.0   0.0000    1.8110    0.2910
       1611+343 054702 54480.24100 43000.0   0.0000    1.8760    0.2970
       1611+343 035316 54505.16200 43000.0   0.0000    2.3220    0.3290
       1611+343 031716 54506.13700 43000.0   0.0000    2.1820    0.2980
       1611+343 034604 54507.15700 43000.0   0.0000    2.0660    0.2930
       1611+343 021814 54523.09600 43000.0   0.0000    2.2360    0.2650
       1611+343 023657 54523.10900 43000.0   0.0000    2.0160    0.2450
       1611+343 025121 54523.11900 43000.0   0.0000    1.8010    0.2230
       1611+343 234409 54555.98900 43000.0   0.0000    2.5240    0.2900
       1611+343 234409 54556.98900 43000.0   0.0000    2.4730    0.2880
       1611+343 203657 54579.85900 43000.0   0.0000    1.8630    0.2100
       1611+343 203657 54580.85900 43000.0   0.0000    1.8700    0.2030
       1611+343 213559 54580.90000 43000.0   0.0000    1.9740    0.2170
       1611+343 183559 54611.77500 43000.0   0.0000    1.9590    0.2050
       1611+343 193628 54611.81700 43000.0   0.0000    1.9210    0.2060
       1611+343 183559 54612.77500 43000.0   0.0000    1.7100    0.2040
       1611+343 193628 54612.81700 43000.0   0.0000    1.9140    0.2330
       1611+343 163628 54641.69200 43000.0   0.0000    1.7620    0.2660
       1611+343 173657 54641.73400 43000.0   0.0000    2.0010    0.3120
       1611+343 163628 54642.69200 43000.0   0.0000    1.6600    0.2390
       1611+343 173657 54642.73400 43000.0   0.0000    1.6550    0.2420
       1611+343 163502 54643.69100 43000.0   0.0000    1.5910    0.2420
       1611+343 173657 54643.73400 43000.0   0.0000    2.1920    0.3130
       1611+343 153559 54659.65000 43000.0   0.0000    2.0170    0.3450
       1611+343 163755 54659.69300 43000.0   0.0000    2.1410    0.4380
       1611+343 153559 54660.65000 43000.0   0.0000    2.2740    0.3750
       1611+343 163628 54660.69200 43000.0   0.0000    2.1570    0.3890
       1611+343 143531 54679.60800 43000.0   0.0000    1.7780    0.2300
       1611+343 153559 54679.65000 43000.0   0.0000    1.7900    0.2340
       1611+343 143657 54680.60900 43000.0   0.0000    1.7430    0.2100
       1611+343 153559 54680.65000 43000.0   0.0000    1.6050    0.2280
       1611+343 143657 54681.60900 43000.0   0.0000    1.7180    0.2010
       1611+343 153726 54681.65100 43000.0   0.0000    1.9330    0.2850
       1611+343 143657 54682.60900 43000.0   0.0000    1.8960    0.2370
       1611+343 153140 54682.64700 43000.0   0.0000    2.1460    0.3970
       1611+343 123559 54709.52500 43000.0   0.0000    1.9200    0.2550
       1611+343 133755 54709.56800 43000.0   0.0000    1.6850    0.2500
       1611+343 123726 54710.52600 43000.0   0.0000    2.0070    0.2460
       1611+343 112819 54743.47800 43000.0   0.0000    1.3660    0.2550
       1611+343 112819 54744.47800 43000.0   0.0000    1.9970    0.3570
       1611+343 112945 54745.47900 43000.0   0.0000    1.6770    0.3110
       1611+343 084409 54779.36400 43000.0   0.0000    1.9780    0.3030
       1611+343 084409 54780.36400 43000.0   0.0000    2.0880    0.3080
       1611+343 084409 54781.36400 43000.0   0.0000    2.2380    0.3400
       1611+343 083950 54808.36100 43000.0   0.0000    1.5440    0.2840
       1611+343 085248 54808.37000 43000.0   0.0000    1.6880    0.3090
       1611+343 083950 54809.36100 43000.0   0.0000    1.6070    0.2810
       1611+343 085121 54809.36900 43000.0   0.0000    1.7110    0.3910
       1611+343 055248 54840.24500 43000.0   0.0000    1.3620    0.3940
       1611+343 034857 54879.15900 43000.0   0.0000    1.1430    0.3040
       1611+343 234409 54929.98900 43000.0   0.0000    1.5960    0.1800
       1611+343 234409 54930.98900 43000.0   0.0000    1.4640    0.1760
       1611+343 203657 54959.85900 43000.0   0.0000    1.7910    0.2270
       1611+343 193628 54960.81700 43000.0   0.0000    1.5210    0.2070
       1611+343 203657 54960.85900 43000.0   0.0000    1.5940    0.2000
       1611+343 193628 54961.81700 43000.0   0.0000    1.5620    0.1980
       1611+343 203657 54961.85900 43000.0   0.0000    1.6000    0.2030
       1611+343 163502 55009.69100 43000.0   0.0000    1.3330    0.1820
       1611+343 173531 55009.73300 43000.0   0.0000    1.3850    0.1830
       1611+343 163628 55010.69200 43000.0   0.0000    1.7230    0.2690
       1611+343 173657 55010.73400 43000.0   0.0000    1.7250    0.2510
       1611+343 163628 55011.69200 43000.0   0.0000    1.9250    0.2620
       1611+343 173657 55011.73400 43000.0   0.0000    1.5830    0.2500
       1611+343 084409 55168.36400 43000.0   0.0000    0.9720    0.1860
       1611+343 054243 55211.23800 43000.0   0.0000    1.2080    0.1830
       1611+343 011033 53445.04900  5000.0   0.0000    5.0720    0.0850
       1611+343 011033 53446.04900  5000.0   0.0000    5.0650    0.0850
       1611+343 010614 53448.04600  5000.0   0.0000    5.0880    0.0860
       1611+343 024702 53478.11600  5000.0   0.0000    5.0910    0.1100
       1611+343 204536 53478.86500  5000.0   0.0000    5.1580    0.1330
       1611+343 002721 53511.01900  5000.0   0.0000    5.3840    0.1470
       1611+343 165052 53544.70200  5000.0   0.0000    5.3550    0.1370
       1611+343 015512 53545.08000  5000.0   0.0000    5.2940    0.1310
       1611+343 230809 53576.96400  5000.0   0.0000    5.2790    0.1530
       1611+343 174116 53577.73700  5000.0   0.0000    5.1760    0.1430
       1611+343 004857 53578.03400  5000.0   0.0000    5.1840    0.1470
       1611+343 233531 53605.98300  5000.0   0.0000    5.2350    0.1480
       1611+343 211716 53638.88700  5000.0   0.0000    5.0920    0.1200
       1611+343 122009 53639.51400  5000.0   0.0000    4.9720    0.1220
       1611+343 164047 53639.69500  5000.0   0.0000    4.8930    0.1050
       1611+343 200350 53639.83600  5000.0   0.0000    5.1050    0.1150
       1611+343 062428 53724.26700  5000.0   0.0000    4.8510    0.1290
       1611+343 053823 53766.23500  5000.0   0.0000    4.8590    0.1540
       1611+343 073502 53770.31600  5000.0   0.0000    4.9410    0.1000
       1611+343 074800 53770.32500  5000.0   0.0000    4.9150    0.1020
       1611+343 042457 53826.18400  5000.0   0.0000    5.0080    0.1510
       1611+343 040740 53852.17200  5000.0   0.0000    4.8900    0.2040
       1611+343 042038 53852.18100  5000.0   0.0000    4.9960    0.2110
       1611+343 200516 53974.83700  5000.0   0.0000    4.8420    0.1330
       1611+343 201814 53974.84600  5000.0   0.0000    4.8410    0.1420
       1611+343 180419 54011.75300  5000.0   0.0000    4.5860    0.0990
       1611+343 181716 54011.76200  5000.0   0.0000    4.6270    0.1030
       1611+343 153726 54023.65100  5000.0   0.0000    4.5280    0.1060
       1611+343 155024 54023.66000  5000.0   0.0000    4.5230    0.1090
       1611+343 030838 54200.13100  5000.0   0.0000    4.4360    0.1030
       1611+343 032302 54200.14100  5000.0   0.0000    4.3690    0.0960
       1611+343 235707 54289.99800  5000.0   0.0000    4.1380    0.0700
       1611+343 001131 54290.00800  5000.0   0.0000    4.1190    0.0720
       1611+343 234536 54296.99000  5000.0   0.0000    4.0860    0.1180
       1611+343 235833 54296.99900  5000.0   0.0000    4.1260    0.1210
       1611+343 201814 54347.84600  5000.0   0.0000    4.3010    0.1310
       1611+343 203111 54347.85500  5000.0   0.0000    4.2670    0.1240
       1611+343 204536 54347.86500  5000.0   0.0000    4.2690    0.1240
       1611+343 171648 54396.72000  5000.0   0.0000    4.0920    0.1010
       1611+343 172945 54396.72900  5000.0   0.0000    4.1550    0.1050
       1611+343 155316 54779.66200  5000.0   0.0000    3.7700    0.0960
       1611+343 160614 54779.67100  5000.0   0.0000    3.7870    0.0990
       1611+343 043335 54913.19000  5000.0   0.0000    3.8860    0.3440
       1611+343 041619 54954.17800  5000.0   0.0000    3.6820    0.4280
       1611+343 043043 54954.18800  5000.0   0.0000    4.1170    0.4050
       1611+343 234702 55002.99100  5000.0   0.0000    3.6540    0.1250
       1611+343 000126 55003.00100  5000.0   0.0000    3.7240    0.1250
       1611+343 214311 55034.90500  5000.0   0.0000    3.9840    0.2910
       1611+343 215736 55034.91500  5000.0   0.0000    3.7340    0.2200
       1611+343 205707 55062.87300  5000.0   0.0000    3.8160    0.2860
       1611+343 211004 55062.88200  5000.0   0.0000    3.6520    0.2020
       1611+343 162457 55099.68400  5000.0   0.0000    3.7530    0.1050
       1611+343 163921 55099.69400  5000.0   0.0000    3.5130    0.0940
       1611+343 144828 55121.61700  5000.0   0.0000    3.6980    0.1010
       1611+343 150252 55121.62700  5000.0   0.0000    3.6960    0.1450
       1611+343 082526 55210.35100  5000.0   0.0000    3.6520    0.1040
       1611+343 083950 55210.36100  5000.0   0.0000    3.6310    0.1080
       1611+343 001004 53464.00700  8000.0   0.0000    5.1660    0.0780
       1611+343 001004 53465.00700  8000.0   0.0000    4.9280    0.1060
       1611+343 223043 53477.93800  8000.0   0.0000    5.3250    0.1660
       1611+343 063014 53478.27100  8000.0   0.0000    5.3050    0.2040
       1611+343 205248 53510.87000  8000.0   0.0000    5.3560    0.1510
       1611+343 035316 53511.16200  8000.0   0.0000    5.2030    0.1440
       1611+343 185443 53576.78800  8000.0   0.0000    5.4600    0.2060
       1611+343 213852 53577.90200  8000.0   0.0000    5.5190    0.1570
       1611+343 111102 53605.46600  8000.0   0.0000    5.5620    0.2060
       1611+343 195345 53605.82900  8000.0   0.0000    5.3640    0.1910
       1611+343 151843 53637.63800  8000.0   0.0000    5.0480    0.1480
       1611+343 101159 53638.42500  8000.0   0.0000    5.1250    0.1280
       1611+343 192916 53638.81200  8000.0   0.0000    4.9920    0.1470
       1611+343 122136 53698.51500  8000.0   0.0000    4.7180    0.1620
       1611+343 044214 53721.19600  8000.0   0.0000    5.0670    0.1410
       1611+343 134800 53721.57500  8000.0   0.0000    4.6420    0.2030
       1611+343 052652 53742.22700  8000.0   0.0000    4.8600    0.1080
       1611+343 061131 53743.25800  8000.0   0.0000    4.4720    0.1200
       1611+343 063433 53744.27400  8000.0   0.0000    4.7910    0.1190
       1611+343 100447 53766.42000  8000.0   0.0000    5.1120    0.1890
       1611+343 074214 53771.32100  8000.0   0.0000    4.8640    0.1660
       1611+343 075512 53771.33000  8000.0   0.0000    4.9780    0.1770
       1611+343 042331 53779.18300  8000.0   0.0000    5.0710    0.1160
       1611+343 045345 53779.20400  8000.0   0.0000    5.0240    0.1240
       1611+343 045638 53805.20600  8000.0   0.0000    5.1730    0.1870
       1611+343 050809 53805.21400  8000.0   0.0000    5.2320    0.1890
       1611+343 011159 53851.05000  8000.0   0.0000    5.6590    0.2740
       1611+343 012457 53851.05900  8000.0   0.0000    5.3200    0.2460
       1611+343 234702 53859.99100  8000.0   0.0000    5.3240    0.1380
       1611+343 222457 53907.93400  8000.0   0.0000    5.0140    0.3640
       1611+343 221452 53955.92700  8000.0   0.0000    5.1210    0.2130
       1611+343 204955 53973.86800  8000.0   0.0000    4.9460    0.1150
       1611+343 182009 54010.76400  8000.0   0.0000    4.9050    0.1940
       1611+343 162624 54022.68500  8000.0   0.0000    4.9670    0.2020
       1611+343 154604 54037.65700  8000.0   0.0000    4.6050    0.1590
       1611+343 134340 54058.57200  8000.0   0.0000    4.9790    0.1930
       1611+343 133043 54080.56300  8000.0   0.0000    4.7180    0.0920
       1611+343 112107 54098.47300  8000.0   0.0000    4.7360    0.1220
       1611+343 100028 54121.41700  8000.0   0.0000    4.8200    0.1350
       1611+343 074047 54149.32000  8000.0   0.0000    4.4760    0.1510
       1611+343 051814 54199.22100  8000.0   0.0000    4.2910    0.1040
       1611+343 053950 54220.23600  8000.0   0.0000    4.5080    0.1820
       1611+343 053950 54220.23600  8000.0   0.0000    4.5080    0.1820
       1611+343 233950 54275.98600  8000.0   0.0000    4.1560    0.1340
       1611+343 210252 54288.87700  8000.0   0.0000    4.1200    0.0790
       1611+343 222331 54295.93300  8000.0   0.0000    4.0610    0.1310
       1611+343 223043 54324.93800  8000.0   0.0000    3.9620    0.1230
       1611+343 201355 54343.84300  8000.0   0.0000    4.0450    0.1270
       1611+343 165052 54373.70200  8000.0   0.0000    3.9840    0.1010
       1611+343 150545 54421.62900  8000.0   0.0000    4.1170    0.1710
       1611+343 133755 54435.56800  8000.0   0.0000    3.7980    0.1010
       1611+343 113111 54477.48000  8000.0   0.0000    3.5890    0.2130
       1611+343 074926 54513.32600  8000.0   0.0000    3.7680    0.1140
       1611+343 012457 54576.05900  8000.0   0.0000    3.7310    0.1170
       1611+343 011159 54605.05000  8000.0   0.0000    3.6160    0.1100
       1611+343 214604 54640.90700  8000.0   0.0000    3.6110    0.1540
       1611+343 210000 54652.87500  8000.0   0.0000    3.5870    0.1770
       1611+343 204243 54666.86300  8000.0   0.0000    3.6690    0.2000
       1611+343 204243 54687.86300  8000.0   0.0000    3.6820    0.1170
       1611+343 182721 54723.76900  8000.0   0.0000    3.4320    0.3010
       1611+343 135804 54777.58200  8000.0   0.0000    3.7160    0.1540
       1611+343 052652 54952.22700  8000.0   0.0000    3.4920    0.1280
       1611+343 235540 55003.99700  8000.0   0.0000    3.4280    0.2070
       1611+343 231355 55035.96800  8000.0   0.0000    3.3060    0.1490
       1611+343 185736 55063.79000  8000.0   0.0000    3.2030    0.0720
       1611+343 195638 55076.83100  8000.0   0.0000    3.4170    0.1630
       1611+343 172945 55100.72900  8000.0   0.0000    3.1560    0.0420
       1611+343 175121 55122.74400  8000.0   0.0000    3.0840    0.1160
       1611+343 102331 55208.43300  8000.0   0.0000    3.2070    0.1130
       1633+382 061131 53373.25800 22000.0   0.0000    4.6130    0.2820
       1633+382 080350 53373.33600 22000.0   0.0000    4.7170    0.2860
       1633+382 061131 53374.25800 22000.0   0.0000    4.7200    0.2880
       1633+382 080350 53374.33600 22000.0   0.0000    4.7970    0.2910
       1633+382 061131 53377.25800 22000.0   0.0000    4.8300    0.2930
       1633+382 080350 53377.33600 22000.0   0.0000    4.9380    0.3000
       1633+382 061131 53378.25800 22000.0   0.0000    4.9050    0.2980
       1633+382 080350 53378.33600 22000.0   0.0000    5.0280    0.3070
       1633+382 061131 53380.25800 22000.0   0.0000    5.0440    0.3070
       1633+382 080350 53380.33600 22000.0   0.0000    5.0150    0.3080
       1633+382 061131 53381.25800 22000.0   0.0000    5.1260    0.3120
       1633+382 080223 53381.33500 22000.0   0.0000    4.9180    0.3000
       1633+382 031131 53414.13300 22000.0   0.0000    3.7070    0.1180
       1633+382 041033 53414.17400 22000.0   0.0000    3.9110    0.1210
       1633+382 031131 53416.13300 22000.0   0.0000    3.8900    0.1240
       1633+382 041033 53416.17400 22000.0   0.0000    3.8770    0.1210
       1633+382 004019 53442.02800 22000.0   0.0000    3.2770    0.0980
       1633+382 014047 53442.07000 22000.0   0.0000    3.3830    0.1060
       1633+382 004019 53443.02800 22000.0   0.0000    3.5270    0.1150
       1633+382 014047 53443.07000 22000.0   0.0000    3.3060    0.1050
       1633+382 013921 53444.06900 22000.0   0.0000    3.3080    0.0990
       1633+382 233950 53465.98600 22000.0   0.0000    3.0980    0.2520
       1633+382 004019 53466.02800 22000.0   0.0000    2.7070    0.2970
       1633+382 233950 53466.98600 22000.0   0.0000    2.9520    0.3150
       1633+382 004019 53467.02800 22000.0   0.0000    2.6830    0.2320
       1633+382 214019 53509.90300 22000.0   0.0000    3.2890    0.5120
       1633+382 214019 53510.90300 22000.0   0.0000    3.0910    0.5120
       1633+382 214019 53511.90300 22000.0   0.0000    3.5150    0.4770
       1633+382 122302 53637.51600 22000.0   0.0000    2.7370    0.3340
       1633+382 160614 53638.67100 22000.0   0.0000    2.6800    0.3190
       1633+382 065443 53722.28800 22000.0   0.0000    2.7010    0.2670
       1633+382 115248 53722.49500 22000.0   0.0000    2.3020    0.2910
       1633+382 110935 53743.46500 22000.0   0.0000    2.1880    0.3330
       1633+382 030545 53744.12900 22000.0   0.0000    2.4770    0.3210
       1633+382 102624 53772.43500 22000.0   0.0000    2.6570    0.3290
       1633+382 074926 53806.32600 22000.0   0.0000    2.8150    0.3390
       1633+382 080057 53806.33400 22000.0   0.0000    2.6400    0.3450
       1633+382 043921 53862.19400 22000.0   0.0000    2.7480    0.3720
       1633+382 220447 53954.92000 22000.0   0.0000    2.2810    0.4090
       1633+382 221745 53954.92900 22000.0   0.0000    2.6570    0.3760
       1633+382 205833 53972.87400 22000.0   0.0000    2.6840    0.3220
       1633+382 211257 53972.88400 22000.0   0.0000    1.9920    0.3260
       1633+382 174116 54009.73700 22000.0   0.0000    2.1020    0.3660
       1633+382 175414 54009.74600 22000.0   0.0000    2.4880    0.3820
       1633+382 163209 54021.68900 22000.0   0.0000    2.4270    0.2650
       1633+382 164507 54021.69800 22000.0   0.0000    2.3030    0.2850
       1633+382 150545 54056.62900 22000.0   0.0000    2.3650    0.5040
       1633+382 151843 54056.63800 22000.0   0.0000    2.8180    0.6970
       1633+382 153307 54056.64800 22000.0   0.0000    2.6680    0.7620
       1633+382 115414 54119.49600 22000.0   0.0000    2.0810    0.4500
       1633+382 120838 54119.50600 22000.0   0.0000    2.2020    0.3850
       1633+382 122136 54119.51500 22000.0   0.0000    1.7950    0.4060
       1633+382 123433 54119.52400 22000.0   0.0000    1.7150    0.3620
       1633+382 100028 54147.41700 22000.0   0.0000    1.6630    0.4530
       1633+382 101326 54147.42600 22000.0   0.0000    2.2430    0.4720
       1633+382 102624 54147.43500 22000.0   0.0000    1.7890    0.6170
       1633+382 103921 54147.44400 22000.0   0.0000    1.7340    0.4470
       1633+382 235414 54196.99600 22000.0   0.0000    2.8610    0.7390
       1633+382 005609 54218.03900 22000.0   0.0000    2.5590    0.4430
       1633+382 005609 54218.03900 22000.0   0.0000    2.5590    0.4430
       1633+382 211716 54273.88700 22000.0   0.0000    2.1260    0.3490
       1633+382 213014 54273.89600 22000.0   0.0000    2.7750    0.3190
       1633+382 214311 54273.90500 22000.0   0.0000    2.8370    0.3300
       1633+382 215609 54273.91400 22000.0   0.0000    2.1810    0.4010
       1633+382 235248 54287.99500 22000.0   0.0000    2.7270    0.3060
       1633+382 000545 54288.00400 22000.0   0.0000    2.8350    0.3590
       1633+382 012038 54295.05600 22000.0   0.0000    2.9020    0.3970
       1633+382 195219 54344.82800 22000.0   0.0000    2.8540    0.3020
       1633+382 201814 54344.84600 22000.0   0.0000    2.5670    0.4160
       1633+382 203238 54344.85600 22000.0   0.0000    2.6500    0.3460
       1633+382 194926 54371.82600 22000.0   0.0000    2.9610    0.6710
       1633+382 085248 54456.37000 22000.0   0.0000    3.2440    0.3940
       1633+382 091843 54456.38800 22000.0   0.0000    3.2010    0.3970
       1633+382 083657 54479.35900 22000.0   0.0000    2.4270    0.2680
       1633+382 084955 54479.36800 22000.0   0.0000    3.1660    0.2540
       1633+382 090252 54479.37700 22000.0   0.0000    3.1970    0.2380
       1633+382 091716 54479.38700 22000.0   0.0000    3.2420    0.2570
       1633+382 054243 54512.23800 22000.0   0.0000    3.1530    0.2840
       1633+382 055540 54512.24700 22000.0   0.0000    2.9880    0.2690
       1633+382 061004 54512.25700 22000.0   0.0000    2.9380    0.2640
       1633+382 062302 54512.26600 22000.0   0.0000    3.0350    0.2860
       1633+382 060419 54561.25300 22000.0   0.0000    3.4300    0.4640
       1633+382 002428 54575.01700 22000.0   0.0000    2.9230    0.3940
       1633+382 003726 54575.02600 22000.0   0.0000    2.4930    0.5680
       1633+382 004145 54577.02900 22000.0   0.0000    3.7780    0.4370
       1633+382 005443 54577.03800 22000.0   0.0000    3.5460    0.4220
       1633+382 225638 54603.95600 22000.0   0.0000    2.9700    0.9670
       1633+382 010740 54640.04700 22000.0   0.0000    2.8750    0.3280
       1633+382 012204 54640.05700 22000.0   0.0000    2.9140    0.3300
       1633+382 002428 54652.01700 22000.0   0.0000    3.5480    0.5610
       1633+382 003726 54652.02600 22000.0   0.0000    2.5860    0.4320
       1633+382 231521 54665.96900 22000.0   0.0000    3.4070    0.3560
       1633+382 232819 54665.97800 22000.0   0.0000    3.5330    0.3730
       1633+382 220740 54686.92200 22000.0   0.0000    3.1690    0.4570
       1633+382 160028 54778.66700 22000.0   0.0000    1.7550    0.3160
       1633+382 064731 54912.28300 22000.0   0.0000    2.6480    0.4530
       1633+382 070155 54912.29300 22000.0   0.0000    2.8060    0.4360
       1633+382 060838 54953.25600 22000.0   0.0000    2.9050    0.9900
       1633+382 003559 55002.02500 22000.0   0.0000    3.5860    0.5970
       1633+382 005024 55002.03500 22000.0   0.0000    2.4010    0.4730
       1633+382 215443 55033.91300 22000.0   0.0000    3.0710    0.3910
       1633+382 220740 55033.92200 22000.0   0.0000    2.9040    0.3050
       1633+382 195638 55061.83100 22000.0   0.0000    4.2310    0.6810
       1633+382 201102 55061.84100 22000.0   0.0000    2.4060    0.3750
       1633+382 184145 55098.77900 22000.0   0.0000    4.1260    0.4450
       1633+382 185443 55098.78800 22000.0   0.0000    3.3460    0.3210
       1633+382 173111 55120.73000 22000.0   0.0000    3.3780    0.3350
       1633+382 174409 55120.73900 22000.0   0.0000    2.9190    0.4270
       1633+382 111648 55209.47000 22000.0   0.0000    4.4310    0.3980
       1633+382 113111 55209.48000 22000.0   0.0000    4.2520    0.2810
       1633+382 215150 53854.91100 43000.0   0.0000    2.2950    0.7080
       1633+382 205121 53878.86900 43000.0   0.0000    2.6790    0.6620
       1633+382 185150 53911.78600 43000.0   0.0000    2.4370    0.5910
       1633+382 185150 53912.78600 43000.0   0.0000    2.2250    0.5840
       1633+382 145121 53971.61900 43000.0   0.0000    1.9440    0.5800
       1633+382 145121 53972.61900 43000.0   0.0000    1.6970    0.5210
       1633+382 125150 53998.53600 43000.0   0.0000    2.1100    0.5480
       1633+382 125150 54000.53600 43000.0   0.0000    1.9670    0.5350
       1633+382 105219 54026.45300 43000.0   0.0000    1.9950    0.8970
       1633+382 185443 54277.78800 43000.0   0.0000    2.1090    0.2870
       1633+382 155150 54321.66100 43000.0   0.0000    2.6700    0.3170
       1633+382 155150 54322.66100 43000.0   0.0000    2.6200    0.3610
       1633+382 125024 54365.53500 43000.0   0.0000    2.5170    0.3070
       1633+382 114828 54389.49200 43000.0   0.0000    2.2140    0.2930
       1633+382 115414 54390.49600 43000.0   0.0000    2.7510    0.3330
       1633+382 090545 54422.37900 43000.0   0.0000    2.2440    0.3860
       1633+382 090711 54423.38000 43000.0   0.0000    2.9290    0.3730
       1633+382 090711 54424.38000 43000.0   0.0000    2.5840    0.3390
       1633+382 080643 54435.33800 43000.0   0.0000    2.0120    0.3700
       1633+382 090711 54436.38000 43000.0   0.0000    2.7160    0.4350
       1633+382 090711 54437.38000 43000.0   0.0000    2.8090    0.4440
       1633+382 080350 54452.33600 43000.0   0.0000    2.7660    0.5120
       1633+382 080643 54453.33800 43000.0   0.0000    2.5130    0.4770
       1633+382 060711 54479.25500 43000.0   0.0000    3.0630    0.5010
       1633+382 040447 54505.17000 43000.0   0.0000    4.0960    0.5820
       1633+382 033559 54506.15000 43000.0   0.0000    3.3580    0.4720
       1633+382 040614 54507.17100 43000.0   0.0000    3.7270    0.5240
       1633+382 000711 54556.00500 43000.0   0.0000    3.2380    0.3760
       1633+382 000711 54557.00500 43000.0   0.0000    3.2790    0.3920
       1633+382 220740 54580.92200 43000.0   0.0000    2.8070    0.3010
       1633+382 205414 54596.87100 43000.0   0.0000    2.6850    0.3320
       1633+382 195219 54611.82800 43000.0   0.0000    3.0230    0.3380
       1633+382 205121 54611.86900 43000.0   0.0000    3.0560    0.3540
       1633+382 195219 54612.82800 43000.0   0.0000    3.0480    0.3240
       1633+382 205121 54612.86900 43000.0   0.0000    2.9140    0.3400
       1633+382 175248 54641.74500 43000.0   0.0000    3.3300    0.4840
       1633+382 185150 54641.78600 43000.0   0.0000    3.1790    0.4440
       1633+382 175121 54642.74400 43000.0   0.0000    3.4240    0.4880
       1633+382 185150 54642.78600 43000.0   0.0000    2.8650    0.4280
       1633+382 175248 54643.74500 43000.0   0.0000    3.4390    0.4590
       1633+382 185150 54643.78600 43000.0   0.0000    3.1680    0.4340
       1633+382 165219 54659.70300 43000.0   0.0000    3.4440    0.5790
       1633+382 175121 54659.74400 43000.0   0.0000    2.8330    0.4920
       1633+382 165219 54660.70300 43000.0   0.0000    3.0530    0.5320
       1633+382 175248 54660.74500 43000.0   0.0000    2.9830    0.5300
       1633+382 155150 54679.66100 43000.0   0.0000    2.9600    0.3610
       1633+382 165052 54679.70200 43000.0   0.0000    2.7730    0.3450
       1633+382 155150 54680.66100 43000.0   0.0000    2.8410    0.3260
       1633+382 165052 54680.70200 43000.0   0.0000    3.0470    0.4090
       1633+382 155150 54681.66100 43000.0   0.0000    3.2380    0.3700
       1633+382 165345 54682.70400 43000.0   0.0000    3.4500    0.4150
       1633+382 135219 54708.57800 43000.0   0.0000    3.0990    0.3930
       1633+382 145121 54708.61900 43000.0   0.0000    3.6400    0.4470
       1633+382 135219 54709.57800 43000.0   0.0000    3.1960    0.3940
       1633+382 145121 54709.61900 43000.0   0.0000    3.2260    0.4190
       1633+382 135219 54710.57800 43000.0   0.0000    3.2260    0.3860
       1633+382 145121 54710.61900 43000.0   0.0000    3.2590    0.4070
       1633+382 115121 54743.49400 43000.0   0.0000    3.4290    0.5870
       1633+382 115121 54745.49400 43000.0   0.0000    3.6870    0.6280
       1633+382 090711 54779.38000 43000.0   0.0000    2.8160    0.4220
       1633+382 090711 54780.38000 43000.0   0.0000    2.7610    0.4240
       1633+382 090711 54781.38000 43000.0   0.0000    3.0890    0.4850
       1633+382 090711 54807.38000 43000.0   0.0000    3.5560    0.5590
       1633+382 090711 54808.38000 43000.0   0.0000    3.2860    0.5230
       1633+382 090711 54809.38000 43000.0   0.0000    3.4770    0.5710
       1633+382 060711 54842.25500 43000.0   0.0000    2.8050    0.6370
       1633+382 040614 54877.17100 43000.0   0.0000    2.9150    0.5740
       1633+382 040614 54879.17100 43000.0   0.0000    3.3550    0.5300
       1633+382 000711 54930.00500 43000.0   0.0000    2.7920    0.3180
       1633+382 000711 54931.00500 43000.0   0.0000    2.8830    0.3400
       1633+382 205121 54959.86900 43000.0   0.0000    2.5470    0.3120
       1633+382 205121 54960.86900 43000.0   0.0000    2.4950    0.3090
       1633+382 205121 54961.86900 43000.0   0.0000    2.4670    0.2910
       1633+382 175248 55009.74500 43000.0   0.0000    2.5040    0.3350
       1633+382 185150 55009.78600 43000.0   0.0000    2.9190    0.3850
       1633+382 175121 55010.74400 43000.0   0.0000    3.0180    0.3830
       1633+382 185150 55010.78600 43000.0   0.0000    2.6640    0.3680
       1633+382 175248 55011.74500 43000.0   0.0000    2.8880    0.3810
       1633+382 185150 55011.78600 43000.0   0.0000    2.4650    0.3130
       1633+382 090711 55168.38000 43000.0   0.0000    4.1470    0.7200
       1633+382 061131 55210.25800 43000.0   0.0000    5.9400    0.7870
       1633+382 060545 55211.25400 43000.0   0.0000    5.7320    0.7640
       1633+382 110935 53355.46500  5000.0   0.0000    2.6850    0.0410
       1633+382 114536 53355.49000  5000.0   0.0000    2.6960    0.0340
       1633+382 104800 53357.45000  5000.0   0.0000    2.6780    0.1480
       1633+382 114828 53357.49200  5000.0   0.0000    2.6460    0.0420
       1633+382 104800 53358.45000  5000.0   0.0000    2.6470    0.1050
       1633+382 114828 53358.49200  5000.0   0.0000    2.7140    0.0330
       1633+382 104800 53359.45000  5000.0   0.0000    2.6730    0.0350
       1633+382 062302 53382.26600  5000.0   0.0000    2.8970    0.0490
       1633+382 061843 53384.26300  5000.0   0.0000    2.8220    0.0420
       1633+382 062136 53385.26500  5000.0   0.0000    2.8620    0.0420
       1633+382 052233 53386.22400  5000.0   0.0000    2.7820    0.0550
       1633+382 060838 53387.25600  5000.0   0.0000    2.8170    0.0410
       1633+382 071452 53388.30200  5000.0   0.0000    2.7730    0.0420
       1633+382 114828 53388.49200  5000.0   0.0000    2.9500    0.1730
       1633+382 071452 53389.30200  5000.0   0.0000    2.7410    0.0400
       1633+382 021940 53445.09700  5000.0   0.0000    2.7820    0.0470
       1633+382 025248 53446.12000  5000.0   0.0000    2.8320    0.0490
       1633+382 024702 53448.11600  5000.0   0.0000    2.7900    0.0480
       1633+382 024536 53449.11500  5000.0   0.0000    2.7740    0.0470
       1633+382 024243 53450.11300  5000.0   0.0000    2.7860    0.0480
       1633+382 024243 53451.11300  5000.0   0.0000    2.7760    0.0480
       1633+382 232945 53454.97900  5000.0   0.0000    2.9710    0.1070
       1633+382 212848 53456.89500  5000.0   0.0000    2.8800    0.1220
       1633+382 055121 53457.24400  5000.0   0.0000    2.8420    0.0880
       1633+382 060419 53457.25300  5000.0   0.0000    2.8240    0.0930
       1633+382 030000 53478.12500  5000.0   0.0000    2.7730    0.0870
       1633+382 205707 53478.87300  5000.0   0.0000    2.6870    0.1040
       1633+382 003852 53511.02700  5000.0   0.0000    2.7200    0.0990
       1633+382 222457 53543.93400  5000.0   0.0000    2.7520    0.1030
       1633+382 170223 53544.71000  5000.0   0.0000    2.8340    0.0980
       1633+382 020809 53545.08900  5000.0   0.0000    2.8130    0.1020
       1633+382 232107 53576.97300  5000.0   0.0000    2.8280    0.1020
       1633+382 175414 53577.74600  5000.0   0.0000    2.8020    0.1040
       1633+382 010028 53578.04200  5000.0   0.0000    2.8660    0.1060
       1633+382 160155 53605.66800  5000.0   0.0000    2.8290    0.0950
       1633+382 234702 53605.99100  5000.0   0.0000    2.8870    0.1070
       1633+382 212848 53638.89500  5000.0   0.0000    2.8610    0.1000
       1633+382 123307 53639.52300  5000.0   0.0000    2.7560    0.0990
       1633+382 165219 53639.70300  5000.0   0.0000    2.8640    0.0870
       1633+382 201521 53639.84400  5000.0   0.0000    2.9280    0.0940
       1633+382 063559 53724.27500  5000.0   0.0000    2.8240    0.0920
       1633+382 054955 53766.24300  5000.0   0.0000    2.7870    0.1150
       1633+382 094604 53770.40700  5000.0   0.0000    2.9330    0.0850
       1633+382 062555 53826.26800  5000.0   0.0000    2.8250    0.1050
       1633+382 050350 53852.21100  5000.0   0.0000    2.8830    0.1300
       1633+382 051648 53852.22000  5000.0   0.0000    2.6740    0.1290
       1633+382 203238 53974.85600  5000.0   0.0000    2.6550    0.1070
       1633+382 204536 53974.86500  5000.0   0.0000    2.6350    0.0970
       1633+382 183140 54011.77200  5000.0   0.0000    2.5060    0.0790
       1633+382 184604 54011.78200  5000.0   0.0000    2.6150    0.1180
       1633+382 160447 54023.67000  5000.0   0.0000    2.5510    0.0760
       1633+382 161745 54023.67900  5000.0   0.0000    2.5620    0.0720
       1633+382 002555 54290.01800  5000.0   0.0000    2.4860    0.0670
       1633+382 003852 54290.02700  5000.0   0.0000    2.4760    0.0670
       1633+382 001257 54297.00900  5000.0   0.0000    2.4630    0.0810
       1633+382 002721 54297.01900  5000.0   0.0000    2.4200    0.0820
       1633+382 191033 54347.79900  5000.0   0.0000    2.1860    0.0790
       1633+382 192331 54347.80800  5000.0   0.0000    2.1560    0.0730
       1633+382 193755 54347.81800  5000.0   0.0000    2.3550    0.1920
       1633+382 174409 54396.73900  5000.0   0.0000    2.4620    0.0800
       1633+382 175707 54396.74800  5000.0   0.0000    2.4180    0.0790
       1633+382 175833 54779.74900  5000.0   0.0000    2.7320    0.0870
       1633+382 181131 54779.75800  5000.0   0.0000    2.7630    0.1040
       1633+382 055121 54913.24400  5000.0   0.0000    2.8280    0.3150
       1633+382 053531 54954.23300  5000.0   0.0000    3.2260    0.2870
       1633+382 054828 54954.24200  5000.0   0.0000    3.2320    0.2730
       1633+382 010740 55003.04700  5000.0   0.0000    3.0100    0.1120
       1633+382 012204 55003.05700  5000.0   0.0000    2.9690    0.1090
       1633+382 231814 55034.97100  5000.0   0.0000    2.9390    0.2220
       1633+382 233111 55034.98000  5000.0   0.0000    3.0690    0.2720
       1633+382 221745 55062.92900  5000.0   0.0000    2.9950    0.1760
       1633+382 223209 55062.93900  5000.0   0.0000    2.9510    0.1840
       1633+382 174702 55099.74100  5000.0   0.0000    3.0210    0.0850
       1633+382 180126 55099.75100  5000.0   0.0000    3.0230    0.0840
       1633+382 172945 55121.72900  5000.0   0.0000    3.0560    0.0890
       1633+382 101619 55210.42800  5000.0   0.0000    3.3910    0.0990
       1633+382 103043 55210.43800  5000.0   0.0000    3.2450    0.0980
       1633+382 055248 53350.24500  8000.0   0.0000    3.5410    0.1070
       1633+382 112945 53350.47900  8000.0   0.0000    3.5230    0.1060
       1633+382 135512 53350.58000  8000.0   0.0000    3.3410    0.1190
       1633+382 162457 53350.68400  8000.0   0.0000    3.3990    0.1120
       1633+382 050809 53351.21400  8000.0   0.0000    3.4930    0.1050
       1633+382 132457 53351.55900  8000.0   0.0000    3.5130    0.1040
       1633+382 160740 53351.67200  8000.0   0.0000    3.4160    0.1020
       1633+382 044340 53352.19700  8000.0   0.0000    3.5190    0.1050
       1633+382 073209 53352.31400  8000.0   0.0000    3.3840    0.0950
       1633+382 103628 53352.44200  8000.0   0.0000    3.5420    0.1200
       1633+382 132038 53352.55600  8000.0   0.0000    3.4090    0.0990
       1633+382 051521 53383.21900  8000.0   0.0000    3.5540    0.1130
       1633+382 070614 53383.29600  8000.0   0.0000    3.8890    0.1240
       1633+382 013755 53413.06800  8000.0   0.0000    3.5200    0.0860
       1633+382 024243 53413.11300  8000.0   0.0000    3.3380    0.0820
       1633+382 033307 53413.14800  8000.0   0.0000    3.3590    0.0850
       1633+382 060419 53418.25300  8000.0   0.0000    3.6410    0.0820
       1633+382 015931 53457.08300  8000.0   0.0000    3.3450    0.1550
       1633+382 021102 53457.09100  8000.0   0.0000    3.2160    0.1320
       1633+382 095609 53457.41400  8000.0   0.0000    3.3530    0.1450
       1633+382 004311 53464.03000  8000.0   0.0000    3.2210    0.0490
       1633+382 014340 53464.07200  8000.0   0.0000    3.2450    0.0490
       1633+382 014507 53465.07300  8000.0   0.0000    3.1940    0.0510
       1633+382 224214 53477.94600  8000.0   0.0000    3.3090    0.1200
       1633+382 064145 53478.27900  8000.0   0.0000    3.2490    0.1390
       1633+382 210419 53510.87800  8000.0   0.0000    3.1350    0.1270
       1633+382 040447 53511.17000  8000.0   0.0000    3.1140    0.1010
       1633+382 214857 53544.90900  8000.0   0.0000    3.1560    0.2070
       1633+382 190740 53576.79700  8000.0   0.0000    3.1740    0.1580
       1633+382 215024 53577.91000  8000.0   0.0000    3.1140    0.1040
       1633+382 112233 53605.47400  8000.0   0.0000    3.2520    0.1410
       1633+382 200516 53605.83700  8000.0   0.0000    3.0730    0.1320
       1633+382 153014 53637.64600  8000.0   0.0000    3.0750    0.1090
       1633+382 102331 53638.43300  8000.0   0.0000    3.0270    0.0930
       1633+382 194047 53638.82000  8000.0   0.0000    3.0300    0.1100
       1633+382 123433 53698.52400  8000.0   0.0000    2.7150    0.1100
       1633+382 045345 53721.20400  8000.0   0.0000    2.9720    0.1030
       1633+382 135931 53721.58300  8000.0   0.0000    3.1210    0.1210
       1633+382 055121 53742.24400  8000.0   0.0000    2.7950    0.0640
       1633+382 062302 53743.26600  8000.0   0.0000    2.5900    0.0880
       1633+382 064731 53744.28300  8000.0   0.0000    2.4470    0.1280
       1633+382 101619 53766.42800  8000.0   0.0000    2.7410    0.1360
       1633+382 095316 53771.41200  8000.0   0.0000    2.8320    0.1400
       1633+382 044800 53851.20000  8000.0   0.0000    3.1430    0.2490
       1633+382 050057 53851.20900  8000.0   0.0000    3.0450    0.2170
       1633+382 034311 53860.15500  8000.0   0.0000    2.8250    0.1190
       1633+382 033559 53861.15000  8000.0   0.0000    2.8210    0.0730
       1633+382 005443 53908.03800  8000.0   0.0000    2.6870    0.0870
       1633+382 224800 53955.95000  8000.0   0.0000    2.6220    0.1230
       1633+382 212302 53973.89100  8000.0   0.0000    2.6280    0.0680
       1633+382 185443 54010.78800  8000.0   0.0000    2.6170    0.1090
       1633+382 165931 54022.70800  8000.0   0.0000    2.6460    0.0980
       1633+382 162038 54037.68100  8000.0   0.0000    2.6630    0.0980
       1633+382 141648 54058.59500  8000.0   0.0000    2.8110    0.1140
       1633+382 140350 54080.58600  8000.0   0.0000    2.7610    0.0610
       1633+382 115540 54098.49700  8000.0   0.0000    2.8350    0.0750
       1633+382 103502 54121.44100  8000.0   0.0000    2.7440    0.0770
       1633+382 081355 54149.34300  8000.0   0.0000    2.7510    0.1000
       1633+382 055248 54199.24500  8000.0   0.0000    2.5000    0.0680
       1633+382 061257 54220.25900  8000.0   0.0000    2.4180    0.0860
       1633+382 061257 54220.25900  8000.0   0.0000    2.4180    0.0860
       1633+382 001257 54276.00900  8000.0   0.0000    2.4300    0.0860
       1633+382 230809 54288.96400  8000.0   0.0000    2.4750    0.0610
       1633+382 003559 54296.02500  8000.0   0.0000    2.3890    0.0830
       1633+382 230516 54324.96200  8000.0   0.0000    2.4410    0.0810
       1633+382 204828 54343.86700  8000.0   0.0000    2.4960    0.0830
       1633+382 190447 54373.79500  8000.0   0.0000    2.5700    0.0750
       1633+382 153852 54421.65200  8000.0   0.0000    2.6000    0.0870
       1633+382 142819 54435.60300  8000.0   0.0000    2.7320    0.0670
       1633+382 120545 54477.50400  8000.0   0.0000    2.5710    0.1570
       1633+382 082233 54513.34900  8000.0   0.0000    2.8390    0.1010
       1633+382 040614 54576.17100  8000.0   0.0000    2.7930    0.0970
       1633+382 035316 54605.16200  8000.0   0.0000    2.9070    0.1100
       1633+382 002721 54641.01900  8000.0   0.0000    2.8540    0.0750
       1633+382 234116 54652.98700  8000.0   0.0000    2.8480    0.1000
       1633+382 232526 54666.97600  8000.0   0.0000    2.8860    0.1330
       1633+382 221619 54687.92800  8000.0   0.0000    2.7530    0.0750
       1633+382 201940 54722.84700  8000.0   0.0000    2.3120    0.4830
       1633+382 155902 54777.66600  8000.0   0.0000    3.0870    0.2590
       1633+382 054409 54952.23900  8000.0   0.0000    2.7920    0.2470
       1633+382 010447 55004.04500  8000.0   0.0000    2.7700    0.4130
       1633+382 002302 55036.01600  8000.0   0.0000    2.9500    0.0870
       1633+382 200643 55063.83800  8000.0   0.0000    2.8790    0.0740
       1633+382 210545 55076.87900  8000.0   0.0000    2.9450    0.1180
       1633+382 183852 55100.77700  8000.0   0.0000    2.9500    0.0450
       1633+382 190028 55122.79200  8000.0   0.0000    3.0800    0.1380
       1633+382 113238 55208.48100  8000.0   0.0000    3.6630    0.1280
       1641+399 054409 53373.23900 22000.0   0.0000    6.2470    0.3780
       1641+399 064019 53373.27800 22000.0   0.0000    6.3400    0.3840
       1641+399 054409 53374.23900 22000.0   0.0000    6.0740    0.3660
       1641+399 064019 53374.27800 22000.0   0.0000    6.4520    0.3900
       1641+399 054409 53377.23900 22000.0   0.0000    6.3880    0.3860
       1641+399 064019 53377.27800 22000.0   0.0000    6.6470    0.4020
       1641+399 054536 53378.24000 22000.0   0.0000    6.5260    0.3960
       1641+399 064019 53378.27800 22000.0   0.0000    6.6260    0.4010
       1641+399 054409 53380.23900 22000.0   0.0000    6.6090    0.4070
       1641+399 064019 53380.27800 22000.0   0.0000    6.7660    0.4090
       1641+399 054409 53381.23900 22000.0   0.0000    6.5380    0.3970
       1641+399 064019 53381.27800 22000.0   0.0000    6.9560    0.4240
       1641+399 034019 53414.15300 22000.0   0.0000    5.7990    0.1770
       1641+399 044047 53414.19500 22000.0   0.0000    6.0860    0.1860
       1641+399 034019 53416.15300 22000.0   0.0000    6.0020    0.1840
       1641+399 044047 53416.19500 22000.0   0.0000    6.0120    0.1820
       1641+399 014047 53442.07000 22000.0   0.0000    5.7080    0.1650
       1641+399 014047 53443.07000 22000.0   0.0000    5.6460    0.1640
       1641+399 020223 53444.08500 22000.0   0.0000    5.6780    0.1970
       1641+399 001004 53466.00700 22000.0   0.0000    4.6980    0.3630
       1641+399 001004 53467.00700 22000.0   0.0000    4.5530    0.3950
       1641+399 222457 53509.93400 22000.0   0.0000    5.6900    0.7240
       1641+399 222457 53510.93400 22000.0   0.0000    5.3860    0.8960
       1641+399 222457 53511.93400 22000.0   0.0000    5.2960    0.6090
       1641+399 123433 53637.52400 22000.0   0.0000    5.2420    0.3750
       1641+399 161745 53638.67900 22000.0   0.0000    5.0730    0.3690
       1641+399 163043 53698.68800 22000.0   0.0000    5.4950    0.3840
       1641+399 070614 53722.29600 22000.0   0.0000    5.4150    0.3710
       1641+399 120419 53722.50300 22000.0   0.0000    5.3540    0.4060
       1641+399 112107 53743.47300 22000.0   0.0000    4.9600    0.3800
       1641+399 103921 53772.44400 22000.0   0.0000    5.0240    0.5010
       1641+399 105052 53772.45200 22000.0   0.0000    5.6090    0.4100
       1641+399 072331 53806.30800 22000.0   0.0000    5.5330    0.4950
       1641+399 073628 53806.31700 22000.0   0.0000    5.5290    0.4710
       1641+399 041159 53862.17500 22000.0   0.0000    5.3540    0.4660
       1641+399 042457 53862.18400 22000.0   0.0000    5.6480    0.4240
       1641+399 001550 53927.01100 22000.0   0.0000    5.9980    0.8540
       1641+399 213726 53954.90100 22000.0   0.0000    6.0710    0.5220
       1641+399 215024 53954.91000 22000.0   0.0000    5.8770    0.5170
       1641+399 203111 53972.85500 22000.0   0.0000    6.1090    0.4530
       1641+399 204409 53972.86400 22000.0   0.0000    5.6490    0.3960
       1641+399 171355 54009.71800 22000.0   0.0000    6.2980    0.5580
       1641+399 172652 54009.72700 22000.0   0.0000    6.3830    0.5780
       1641+399 160447 54021.67000 22000.0   0.0000    6.3850    0.4090
       1641+399 161745 54021.67900 22000.0   0.0000    6.3370    0.3730
       1641+399 130447 54097.54500 22000.0   0.0000    7.9820    0.6490
       1641+399 133209 54097.56400 22000.0   0.0000    6.7130    0.5510
       1641+399 134507 54097.57300 22000.0   0.0000    7.5200    0.5750
       1641+399 093433 54120.39900 22000.0   0.0000    7.8870    0.5170
       1641+399 100155 54120.41800 22000.0   0.0000    7.7140    0.4730
       1641+399 101452 54120.42700 22000.0   0.0000    7.5810    0.4290
       1641+399 083238 54148.35600 22000.0   0.0000    7.0360    0.4970
       1641+399 084536 54148.36500 22000.0   0.0000    7.3150    0.4820
       1641+399 085833 54148.37400 22000.0   0.0000    7.1310    0.4850
       1641+399 091257 54148.38400 22000.0   0.0000    7.5290    0.4830
       1641+399 021102 54198.09100 22000.0   0.0000    6.2150    0.8410
       1641+399 022400 54198.10000 22000.0   0.0000    6.7460    0.6590
       1641+399 024955 54198.11800 22000.0   0.0000    6.9800    0.7040
       1641+399 023238 54219.10600 22000.0   0.0000    6.2750    0.7000
       1641+399 023238 54219.10600 22000.0   0.0000    6.2750    0.7000
       1641+399 024536 54219.11500 22000.0   0.0000    6.5540    0.5420
       1641+399 024536 54219.11500 22000.0   0.0000    6.5540    0.5420
       1641+399 025833 54219.12400 22000.0   0.0000    6.8830    0.5790
       1641+399 025833 54219.12400 22000.0   0.0000    6.8830    0.5790
       1641+399 031131 54219.13300 22000.0   0.0000    5.6860    0.5230
       1641+399 031131 54219.13300 22000.0   0.0000    5.6860    0.5230
       1641+399 173111 54274.73000 22000.0   0.0000    5.2180    0.4230
       1641+399 174409 54274.73900 22000.0   0.0000    4.5180    0.4460
       1641+399 175833 54274.74900 22000.0   0.0000    6.3630    0.4770
       1641+399 181131 54274.75800 22000.0   0.0000    5.5220    0.4140
       1641+399 002009 54288.01400 22000.0   0.0000    8.5890    0.6010
       1641+399 003433 54288.02400 22000.0   0.0000    7.0760    0.4970
       1641+399 014926 54295.07600 22000.0   0.0000    6.6060    0.5690
       1641+399 020223 54295.08500 22000.0   0.0000    6.2250    0.5540
       1641+399 202652 54323.85200 22000.0   0.0000    6.5130    0.5570
       1641+399 203950 54323.86100 22000.0   0.0000    5.2600    0.7660
       1641+399 205248 54323.87000 22000.0   0.0000    6.5650    0.5520
       1641+399 210545 54323.87900 22000.0   0.0000    5.6610    0.4960
       1641+399 203950 54345.86100 22000.0   0.0000    6.0300    0.4340
       1641+399 210419 54345.87800 22000.0   0.0000    5.6580    0.5360
       1641+399 211716 54345.88700 22000.0   0.0000    5.6700    0.4680
       1641+399 201814 54371.84600 22000.0   0.0000    6.5160    0.5050
       1641+399 203111 54371.85500 22000.0   0.0000    7.3810    0.5160
       1641+399 194214 54385.82100 22000.0   0.0000    7.9550    1.3360
       1641+399 111648 54456.47000 22000.0   0.0000    3.8320    0.2780
       1641+399 112945 54456.47900 22000.0   0.0000    4.0690    0.2820
       1641+399 114243 54456.48800 22000.0   0.0000    4.1430    0.3030
       1641+399 115707 54456.49800 22000.0   0.0000    4.3640    0.3100
       1641+399 124438 54460.53100 22000.0   0.0000    4.0240    0.2560
       1641+399 125902 54460.54100 22000.0   0.0000    4.8490    0.2580
       1641+399 104507 54478.44800 22000.0   0.0000    5.0310    0.3490
       1641+399 105804 54478.45700 22000.0   0.0000    4.6580    0.3520
       1641+399 111102 54478.46600 22000.0   0.0000    4.0770    0.3170
       1641+399 112526 54478.47600 22000.0   0.0000    4.2230    0.3260
       1641+399 082819 54511.35300 22000.0   0.0000    4.7320    0.3800
       1641+399 084116 54511.36200 22000.0   0.0000    4.6590    0.2920
       1641+399 085540 54511.37200 22000.0   0.0000    4.1650    0.2970
       1641+399 090838 54511.38100 22000.0   0.0000    4.2060    0.2770
       1641+399 005150 54575.03600 22000.0   0.0000    7.2260    0.7880
       1641+399 010614 54575.04600 22000.0   0.0000    5.9000    0.7910
       1641+399 011033 54577.04900 22000.0   0.0000    5.9780    0.7560
       1641+399 012331 54577.05800 22000.0   0.0000    6.0980    0.6590
       1641+399 005150 54652.03600 22000.0   0.0000    4.4300    0.7010
       1641+399 010447 54652.04500 22000.0   0.0000    5.9760    0.9140
       1641+399 234243 54665.98800 22000.0   0.0000    3.8550    0.3910
       1641+399 235707 54665.99800 22000.0   0.0000    5.7550    0.5510
       1641+399 161452 54778.67700 22000.0   0.0000    6.3440    0.6800
       1641+399 162750 54778.68600 22000.0   0.0000    6.5820    0.7970
       1641+399 071619 54912.30300 22000.0   0.0000    6.9710    0.7730
       1641+399 072916 54912.31200 22000.0   0.0000    6.2920    0.7190
       1641+399 063559 54953.27500 22000.0   0.0000    6.8480    1.2640
       1641+399 065024 54953.28500 22000.0   0.0000    9.3030    0.9710
       1641+399 010447 55002.04500 22000.0   0.0000    8.5180    1.1920
       1641+399 011912 55002.05500 22000.0   0.0000    8.7990    1.2510
       1641+399 222624 55033.93500 22000.0   0.0000    8.3440    0.7060
       1641+399 210252 55061.87700 22000.0   0.0000   10.0650    1.1700
       1641+399 211550 55061.88600 22000.0   0.0000    8.9620    1.0810
       1641+399 194633 55098.82400 22000.0   0.0000    8.6630    0.5510
       1641+399 200057 55098.83400 22000.0   0.0000    9.2460    0.5800
       1641+399 180000 55120.75000 22000.0   0.0000    8.2930    0.7040
       1641+399 181257 55120.75900 22000.0   0.0000    8.7610    0.7290
       1641+399 114536 55209.49000 22000.0   0.0000    7.9800    0.4410
       1641+399 115833 55209.49900 22000.0   0.0000    7.8640    0.4270
       1641+399 003559 53826.02500 43000.0   0.0000    5.7670    1.8540
       1641+399 003559 53827.02500 43000.0   0.0000    5.5500    1.7980
       1641+399 223628 53854.94200 43000.0   0.0000    4.9400    1.0990
       1641+399 213559 53878.90000 43000.0   0.0000    5.1480    1.0690
       1641+399 193628 53911.81700 43000.0   0.0000    5.3550    1.0450
       1641+399 193628 53912.81700 43000.0   0.0000    4.6400    0.9360
       1641+399 193628 53913.81700 43000.0   0.0000    5.2950    1.0450
       1641+399 173823 53951.73500 43000.0   0.0000    3.6910    0.9560
       1641+399 163628 53952.69200 43000.0   0.0000    3.5760    0.8450
       1641+399 133628 53998.56700 43000.0   0.0000    3.6320    0.7620
       1641+399 113657 54025.48400 43000.0   0.0000    2.9520    0.9540
       1641+399 193628 54276.81700 43000.0   0.0000    4.3090    0.4730
       1641+399 193628 54277.81700 43000.0   0.0000    4.4350    0.4910
       1641+399 163628 54321.69200 43000.0   0.0000    5.2770    0.6790
       1641+399 163628 54322.69200 43000.0   0.0000    5.1410    0.6470
       1641+399 123559 54389.52500 43000.0   0.0000    4.4720    0.5370
       1641+399 095150 54423.41100 43000.0   0.0000    4.0340    0.5300
       1641+399 095150 54424.41100 43000.0   0.0000    3.5830    0.4820
       1641+399 085248 54435.37000 43000.0   0.0000    3.4260    0.5510
       1641+399 095150 54436.41100 43000.0   0.0000    4.3260    0.7140
       1641+399 095150 54437.41100 43000.0   0.0000    4.4040    0.7130
       1641+399 085121 54452.36900 43000.0   0.0000    3.4460    0.7990
       1641+399 085121 54453.36900 43000.0   0.0000    3.3160    0.7150
       1641+399 063559 54479.27500 43000.0   0.0000    4.0540    0.6610
       1641+399 065316 54480.28700 43000.0   0.0000    4.6500    0.9520
       1641+399 045219 54505.20300 43000.0   0.0000    4.3690    0.6620
       1641+399 041912 54506.18000 43000.0   0.0000    4.1530    0.6040
       1641+399 045219 54507.20300 43000.0   0.0000    4.2080    0.6490
       1641+399 035150 54523.16100 43000.0   0.0000    4.1780    0.5720
       1641+399 005150 54556.03600 43000.0   0.0000    4.8880    0.5690
       1641+399 005150 54557.03600 43000.0   0.0000    4.5800    0.5940
       1641+399 225052 54579.95200 43000.0   0.0000    3.9000    0.4250
       1641+399 225052 54580.95200 43000.0   0.0000    3.9510    0.4370
       1641+399 213559 54596.90000 43000.0   0.0000    3.7650    0.5090
       1641+399 203657 54611.85900 43000.0   0.0000    3.7060    0.4100
       1641+399 203657 54612.85900 43000.0   0.0000    3.8410    0.4460
       1641+399 183726 54641.77600 43000.0   0.0000    4.2130    0.5920
       1641+399 183559 54642.77500 43000.0   0.0000    4.0800    0.5840
       1641+399 183559 54643.77500 43000.0   0.0000    4.3150    0.5890
       1641+399 173657 54659.73400 43000.0   0.0000    4.3700    0.7310
       1641+399 173657 54660.73400 43000.0   0.0000    4.1870    0.7620
       1641+399 163628 54679.69200 43000.0   0.0000    4.1790    0.5240
       1641+399 163628 54680.69200 43000.0   0.0000    4.3650    0.5550
       1641+399 163628 54681.69200 43000.0   0.0000    4.3080    0.5660
       1641+399 143657 54708.60900 43000.0   0.0000    4.8690    0.5770
       1641+399 143657 54709.60900 43000.0   0.0000    4.6470    0.5500
       1641+399 143657 54710.60900 43000.0   0.0000    4.8290    0.5680
       1641+399 123726 54743.52600 43000.0   0.0000    4.8890    0.8530
       1641+399 123559 54744.52500 43000.0   0.0000    5.3730    0.9350
       1641+399 123559 54745.52500 43000.0   0.0000    4.9840    0.8430
       1641+399 095150 54779.41100 43000.0   0.0000    4.6180    0.7410
       1641+399 095150 54780.41100 43000.0   0.0000    5.2950    0.8460
       1641+399 095150 54807.41100 43000.0   0.0000    8.0990    1.3140
       1641+399 095150 54808.41100 43000.0   0.0000    7.9270    1.3240
       1641+399 045219 54877.20300 43000.0   0.0000    7.3450    1.1170
       1641+399 045219 54879.20300 43000.0   0.0000    7.2080    1.2800
       1641+399 005150 54930.03600 43000.0   0.0000    7.2050    0.8690
       1641+399 005150 54931.03600 43000.0   0.0000    7.3320    0.8790
       1641+399 213559 54959.90000 43000.0   0.0000    8.0170    0.9530
       1641+399 213559 54960.90000 43000.0   0.0000    7.5600    0.9250
       1641+399 213559 54961.90000 43000.0   0.0000    7.4580    0.9320
       1641+399 183559 55009.77500 43000.0   0.0000    7.9190    1.0000
       1641+399 183559 55010.77500 43000.0   0.0000    7.7040    0.9790
       1641+399 183559 55011.77500 43000.0   0.0000    7.8170    0.9840
       1641+399 095316 55167.41200 43000.0   0.0000    9.4850    1.8340
       1641+399 095316 55167.41200 43000.0   0.0000    9.9530    1.9580
       1641+399 095316 55168.41200 43000.0   0.0000    8.2950    1.5770
       1641+399 065316 55211.28700 43000.0   0.0000    8.6350    1.0690
       1641+399 111940 53355.47200  5000.0   0.0000    7.7980    0.1050
       1641+399 111521 53357.46900  5000.0   0.0000    7.7930    0.1070
       1641+399 111521 53358.46900  5000.0   0.0000    7.7780    0.1050
       1641+399 095902 53359.41600  5000.0   0.0000    7.6480    0.2060
       1641+399 111521 53359.46900  5000.0   0.0000    7.7440    0.1040
       1641+399 065024 53382.28500  5000.0   0.0000    7.7010    0.1120
       1641+399 045512 53384.20500  5000.0   0.0000    7.7080    0.1120
       1641+399 045512 53385.20500  5000.0   0.0000    7.7440    0.1120
       1641+399 045512 53386.20500  5000.0   0.0000    7.7030    0.1140
       1641+399 052233 53387.22400  5000.0   0.0000    7.6820    0.1100
       1641+399 052233 53388.22400  5000.0   0.0000    7.6640    0.1090
       1641+399 115833 53388.49900  5000.0   0.0000    7.8240    0.4110
       1641+399 045345 53389.20400  5000.0   0.0000    7.7560    0.1100
       1641+399 021228 53445.09200  5000.0   0.0000    7.6170    0.1280
       1641+399 021228 53446.09200  5000.0   0.0000    7.5510    0.1270
       1641+399 021228 53448.09200  5000.0   0.0000    7.6040    0.1280
       1641+399 021228 53449.09200  5000.0   0.0000    7.6070    0.1280
       1641+399 021228 53450.09200  5000.0   0.0000    7.6860    0.1290
       1641+399 021228 53451.09200  5000.0   0.0000    7.6310    0.1280
       1641+399 235248 53454.99500  5000.0   0.0000    7.9900    0.1830
       1641+399 000419 53455.00300  5000.0   0.0000    7.3640    0.1690
       1641+399 215150 53456.91100  5000.0   0.0000    8.0290    0.1880
       1641+399 220155 53456.91800  5000.0   0.0000    7.9300    0.1780
       1641+399 061550 53457.26100  5000.0   0.0000    7.8950    0.1770
       1641+399 062721 53457.26900  5000.0   0.0000    7.7670    0.1750
       1641+399 032136 53478.14000  5000.0   0.0000    7.8040    0.1520
       1641+399 211843 53478.88800  5000.0   0.0000    7.7020    0.1630
       1641+399 180838 53510.75600  5000.0   0.0000    7.6430    0.2210
       1641+399 010028 53511.04200  5000.0   0.0000    7.5210    0.1900
       1641+399 224800 53543.95000  5000.0   0.0000    7.6930    0.1660
       1641+399 172400 53544.72500  5000.0   0.0000    7.3420    0.1690
       1641+399 022819 53545.10300  5000.0   0.0000    7.3540    0.1630
       1641+399 234116 53576.98700  5000.0   0.0000    7.0090    0.1870
       1641+399 182009 53577.76400  5000.0   0.0000    7.1680    0.1830
       1641+399 011159 53578.05000  5000.0   0.0000    7.1910    0.1850
       1641+399 235833 53605.99900  5000.0   0.0000    7.2480    0.1810
       1641+399 120419 53607.50300  5000.0   0.0000    7.1450    0.1770
       1641+399 214019 53638.90300  5000.0   0.0000    7.2150    0.1510
       1641+399 125609 53639.53900  5000.0   0.0000    7.0610    0.1380
       1641+399 171355 53639.71800  5000.0   0.0000    7.0050    0.1430
       1641+399 203657 53639.85900  5000.0   0.0000    7.0970    0.1460
       1641+399 065902 53724.29100  5000.0   0.0000    6.9280    0.1720
       1641+399 061716 53766.26200  5000.0   0.0000    6.7150    0.2000
       1641+399 095902 53770.41600  5000.0   0.0000    6.7330    0.1290
       1641+399 101033 53770.42400  5000.0   0.0000    7.0010    0.1270
       1641+399 065024 53826.28500  5000.0   0.0000    6.7140    0.1940
       1641+399 053111 53852.23000  5000.0   0.0000    6.4330    0.2560
       1641+399 054409 53852.23900  5000.0   0.0000    6.3760    0.2610
       1641+399 210000 53974.87500  5000.0   0.0000    6.4040    0.1550
       1641+399 211257 53974.88400  5000.0   0.0000    6.4270    0.1570
       1641+399 190028 54011.79200  5000.0   0.0000    6.1760    0.1350
       1641+399 191326 54011.80100  5000.0   0.0000    6.1950    0.1130
       1641+399 163209 54023.68900  5000.0   0.0000    6.1460    0.1410
       1641+399 164633 54023.69900  5000.0   0.0000    6.1490    0.1370
       1641+399 033726 54200.15100  5000.0   0.0000    6.4710    0.1330
       1641+399 035024 54200.16000  5000.0   0.0000    6.4250    0.1320
       1641+399 005316 54290.03700  5000.0   0.0000    6.3440    0.0850
       1641+399 010614 54290.04600  5000.0   0.0000    6.3100    0.0940
       1641+399 011745 54297.05400  5000.0   0.0000    6.5610    0.1760
       1641+399 013043 54297.06300  5000.0   0.0000    6.4180    0.1730
       1641+399 193755 54348.81800  5000.0   0.0000    6.4000    0.1830
       1641+399 195052 54348.82700  5000.0   0.0000    6.3780    0.1830
       1641+399 200350 54348.83600  5000.0   0.0000    6.4750    0.1860
       1641+399 201814 54348.84600  5000.0   0.0000    6.4010    0.1840
       1641+399 184604 54396.78200  5000.0   0.0000    6.4600    0.1550
       1641+399 190028 54396.79200  5000.0   0.0000    6.4150    0.1550
       1641+399 182555 54779.76800  5000.0   0.0000    5.7550    0.1420
       1641+399 183852 54779.77700  5000.0   0.0000    5.7420    0.1420
       1641+399 062009 54913.26400  5000.0   0.0000    5.6160    0.3700
       1641+399 063307 54913.27300  5000.0   0.0000    5.7860    0.2820
       1641+399 060419 54954.25300  5000.0   0.0000    6.3420    0.3820
       1641+399 061716 54954.26200  5000.0   0.0000    6.1060    0.5300
       1641+399 013628 55003.06700  5000.0   0.0000    6.0870    0.1960
       1641+399 015052 55003.07700  5000.0   0.0000    6.1420    0.1970
       1641+399 234702 55034.99100  5000.0   0.0000    6.4620    0.3050
       1641+399 000000 55035.00000  5000.0   0.0000    6.4810    0.3370
       1641+399 224800 55062.95000  5000.0   0.0000    6.5000    0.2480
       1641+399 230057 55062.95900  5000.0   0.0000    6.4220    0.3380
       1641+399 181550 55099.76100  5000.0   0.0000    6.5230    0.1450
       1641+399 183014 55099.77100  5000.0   0.0000    6.4980    0.1430
       1641+399 181257 55121.75900  5000.0   0.0000    6.6310    0.1580
       1641+399 104507 55210.44800  5000.0   0.0000    6.7960    0.1610
       1641+399 105931 55210.45800  5000.0   0.0000    6.8720    0.1700
       1641+399 060419 53350.25300  8000.0   0.0000    7.3140    0.1820
       1641+399 114116 53350.48700  8000.0   0.0000    7.1860    0.1850
       1641+399 140516 53350.58700  8000.0   0.0000    7.2470    0.1820
       1641+399 163628 53350.69200  8000.0   0.0000    7.2570    0.1850
       1641+399 051940 53351.22200  8000.0   0.0000    7.4080    0.1840
       1641+399 133502 53351.56600  8000.0   0.0000    7.3190    0.1810
       1641+399 161745 53351.67900  8000.0   0.0000    7.1920    0.1900
       1641+399 045345 53352.20400  8000.0   0.0000    7.4610    0.1870
       1641+399 074340 53352.32200  8000.0   0.0000    7.3180    0.1780
       1641+399 104800 53352.45000  8000.0   0.0000    7.1640    0.1880
       1641+399 133043 53352.56300  8000.0   0.0000    7.1240    0.1790
       1641+399 044633 53383.19900  8000.0   0.0000    6.9980    0.2220
       1641+399 054243 53383.23800  8000.0   0.0000    6.8800    0.2180
       1641+399 021102 53413.09100  8000.0   0.0000    7.1150    0.1740
       1641+399 031257 53413.13400  8000.0   0.0000    6.9960    0.1710
       1641+399 062009 53418.26400  8000.0   0.0000    6.8690    0.1170
       1641+399 022233 53457.09900  8000.0   0.0000    7.2390    0.2380
       1641+399 023404 53457.10700  8000.0   0.0000    7.1830    0.2350
       1641+399 100740 53457.42200  8000.0   0.0000    7.0710    0.2340
       1641+399 011452 53464.05200  8000.0   0.0000    7.0550    0.1060
       1641+399 011326 53465.05100  8000.0   0.0000    6.9000    0.1270
       1641+399 230350 53477.96100  8000.0   0.0000    6.8390    0.2000
       1641+399 070321 53478.29400  8000.0   0.0000    7.0160    0.2050
       1641+399 212428 53510.89200  8000.0   0.0000    6.8280    0.1770
       1641+399 042331 53511.18300  8000.0   0.0000    6.8170    0.1830
       1641+399 030000 53544.12500  8000.0   0.0000    6.7540    0.2320
       1641+399 193335 53576.81500  8000.0   0.0000    6.5960    0.1670
       1641+399 221159 53577.92500  8000.0   0.0000    6.5760    0.1950
       1641+399 114409 53605.48900  8000.0   0.0000    6.5770    0.2380
       1641+399 202652 53605.85200  8000.0   0.0000    6.4030    0.2230
       1641+399 155443 53637.66300  8000.0   0.0000    6.1500    0.1460
       1641+399 104507 53638.44800  8000.0   0.0000    6.5700    0.1520
       1641+399 125609 53698.53900  8000.0   0.0000    6.0940    0.2000
       1641+399 051521 53721.21900  8000.0   0.0000    6.4210    0.1670
       1641+399 142107 53721.59800  8000.0   0.0000    6.3540    0.1690
       1641+399 071619 53744.30300  8000.0   0.0000    6.5190    0.1640
       1641+399 103628 53766.44200  8000.0   0.0000    6.3000    0.2370
       1641+399 100614 53771.42100  8000.0   0.0000    6.0450    0.2160
       1641+399 101745 53771.42900  8000.0   0.0000    6.2060    0.2170
       1641+399 053531 53779.23300  8000.0   0.0000    6.1730    0.1430
       1641+399 082526 53805.35100  8000.0   0.0000    6.0550    0.3810
       1641+399 083823 53805.36000  8000.0   0.0000    6.2030    0.2050
       1641+399 051521 53851.21900  8000.0   0.0000    6.5800    0.2850
       1641+399 052819 53851.22800  8000.0   0.0000    6.2980    0.2610
       1641+399 040907 53860.17300  8000.0   0.0000    5.7390    0.2250
       1641+399 041033 53861.17400  8000.0   0.0000    6.0400    0.1350
       1641+399 015345 53908.07900  8000.0   0.0000    6.2040    0.2070
       1641+399 233950 53955.98600  8000.0   0.0000    5.8720    0.2480
       1641+399 220614 53973.92100  8000.0   0.0000    5.9730    0.1420
       1641+399 193755 54010.81800  8000.0   0.0000    5.9980    0.2450
       1641+399 174243 54022.73800  8000.0   0.0000    6.1180    0.2110
       1641+399 171102 54037.71600  8000.0   0.0000    6.1060    0.2000
       1641+399 150000 54058.62500  8000.0   0.0000    6.1780    0.2240
       1641+399 144702 54080.61600  8000.0   0.0000    6.4170    0.1190
       1641+399 125443 54098.53800  8000.0   0.0000    6.6360    0.1490
       1641+399 113404 54121.48200  8000.0   0.0000    6.8970    0.1430
       1641+399 091257 54149.38400  8000.0   0.0000    6.7490    0.2120
       1641+399 065024 54199.28500  8000.0   0.0000    6.6560    0.1620
       1641+399 071159 54220.30000  8000.0   0.0000    6.6860    0.2030
       1641+399 071159 54220.30000  8000.0   0.0000    6.6860    0.2030
       1641+399 004731 54276.03300  8000.0   0.0000    6.4310    0.2280
       1641+399 233404 54288.98200  8000.0   0.0000    6.4280    0.1000
       1641+399 011033 54296.04900  8000.0   0.0000    6.4670    0.2050
       1641+399 233823 54324.98500  8000.0   0.0000    6.3590    0.1950
       1641+399 212136 54343.89000  8000.0   0.0000    6.3960    0.1580
       1641+399 193755 54373.81800  8000.0   0.0000    6.3630    0.1420
       1641+399 161326 54421.67600  8000.0   0.0000    5.9720    0.1660
       1641+399 150252 54435.62700  8000.0   0.0000    6.0000    0.1060
       1641+399 093433 54513.39900  8000.0   0.0000    5.6370    0.1620
       1641+399 050057 54576.20900  8000.0   0.0000    5.5130    0.1570
       1641+399 042750 54605.18600  8000.0   0.0000    5.3500    0.1530
       1641+399 010028 54641.04200  8000.0   0.0000    5.3880    0.1270
       1641+399 001423 54653.01000  8000.0   0.0000    5.4390    0.1760
       1641+399 235833 54666.99900  8000.0   0.0000    5.3350    0.1790
       1641+399 224926 54687.95100  8000.0   0.0000    5.3240    0.1300
       1641+399 210838 54722.88100  8000.0   0.0000    5.3970    0.4030
       1641+399 163209 54777.68900  8000.0   0.0000    5.5060    0.2160
       1641+399 062555 54952.26800  8000.0   0.0000    7.0420    0.4770
       1641+399 013921 55004.06900  8000.0   0.0000    7.5990    0.5710
       1641+399 004857 55036.03400  8000.0   0.0000    7.4470    0.1740
       1641+399 204116 55063.86200  8000.0   0.0000    7.7430    0.0890
       1641+399 214019 55076.90300  8000.0   0.0000    7.9270    0.2540
       1641+399 191159 55100.80000  8000.0   0.0000    7.9150    0.1050
       1641+399 192457 55122.80900  8000.0   0.0000    7.8160    0.2040
       1641+399 120711 55208.50500  8000.0   0.0000    7.7560    0.2790
       1730-130 230516 53509.96200 22000.0   0.0000    2.4210    0.6440
       1730-130 230516 53511.96200 22000.0   0.0000    3.3130    0.7010
       1730-130 163043 53638.68800 22000.0   0.0000    3.0520    0.4090
       1730-130 121716 53722.51200 22000.0   0.0000    3.5330    0.4330
       1730-130 113238 53743.48100 22000.0   0.0000    3.0160    0.4600
       1730-130 090000 53772.37500 22000.0   0.0000    3.0780    0.3450
       1730-130 055540 53806.24700 22000.0   0.0000    3.1950    0.3670
       1730-130 060838 53806.25600 22000.0   0.0000    3.3370    0.4060
       1730-130 040907 53850.17300 22000.0   0.0000    3.2380    0.4250
       1730-130 042204 53850.18200 22000.0   0.0000    3.1390    0.4460
       1730-130 024955 53862.11800 22000.0   0.0000    3.4440    0.3870
       1730-130 030252 53862.12700 22000.0   0.0000    3.2420    0.4060
       1730-130 200643 53954.83800 22000.0   0.0000    1.8600    0.4890
       1730-130 184731 53972.78300 22000.0   0.0000    2.5750    0.4980
       1730-130 190028 53972.79200 22000.0   0.0000    2.3270    0.3830
       1730-130 152848 54009.64500 22000.0   0.0000    2.3080    0.4670
       1730-130 154311 54009.65500 22000.0   0.0000    2.8240    0.5230
       1730-130 141355 54021.59300 22000.0   0.0000    2.5290    0.4460
       1730-130 142652 54021.60200 22000.0   0.0000    2.9410    0.5990
       1730-130 124604 54057.53200 22000.0   0.0000    2.3130    0.8230
       1730-130 112107 54097.47300 22000.0   0.0000    3.6350    0.4680
       1730-130 113531 54097.48300 22000.0   0.0000    3.3440    0.4660
       1730-130 114828 54097.49200 22000.0   0.0000    3.2200    0.4750
       1730-130 120126 54097.50100 22000.0   0.0000    2.8680    0.4840
       1730-130 092302 54119.39100 22000.0   0.0000    3.3860    0.6370
       1730-130 093559 54119.40000 22000.0   0.0000    3.6940    0.6290
       1730-130 094857 54119.40900 22000.0   0.0000    3.1180    0.5910
       1730-130 100155 54119.41800 22000.0   0.0000    2.6300    0.6000
       1730-130 062302 54148.26600 22000.0   0.0000    2.7060    0.3780
       1730-130 063726 54148.27600 22000.0   0.0000    2.9100    0.4520
       1730-130 065024 54148.28500 22000.0   0.0000    2.5690    0.4590
       1730-130 070321 54148.29400 22000.0   0.0000    3.0080    0.4770
       1730-130 215150 54287.91100 22000.0   0.0000    2.6660    0.4000
       1730-130 220614 54287.92100 22000.0   0.0000    3.1960    0.4010
       1730-130 230643 54294.96300 22000.0   0.0000    2.5490    0.6170
       1730-130 231940 54294.97200 22000.0   0.0000    2.8450    0.4750
       1730-130 164507 54372.69800 22000.0   0.0000    2.8890    1.4660
       1730-130 035736 54561.16500 22000.0   0.0000    5.5280    0.5440
       1730-130 035443 54575.16300 22000.0   0.0000    5.7650    0.6910
       1730-130 040907 54575.17300 22000.0   0.0000    5.9500    0.6820
       1730-130 021228 54604.09200 22000.0   0.0000    4.8390    0.5630
       1730-130 230350 54639.96100 22000.0   0.0000    3.5520    0.4890
       1730-130 231648 54639.97000 22000.0   0.0000    3.4930    0.4010
       1730-130 221745 54651.92900 22000.0   0.0000    5.4270    0.8490
       1730-130 223209 54651.93900 22000.0   0.0000    4.1200    0.6560
       1730-130 204243 54665.86300 22000.0   0.0000    4.9480    0.5180
       1730-130 205540 54665.87200 22000.0   0.0000    3.5510    0.4430
       1730-130 200643 54686.83800 22000.0   0.0000    2.8800    0.4310
       1730-130 201940 54686.84700 22000.0   0.0000    5.4950    0.7230
       1730-130 044800 54912.20000 22000.0   0.0000    4.6720    0.6220
       1730-130 050057 54912.20900 22000.0   0.0000    4.7640    0.6220
       1730-130 040614 54953.17100 22000.0   0.0000    4.6600    1.1620
       1730-130 042038 54953.18100 22000.0   0.0000    3.4180    1.0600
       1730-130 223335 55001.94000 22000.0   0.0000    3.8710    0.6480
       1730-130 224800 55001.95000 22000.0   0.0000    3.8830    0.6510
       1730-130 192038 55033.80600 22000.0   0.0000    2.5090    0.4000
       1730-130 163335 55098.69000 22000.0   0.0000    3.0950    0.9680
       1730-130 152848 55120.64500 22000.0   0.0000    3.9950    0.3910
       1730-130 154311 55120.65500 22000.0   0.0000    4.3480    0.4080
       1730-130 093014 55209.39600 22000.0   0.0000    5.2930    1.3870
       1730-130 230643 53854.96300 43000.0   0.0000    2.5720    1.0120
       1730-130 220614 53878.92100 43000.0   0.0000    2.4970    0.7140
       1730-130 200643 53911.83800 43000.0   0.0000    2.9680    0.7350
       1730-130 200643 53912.83800 43000.0   0.0000    2.1550    0.6240
       1730-130 200643 53913.83800 43000.0   0.0000    2.6850    0.6810
       1730-130 180419 53951.75300 43000.0   0.0000    2.3350    0.6190
       1730-130 160614 53971.67100 43000.0   0.0000    2.5050    0.9120
       1730-130 160614 53972.67100 43000.0   0.0000    2.9000    0.8990
       1730-130 140643 53998.58800 43000.0   0.0000    2.8680    0.7210
       1730-130 140643 53999.58800 43000.0   0.0000    2.4030    0.6350
       1730-130 120545 54025.50400 43000.0   0.0000    2.6570    1.1670
       1730-130 200643 54276.83800 43000.0   0.0000    2.4460    0.2910
       1730-130 200643 54277.83800 43000.0   0.0000    2.1160    0.2860
       1730-130 170643 54321.71300 43000.0   0.0000    3.4060    0.4250
       1730-130 170643 54322.71300 43000.0   0.0000    3.0980    0.4020
       1730-130 152136 54389.64000 43000.0   0.0000    4.2430    0.5420
       1730-130 130740 54390.54700 43000.0   0.0000    4.5390    0.5550
       1730-130 152136 54390.64000 43000.0   0.0000    4.6860    0.5130
       1730-130 102038 54422.43100 43000.0   0.0000    4.7460    0.7450
       1730-130 123559 54422.52500 43000.0   0.0000    4.2080    0.5360
       1730-130 102204 54424.43200 43000.0   0.0000    4.4350    0.6070
       1730-130 123726 54424.52600 43000.0   0.0000    3.6860    0.4700
       1730-130 113531 54435.48300 43000.0   0.0000    5.2430    1.2160
       1730-130 102331 54437.43300 43000.0   0.0000    3.6890    0.9870
       1730-130 123559 54437.52500 43000.0   0.0000    5.3750    1.2490
       1730-130 072038 54479.30600 43000.0   0.0000    5.4760    0.7620
       1730-130 093559 54479.40000 43000.0   0.0000    4.4740    0.6230
       1730-130 072457 54505.30900 43000.0   0.0000    3.6660    0.5410
       1730-130 044633 54506.19900 43000.0   0.0000    3.9680    0.4940
       1730-130 065150 54506.28600 43000.0   0.0000    4.3350    0.5340
       1730-130 052400 54507.22500 43000.0   0.0000    4.3900    0.5450
       1730-130 042204 54523.18200 43000.0   0.0000    4.8220    0.5270
       1730-130 063726 54523.27600 43000.0   0.0000    4.5730    0.4930
       1730-130 012204 54556.05700 43000.0   0.0000    4.8020    0.4900
       1730-130 042457 54556.18400 43000.0   0.0000    4.6760    0.5010
       1730-130 012204 54557.05700 43000.0   0.0000    4.6180    0.4650
       1730-130 033726 54557.15100 43000.0   0.0000    4.4250    0.4740
       1730-130 232107 54579.97300 43000.0   0.0000    4.7120    0.4570
       1730-130 013628 54580.06700 43000.0   0.0000    4.5180    0.4640
       1730-130 232107 54580.97300 43000.0   0.0000    4.6370    0.4560
       1730-130 013628 54581.06700 43000.0   0.0000    4.7050    0.4710
       1730-130 222204 54596.93200 43000.0   0.0000    4.4510    0.6150
       1730-130 233657 54610.98400 43000.0   0.0000    3.6430    0.3780
       1730-130 233657 54612.98400 43000.0   0.0000    3.2730    0.3450
       1730-130 190614 54641.79600 43000.0   0.0000    4.3570    0.4880
       1730-130 190740 54642.79700 43000.0   0.0000    3.3390    0.3990
       1730-130 190614 54643.79600 43000.0   0.0000    4.6320    0.5030
       1730-130 213559 54643.90000 43000.0   0.0000    3.2440    0.4160
       1730-130 180545 54659.75400 43000.0   0.0000    4.1140    0.5810
       1730-130 180545 54660.75400 43000.0   0.0000    4.8700    0.6650
       1730-130 170643 54679.71300 43000.0   0.0000    3.6650    0.3810
       1730-130 170516 54680.71200 43000.0   0.0000    2.8670    0.3210
       1730-130 170643 54681.71300 43000.0   0.0000    2.6330    0.3340
       1730-130 150545 54710.62900 43000.0   0.0000    5.2020    0.5560
       1730-130 130740 54743.54700 43000.0   0.0000    5.3160    0.7470
       1730-130 152302 54743.64100 43000.0   0.0000    5.4100    0.8190
       1730-130 130447 54744.54500 43000.0   0.0000    5.9700    0.8550
       1730-130 152136 54744.64000 43000.0   0.0000    4.3810    0.7810
       1730-130 130740 54745.54700 43000.0   0.0000    4.7150    0.6450
       1730-130 152136 54745.64000 43000.0   0.0000    5.4850    0.7820
       1730-130 123726 54779.52600 43000.0   0.0000    4.2790    0.6260
       1730-130 102204 54780.43200 43000.0   0.0000    4.1750    0.5870
       1730-130 123307 54780.52300 43000.0   0.0000    4.1640    0.6710
       1730-130 102204 54781.43200 43000.0   0.0000    5.5580    0.7800
       1730-130 123559 54781.52500 43000.0   0.0000    4.1520    0.8260
       1730-130 102331 54807.43300 43000.0   0.0000    5.2140    0.6730
       1730-130 102331 54808.43300 43000.0   0.0000    4.6880    0.6400
       1730-130 072204 54842.30700 43000.0   0.0000    3.3280    0.7170
       1730-130 093559 54842.40000 43000.0   0.0000    3.2350    0.6990
       1730-130 052233 54877.22400 43000.0   0.0000    3.9640    0.7610
       1730-130 073628 54877.31700 43000.0   0.0000    3.9280    0.6140
       1730-130 052233 54879.22400 43000.0   0.0000    4.5260    0.7670
       1730-130 073628 54879.31700 43000.0   0.0000    3.6370    0.5240
       1730-130 012204 54930.05700 43000.0   0.0000    4.0790    0.4050
       1730-130 030711 54930.13000 43000.0   0.0000    3.8170    0.3870
       1730-130 012204 54931.05700 43000.0   0.0000    4.2120    0.4280
       1730-130 030711 54931.13000 43000.0   0.0000    3.9450    0.4080
       1730-130 222204 54958.93200 43000.0   0.0000    4.0500    0.4280
       1730-130 000711 54959.00500 43000.0   0.0000    3.8650    0.4640
       1730-130 000711 54961.00500 43000.0   0.0000    3.7400    0.4230
       1730-130 190740 55009.79700 43000.0   0.0000    3.9740    0.4840
       1730-130 210838 55009.88100 43000.0   0.0000    3.3400    0.4280
       1730-130 190614 55010.79600 43000.0   0.0000    3.7820    0.4120
       1730-130 210838 55010.88100 43000.0   0.0000    3.2650    0.3800
       1730-130 190614 55011.79600 43000.0   0.0000    3.4930    0.3710
       1730-130 210838 55011.88100 43000.0   0.0000    3.2730    0.3960
       1730-130 123726 55167.52600 43000.0   0.0000    3.6090    0.5750
       1730-130 123726 55168.52600 43000.0   0.0000    3.2070    0.5110
       1730-130 072204 55210.30700 43000.0   0.0000    4.4460    0.5280
       1730-130 072204 55211.30700 43000.0   0.0000    4.3610    0.4620
       1730-130 093852 55211.40200 43000.0   0.0000    3.9010    0.4360
       1730-130 234536 53503.99000  5000.0   0.0000    4.8660    0.1350
       1730-130 014800 53504.07500  5000.0   0.0000    4.9110    0.1410
       1730-130 040907 53504.17300  5000.0   0.0000    5.0290    0.1510
       1730-130 233823 53504.98500  5000.0   0.0000    4.7680    0.1300
       1730-130 014214 53505.07100  5000.0   0.0000    4.8040    0.1380
       1730-130 040321 53505.16900  5000.0   0.0000    4.8310    0.1350
       1730-130 233238 53505.98100  5000.0   0.0000    4.8500    0.1550
       1730-130 021355 53506.09300  5000.0   0.0000    4.8140    0.1350
       1730-130 230057 53543.95900  5000.0   0.0000    4.7140    0.1220
       1730-130 011452 53544.05200  5000.0   0.0000    4.6700    0.1300
       1730-130 183307 53577.77300  5000.0   0.0000    4.4900    0.1360
       1730-130 200809 53577.83900  5000.0   0.0000    4.5810    0.1840
       1730-130 184019 53605.77800  5000.0   0.0000    4.3480    0.1310
       1730-130 150545 53639.62900  5000.0   0.0000    4.2600    0.1080
       1730-130 172819 53639.72800  5000.0   0.0000    4.1640    0.1060
       1730-130 091843 53724.38800  5000.0   0.0000    3.8450    0.1190
       1730-130 063014 53766.27100  5000.0   0.0000    4.1650    0.1510
       1730-130 083238 53766.35600  5000.0   0.0000    4.4110    0.1670
       1730-130 082652 53770.35200  5000.0   0.0000    4.4350    0.1050
       1730-130 051521 53826.21900  5000.0   0.0000    4.3510    0.1420
       1730-130 052652 53826.22700  5000.0   0.0000    4.3510    0.1500
       1730-130 020643 53852.08800  5000.0   0.0000    4.2080    0.1860
       1730-130 021940 53852.09700  5000.0   0.0000    4.3040    0.1890
       1730-130 181131 53974.75800  5000.0   0.0000    4.0880    0.1100
       1730-130 182555 53974.76800  5000.0   0.0000    4.1620    0.1270
       1730-130 155316 54011.66200  5000.0   0.0000    4.1510    0.0820
       1730-130 160614 54011.67100  5000.0   0.0000    4.0160    0.1040
       1730-130 144243 54023.61300  5000.0   0.0000    4.0220    0.1390
       1730-130 145540 54023.62200  5000.0   0.0000    3.9650    0.1350
       1730-130 223209 54289.93900  5000.0   0.0000    4.3870    0.0810
       1730-130 224507 54289.94800  5000.0   0.0000    4.3060    0.0740
       1730-130 213726 54296.90100  5000.0   0.0000    4.2720    0.1260
       1730-130 215024 54296.91000  5000.0   0.0000    4.2630    0.1220
       1730-130 173404 54689.73200  5000.0   0.0000    4.1310    0.1220
       1730-130 174702 54689.74100  5000.0   0.0000    4.0060    0.1280
       1730-130 143657 54779.60900  5000.0   0.0000    4.1820    0.1300
       1730-130 144955 54779.61800  5000.0   0.0000    4.1910    0.1160
       1730-130 031843 54913.13800  5000.0   0.0000    4.3190    0.2440
       1730-130 033140 54913.14700  5000.0   0.0000    4.3890    0.3370
       1730-130 031257 54954.13400  5000.0   0.0000    4.5790    0.4050
       1730-130 222750 55002.93600  5000.0   0.0000    4.1350    0.1480
       1730-130 224214 55002.94600  5000.0   0.0000    4.1990    0.1450
       1730-130 202526 55034.85100  5000.0   0.0000    4.3330    0.2590
       1730-130 203950 55034.86100  5000.0   0.0000    4.3490    0.3180
       1730-130 194926 55062.82600  5000.0   0.0000    4.1080    0.2970
       1730-130 150545 55099.62900  5000.0   0.0000    4.5620    0.1860
       1730-130 151843 55099.63800  5000.0   0.0000    4.4870    0.1580
       1730-130 160907 55121.67300  5000.0   0.0000    4.4230    0.1190
       1730-130 162331 55121.68300  5000.0   0.0000    4.3460    0.1190
       1730-130 070907 55210.29800  5000.0   0.0000    4.4720    0.1270
       1730-130 072331 55210.30800  5000.0   0.0000    4.4900    0.1300
       1730-130 004731 53504.03300  8000.0   0.0000    4.5540    0.1600
       1730-130 222624 53504.93500  8000.0   0.0000    4.6350    0.1390
       1730-130 030126 53505.12600  8000.0   0.0000    4.6380    0.2620
       1730-130 222038 53505.93100  8000.0   0.0000    4.7140    0.1280
       1730-130 004731 53506.03300  8000.0   0.0000    4.8050    0.1770
       1730-130 033307 53506.14800  8000.0   0.0000    4.6250    0.1390
       1730-130 195638 53543.83100  8000.0   0.0000    4.5730    0.4530
       1730-130 222457 53544.93400  8000.0   0.0000    4.7320    0.1740
       1730-130 194507 53576.82300  8000.0   0.0000    4.4180    0.1460
       1730-130 215443 53576.91300  8000.0   0.0000    4.2010    0.1330
       1730-130 222457 53577.93400  8000.0   0.0000    4.2530    0.1730
       1730-130 203950 53605.86100  8000.0   0.0000    3.9980    0.1640
       1730-130 170223 53606.71000  8000.0   0.0000    4.1450    0.1620
       1730-130 160740 53637.67200  8000.0   0.0000    3.8700    0.1210
       1730-130 130907 53698.54800  8000.0   0.0000    3.7890    0.1750
       1730-130 150545 53698.62900  8000.0   0.0000    3.8040    0.1720
       1730-130 070155 53742.29300  8000.0   0.0000    4.0200    0.0930
       1730-130 085121 53743.36900  8000.0   0.0000    3.9070    0.1280
       1730-130 104926 53766.45100  8000.0   0.0000    4.0850    0.2460
       1730-130 083404 53771.35700  8000.0   0.0000    3.7290    0.1620
       1730-130 060545 53779.25400  8000.0   0.0000    3.7500    0.1020
       1730-130 053950 53805.23600  8000.0   0.0000    3.6670    0.1680
       1730-130 055248 53805.24500  8000.0   0.0000    3.8010    0.1750
       1730-130 060419 53805.25300  8000.0   0.0000    4.0270    0.1770
       1730-130 040321 53831.16900  8000.0   0.0000    3.5030    0.4710
       1730-130 030252 53851.12700  8000.0   0.0000    3.7110    0.2160
       1730-130 014214 53860.07100  8000.0   0.0000    3.7230    0.1540
       1730-130 012624 53861.06000  8000.0   0.0000    3.3220    0.2530
       1730-130 234536 53907.99000  8000.0   0.0000    3.8600    0.1330
       1730-130 203404 53955.85700  8000.0   0.0000    3.5350    0.1550
       1730-130 191745 53973.80400  8000.0   0.0000    3.4580    0.0920
       1730-130 164800 54010.70000  8000.0   0.0000    3.3720    0.1460
       1730-130 145540 54022.62200  8000.0   0.0000    3.5750    0.1520
       1730-130 141355 54037.59300  8000.0   0.0000    3.5590    0.1330
       1730-130 124604 54059.53200  8000.0   0.0000    4.3580    0.2220
       1730-130 115707 54080.49800  8000.0   0.0000    3.6100    0.0800
       1730-130 105345 54099.45400  8000.0   0.0000    3.5160    0.2260
       1730-130 082107 54121.34800  8000.0   0.0000    3.6620    0.0980
       1730-130 072624 54150.31000  8000.0   0.0000    3.5700    0.1140
       1730-130 044047 54185.19500  8000.0   0.0000    4.1730    0.4310
       1730-130 033726 54199.15100  8000.0   0.0000    3.4910    0.0880
       1730-130 035902 54220.16600  8000.0   0.0000    3.6150    0.1480
       1730-130 035902 54220.16600  8000.0   0.0000    3.6150    0.1480
       1730-130 220614 54275.92100  8000.0   0.0000    3.7160    0.1330
       1730-130 213852 54288.90200  8000.0   0.0000    3.7640    0.0820
       1730-130 225804 54295.95700  8000.0   0.0000    3.6510    0.1290
       1730-130 204955 54324.86800  8000.0   0.0000    3.5900    0.1180
       1730-130 183307 54343.77300  8000.0   0.0000    3.5750    0.1980
       1730-130 172652 54373.72700  8000.0   0.0000    3.5690    0.0980
       1730-130 132457 54421.55900  8000.0   0.0000    3.4770    0.1770
       1730-130 121423 54435.51000  8000.0   0.0000    3.5980    0.1460
       1730-130 095902 54477.41600  8000.0   0.0000    3.5640    0.3450
       1730-130 061716 54513.26200  8000.0   0.0000    3.7970    0.1240
       1730-130 020057 54576.08400  8000.0   0.0000    3.9580    0.1180
       1730-130 014800 54605.07500  8000.0   0.0000    4.1320    0.1500
       1730-130 222038 54640.93100  8000.0   0.0000    3.8930    0.1100
       1730-130 213559 54652.90000  8000.0   0.0000    4.0790    0.1540
       1730-130 211716 54666.88700  8000.0   0.0000    4.2850    0.1510
       1730-130 190614 54688.79600  8000.0   0.0000    4.0880    0.1160
       1730-130 122721 54777.51900  8000.0   0.0000    4.5020    0.1240
       1730-130 214145 55035.90400  8000.0   0.0000    4.3580    0.2200
       1730-130 172652 55063.72700  8000.0   0.0000    4.3360    0.1800
       1730-130 182428 55076.76700  8000.0   0.0000    4.8930    0.2110
       1730-130 154857 55100.65900  8000.0   0.0000    4.7040    0.1510
       1730-130 161912 55122.68000  8000.0   0.0000    4.4070    0.1630
       1730-130 084409 55208.36400  8000.0   0.0000    4.2870    0.2110
       1741-038 231940 53509.97200 22000.0   0.0000    3.9010    0.6030
       1741-038 231940 53510.97200 22000.0   0.0000    4.2430    0.6880
       1741-038 164214 53638.69600 22000.0   0.0000    5.5880    0.4300
       1741-038 122848 53722.52000 22000.0   0.0000    5.7910    0.4700
       1741-038 114409 53743.48900 22000.0   0.0000    5.7420    0.4410
       1741-038 092428 53772.39200 22000.0   0.0000    4.9080    0.4180
       1741-038 093559 53772.40000 22000.0   0.0000    4.8490    0.4040
       1741-038 062136 53806.26500 22000.0   0.0000    5.0800    0.4710
       1741-038 063307 53806.27300 22000.0   0.0000    4.6330    0.4470
       1741-038 064604 53806.28200 22000.0   0.0000    4.6940    0.4330
       1741-038 043628 53850.19200 22000.0   0.0000    4.8520    0.5640
       1741-038 044926 53850.20100 22000.0   0.0000    4.8480    0.5230
       1741-038 031716 53862.13700 22000.0   0.0000    4.7750    0.4290
       1741-038 033014 53862.14600 22000.0   0.0000    4.4840    0.5400
       1741-038 202107 53954.84800 22000.0   0.0000    4.2970    0.4310
       1741-038 203404 53954.85700 22000.0   0.0000    4.2620    0.4860
       1741-038 191452 53972.80200 22000.0   0.0000    3.8320    0.4230
       1741-038 192750 53972.81100 22000.0   0.0000    4.7000    0.4200
       1741-038 155736 54009.66500 22000.0   0.0000    4.7240    0.5110
       1741-038 161033 54009.67400 22000.0   0.0000    4.4100    0.4910
       1741-038 144243 54021.61300 22000.0   0.0000    4.0770    0.4340
       1741-038 145540 54021.62200 22000.0   0.0000    3.5880    0.4060
       1741-038 121716 54058.51200 22000.0   0.0000    4.6150    0.3380
       1741-038 123014 54058.52100 22000.0   0.0000    4.1920    0.3340
       1741-038 085833 54098.37400 22000.0   0.0000    4.3010    0.5970
       1741-038 091131 54098.38300 22000.0   0.0000    4.2690    0.6290
       1741-038 092428 54098.39200 22000.0   0.0000    5.9480    0.6410
       1741-038 093852 54098.40200 22000.0   0.0000    5.4830    0.6610
       1741-038 074047 54120.32000 22000.0   0.0000    5.0930    0.6000
       1741-038 075345 54120.32900 22000.0   0.0000    5.4770    0.6730
       1741-038 080643 54120.33800 22000.0   0.0000    5.0300    0.5790
       1741-038 051814 54149.22100 22000.0   0.0000    4.1470    0.6120
       1741-038 053111 54149.23000 22000.0   0.0000    4.5650    0.5220
       1741-038 054536 54149.24000 22000.0   0.0000    3.9090    0.4760
       1741-038 055833 54149.24900 22000.0   0.0000    5.2820    0.4690
       1741-038 030545 54198.12900 22000.0   0.0000    3.7170    0.7290
       1741-038 032009 54198.13900 22000.0   0.0000    4.5510    0.5040
       1741-038 033307 54198.14800 22000.0   0.0000    3.7190    0.4600
       1741-038 034604 54198.15700 22000.0   0.0000    4.5900    0.6080
       1741-038 032721 54219.14400 22000.0   0.0000    4.5260    0.8970
       1741-038 032721 54219.14400 22000.0   0.0000    4.5260    0.8970
       1741-038 034145 54219.15400 22000.0   0.0000    4.6490    0.5180
       1741-038 034145 54219.15400 22000.0   0.0000    4.6490    0.5180
       1741-038 035443 54219.16300 22000.0   0.0000    4.0920    0.5730
       1741-038 035443 54219.16300 22000.0   0.0000    4.0920    0.5730
       1741-038 040740 54219.17200 22000.0   0.0000    4.3010    0.5300
       1741-038 040740 54219.17200 22000.0   0.0000    4.3010    0.5300
       1741-038 193335 54274.81500 22000.0   0.0000    4.9850    0.4470
       1741-038 194800 54274.82500 22000.0   0.0000    4.5590    0.4700
       1741-038 200057 54274.83400 22000.0   0.0000    5.3880    0.4510
       1741-038 201355 54274.84300 22000.0   0.0000    5.2040    0.4040
       1741-038 222038 54287.93100 22000.0   0.0000    4.9290    0.4100
       1741-038 223335 54287.94000 22000.0   0.0000    5.2240    0.4110
       1741-038 233404 54294.98200 22000.0   0.0000    4.8160    0.6440
       1741-038 234702 54294.99100 22000.0   0.0000    5.4050    0.6720
       1741-038 000126 54295.00100 22000.0   0.0000    5.6760    0.6910
       1741-038 172652 54323.72700 22000.0   0.0000    3.4520    0.4230
       1741-038 175121 54323.74400 22000.0   0.0000    3.4210    0.3880
       1741-038 180545 54323.75400 22000.0   0.0000    3.4360    0.3890
       1741-038 183726 54345.77600 22000.0   0.0000    5.0540    0.3820
       1741-038 185024 54345.78500 22000.0   0.0000    4.9490    0.4400
       1741-038 190321 54345.79400 22000.0   0.0000    4.4860    0.4710
       1741-038 191619 54345.80300 22000.0   0.0000    4.6050    0.4190
       1741-038 172652 54372.72700 22000.0   0.0000    3.7610    1.3100
       1741-038 173950 54372.73600 22000.0   0.0000    4.1870    1.0150
       1741-038 094857 54456.40900 22000.0   0.0000    3.9030    0.4270
       1741-038 100155 54456.41800 22000.0   0.0000    4.3120    0.3700
       1741-038 101452 54456.42700 22000.0   0.0000    4.6800    0.3790
       1741-038 115707 54460.49800 22000.0   0.0000    3.5360    0.2450
       1741-038 090252 54478.37700 22000.0   0.0000    4.0350    0.3090
       1741-038 091550 54478.38600 22000.0   0.0000    4.2380    0.2860
       1741-038 093014 54478.39600 22000.0   0.0000    3.0580    0.2810
       1741-038 094311 54478.40500 22000.0   0.0000    4.5050    0.3170
       1741-038 064731 54511.28300 22000.0   0.0000    3.5850    0.4090
       1741-038 070028 54511.29200 22000.0   0.0000    3.3210    0.3330
       1741-038 071326 54511.30100 22000.0   0.0000    4.0120    0.2980
       1741-038 072624 54511.31000 22000.0   0.0000    3.3030    0.3250
       1741-038 042457 54561.18400 22000.0   0.0000    3.1090    0.3890
       1741-038 043755 54561.19300 22000.0   0.0000    3.0190    0.6080
       1741-038 050516 54575.21200 22000.0   0.0000    4.1990    0.5050
       1741-038 051814 54575.22100 22000.0   0.0000    4.9760    0.6660
       1741-038 034731 54577.15800 22000.0   0.0000    4.7780    1.3990
       1741-038 040028 54577.16700 22000.0   0.0000    3.4680    0.5120
       1741-038 001131 54640.00800 22000.0   0.0000    3.4910    0.3960
       1741-038 002428 54640.01700 22000.0   0.0000    2.0710    0.3820
       1741-038 232652 54651.97700 22000.0   0.0000    2.9550    0.4930
       1741-038 234116 54651.98700 22000.0   0.0000    3.4340    0.5610
       1741-038 214311 54665.90500 22000.0   0.0000    2.6220    0.3070
       1741-038 215609 54665.91400 22000.0   0.0000    2.8810    0.3160
       1741-038 203531 54686.85800 22000.0   0.0000    3.0640    0.4340
       1741-038 204828 54686.86700 22000.0   0.0000    2.0630    0.3670
       1741-038 142819 54778.60300 22000.0   0.0000    2.7740    0.3780
       1741-038 112819 54816.47800 22000.0   0.0000    2.8360    1.5160
       1741-038 051521 54912.21900 22000.0   0.0000    3.3960    0.4930
       1741-038 052819 54912.22800 22000.0   0.0000    2.8780    0.4900
       1741-038 043502 54953.19100 22000.0   0.0000    2.3380    1.0540
       1741-038 044800 54953.20000 22000.0   0.0000    4.2530    0.8200
       1741-038 230223 55001.96000 22000.0   0.0000    2.8000    0.5480
       1741-038 231521 55001.96900 22000.0   0.0000    1.9510    0.4260
       1741-038 203404 55033.85700 22000.0   0.0000    2.1410    0.2800
       1741-038 171648 55098.72000 22000.0   0.0000    2.8730    0.4130
       1741-038 155736 55120.66500 22000.0   0.0000    3.1270    0.3290
       1741-038 161159 55120.67500 22000.0   0.0000    3.2350    0.3530
       1741-038 094438 55209.40600 22000.0   0.0000    3.6980    1.0790
       1741-038 095902 55209.41600 22000.0   0.0000    4.2650    1.3650
       1741-038 012204 53827.05700 43000.0   0.0000    3.2860    1.2300
       1741-038 232107 53854.97300 43000.0   0.0000    3.5750    0.9780
       1741-038 222204 53878.93200 43000.0   0.0000    3.8190    0.8020
       1741-038 202107 53911.84800 43000.0   0.0000    3.8660    0.7880
       1741-038 202107 53912.84800 43000.0   0.0000    3.6290    0.7980
       1741-038 202107 53913.84800 43000.0   0.0000    3.6530    0.7770
       1741-038 181843 53951.76300 43000.0   0.0000    3.1390    0.7640
       1741-038 172107 53952.72300 43000.0   0.0000    2.3020    0.7460
       1741-038 162204 53971.68200 43000.0   0.0000    3.1720    0.9290
       1741-038 162204 53972.68200 43000.0   0.0000    4.0970    1.1090
       1741-038 142107 53998.59800 43000.0   0.0000    3.3360    0.7670
       1741-038 142107 53999.59800 43000.0   0.0000    3.4000    0.7830
       1741-038 142107 54000.59800 43000.0   0.0000    3.7320    0.7940
       1741-038 122136 54026.51500 43000.0   0.0000    3.7260    1.4160
       1741-038 202107 54276.84800 43000.0   0.0000    3.5570    0.4490
       1741-038 202107 54277.84800 43000.0   0.0000    3.6570    0.4130
       1741-038 172107 54321.72300 43000.0   0.0000    3.5460    0.4240
       1741-038 172107 54322.72300 43000.0   0.0000    3.5780    0.4330
       1741-038 141940 54366.59700 43000.0   0.0000    2.6690    0.4810
       1741-038 132457 54390.55900 43000.0   0.0000    3.4210    0.4560
       1741-038 103628 54424.44200 43000.0   0.0000    2.6800    0.3530
       1741-038 103628 54437.44200 43000.0   0.0000    2.0820    0.4040
       1741-038 073628 54479.31700 43000.0   0.0000    3.1040    0.4470
       1741-038 053657 54505.23400 43000.0   0.0000    3.0710    0.4010
       1741-038 050223 54506.21000 43000.0   0.0000    2.0380    0.2950
       1741-038 053657 54507.23400 43000.0   0.0000    2.4860    0.3110
       1741-038 043628 54523.19200 43000.0   0.0000    2.5950    0.2910
       1741-038 013628 54556.06700 43000.0   0.0000    2.3510    0.2620
       1741-038 013628 54557.06700 43000.0   0.0000    2.3420    0.2770
       1741-038 233657 54579.98400 43000.0   0.0000    2.1890    0.2370
       1741-038 233657 54580.98400 43000.0   0.0000    2.1130    0.2210
       1741-038 223755 54596.94300 43000.0   0.0000    2.1410    0.2790
       1741-038 212136 54611.89000 43000.0   0.0000    2.1870    0.2280
       1741-038 212136 54612.89000 43000.0   0.0000    2.1940    0.2440
       1741-038 192204 54641.80700 43000.0   0.0000    2.5660    0.3500
       1741-038 195052 54641.82700 43000.0   0.0000    2.0650    0.3090
       1741-038 192038 54642.80600 43000.0   0.0000    2.0000    0.2490
       1741-038 195219 54642.82800 43000.0   0.0000    1.8380    0.2600
       1741-038 192038 54643.80600 43000.0   0.0000    2.1890    0.2770
       1741-038 195219 54643.82800 43000.0   0.0000    2.1360    0.2730
       1741-038 182136 54659.76500 43000.0   0.0000    2.2330    0.3560
       1741-038 185150 54659.78600 43000.0   0.0000    2.0050    0.3350
       1741-038 182428 54660.76700 43000.0   0.0000    2.3750    0.3980
       1741-038 185150 54660.78600 43000.0   0.0000    2.3890    0.4000
       1741-038 172107 54679.72300 43000.0   0.0000    2.0510    0.2400
       1741-038 175121 54679.74400 43000.0   0.0000    2.1630    0.2570
       1741-038 172107 54680.72300 43000.0   0.0000    2.2320    0.2510
       1741-038 175121 54680.74400 43000.0   0.0000    2.0800    0.3570
       1741-038 172233 54681.72400 43000.0   0.0000    1.9190    0.2380
       1741-038 175248 54681.74500 43000.0   0.0000    2.0600    0.2360
       1741-038 172107 54682.72300 43000.0   0.0000    2.3920    0.2650
       1741-038 175121 54682.74400 43000.0   0.0000    2.3430    0.2580
       1741-038 152136 54708.64000 43000.0   0.0000    1.8230    0.2560
       1741-038 155316 54708.66200 43000.0   0.0000    1.7360    0.2200
       1741-038 152302 54709.64100 43000.0   0.0000    1.4640    0.1970
       1741-038 155024 54709.66000 43000.0   0.0000    1.7130    0.2810
       1741-038 152136 54710.64000 43000.0   0.0000    2.4530    0.2820
       1741-038 155150 54710.66100 43000.0   0.0000    2.0540    0.2520
       1741-038 132038 54743.55600 43000.0   0.0000    2.9620    0.5020
       1741-038 132331 54744.55800 43000.0   0.0000    1.8850    0.3560
       1741-038 132038 54745.55600 43000.0   0.0000    2.6400    0.4480
       1741-038 103628 54780.44200 43000.0   0.0000    1.6330    0.2750
       1741-038 103628 54807.44200 43000.0   0.0000    2.2860    0.3390
       1741-038 103628 54808.44200 43000.0   0.0000    1.8440    0.2850
       1741-038 074047 54842.32000 43000.0   0.0000    2.0760    0.5780
       1741-038 053657 54877.23400 43000.0   0.0000    2.0870    0.4920
       1741-038 053657 54879.23400 43000.0   0.0000    2.7230    0.5660
       1741-038 013628 54930.06700 43000.0   0.0000    2.5800    0.2760
       1741-038 013628 54931.06700 43000.0   0.0000    2.6250    0.2750
       1741-038 223628 54958.94200 43000.0   0.0000    2.9730    0.3430
       1741-038 223628 54960.94200 43000.0   0.0000    2.4020    0.2750
       1741-038 192038 55009.80600 43000.0   0.0000    2.8460    0.3300
       1741-038 195219 55009.82800 43000.0   0.0000    2.8580    0.3710
       1741-038 191745 55010.80400 43000.0   0.0000    2.4840    0.3280
       1741-038 195052 55010.82700 43000.0   0.0000    2.5470    0.3090
       1741-038 192204 55011.80700 43000.0   0.0000    2.9280    0.3330
       1741-038 195219 55011.82800 43000.0   0.0000    2.7790    0.3440
       1741-038 103755 55167.44300 43000.0   0.0000    2.7610    0.4640
       1741-038 103755 55168.44300 43000.0   0.0000    2.4140    0.3830
       1741-038 073502 55211.31600 43000.0   0.0000    3.2830    0.4020
       1741-038 011159 53511.05000  5000.0   0.0000    7.3590    0.1880
       1741-038 030252 53511.12700  5000.0   0.0000    7.4830    0.1940
       1741-038 231355 53543.96800  5000.0   0.0000    6.5940    0.1530
       1741-038 012624 53544.06000  5000.0   0.0000    6.6690    0.1540
       1741-038 192038 53544.80600  5000.0   0.0000    6.6410    0.1590
       1741-038 235414 53576.99600  5000.0   0.0000    6.7590    0.1810
       1741-038 184604 53577.78200  5000.0   0.0000    6.4930    0.1730
       1741-038 201940 53577.84700  5000.0   0.0000    6.6690    0.1760
       1741-038 185150 53605.78600  5000.0   0.0000    6.7820    0.1640
       1741-038 130907 53639.54800  5000.0   0.0000    6.6720    0.1470
       1741-038 151716 53639.63700  5000.0   0.0000    6.8470    0.1450
       1741-038 173950 53639.73600  5000.0   0.0000    6.8310    0.1390
       1741-038 192750 53639.81100  5000.0   0.0000    6.8650    0.1690
       1741-038 093140 53724.39700  5000.0   0.0000    6.6040    0.1670
       1741-038 064145 53766.27900  5000.0   0.0000    6.2520    0.1920
       1741-038 084409 53766.36400  5000.0   0.0000    6.3510    0.1870
       1741-038 084955 53770.36800  5000.0   0.0000    6.3110    0.1210
       1741-038 090252 53770.37700  5000.0   0.0000    6.3210    0.1270
       1741-038 053950 53826.23600  5000.0   0.0000    6.2890    0.1840
       1741-038 055248 53826.24500  5000.0   0.0000    6.2830    0.1900
       1741-038 023404 53852.10700  5000.0   0.0000    6.1220    0.2500
       1741-038 024702 53852.11600  5000.0   0.0000    6.1250    0.2510
       1741-038 184019 53974.77800  5000.0   0.0000    6.3360    0.1660
       1741-038 185316 53974.78700  5000.0   0.0000    6.2770    0.1580
       1741-038 162038 54011.68100  5000.0   0.0000    6.0460    0.0910
       1741-038 163335 54011.69000  5000.0   0.0000    6.0050    0.0970
       1741-038 141521 54023.59400  5000.0   0.0000    6.2600    0.1630
       1741-038 142819 54023.60300  5000.0   0.0000    6.1880    0.1530
       1741-038 225931 54289.95800  5000.0   0.0000    5.7920    0.0820
       1741-038 231228 54289.96700  5000.0   0.0000    5.7530    0.0830
       1741-038 220447 54296.92000  5000.0   0.0000    5.5290    0.1540
       1741-038 221745 54296.92900  5000.0   0.0000    5.4970    0.1590
       1741-038 154311 54348.65500  5000.0   0.0000    5.7630    0.1660
       1741-038 155609 54348.66400  5000.0   0.0000    5.7690    0.1700
       1741-038 161033 54348.67400  5000.0   0.0000    5.7530    0.1670
       1741-038 162331 54348.68300  5000.0   0.0000    5.6430    0.1620
       1741-038 160028 54396.66700  5000.0   0.0000    5.9120    0.2520
       1741-038 180126 54689.75100  5000.0   0.0000    4.9920    0.1350
       1741-038 181550 54689.76100  5000.0   0.0000    5.0200    0.1350
       1741-038 150419 54779.62800  5000.0   0.0000    4.5810    0.1220
       1741-038 151716 54779.63700  5000.0   0.0000    4.5760    0.1200
       1741-038 034604 54913.15700  5000.0   0.0000    4.4680    0.2480
       1741-038 035902 54913.16600  5000.0   0.0000    4.5140    0.3360
       1741-038 032721 54954.14400  5000.0   0.0000    4.6860    0.3630
       1741-038 034145 54954.15400  5000.0   0.0000    4.6840    0.4060
       1741-038 225804 55002.95700  5000.0   0.0000    3.7830    0.1360
       1741-038 231102 55002.96600  5000.0   0.0000    3.6530    0.1500
       1741-038 205414 55034.87100  5000.0   0.0000    4.1860    0.3050
       1741-038 210838 55034.88100  5000.0   0.0000    4.1920    0.3120
       1741-038 200516 55062.83700  5000.0   0.0000    3.9970    0.2180
       1741-038 201940 55062.84700  5000.0   0.0000    4.0790    0.2130
       1741-038 153433 55099.64900  5000.0   0.0000    4.0420    0.2430
       1741-038 154857 55099.65900  5000.0   0.0000    3.7970    0.1500
       1741-038 163921 55121.69400  5000.0   0.0000    3.9010    0.1090
       1741-038 165219 55121.70300  5000.0   0.0000    3.9030    0.1080
       1741-038 073755 55210.31800  5000.0   0.0000    3.6610    0.1130
       1741-038 075219 55210.32800  5000.0   0.0000    3.7080    0.1140
       1741-038 213559 53510.90000  8000.0   0.0000    7.3810    0.1950
       1741-038 225804 53510.95700  8000.0   0.0000    7.4030    0.1940
       1741-038 043502 53511.19100  8000.0   0.0000    7.3160    0.2070
       1741-038 200935 53543.84000  8000.0   0.0000    7.1640    0.3440
       1741-038 223755 53544.94300  8000.0   0.0000    7.0940    0.2460
       1741-038 004604 53545.03200  8000.0   0.0000    7.2710    0.3580
       1741-038 195804 53576.83200  8000.0   0.0000    7.0930    0.1800
       1741-038 220614 53576.92100  8000.0   0.0000    7.1200    0.1770
       1741-038 223628 53577.94200  8000.0   0.0000    7.1630    0.1800
       1741-038 205121 53605.86900  8000.0   0.0000    7.1210    0.2490
       1741-038 171355 53606.71800  8000.0   0.0000    7.0390    0.2450
       1741-038 161912 53637.68000  8000.0   0.0000    6.9370    0.1590
       1741-038 182721 53637.76900  8000.0   0.0000    6.8440    0.1580
       1741-038 132038 53698.55600  8000.0   0.0000    6.7620    0.2440
       1741-038 151843 53698.63800  8000.0   0.0000    6.4650    0.2490
       1741-038 143404 53721.60700  8000.0   0.0000    6.8630    0.1850
       1741-038 071452 53742.30200  8000.0   0.0000    6.7330    0.1520
       1741-038 090252 53743.37700  8000.0   0.0000    6.2400    0.1570
       1741-038 072038 53744.30600  8000.0   0.0000    6.4700    0.1630
       1741-038 110223 53766.46000  8000.0   0.0000    6.6080    0.2450
       1741-038 085707 53771.37300  8000.0   0.0000    6.3460    0.2310
       1741-038 091004 53771.38200  8000.0   0.0000    6.2030    0.2310
       1741-038 062009 53779.26400  8000.0   0.0000    6.2760    0.1490
       1741-038 061716 53805.26200  8000.0   0.0000    6.3900    0.2030
       1741-038 063014 53805.27100  8000.0   0.0000    6.1320    0.1870
       1741-038 064145 53805.27900  8000.0   0.0000    5.9640    0.1830
       1741-038 043043 53831.18800  8000.0   0.0000    5.8540    0.5190
       1741-038 044340 53831.19700  8000.0   0.0000    5.9430    0.5230
       1741-038 031716 53851.13700  8000.0   0.0000    5.9420    0.2510
       1741-038 033014 53851.14600  8000.0   0.0000    5.6480    0.3590
       1741-038 021648 53860.09500  8000.0   0.0000    6.0950    0.3150
       1741-038 020057 53861.08400  8000.0   0.0000    6.0830    0.1910
       1741-038 001843 53908.01300  8000.0   0.0000    5.8280    0.1680
       1741-038 210711 53955.88000  8000.0   0.0000    5.7460    0.2390
       1741-038 194340 53973.82200  8000.0   0.0000    5.6940    0.1330
       1741-038 171355 54010.71800  8000.0   0.0000    5.5150    0.2300
       1741-038 152136 54022.64000  8000.0   0.0000    5.8240    0.1920
       1741-038 144828 54037.61700  8000.0   0.0000    5.0520    0.4230
       1741-038 130321 54059.54400  8000.0   0.0000    5.9890    0.2840
       1741-038 122302 54080.51600  8000.0   0.0000    5.5820    0.1340
       1741-038 112652 54099.47700  8000.0   0.0000    5.8140    0.1650
       1741-038 085540 54121.37200  8000.0   0.0000    5.8070    0.1380
       1741-038 080057 54150.33400  8000.0   0.0000    5.7810    0.1680
       1741-038 045804 54185.20700  8000.0   0.0000    5.7970    0.4080
       1741-038 041159 54199.17500  8000.0   0.0000    5.8550    0.1340
       1741-038 043335 54220.19000  8000.0   0.0000    5.8960    0.1720
       1741-038 043335 54220.19000  8000.0   0.0000    5.8960    0.1720
       1741-038 224047 54275.94500  8000.0   0.0000    5.8170    0.1830
       1741-038 220447 54288.92000  8000.0   0.0000    5.7010    0.0950
       1741-038 233238 54295.98100  8000.0   0.0000    5.6490    0.1860
       1741-038 212428 54324.89200  8000.0   0.0000    5.6120    0.1680
       1741-038 190740 54343.79700  8000.0   0.0000    5.6800    0.1500
       1741-038 180000 54373.75000  8000.0   0.0000    5.4980    0.1470
       1741-038 135804 54421.58200  8000.0   0.0000    5.1270    0.4300
       1741-038 124731 54435.53300  8000.0   0.0000    5.4910    0.1120
       1741-038 103335 54477.44000  8000.0   0.0000    5.1550    0.2830
       1741-038 065150 54513.28600  8000.0   0.0000    5.0430    0.1460
       1741-038 023531 54576.10800  8000.0   0.0000    4.9420    0.1430
       1741-038 022107 54605.09800  8000.0   0.0000    4.7750    0.1390
       1741-038 225512 54640.95500  8000.0   0.0000    4.7570    0.1170
       1741-038 220907 54652.92300  8000.0   0.0000    4.6310    0.1550
       1741-038 215150 54666.91100  8000.0   0.0000    4.5980    0.1780
       1741-038 193209 54688.81400  8000.0   0.0000    4.3910    0.1210
       1741-038 173823 54723.73500  8000.0   0.0000    4.4970    0.3240
       1741-038 130028 54777.54200  8000.0   0.0000    4.1480    0.1700
       1741-038 035443 54952.16300  8000.0   0.0000    3.7660    1.1390
       1741-038 225804 55003.95700  8000.0   0.0000    3.5940    0.1590
       1741-038 221619 55035.92800  8000.0   0.0000    3.4490    0.1500
       1741-038 175248 55063.74500  8000.0   0.0000    3.2010    0.1150
       1741-038 185902 55076.79100  8000.0   0.0000    3.6690    0.2530
       1741-038 163209 55100.68900  8000.0   0.0000    3.5200    0.0770
       1741-038 165345 55122.70400  8000.0   0.0000    3.3340    0.1380
       1741-038 092555 55208.39300  8000.0   0.0000    3.4220    0.1330
       1807+698 145833 53772.62400 22000.0   0.0000    1.2910    0.3440
       1807+698 151131 53772.63300 22000.0   0.0000    1.0310    0.3470
       1807+698 050643 53862.21300 22000.0   0.0000    1.5090    0.2890
       1807+698 052107 53862.22300 22000.0   0.0000    1.3560    0.2770
       1807+698 230516 53954.96200 22000.0   0.0000    1.2600    0.3390
       1807+698 231814 53954.97100 22000.0   0.0000    1.3730    0.3010
       1807+698 220155 53972.91800 22000.0   0.0000    1.2370    0.3350
       1807+698 221452 53972.92700 22000.0   0.0000    1.4330    0.2850
       1807+698 184311 54009.78000 22000.0   0.0000    1.4930    0.3850
       1807+698 185609 54009.78900 22000.0   0.0000    1.2370    0.3530
       1807+698 173404 54021.73200 22000.0   0.0000    1.0540    0.2770
       1807+698 174702 54021.74100 22000.0   0.0000    1.3530    0.2570
       1807+698 162204 54056.68200 22000.0   0.0000    1.0050    0.6130
       1807+698 163502 54056.69100 22000.0   0.0000    0.9310    0.5410
       1807+698 133043 54119.56300 22000.0   0.0000    1.3430    0.2680
       1807+698 134340 54119.57200 22000.0   0.0000    0.9360    0.2710
       1807+698 135804 54119.58200 22000.0   0.0000    0.8860    0.2720
       1807+698 141102 54119.59100 22000.0   0.0000    1.2750    0.2550
       1807+698 113531 54147.48300 22000.0   0.0000    1.1820    0.2790
       1807+698 114955 54147.49300 22000.0   0.0000    1.0320    0.3570
       1807+698 120252 54147.50200 22000.0   0.0000    1.4360    0.5090
       1807+698 022652 54197.10200 22000.0   0.0000    1.3120    0.5900
       1807+698 031716 54218.13700 22000.0   0.0000    1.3450    0.3690
       1807+698 031716 54218.13700 22000.0   0.0000    1.3450    0.3690
       1807+698 033014 54218.14600 22000.0   0.0000    1.4020    0.3570
       1807+698 033014 54218.14600 22000.0   0.0000    1.4020    0.3570
       1807+698 034311 54218.15500 22000.0   0.0000    1.5430    0.4150
       1807+698 034311 54218.15500 22000.0   0.0000    1.5430    0.4150
       1807+698 035609 54218.16400 22000.0   0.0000    1.4420    0.4610
       1807+698 035609 54218.16400 22000.0   0.0000    1.4420    0.4610
       1807+698 230643 54273.96300 22000.0   0.0000    1.5860    0.3960
       1807+698 231940 54273.97200 22000.0   0.0000    1.7180    0.3970
       1807+698 233404 54273.98200 22000.0   0.0000    1.4190    0.3180
       1807+698 234702 54273.99100 22000.0   0.0000    1.8490    0.3250
       1807+698 004857 54288.03400 22000.0   0.0000    1.4510    0.3150
       1807+698 010321 54288.04400 22000.0   0.0000    1.8780    0.3210
       1807+698 021814 54295.09600 22000.0   0.0000    1.7590    0.3510
       1807+698 023111 54295.10500 22000.0   0.0000    1.3990    0.3320
       1807+698 024409 54295.11400 22000.0   0.0000    1.5860    0.3260
       1807+698 182428 54344.76700 22000.0   0.0000    1.8700    0.2680
       1807+698 183726 54344.77600 22000.0   0.0000    1.7550    0.2510
       1807+698 185024 54344.78500 22000.0   0.0000    1.6860    0.2820
       1807+698 190447 54344.79500 22000.0   0.0000    1.9770    0.2600
       1807+698 193043 54372.81300 22000.0   0.0000    1.9180    0.4790
       1807+698 172819 54456.72800 22000.0   0.0000    1.5930    0.2470
       1807+698 174116 54456.73700 22000.0   0.0000    1.4060    0.2500
       1807+698 164507 54478.69800 22000.0   0.0000    1.3510    0.3260
       1807+698 141228 54511.59200 22000.0   0.0000    1.6000    0.1180
       1807+698 142652 54511.60200 22000.0   0.0000    1.4620    0.1290
       1807+698 143950 54511.61100 22000.0   0.0000    1.3630    0.1360
       1807+698 145248 54511.62000 22000.0   0.0000    1.7290    0.1320
       1807+698 073043 54561.31300 22000.0   0.0000    2.1570    0.3420
       1807+698 074340 54561.32200 22000.0   0.0000    1.5600    0.3670
       1807+698 053531 54575.23300 22000.0   0.0000    1.9090    0.3100
       1807+698 030711 54640.13000 22000.0   0.0000    1.4500    0.2320
       1807+698 032009 54640.13900 22000.0   0.0000    1.8530    0.2680
       1807+698 012038 54652.05600 22000.0   0.0000    1.5520    0.3030
       1807+698 013335 54652.06500 22000.0   0.0000    2.0040    0.3590
       1807+698 001131 54666.00800 22000.0   0.0000    1.7910    0.2370
       1807+698 002428 54666.01700 22000.0   0.0000    2.2050    0.2630
       1807+698 231648 54686.97000 22000.0   0.0000    1.3750    0.5650
       1807+698 074507 54912.32300 22000.0   0.0000    0.7380    0.3190
       1807+698 075804 54912.33200 22000.0   0.0000    1.2440    0.3430
       1807+698 070447 54953.29500 22000.0   0.0000    0.7130    0.8020
       1807+698 071912 54953.30500 22000.0   0.0000    1.1920    0.7510
       1807+698 013502 55002.06600 22000.0   0.0000    1.6800    0.4150
       1807+698 014800 55002.07500 22000.0   0.0000    1.0700    0.4660
       1807+698 053238 55032.23100 22000.0   0.0000    1.4190    0.4290
       1807+698 054702 55032.24100 22000.0   0.0000    1.8650    0.3710
       1807+698 083238 55099.35600 22000.0   0.0000    2.4350    0.4750
       1807+698 084828 55121.36700 22000.0   0.0000    1.2790    0.6280
       1807+698 034857 55209.15900 22000.0   0.0000    2.2350    0.4280
       1807+698 014633 53827.07400 43000.0   0.0000    1.1320    0.5240
       1807+698 234702 53854.99100 43000.0   0.0000    0.9550    0.5370
       1807+698 000711 53855.00500 43000.0   0.0000    1.1340    0.6090
       1807+698 224633 53878.94900 43000.0   0.0000    1.0540    0.4330
       1807+698 230643 53878.96300 43000.0   0.0000    0.9920    0.4170
       1807+698 204702 53911.86600 43000.0   0.0000    1.2970    0.4400
       1807+698 210545 53911.87900 43000.0   0.0000    1.2510    0.4730
       1807+698 204702 53912.86600 43000.0   0.0000    1.2980    0.4260
       1807+698 210545 53912.87900 43000.0   0.0000    1.3640    0.4640
       1807+698 210545 53913.87900 43000.0   0.0000    1.2550    0.4360
       1807+698 195804 53930.83200 43000.0   0.0000    1.1880    0.4540
       1807+698 185150 53951.78600 43000.0   0.0000    1.2340    0.4180
       1807+698 175833 53952.74900 43000.0   0.0000    1.0330    0.4680
       1807+698 165931 53971.70800 43000.0   0.0000    0.7330    0.3910
       1807+698 165804 53972.70700 43000.0   0.0000    0.8830    0.3920
       1807+698 145833 53998.62400 43000.0   0.0000    1.0870    0.3640
       1807+698 145121 53999.61900 43000.0   0.0000    0.9110    0.3460
       1807+698 145833 54000.62400 43000.0   0.0000    1.1220    0.3540
       1807+698 125902 54025.54100 43000.0   0.0000    1.2110    0.5020
       1807+698 125150 54026.53600 43000.0   0.0000    1.3960    0.5600
       1807+698 204955 54276.86800 43000.0   0.0000    1.1790    0.1480
       1807+698 210711 54276.88000 43000.0   0.0000    1.1110    0.2680
       1807+698 204828 54277.86700 43000.0   0.0000    0.8400    0.1150
       1807+698 211004 54277.88200 43000.0   0.0000    0.9870    0.2280
       1807+698 175540 54320.74700 43000.0   0.0000    1.6200    0.1990
       1807+698 175540 54321.74700 43000.0   0.0000    1.5370    0.2010
       1807+698 175540 54322.74700 43000.0   0.0000    1.5730    0.2020
       1807+698 135638 54389.58100 43000.0   0.0000    1.5110    0.2000
       1807+698 135345 54390.57900 43000.0   0.0000    1.6150    0.1900
       1807+698 110935 54422.46500 43000.0   0.0000    1.3680    0.2220
       1807+698 110935 54424.46500 43000.0   0.0000    1.3460    0.1940
       1807+698 101033 54435.42400 43000.0   0.0000    0.9820    0.2370
       1807+698 111102 54437.46600 43000.0   0.0000    0.9190    0.1600
       1807+698 082233 54479.34900 43000.0   0.0000    1.3160    0.2110
       1807+698 052819 54506.22800 43000.0   0.0000    1.4220    0.1960
       1807+698 060838 54507.25600 43000.0   0.0000    1.9220    0.2960
       1807+698 050935 54523.21500 43000.0   0.0000    1.4970    0.1930
       1807+698 015219 54556.07800 43000.0   0.0000    1.5600    0.1790
       1807+698 021102 54557.09100 43000.0   0.0000    1.5500    0.1900
       1807+698 001131 54580.00800 43000.0   0.0000    1.4100    0.1600
       1807+698 001004 54581.00700 43000.0   0.0000    1.4390    0.1620
       1807+698 230935 54596.96500 43000.0   0.0000    1.0420    0.1760
       1807+698 221745 54610.92900 43000.0   0.0000    1.3210    0.1760
       1807+698 220614 54611.92100 43000.0   0.0000    1.3560    0.1510
       1807+698 200935 54641.84000 43000.0   0.0000    1.9640    0.2930
       1807+698 200643 54642.83800 43000.0   0.0000    1.7290    0.2580
       1807+698 200643 54643.83800 43000.0   0.0000    1.6530    0.2420
       1807+698 190740 54659.79700 43000.0   0.0000    1.7880    0.3040
       1807+698 190907 54660.79800 43000.0   0.0000    1.8600    0.3450
       1807+698 180711 54679.75500 43000.0   0.0000    1.9990    0.2200
       1807+698 180838 54680.75600 43000.0   0.0000    1.9190    0.2520
       1807+698 180711 54681.75500 43000.0   0.0000    1.8380    0.2210
       1807+698 180711 54682.75500 43000.0   0.0000    1.7170    0.2240
       1807+698 163502 54708.69100 43000.0   0.0000    1.7320    0.2280
       1807+698 163628 54709.69200 43000.0   0.0000    1.5030    0.2420
       1807+698 160740 54710.67200 43000.0   0.0000    1.3960    0.1840
       1807+698 163628 54710.69200 43000.0   0.0000    1.3890    0.1690
       1807+698 140350 54743.58600 43000.0   0.0000    2.5790    0.4660
       1807+698 135512 54744.58000 43000.0   0.0000    2.0970    0.3750
       1807+698 135345 54745.57900 43000.0   0.0000    1.7330    0.3870
       1807+698 111102 54779.46600 43000.0   0.0000    1.5410    0.2400
       1807+698 110935 54780.46500 43000.0   0.0000    1.1410    0.1870
       1807+698 110935 54781.46500 43000.0   0.0000    2.1280    0.3590
       1807+698 111102 54807.46600 43000.0   0.0000    1.0790    0.1780
       1807+698 111102 54808.46600 43000.0   0.0000    1.5040    0.2420
       1807+698 110643 54809.46300 43000.0   0.0000    1.7540    0.2660
       1807+698 061004 54877.25700 43000.0   0.0000    1.6010    0.3160
       1807+698 061004 54879.25700 43000.0   0.0000    1.5700    0.2990
       1807+698 021102 54930.09100 43000.0   0.0000    1.3190    0.1610
       1807+698 021102 54931.09100 43000.0   0.0000    1.2880    0.1540
       1807+698 231102 54958.96600 43000.0   0.0000    1.4520    0.1810
       1807+698 231102 54959.96600 43000.0   0.0000    1.3290    0.1790
       1807+698 231102 54960.96600 43000.0   0.0000    1.3770    0.1770
       1807+698 201102 55009.84100 43000.0   0.0000    1.7330    0.2450
       1807+698 201102 55010.84100 43000.0   0.0000    1.2930    0.1920
       1807+698 201102 55011.84100 43000.0   0.0000    1.3490    0.1840
       1807+698 090126 55151.37600 43000.0   0.0000    1.4630    0.2290
       1807+698 091004 55152.38200 43000.0   0.0000    1.4520    0.2610
       1807+698 110935 55167.46500 43000.0   0.0000    1.6560    0.3020
       1807+698 110935 55168.46500 43000.0   0.0000    1.2490    0.2220
       1807+698 080935 55211.34000 43000.0   0.0000    1.6260    0.2380
       1807+698 005024 53724.03500  5000.0   0.0000    1.8390    0.0970
       1807+698 094604 53724.40700  5000.0   0.0000    1.7630    0.0780
       1807+698 164047 53763.69500  5000.0   0.0000    1.8470    0.0960
       1807+698 002721 53764.01900  5000.0   0.0000    1.7280    0.0890
       1807+698 135931 53770.58300  5000.0   0.0000    1.7830    0.0770
       1807+698 141228 53770.59200  5000.0   0.0000    1.7670    0.0790
       1807+698 071912 53826.30500  5000.0   0.0000    1.6910    0.0870
       1807+698 060252 53852.25200  5000.0   0.0000    1.6830    0.1130
       1807+698 062136 53852.26500  5000.0   0.0000    1.5590    0.1060
       1807+698 215150 53974.91100  5000.0   0.0000    1.6110    0.0820
       1807+698 221033 53974.92400  5000.0   0.0000    1.6230    0.0920
       1807+698 195219 54011.82800  5000.0   0.0000    1.6920    0.1440
       1807+698 201102 54011.84100  5000.0   0.0000    1.6750    0.1010
       1807+698 202945 54011.85400  5000.0   0.0000    1.6940    0.1260
       1807+698 172400 54023.72500  5000.0   0.0000    1.6470    0.0610
       1807+698 174243 54023.73800  5000.0   0.0000    1.7320    0.0660
       1807+698 014926 54297.07600  5000.0   0.0000    1.8910    0.0770
       1807+698 020809 54297.08900  5000.0   0.0000    1.7790    0.0770
       1807+698 173531 54347.73300  5000.0   0.0000    1.7130    0.0570
       1807+698 174828 54347.74200  5000.0   0.0000    1.6740    0.0580
       1807+698 180126 54347.75100  5000.0   0.0000    1.7170    0.0690
       1807+698 181423 54347.76000  5000.0   0.0000    1.7190    0.0690
       1807+698 191452 54396.80200  5000.0   0.0000    1.7660    0.0740
       1807+698 192916 54396.81200  5000.0   0.0000    1.7460    0.0590
       1807+698 165804 54779.70700  5000.0   0.0000    1.9140    0.0670
       1807+698 171102 54779.71600  5000.0   0.0000    1.8310    0.0650
       1807+698 070740 54913.29700  5000.0   0.0000    1.8660    0.2260
       1807+698 072204 54913.30700  5000.0   0.0000    1.6260    0.2180
       1807+698 070740 54954.29700  5000.0   0.0000    1.7720    0.2840
       1807+698 020643 55003.08800  5000.0   0.0000    1.7860    0.0870
       1807+698 021940 55003.09700  5000.0   0.0000    1.8180    0.0930
       1807+698 004311 55034.03000  5000.0   0.0000    1.8890    0.2210
       1807+698 235121 55062.99400  5000.0   0.0000    1.9090    0.2800
       1807+698 192204 55099.80700  5000.0   0.0000    1.9190    0.0690
       1807+698 193502 55099.81600  5000.0   0.0000    1.8990    0.0710
       1807+698 190447 55121.79500  5000.0   0.0000    1.9190    0.0720
       1807+698 191912 55121.80500  5000.0   0.0000    1.8820    0.0700
       1807+698 094145 55210.40400  5000.0   0.0000    1.7760    0.0830
       1807+698 074633 53742.32400  8000.0   0.0000    1.5900    0.0360
       1807+698 075931 53743.33300  8000.0   0.0000    1.5640    0.0360
       1807+698 192331 53765.80800  8000.0   0.0000    1.5390    0.1180
       1807+698 065316 53779.28700  8000.0   0.0000    1.4860    0.0350
       1807+698 070155 53805.29300  8000.0   0.0000    1.6520    0.1050
       1807+698 071912 53805.30500  8000.0   0.0000    1.7900    0.1880
       1807+698 032302 53831.14100  8000.0   0.0000    1.7870    0.2210
       1807+698 034145 53831.15400  8000.0   0.0000    2.0420    0.2100
       1807+698 035150 53851.16100  8000.0   0.0000    1.6320    0.2200
       1807+698 041033 53851.17400  8000.0   0.0000    1.9630    0.1830
       1807+698 025414 53860.12100  8000.0   0.0000    1.5900    0.0810
       1807+698 023823 53861.11000  8000.0   0.0000    1.6790    0.1280
       1807+698 021228 53908.09200  8000.0   0.0000    1.4610    0.1030
       1807+698 001423 53956.01000  8000.0   0.0000    1.4820    0.0980
       1807+698 224047 53973.94500  8000.0   0.0000    1.5940    0.0650
       1807+698 201228 54010.84200  8000.0   0.0000    1.6090    0.0750
       1807+698 181716 54022.76200  8000.0   0.0000    1.6130    0.0800
       1807+698 180252 54037.75200  8000.0   0.0000    1.5420    0.0760
       1807+698 153433 54058.64900  8000.0   0.0000    1.5310    0.0860
       1807+698 152136 54080.64000  8000.0   0.0000    1.6480    0.0720
       1807+698 132916 54098.56200  8000.0   0.0000    1.6230    0.0730
       1807+698 120838 54121.50600  8000.0   0.0000    1.4740    0.0680
       1807+698 094857 54149.40900  8000.0   0.0000    1.5340    0.1120
       1807+698 072457 54199.30900  8000.0   0.0000    1.6120    0.0740
       1807+698 074633 54220.32400  8000.0   0.0000    1.6860    0.1170
       1807+698 074633 54220.32400  8000.0   0.0000    1.6860    0.1170
       1807+698 030419 54276.12800  8000.0   0.0000    1.7430    0.1380
       1807+698 013921 54289.06900  8000.0   0.0000    1.6590    0.0570
       1807+698 032009 54296.13900  8000.0   0.0000    1.6510    0.0800
       1807+698 213852 54373.90200  8000.0   0.0000    1.8020    0.0750
       1807+698 084409 54576.36400  8000.0   0.0000    1.7520    0.0920
       1807+698 072916 54605.31200  8000.0   0.0000    1.9610    0.1220
       1807+698 032721 54641.14400  8000.0   0.0000    1.7660    0.0580
       1807+698 051102 54653.21600  8000.0   0.0000    1.9690    0.1970
       1807+698 044507 54667.19800  8000.0   0.0000    1.9920    0.1190
       1807+698 034438 54688.15600  8000.0   0.0000    1.7540    0.1040
       1807+698 194633 54723.82400  8000.0   0.0000    1.7140    0.1280
       1807+698 150838 54777.63100  8000.0   0.0000    1.8330    0.0830
       1807+698 075804 54952.33200  8000.0   0.0000    1.6460    0.0880
       1807+698 012750 55035.06100  8000.0   0.0000    1.8800    0.0790
       1807+698 213852 55063.90200  8000.0   0.0000    1.9980    0.2120
       1807+698 223502 55076.94100  8000.0   0.0000    1.8670    0.0840
       1807+698 201102 55100.84100  8000.0   0.0000    1.8960    0.0530
       1807+698 194633 55122.82400  8000.0   0.0000    1.5370    0.1960
       1807+698 130447 55208.54500  8000.0   0.0000    1.7540    0.0930
       2200+420 095609 53373.41400 22000.0   0.0000    4.8550    0.2980
       2200+420 105219 53373.45300 22000.0   0.0000    4.3610    0.2660
       2200+420 135219 53373.57800 22000.0   0.0000    4.6740    0.2850
       2200+420 095443 53374.41300 22000.0   0.0000    4.5530    0.2830
       2200+420 135219 53376.57800 22000.0   0.0000    4.6530    0.2850
       2200+420 095609 53377.41400 22000.0   0.0000    4.6310    0.2830
       2200+420 105219 53377.45300 22000.0   0.0000    4.2750    0.2600
       2200+420 135219 53377.57800 22000.0   0.0000    4.8830    0.2970
       2200+420 095609 53378.41400 22000.0   0.0000    4.7400    0.2900
       2200+420 105219 53378.45300 22000.0   0.0000    4.5080    0.2790
       2200+420 135219 53379.57800 22000.0   0.0000    4.7450    0.2890
       2200+420 095609 53380.41400 22000.0   0.0000    3.9220    0.2410
       2200+420 105052 53380.45200 22000.0   0.0000    4.0730    0.2510
       2200+420 135638 53380.58100 22000.0   0.0000    4.6050    0.2790
       2200+420 071033 53414.29900 22000.0   0.0000    4.6400    0.1440
       2200+420 091004 53415.38200 22000.0   0.0000    4.7110    0.1730
       2200+420 044047 53442.19500 22000.0   0.0000    5.3030    0.1610
       2200+420 054116 53442.23700 22000.0   0.0000    5.3690    0.1610
       2200+420 064019 53442.27800 22000.0   0.0000    5.5110    0.1630
       2200+420 044047 53443.19500 22000.0   0.0000    5.5980    0.1650
       2200+420 054116 53443.23700 22000.0   0.0000    5.4900    0.1610
       2200+420 064019 53443.27800 22000.0   0.0000    5.4630    0.1580
       2200+420 053950 53444.23600 22000.0   0.0000    5.5170    0.1620
       2200+420 063726 53444.27600 22000.0   0.0000    5.4280    0.1600
       2200+420 034019 53466.15300 22000.0   0.0000    5.5980    0.4440
       2200+420 044047 53466.19500 22000.0   0.0000    5.3850    0.5220
       2200+420 054116 53466.23700 22000.0   0.0000    5.1250    0.4420
       2200+420 034019 53467.15300 22000.0   0.0000    5.7450    0.4130
       2200+420 044047 53467.19500 22000.0   0.0000    5.4500    0.4000
       2200+420 053950 53467.23600 22000.0   0.0000    5.7500    0.4150
       2200+420 005736 53511.04000 22000.0   0.0000    5.6640    0.6690
       2200+420 005736 53512.04000 22000.0   0.0000    5.5970    0.6840
       2200+420 023950 53512.11100 22000.0   0.0000    5.0740    0.5680
       2200+420 035443 53512.16300 22000.0   0.0000    4.9910    0.7540
       2200+420 094019 53545.40300 22000.0   0.0000    4.1440    0.7910
       2200+420 094731 53545.40800 22000.0   0.0000    4.3840    0.7230
       2200+420 204828 53606.86700 22000.0   0.0000    4.0130    0.3670
       2200+420 210000 53606.87500 22000.0   0.0000    4.6760    0.3670
       2200+420 170935 53629.71500 22000.0   0.0000    4.4880    0.5640
       2200+420 223755 53629.94300 22000.0   0.0000    4.8410    0.4300
       2200+420 012457 53637.05900 22000.0   0.0000    5.5610    0.4580
       2200+420 173111 53638.73000 22000.0   0.0000    5.4170    0.3740
       2200+420 171940 53698.72200 22000.0   0.0000    3.4630    0.3620
       2200+420 131745 53722.55400 22000.0   0.0000    4.9180    0.3830
       2200+420 122848 53743.52000 22000.0   0.0000    5.8480    0.5130
       2200+420 161745 53743.67900 22000.0   0.0000    5.6800    0.4120
       2200+420 092009 53751.38900 22000.0   0.0000    4.9430    0.2510
       2200+420 112107 53772.47300 22000.0   0.0000    3.6290    0.3740
       2200+420 113238 53772.48100 22000.0   0.0000    3.5660    0.3510
       2200+420 083111 53806.35500 22000.0   0.0000    3.7050    0.3570
       2200+420 084409 53806.36400 22000.0   0.0000    3.7820    0.4170
       2200+420 085540 53806.37200 22000.0   0.0000    3.5950    0.3160
       2200+420 095150 53849.41100 22000.0   0.0000    3.8020    0.3590
       2200+420 100447 53849.42000 22000.0   0.0000    3.5940    0.3320
       2200+420 083657 53861.35900 22000.0   0.0000    3.7040    0.3850
       2200+420 084955 53861.36800 22000.0   0.0000    3.5010    0.4070
       2200+420 043921 53927.19400 22000.0   0.0000    3.8320    0.7730
       2200+420 024116 53955.11200 22000.0   0.0000    3.2220    0.3830
       2200+420 025414 53955.12100 22000.0   0.0000    3.0270    0.3760
       2200+420 030711 53955.13000 22000.0   0.0000    2.9000    0.3570
       2200+420 013921 53973.06900 22000.0   0.0000    2.6850    0.4240
       2200+420 221745 54009.92900 22000.0   0.0000    2.6370    0.4120
       2200+420 223043 54009.93800 22000.0   0.0000    2.2490    0.3880
       2200+420 224340 54009.94700 22000.0   0.0000    2.5530    0.3650
       2200+420 215316 54021.91200 22000.0   0.0000    2.1890    0.2720
       2200+420 220740 54021.92200 22000.0   0.0000    2.1120    0.2940
       2200+420 222038 54021.93100 22000.0   0.0000    2.0990    0.2740
       2200+420 185443 54057.78800 22000.0   0.0000    2.1410    0.5810
       2200+420 192038 54057.80600 22000.0   0.0000    2.0760    0.4840
       2200+420 193335 54057.81500 22000.0   0.0000    1.9790    0.5040
       2200+420 204828 54080.86700 22000.0   0.0000    3.2330    0.3980
       2200+420 210126 54080.87600 22000.0   0.0000    3.5380    0.3890
       2200+420 211423 54080.88500 22000.0   0.0000    3.6210    0.4800
       2200+420 175540 54097.74700 22000.0   0.0000    3.7460    0.4540
       2200+420 181004 54097.75700 22000.0   0.0000    3.0370    0.3650
       2200+420 182302 54097.76600 22000.0   0.0000    3.4680    0.3820
       2200+420 183559 54097.77500 22000.0   0.0000    3.0410    0.4160
       2200+420 160155 54120.66800 22000.0   0.0000    2.6830    0.3390
       2200+420 161452 54120.67700 22000.0   0.0000    2.8630    0.4490
       2200+420 162750 54120.68600 22000.0   0.0000    2.9290    0.5740
       2200+420 143111 54148.60500 22000.0   0.0000    4.2610    0.3570
       2200+420 145833 54148.62400 22000.0   0.0000    3.7120    0.2590
       2200+420 085121 54198.36900 22000.0   0.0000    3.4180    0.2910
       2200+420 090419 54198.37800 22000.0   0.0000    2.9490    0.3160
       2200+420 091716 54198.38700 22000.0   0.0000    3.0620    0.3140
       2200+420 093140 54198.39700 22000.0   0.0000    3.4580    0.3060
       2200+420 094438 54198.40600 22000.0   0.0000    3.2270    0.3220
       2200+420 091257 54219.38400 22000.0   0.0000    2.8120    0.3040
       2200+420 091257 54219.38400 22000.0   0.0000    2.8120    0.3040
       2200+420 092555 54219.39300 22000.0   0.0000    3.1330    0.3110
       2200+420 092555 54219.39300 22000.0   0.0000    3.1330    0.3110
       2200+420 095316 54219.41200 22000.0   0.0000    2.6710    0.3070
       2200+420 095316 54219.41200 22000.0   0.0000    2.6710    0.3070
       2200+420 211131 54274.88300 22000.0   0.0000    4.0070    0.4440
       2200+420 212428 54274.89200 22000.0   0.0000    3.8370    0.4410
       2200+420 213726 54274.90100 22000.0   0.0000    4.3460    0.4680
       2200+420 215443 54274.91300 22000.0   0.0000    4.3920    0.4030
       2200+420 221326 54274.92600 22000.0   0.0000    3.8490    0.3700
       2200+420 041159 54288.17500 22000.0   0.0000    3.9320    0.4910
       2200+420 042457 54288.18400 22000.0   0.0000    3.6260    0.3840
       2200+420 060838 54294.25600 22000.0   0.0000    4.1670    0.4450
       2200+420 062136 54294.26500 22000.0   0.0000    4.2770    0.4780
       2200+420 063559 54294.27500 22000.0   0.0000    4.6600    0.4740
       2200+420 212428 54323.89200 22000.0   0.0000    4.9470    0.4490
       2200+420 215024 54323.91000 22000.0   0.0000    4.4800    0.5130
       2200+420 221745 54323.92900 22000.0   0.0000    4.0210    0.5920
       2200+420 213559 54345.90000 22000.0   0.0000    4.0070    0.3580
       2200+420 215024 54345.91000 22000.0   0.0000    3.8240    0.4380
       2200+420 220321 54345.91900 22000.0   0.0000    3.9020    0.5570
       2200+420 221619 54345.92800 22000.0   0.0000    3.8060    0.5500
       2200+420 222916 54345.93700 22000.0   0.0000    4.3170    0.4540
       2200+420 000838 54372.00600 22000.0   0.0000    4.0880    0.3870
       2200+420 002136 54372.01500 22000.0   0.0000    4.9650    0.4070
       2200+420 003433 54372.02400 22000.0   0.0000    3.9800    0.5380
       2200+420 225219 54385.95300 22000.0   0.0000    4.3400    0.3660
       2200+420 230516 54385.96200 22000.0   0.0000    4.6520    0.5440
       2200+420 231814 54385.97100 22000.0   0.0000    5.3860    0.5000
       2200+420 165931 54455.70800 22000.0   0.0000    4.3160    0.3010
       2200+420 171228 54455.71700 22000.0   0.0000    4.3320    0.2950
       2200+420 172526 54455.72600 22000.0   0.0000    4.5750    0.3160
       2200+420 173950 54455.73600 22000.0   0.0000    4.1970    0.3150
       2200+420 172526 54460.72600 22000.0   0.0000    3.7730    0.2620
       2200+420 173823 54460.73500 22000.0   0.0000    3.7110    0.2210
       2200+420 121004 54478.50700 22000.0   0.0000    4.8560    0.3780
       2200+420 092555 54511.39300 22000.0   0.0000    2.3670    0.2410
       2200+420 094019 54511.40300 22000.0   0.0000    3.4650    0.3610
       2200+420 095316 54511.41200 22000.0   0.0000    3.0750    0.3900
       2200+420 111102 54561.46600 22000.0   0.0000    2.0140    0.1810
       2200+420 112526 54561.47600 22000.0   0.0000    2.5240    0.1690
       2200+420 113823 54561.48500 22000.0   0.0000    3.7220    0.2570
       2200+420 044800 54577.20000 22000.0   0.0000    3.4300    0.7320
       2200+420 070028 54640.29200 22000.0   0.0000    2.2580    0.2970
       2200+420 071326 54640.30100 22000.0   0.0000    1.9140    0.2790
       2200+420 031257 54666.13400 22000.0   0.0000    2.6620    0.3020
       2200+420 015345 54687.07900 22000.0   0.0000    3.3420    0.4460
       2200+420 223502 54721.94100 22000.0   0.0000    3.0600    0.7750
       2200+420 201814 54778.84600 22000.0   0.0000    1.8810    0.3360
       2200+420 203111 54778.85500 22000.0   0.0000    2.5260    0.3540
       2200+420 180252 54815.75200 22000.0   0.0000    2.2210    0.3690
       2200+420 122721 54911.51900 22000.0   0.0000    2.5050    0.5650
       2200+420 124019 54911.52800 22000.0   0.0000    2.7830    0.7240
       2200+420 113823 54952.48500 22000.0   0.0000    4.0370    0.9290
       2200+420 022400 55032.10000 22000.0   0.0000    4.2670    0.4500
       2200+420 023657 55032.10900 22000.0   0.0000    4.3710    0.4410
       2200+420 000419 55062.00300 22000.0   0.0000    3.8400    0.4550
       2200+420 001843 55062.01300 22000.0   0.0000    3.6060    0.4430
       2200+420 225052 55098.95200 22000.0   0.0000    4.4620    0.4330
       2200+420 230350 55098.96100 22000.0   0.0000    4.6670    0.3200
       2200+420 212848 55120.89500 22000.0   0.0000    4.3290    0.5850
       2200+420 162624 55208.68500 22000.0   0.0000    4.4000    0.2780
       2200+420 163921 55208.69400 22000.0   0.0000    4.2120    0.2550
       2200+420 023238 53469.10600 43000.0   0.0000    5.3470    0.4090
       2200+420 033307 53469.14800 43000.0   0.0000    5.1540    0.3710
       2200+420 073209 53469.31400 43000.0   0.0000    5.6530    0.6760
       2200+420 023238 53470.10600 43000.0   0.0000    5.0970    0.4060
       2200+420 033307 53470.14800 43000.0   0.0000    5.5820    0.4170
       2200+420 043209 53470.18900 43000.0   0.0000    5.3150    0.3860
       2200+420 053238 53470.23100 43000.0   0.0000    5.5260    0.4160
       2200+420 063307 53470.27300 43000.0   0.0000    5.2480    0.4950
       2200+420 025121 53826.11900 43000.0   0.0000    4.6480    1.6960
       2200+420 042204 53827.18200 43000.0   0.0000    4.5020    1.4700
       2200+420 005150 53855.03600 43000.0   0.0000    3.0470    1.0460
       2200+420 022107 53855.09800 43000.0   0.0000    3.5370    0.9210
       2200+420 022107 53856.09800 43000.0   0.0000    3.2090    1.0490
       2200+420 235121 53878.99400 43000.0   0.0000    3.7990    0.8660
       2200+420 012204 53879.05700 43000.0   0.0000    3.3050    0.6950
       2200+420 020643 53879.08800 43000.0   0.0000    3.4520    0.7270
       2200+420 215150 53911.91100 43000.0   0.0000    2.9530    0.6980
       2200+420 215150 53912.91100 43000.0   0.0000    3.2410    0.7530
       2200+420 215150 53913.91100 43000.0   0.0000    3.1900    0.7260
       2200+420 230516 53930.96200 43000.0   0.0000    3.3330    0.7390
       2200+420 185150 53950.78600 43000.0   0.0000    2.9790    0.7990
       2200+420 202107 53950.84800 43000.0   0.0000    3.0600    0.7150
       2200+420 210545 53950.87900 43000.0   0.0000    3.1700    0.7430
       2200+420 193921 53951.81900 43000.0   0.0000    2.8570    0.7180
       2200+420 210126 53951.87600 43000.0   0.0000    3.2980    0.7810
       2200+420 214145 53951.90400 43000.0   0.0000    3.0940    0.7550
       2200+420 175121 53971.74400 43000.0   0.0000    2.5890    0.8460
       2200+420 192204 53971.80700 43000.0   0.0000    3.1780    0.8130
       2200+420 200643 53971.83800 43000.0   0.0000    2.9560    0.7340
       2200+420 192204 53972.80700 43000.0   0.0000    2.7480    0.7420
       2200+420 200643 53972.83800 43000.0   0.0000    2.9890    0.7330
       2200+420 180545 53998.75400 43000.0   0.0000    2.2990    0.5370
       2200+420 155150 53999.66100 43000.0   0.0000    2.4160    0.6340
       2200+420 172107 53999.72300 43000.0   0.0000    2.3770    0.5560
       2200+420 180711 53999.75500 43000.0   0.0000    2.5580    0.5550
       2200+420 172107 54000.72300 43000.0   0.0000    2.2640    0.5410
       2200+420 180545 54000.75400 43000.0   0.0000    2.5540    0.5590
       2200+420 135052 54025.57700 43000.0   0.0000    1.5760    0.8750
       2200+420 152136 54025.64000 43000.0   0.0000    1.9050    0.7060
       2200+420 152136 54026.64000 43000.0   0.0000    1.5340    0.6420
       2200+420 160614 54026.67100 43000.0   0.0000    1.8990    0.6370
       2200+420 215150 54276.91100 43000.0   0.0000    5.1000    0.6390
       2200+420 232107 54276.97300 43000.0   0.0000    4.5540    0.4970
       2200+420 000711 54277.00500 43000.0   0.0000    4.4960    0.6230
       2200+420 215150 54277.91100 43000.0   0.0000    4.7230    0.5910
       2200+420 232107 54277.97300 43000.0   0.0000    4.6500    0.5980
       2200+420 185150 54320.78600 43000.0   0.0000    4.4530    0.5230
       2200+420 200643 54320.83800 43000.0   0.0000    4.2130    0.4810
       2200+420 205121 54320.86900 43000.0   0.0000    4.2310    0.5120
       2200+420 185150 54321.78600 43000.0   0.0000    4.7730    0.5050
       2200+420 200643 54321.83800 43000.0   0.0000    4.6770    0.5530
       2200+420 205121 54321.86900 43000.0   0.0000    4.5020    0.5400
       2200+420 185150 54322.78600 43000.0   0.0000    4.8600    0.5670
       2200+420 200643 54322.83800 43000.0   0.0000    4.4310    0.5100
       2200+420 205121 54322.86900 43000.0   0.0000    4.1400    0.4900
       2200+420 170809 54366.71400 43000.0   0.0000    4.5690    0.5100
       2200+420 175121 54366.74400 43000.0   0.0000    4.1960    0.5260
       2200+420 145248 54389.62000 43000.0   0.0000    5.1110    0.5570
       2200+420 160614 54389.67100 43000.0   0.0000    5.5390    0.6020
       2200+420 164633 54389.69900 43000.0   0.0000    5.2320    0.6350
       2200+420 145121 54390.61900 43000.0   0.0000    5.7330    0.5750
       2200+420 161033 54390.67400 43000.0   0.0000    4.7940    1.0220
       2200+420 120545 54422.50400 43000.0   0.0000    4.3310    0.5900
       2200+420 132204 54422.55700 43000.0   0.0000    5.0250    0.6430
       2200+420 140643 54422.58800 43000.0   0.0000    4.6560    0.5800
       2200+420 120711 54424.50500 43000.0   0.0000    4.3220    0.5620
       2200+420 132204 54424.55700 43000.0   0.0000    4.9420    0.6350
       2200+420 140643 54424.58800 43000.0   0.0000    5.1270    0.6420
       2200+420 122136 54435.51500 43000.0   0.0000    3.7260    0.7730
       2200+420 130614 54435.54600 43000.0   0.0000    3.7350    0.6640
       2200+420 120711 54437.50500 43000.0   0.0000    3.8670    0.8010
       2200+420 132204 54437.55700 43000.0   0.0000    3.7710    0.6270
       2200+420 140643 54437.58800 43000.0   0.0000    4.4820    0.7050
       2200+420 170643 54474.71300 43000.0   0.0000    4.3130    0.6410
       2200+420 173657 54474.73400 43000.0   0.0000    4.3200    0.5910
       2200+420 153726 54477.65100 43000.0   0.0000    4.2150    0.6660
       2200+420 090711 54479.38000 43000.0   0.0000    3.6440    0.5280
       2200+420 102204 54479.43200 43000.0   0.0000    3.0890    0.4550
       2200+420 110643 54479.46300 43000.0   0.0000    3.5290    0.5520
       2200+420 102204 54480.43200 43000.0   0.0000    3.2130    0.4700
       2200+420 110516 54480.46200 43000.0   0.0000    2.9650    0.4650
       2200+420 070740 54505.29700 43000.0   0.0000    2.1400    0.3130
       2200+420 082233 54505.34900 43000.0   0.0000    2.4200    0.3440
       2200+420 062302 54506.26600 43000.0   0.0000    2.1550    0.2680
       2200+420 073209 54506.31400 43000.0   0.0000    2.3050    0.2940
       2200+420 082233 54506.34900 43000.0   0.0000    2.2290    0.3020
       2200+420 070614 54507.29600 43000.0   0.0000    2.3850    0.3070
       2200+420 082233 54507.34900 43000.0   0.0000    2.3750    0.3150
       2200+420 090545 54507.37900 43000.0   0.0000    2.1640    0.3120
       2200+420 060545 54523.25400 43000.0   0.0000    2.3240    0.2760
       2200+420 072204 54523.30700 43000.0   0.0000    2.4400    0.2790
       2200+420 080643 54523.33800 43000.0   0.0000    2.2350    0.2780
       2200+420 035609 54556.16400 43000.0   0.0000    1.7610    0.2160
       2200+420 050516 54556.21200 43000.0   0.0000    1.8390    0.2260
       2200+420 054702 54556.24100 43000.0   0.0000    1.8270    0.2800
       2200+420 030711 54557.13000 43000.0   0.0000    1.7090    0.2010
       2200+420 042204 54557.18200 43000.0   0.0000    1.6330    0.2260
       2200+420 050643 54557.21300 43000.0   0.0000    1.8760    0.2420
       2200+420 010614 54580.04600 43000.0   0.0000    1.9620    0.2060
       2200+420 022107 54580.09800 43000.0   0.0000    2.0770    0.2250
       2200+420 030711 54580.13000 43000.0   0.0000    2.2250    0.2460
       2200+420 010614 54581.04600 43000.0   0.0000    2.1720    0.2510
       2200+420 022107 54581.09800 43000.0   0.0000    2.2080    0.2520
       2200+420 030711 54581.13000 43000.0   0.0000    2.2770    0.2440
       2200+420 000711 54597.00500 43000.0   0.0000    3.1020    0.3870
       2200+420 012204 54597.05700 43000.0   0.0000    2.7400    0.3470
       2200+420 020643 54597.08800 43000.0   0.0000    2.5260    0.2980
       2200+420 020643 54598.08800 43000.0   0.0000    2.7550    0.5150
       2200+420 000126 54599.00100 43000.0   0.0000    3.0680    0.4160
       2200+420 010614 54611.04600 43000.0   0.0000    2.7980    0.2970
       2200+420 230643 54611.96300 43000.0   0.0000    3.1720    0.3120
       2200+420 010614 54612.04600 43000.0   0.0000    2.8620    0.3220
       2200+420 230643 54612.96300 43000.0   0.0000    2.7800    0.2850
       2200+420 002302 54613.01600 43000.0   0.0000    2.9240    0.3040
       2200+420 010614 54613.04600 43000.0   0.0000    2.8270    0.3210
       2200+420 230643 54641.96300 43000.0   0.0000    2.9300    0.4350
       2200+420 230643 54642.96300 43000.0   0.0000    2.8370    0.3900
       2200+420 230643 54643.96300 43000.0   0.0000    2.7850    0.3880
       2200+420 220614 54658.92100 43000.0   0.0000    3.0080    0.5140
       2200+420 210711 54679.88000 43000.0   0.0000    3.0830    0.3600
       2200+420 210711 54680.88000 43000.0   0.0000    2.9990    0.3580
       2200+420 210711 54681.88000 43000.0   0.0000    2.9660    0.3680
       2200+420 210838 54682.88100 43000.0   0.0000    3.1240    0.3870
       2200+420 195219 54708.82800 43000.0   0.0000    2.7380    0.3390
       2200+420 181716 54709.76200 43000.0   0.0000    2.8720    0.3150
       2200+420 191452 54709.80200 43000.0   0.0000    2.7300    0.3540
       2200+420 181131 54710.75800 43000.0   0.0000    2.4840    0.2900
       2200+420 190907 54710.79800 43000.0   0.0000    2.7160    0.3340
       2200+420 195052 54710.82700 43000.0   0.0000    2.5620    0.3200
       2200+420 145248 54743.62000 43000.0   0.0000    2.9950    0.4290
       2200+420 160614 54743.67100 43000.0   0.0000    3.2890    0.5780
       2200+420 165052 54743.70200 43000.0   0.0000    3.4260    0.6020
       2200+420 145121 54744.61900 43000.0   0.0000    2.7920    0.4410
       2200+420 160614 54744.67100 43000.0   0.0000    2.7360    0.4880
       2200+420 165052 54744.70200 43000.0   0.0000    3.4520    0.5850
       2200+420 145248 54745.62000 43000.0   0.0000    2.6860    0.4480
       2200+420 160614 54745.67100 43000.0   0.0000    2.4270    0.3990
       2200+420 165052 54745.70200 43000.0   0.0000    2.7660    0.4860
       2200+420 120545 54779.50400 43000.0   0.0000    3.2750    0.4780
       2200+420 132331 54779.55800 43000.0   0.0000    3.2190    0.5130
       2200+420 140643 54779.58800 43000.0   0.0000    2.8040    0.4600
       2200+420 120711 54780.50500 43000.0   0.0000    2.8730    0.4890
       2200+420 132204 54780.55700 43000.0   0.0000    3.1110    0.4700
       2200+420 140643 54780.58800 43000.0   0.0000    3.1590    0.5020
       2200+420 132204 54781.55700 43000.0   0.0000    3.3800    0.4990
       2200+420 140809 54781.58900 43000.0   0.0000    3.0270    0.5030
       2200+420 120711 54807.50500 43000.0   0.0000    2.6840    0.3870
       2200+420 140643 54807.58800 43000.0   0.0000    2.3980    0.3760
       2200+420 120711 54808.50500 43000.0   0.0000    2.5880    0.3810
       2200+420 132038 54808.55600 43000.0   0.0000    2.5880    0.4040
       2200+420 140643 54808.58800 43000.0   0.0000    3.0100    0.4680
       2200+420 132204 54809.55700 43000.0   0.0000    2.5670    0.4300
       2200+420 140643 54809.58800 43000.0   0.0000    2.8130    0.4180
       2200+420 090545 54841.37900 43000.0   0.0000    4.0290    0.6940
       2200+420 102038 54841.43100 43000.0   0.0000    3.3960    0.6410
       2200+420 090545 54842.37900 43000.0   0.0000    2.6100    0.6200
       2200+420 102204 54842.43200 43000.0   0.0000    3.0420    0.5650
       2200+420 082107 54877.34800 43000.0   0.0000    2.8090    0.5000
       2200+420 090711 54877.38000 43000.0   0.0000    3.4930    0.5550
       2200+420 082107 54879.34800 43000.0   0.0000    2.8870    0.5420
       2200+420 090711 54879.38000 43000.0   0.0000    3.6080    0.6540
       2200+420 042204 54930.18200 43000.0   0.0000    3.0310    0.3410
       2200+420 050643 54930.21300 43000.0   0.0000    3.2450    0.3740
       2200+420 042204 54931.18200 43000.0   0.0000    3.0290    0.3650
       2200+420 012038 54959.05600 43000.0   0.0000    4.3940    0.5040
       2200+420 020643 54959.08800 43000.0   0.0000    4.5720    0.5450
       2200+420 020643 54960.08800 43000.0   0.0000    4.2220    0.5090
       2200+420 012204 54961.05700 43000.0   0.0000    4.2070    0.5140
       2200+420 020643 54961.08800 43000.0   0.0000    4.4140    0.5420
       2200+420 222204 55008.93200 43000.0   0.0000    4.6980    0.5760
       2200+420 230643 55008.96300 43000.0   0.0000    4.8910    0.5980
       2200+420 222204 55009.93200 43000.0   0.0000    4.4700    0.5650
       2200+420 230643 55009.96300 43000.0   0.0000    4.6110    0.5710
       2200+420 222204 55010.93200 43000.0   0.0000    4.6100    0.5290
       2200+420 230643 55010.96300 43000.0   0.0000    4.7090    0.5600
       2200+420 120545 55167.50400 43000.0   0.0000    4.0910    0.6130
       2200+420 132038 55167.55600 43000.0   0.0000    3.7750    0.5810
       2200+420 140643 55167.58800 43000.0   0.0000    4.1170    0.6800
       2200+420 120711 55168.50500 43000.0   0.0000    4.0210    0.5880
       2200+420 132204 55168.55700 43000.0   0.0000    4.0880    0.6190
       2200+420 140809 55168.58900 43000.0   0.0000    4.5450    0.7620
       2200+420 110643 55209.46300 43000.0   0.0000    4.5060    0.5740
       2200+420 090545 55211.37900 43000.0   0.0000    3.8350    0.4350
       2200+420 102038 55211.43100 43000.0   0.0000    4.5900    0.5570
       2200+420 122848 53354.52000  5000.0   0.0000    2.5610    0.0350
       2200+420 132916 53354.56200  5000.0   0.0000    2.5590    0.0460
       2200+420 122848 53356.52000  5000.0   0.0000    2.4620    0.1220
       2200+420 133755 53356.56800  5000.0   0.0000    2.4490    0.0510
       2200+420 134800 53356.57500  5000.0   0.0000    2.4460    0.0710
       2200+420 122848 53357.52000  5000.0   0.0000    2.4170    0.0320
       2200+420 133755 53357.56800  5000.0   0.0000    2.3630    0.0360
       2200+420 134800 53357.57500  5000.0   0.0000    2.3480    0.0440
       2200+420 122848 53358.52000  5000.0   0.0000    2.4000    0.0350
       2200+420 133755 53358.56800  5000.0   0.0000    2.3630    0.0460
       2200+420 134800 53358.57500  5000.0   0.0000    2.3570    0.0330
       2200+420 122848 53359.52000  5000.0   0.0000    2.4800    0.0330
       2200+420 133755 53359.56800  5000.0   0.0000    2.4070    0.0300
       2200+420 134800 53359.57500  5000.0   0.0000    2.4010    0.0310
       2200+420 102750 53382.43600  5000.0   0.0000    2.7780    0.0430
       2200+420 093433 53384.39900  5000.0   0.0000    2.8500    0.0420
       2200+420 093433 53385.39900  5000.0   0.0000    2.8700    0.0420
       2200+420 102457 53386.43400  5000.0   0.0000    2.7470    0.0400
       2200+420 102457 53387.43400  5000.0   0.0000    2.7380    0.0420
       2200+420 061131 53445.25800  5000.0   0.0000    3.6110    0.0610
       2200+420 061257 53446.25900  5000.0   0.0000    3.5780    0.0600
       2200+420 060545 53448.25400  5000.0   0.0000    3.5890    0.0600
       2200+420 060545 53449.25400  5000.0   0.0000    3.5080    0.0600
       2200+420 054243 53450.23800  5000.0   0.0000    3.4490    0.0600
       2200+420 061131 53451.25800  5000.0   0.0000    3.4710    0.0600
       2200+420 040155 53457.16800  5000.0   0.0000    3.9610    0.1110
       2200+420 041326 53457.17600  5000.0   0.0000    3.9290    0.1130
       2200+420 111355 53457.46800  5000.0   0.0000    3.8610    0.1030
       2200+420 112526 53457.47600  5000.0   0.0000    3.9140    0.1120
       2200+420 040321 53478.16900  5000.0   0.0000    3.4000    0.0980
       2200+420 111940 53478.47200  5000.0   0.0000    3.3590    0.1000
       2200+420 015052 53483.07700  5000.0   0.0000    3.2220    0.0570
       2200+420 040740 53484.17200  5000.0   0.0000    3.2730    0.0560
       2200+420 015052 53485.07700  5000.0   0.0000    3.3230    0.0590
       2200+420 040740 53486.17200  5000.0   0.0000    3.3680    0.0600
       2200+420 015512 53487.08000  5000.0   0.0000    3.2120    0.0570
       2200+420 095736 53503.41500  5000.0   0.0000    3.8530    0.1070
       2200+420 013921 53511.06900  5000.0   0.0000    3.9780    0.1200
       2200+420 073921 53511.31900  5000.0   0.0000    4.0190    0.1150
       2200+420 235414 53543.99600  5000.0   0.0000    4.4520    0.1140
       2200+420 071912 53544.30500  5000.0   0.0000    4.2840    0.1120
       2200+420 001004 53577.00700  5000.0   0.0000    4.4040    0.1280
       2200+420 074507 53577.32300  5000.0   0.0000    4.3050    0.1370
       2200+420 191326 53577.80100  5000.0   0.0000    4.2950    0.1330
       2200+420 014507 53578.07300  5000.0   0.0000    4.3680    0.1320
       2200+420 191452 53587.80200  5000.0   0.0000    4.4260    0.1400
       2200+420 222916 53587.93700  5000.0   0.0000    4.4330    0.1350
       2200+420 171940 53605.72200  5000.0   0.0000    4.0200    0.1170
       2200+420 003307 53606.02300  5000.0   0.0000    4.0980    0.1090
       2200+420 194800 53629.82500  5000.0   0.0000    4.4440    0.1150
       2200+420 035736 53630.16500  5000.0   0.0000    4.6080    0.1360
       2200+420 221452 53638.92700  5000.0   0.0000    4.4010    0.1050
       2200+420 030000 53639.12500  5000.0   0.0000    4.3910    0.1050
       2200+420 180838 53639.75600  5000.0   0.0000    4.3900    0.1100
       2200+420 211004 53639.88200  5000.0   0.0000    4.3970    0.1120
       2200+420 004857 53640.03400  5000.0   0.0000    4.2970    0.1110
       2200+420 072331 53766.30800  5000.0   0.0000    3.6170    0.1210
       2200+420 110516 53770.46200  5000.0   0.0000    3.6730    0.1100
       2200+420 093559 53826.40000  5000.0   0.0000    3.4930    0.1150
       2200+420 022652 53975.10200  5000.0   0.0000    2.9940    0.1160
       2200+420 023950 53975.11100  5000.0   0.0000    2.8240    0.0920
       2200+420 000126 54012.00100  5000.0   0.0000    2.7980    0.0890
       2200+420 001423 54012.01000  5000.0   0.0000    2.6630    0.0800
       2200+420 180252 54023.75200  5000.0   0.0000    2.3630    0.0700
       2200+420 181550 54023.76100  5000.0   0.0000    2.3530    0.0680
       2200+420 042331 54200.18300  5000.0   0.0000    2.8810    0.0850
       2200+420 043628 54200.19200  5000.0   0.0000    2.8080    0.0750
       2200+420 045345 54276.20400  5000.0   0.0000    3.0580    0.1110
       2200+420 041912 54290.18000  5000.0   0.0000    3.3220    0.0640
       2200+420 043209 54290.18900  5000.0   0.0000    3.3480    0.0690
       2200+420 040028 54297.16700  5000.0   0.0000    3.8230    0.1080
       2200+420 041326 54297.17600  5000.0   0.0000    3.8020    0.1100
       2200+420 212848 54348.89500  5000.0   0.0000    3.6830    0.1080
       2200+420 225804 54373.95700  5000.0   0.0000    3.3500    0.0890
       2200+420 231102 54373.96600  5000.0   0.0000    3.3370    0.0870
       2200+420 213307 54396.89800  5000.0   0.0000    3.7870    0.0970
       2200+420 214604 54396.90700  5000.0   0.0000    3.8060    0.0930
       2200+420 093433 54563.39900  5000.0   0.0000    2.4040    0.1990
       2200+420 094731 54563.40800  5000.0   0.0000    2.5520    0.2260
       2200+420 211423 54723.88500  5000.0   0.0000    2.2720    0.1470
       2200+420 212721 54723.89400  5000.0   0.0000    2.5640    0.1110
       2200+420 125902 54912.54100  5000.0   0.0000    2.8900    0.2510
       2200+420 131159 54912.55000  5000.0   0.0000    2.9310    0.2720
       2200+420 121843 54953.51300  5000.0   0.0000    3.0830    0.3830
       2200+420 123307 54953.52300  5000.0   0.0000    3.2890    0.3500
       2200+420 062721 55003.26900  5000.0   0.0000    3.4530    0.1830
       2200+420 045052 55034.20200  5000.0   0.0000    3.8850    0.2410
       2200+420 050516 55034.21200  5000.0   0.0000    3.8240    0.2300
       2200+420 034604 55063.15700  5000.0   0.0000    3.9240    0.1900
       2200+420 040028 55063.16700  5000.0   0.0000    4.0640    0.2850
       2200+420 232107 55099.97300  5000.0   0.0000    4.2800    0.1030
       2200+420 233404 55099.98200  5000.0   0.0000    4.2730    0.1040
       2200+420 230350 55121.96100  5000.0   0.0000    4.2010    0.1180
       2200+420 231814 55121.97100  5000.0   0.0000    4.0410    0.1140
       2200+420 154019 55209.65300  5000.0   0.0000    4.0000    0.1090
       2200+420 155443 55209.66300  5000.0   0.0000    3.9720    0.1090
       2200+420 180126 53349.75100  8000.0   0.0000    3.1570    0.0900
       2200+420 203531 53349.85800  8000.0   0.0000    3.2280    0.1000
       2200+420 100447 53350.42000  8000.0   0.0000    3.1980    0.1140
       2200+420 124145 53350.52900  8000.0   0.0000    3.2400    0.1040
       2200+420 144536 53350.61500  8000.0   0.0000    3.1810    0.1040
       2200+420 172945 53350.72900  8000.0   0.0000    3.1670    0.0880
       2200+420 195638 53350.83100  8000.0   0.0000    3.1880    0.0930
       2200+420 215150 53350.91100  8000.0   0.0000    3.0830    0.1200
       2200+420 091423 53351.38500  8000.0   0.0000    3.3600    0.1050
       2200+420 115414 53351.49600  8000.0   0.0000    3.1930    0.1000
       2200+420 142819 53351.60300  8000.0   0.0000    3.0360    0.1060
       2200+420 171102 53351.71600  8000.0   0.0000    3.2470    0.0950
       2200+420 193755 53351.81800  8000.0   0.0000    3.2600    0.0990
       2200+420 214604 53351.90700  8000.0   0.0000    3.1640    0.1050
       2200+420 084828 53352.36700  8000.0   0.0000    3.2290    0.1090
       2200+420 114955 53352.49300  8000.0   0.0000    3.0750    0.0930
       2200+420 125443 53382.53800  8000.0   0.0000    4.0660    0.1290
       2200+420 090000 53383.37500  8000.0   0.0000    3.8430    0.1220
       2200+420 095443 53383.41300  8000.0   0.0000    3.8560    0.1230
       2200+420 144828 53383.61700  8000.0   0.0000    3.9180    0.1250
       2200+420 184604 53387.78200  8000.0   0.0000    3.3220    0.1260
       2200+420 062009 53413.26400  8000.0   0.0000    3.8420    0.0940
       2200+420 142945 53417.60400  8000.0   0.0000    3.4740    0.1560
       2200+420 073502 53457.31600  8000.0   0.0000    4.8520    0.1680
       2200+420 074633 53457.32400  8000.0   0.0000    4.7710    0.1580
       2200+420 143823 53457.61000  8000.0   0.0000    4.8120    0.1650
       2200+420 144955 53457.61800  8000.0   0.0000    4.6700    0.1600
       2200+420 044214 53464.19600  8000.0   0.0000    4.9530    0.0750
       2200+420 054243 53464.23800  8000.0   0.0000    4.9870    0.0780
       2200+420 043335 53465.19000  8000.0   0.0000    4.8910    0.0840
       2200+420 054536 53465.24000  8000.0   0.0000    4.8410    0.0780
       2200+420 114116 53511.48700  8000.0   0.0000    5.0190    0.1500
       2200+420 231521 53544.96900  8000.0   0.0000    5.3190    0.3420
       2200+420 061716 53545.26200  8000.0   0.0000    4.9950    0.2010
       2200+420 202400 53576.85000  8000.0   0.0000    5.2680    0.1430
       2200+420 030126 53577.12600  8000.0   0.0000    4.9090    0.1500
       2200+420 230350 53577.96100  8000.0   0.0000    4.9750    0.1600
       2200+420 040321 53578.16900  8000.0   0.0000    4.9770    0.1620
       2200+420 205707 53587.87300  8000.0   0.0000    5.3240    0.1360
       2200+420 211843 53605.88800  8000.0   0.0000    4.3620    0.1580
       2200+420 044340 53606.19700  8000.0   0.0000    4.6040    0.1730
       2200+420 204409 53629.86400  8000.0   0.0000    4.5710    0.1540
       2200+420 013335 53630.06500  8000.0   0.0000    4.5910    0.1650
       2200+420 042204 53630.18200  8000.0   0.0000    4.6810    0.1640
       2200+420 164633 53637.69900  8000.0   0.0000    4.7710    0.1270
       2200+420 002136 53638.01500  8000.0   0.0000    4.6850    0.1310
       2200+420 134800 53698.57500  8000.0   0.0000    4.0380    0.1480
       2200+420 204955 53698.86800  8000.0   0.0000    4.1490    0.1470
       2200+420 190447 53720.79500  8000.0   0.0000    4.8450    0.1340
       2200+420 144828 53721.61700  8000.0   0.0000    4.6590    0.1430
       2200+420 163628 53722.69200  8000.0   0.0000    4.8760    0.1330
       2200+420 110643 53740.46300  8000.0   0.0000    5.1810    0.1150
       2200+420 101912 53741.43000  8000.0   0.0000    5.2460    0.1200
       2200+420 110516 53741.46200  8000.0   0.0000    5.1990    0.1160
       2200+420 082652 53742.35200  8000.0   0.0000    5.4360    0.1220
       2200+420 093852 53742.40200  8000.0   0.0000    5.3570    0.1200
       2200+420 101452 53742.42700  8000.0   0.0000    5.3300    0.1190
       2200+420 192750 53742.81100  8000.0   0.0000    5.1300    0.1520
       2200+420 074800 53743.32500  8000.0   0.0000    5.3900    0.1640
       2200+420 200643 53743.83800  8000.0   0.0000    5.2200    0.1680
       2200+420 081102 53744.34100  8000.0   0.0000    5.3350    0.1400
       2200+420 180126 53765.75100  8000.0   0.0000    4.4430    0.2400
       2200+420 112945 53766.47900  8000.0   0.0000    3.9810    0.1850
       2200+420 110643 53771.46300  8000.0   0.0000    3.1410    0.1430
       2200+420 111814 53771.47100  8000.0   0.0000    3.3170    0.1370
       2200+420 085414 53805.37100  8000.0   0.0000    3.4390    0.1280
       2200+420 090711 53805.38000  8000.0   0.0000    3.8720    0.1240
       2200+420 054702 53851.24100  8000.0   0.0000    3.9880    0.2060
       2200+420 060000 53851.25000  8000.0   0.0000    3.2450    0.2620
       2200+420 061257 53851.25900  8000.0   0.0000    3.6280    0.2230
       2200+420 043755 53860.19300  8000.0   0.0000    3.3530    0.1290
       2200+420 043921 53861.19400  8000.0   0.0000    3.3170    0.1080
       2200+420 050643 53908.21300  8000.0   0.0000    3.2530    0.1190
       2200+420 031131 53956.13300  8000.0   0.0000    3.1070    0.1370
       2200+420 013502 53974.06600  8000.0   0.0000    2.8840    0.0850
       2200+420 230057 54010.95900  8000.0   0.0000    2.4240    0.1020
       2200+420 204702 54022.86600  8000.0   0.0000    2.5200    0.1050
       2200+420 203238 54037.85600  8000.0   0.0000    2.1850    0.0850
       2200+420 211843 54037.88800  8000.0   0.0000    2.2920    0.0960
       2200+420 194800 54058.82500  8000.0   0.0000    2.6700    0.1120
       2200+420 185024 54079.78500  8000.0   0.0000    3.1770    0.1440
       2200+420 181257 54098.75900  8000.0   0.0000    2.8510    0.0890
       2200+420 165052 54121.70200  8000.0   0.0000    2.9970    0.0910
       2200+420 144116 54149.61200  8000.0   0.0000    3.1910    0.1020
       2200+420 113531 54199.48300  8000.0   0.0000    3.2930    0.0860
       2200+420 115540 54220.49700  8000.0   0.0000    3.2640    0.1050
       2200+420 115540 54220.49700  8000.0   0.0000    3.2640    0.1050
       2200+420 040155 54275.16800  8000.0   0.0000    3.7520    0.1390
       2200+420 034145 54289.15400  8000.0   0.0000    3.8730    0.0620
       2200+420 052526 54296.22600  8000.0   0.0000    4.2170    0.1370
       2200+420 031423 54325.13500  8000.0   0.0000    3.9370    0.1240
       2200+420 010155 54344.04300  8000.0   0.0000    4.0060    0.2480
       2200+420 232400 54372.97500  8000.0   0.0000    3.6310    0.1020
       2200+420 201814 54420.84600  8000.0   0.0000    4.1980    0.1290
       2200+420 190740 54435.79700  8000.0   0.0000    3.8500    0.1790
       2200+420 163335 54476.69000  8000.0   0.0000    3.5600    0.2280
       2200+420 124857 54512.53400  8000.0   0.0000    2.3730    0.0900
       2200+420 095736 54576.41500  8000.0   0.0000    2.2240    0.1060
       2200+420 080350 54605.33600  8000.0   0.0000    2.4150    0.2330
       2200+420 060711 54641.25500  8000.0   0.0000    2.6710    0.0910
       2200+420 042916 54653.18700  8000.0   0.0000    2.5870    0.1020
       2200+420 035609 54667.16400  8000.0   0.0000    2.4380    0.0950
       2200+420 024702 54688.11600  8000.0   0.0000    2.8000    0.0800
       2200+420 010614 54723.04600  8000.0   0.0000    2.5820    0.2420
       2200+420 203531 54777.85800  8000.0   0.0000    2.7810    0.1630
       2200+420 105931 54951.45800  8000.0   0.0000    3.3300    0.2480
       2200+420 053950 55004.23600  8000.0   0.0000    4.2540    0.1890
       2200+420 042916 55035.18700  8000.0   0.0000    3.9690    0.1710
       2200+420 003307 55064.02300  8000.0   0.0000    3.9550    0.1120
       2200+420 011745 55077.05400  8000.0   0.0000    4.1900    0.1420
       2200+420 225512 55100.95500  8000.0   0.0000    4.3550    0.0710
       2200+420 221326 55122.92600  8000.0   0.0000    4.3150    0.1090
       2200+420 151257 55207.63400  8000.0   0.0000    4.4120    0.2840
       2223-052 115121 53751.49400 22000.0   0.0000    6.1280    0.5100
       2223-052 120000 53772.50000 22000.0   0.0000    5.1560    0.4220
       2223-052 121131 53772.50800 22000.0   0.0000    5.8090    0.4270
       2223-052 122428 53772.51700 22000.0   0.0000    4.9960    0.4270
       2223-052 094311 53806.40500 22000.0   0.0000    5.9260    1.7980
       2223-052 062721 53862.26900 22000.0   0.0000    5.9180    0.4240
       2223-052 064731 53862.28300 22000.0   0.0000    6.0510    0.4670
       2223-052 021814 53927.09600 22000.0   0.0000    7.8020    1.0840
       2223-052 000711 53955.00500 22000.0   0.0000    7.0950    0.5950
       2223-052 002555 53955.01800 22000.0   0.0000    6.2630    0.5460
       2223-052 230350 53972.96100 22000.0   0.0000    5.9710    0.4500
       2223-052 232233 53972.97400 22000.0   0.0000    6.2150    0.4730
       2223-052 194507 54009.82300 22000.0   0.0000    6.6260    0.6010
       2223-052 200350 54009.83600 22000.0   0.0000    6.4180    0.6090
       2223-052 183559 54021.77500 22000.0   0.0000    7.4290    0.5170
       2223-052 185443 54021.78800 22000.0   0.0000    7.1560    0.4680
       2223-052 144243 54097.61300 22000.0   0.0000    6.2030    0.5800
       2223-052 150126 54097.62600 22000.0   0.0000    5.9740    0.5370
       2223-052 152009 54097.63900 22000.0   0.0000    6.1330    0.5470
       2223-052 154019 54097.65300 22000.0   0.0000    5.5720    0.5430
       2223-052 120711 54120.50500 22000.0   0.0000    6.2760    0.4350
       2223-052 122555 54120.51800 22000.0   0.0000    6.2770    0.5070
       2223-052 124438 54120.53100 22000.0   0.0000    6.2870    0.6000
       2223-052 130447 54120.54500 22000.0   0.0000    6.2630    0.7640
       2223-052 110643 54148.46300 22000.0   0.0000    6.5340    0.5110
       2223-052 112526 54148.47600 22000.0   0.0000    5.9750    0.3610
       2223-052 114409 54148.48900 22000.0   0.0000    6.2910    0.3760
       2223-052 120252 54148.50200 22000.0   0.0000    6.2860    0.4240
       2223-052 044800 54198.20000 22000.0   0.0000    7.3740    0.7470
       2223-052 050643 54198.21300 22000.0   0.0000    6.3060    0.8890
       2223-052 054409 54198.23900 22000.0   0.0000    6.9570    0.8180
       2223-052 050935 54219.21500 22000.0   0.0000    5.5660    0.6310
       2223-052 050935 54219.21500 22000.0   0.0000    5.5660    0.6310
       2223-052 052819 54219.22800 22000.0   0.0000    6.2430    0.4810
       2223-052 052819 54219.22800 22000.0   0.0000    6.2430    0.4810
       2223-052 231648 54274.97000 22000.0   0.0000    6.7960    0.7660
       2223-052 233531 54274.98300 22000.0   0.0000    7.3880    0.7470
       2223-052 235414 54274.99600 22000.0   0.0000    6.8060    0.6280
       2223-052 001423 54275.01000 22000.0   0.0000    6.2240    0.5840
       2223-052 025540 54288.12200 22000.0   0.0000    4.7630    0.5320
       2223-052 041912 54295.18000 22000.0   0.0000    6.4130    0.5970
       2223-052 043755 54295.19300 22000.0   0.0000    7.4020    0.7250
       2223-052 045804 54295.20700 22000.0   0.0000    5.5480    0.6210
       2223-052 231102 54323.96600 22000.0   0.0000    6.3290    0.4670
       2223-052 232945 54323.97900 22000.0   0.0000    7.2850    0.5490
       2223-052 234955 54323.99300 22000.0   0.0000    7.2550    0.6330
       2223-052 000838 54324.00600 22000.0   0.0000    7.1130    0.5380
       2223-052 231940 54345.97200 22000.0   0.0000    7.5450    0.5340
       2223-052 235540 54345.99700 22000.0   0.0000    8.6040    1.0010
       2223-052 001550 54346.01100 22000.0   0.0000    7.7260    0.6620
       2223-052 220321 54371.91900 22000.0   0.0000    8.7860    0.5650
       2223-052 221745 54371.92900 22000.0   0.0000    8.5090    0.4310
       2223-052 223043 54371.93800 22000.0   0.0000    9.0670    0.5760
       2223-052 135052 54456.57700 22000.0   0.0000    7.7690    0.5260
       2223-052 141102 54456.59100 22000.0   0.0000    9.1960    0.5360
       2223-052 142945 54456.60400 22000.0   0.0000    7.6960    0.4710
       2223-052 144828 54456.61700 22000.0   0.0000    7.9500    0.4870
       2223-052 141814 54460.59600 22000.0   0.0000    8.4420    0.2880
       2223-052 143657 54460.60900 22000.0   0.0000    8.5940    0.2870
       2223-052 132204 54478.55700 22000.0   0.0000    8.8290    0.5120
       2223-052 110350 54511.46100 22000.0   0.0000    8.5060    0.4500
       2223-052 112233 54511.47400 22000.0   0.0000    7.8830    0.4170
       2223-052 114116 54511.48700 22000.0   0.0000    8.3580    0.4350
       2223-052 120000 54511.50000 22000.0   0.0000    8.2460    0.4330
       2223-052 085833 54561.37400 22000.0   0.0000    7.8730    0.3590
       2223-052 091131 54561.38300 22000.0   0.0000    7.7500    0.3410
       2223-052 085833 54575.37400 22000.0   0.0000    6.0210    0.6910
       2223-052 064857 54604.28400 22000.0   0.0000    6.2150    1.1030
       2223-052 070155 54604.29300 22000.0   0.0000    8.5720    0.9020
       2223-052 033852 54640.15200 22000.0   0.0000   10.3020    1.0560
       2223-052 035150 54640.16100 22000.0   0.0000    9.4680    0.9880
       2223-052 015219 54652.07800 22000.0   0.0000    9.3940    1.4250
       2223-052 020516 54652.08700 22000.0   0.0000   10.3770    1.5710
       2223-052 004311 54666.03000 22000.0   0.0000    9.2740    0.8590
       2223-052 005736 54666.04000 22000.0   0.0000    8.7150    0.8130
       2223-052 233531 54686.98300 22000.0   0.0000    7.3780    1.0930
       2223-052 201521 54721.84400 22000.0   0.0000    7.9820    1.6060
       2223-052 202945 54721.85400 22000.0   0.0000    7.7520    1.5630
       2223-052 180838 54778.75600 22000.0   0.0000    7.8040    2.1210
       2223-052 110057 54911.45900 22000.0   0.0000    6.5590    1.0980
       2223-052 111355 54911.46800 22000.0   0.0000    6.9780    1.1080
       2223-052 101033 54952.42400 22000.0   0.0000    9.0750    1.2920
       2223-052 005316 55032.03700 22000.0   0.0000    9.1150    0.8010
       2223-052 010614 55032.04600 22000.0   0.0000    9.3450    0.8260
       2223-052 224926 55061.95100 22000.0   0.0000    9.9000    1.1380
       2223-052 212136 55098.89000 22000.0   0.0000    9.0490    0.5660
       2223-052 213433 55098.89900 22000.0   0.0000    8.8650    0.5760
       2223-052 191745 55120.80400 22000.0   0.0000    7.2860    1.8590
       2223-052 130321 55209.54400 22000.0   0.0000    8.0130    0.7390
       2223-052 131745 55209.55400 22000.0   0.0000    9.1580    0.7180
       2223-052 065150 53826.28600 43000.0   0.0000    4.7120    1.5640
       2223-052 065150 53827.28600 43000.0   0.0000    4.6130    1.6210
       2223-052 045052 53855.20200 43000.0   0.0000    4.9150    1.0980
       2223-052 035150 53879.16100 43000.0   0.0000    5.2920    0.9890
       2223-052 005150 53928.03600 43000.0   0.0000    5.1520    0.8480
       2223-052 225052 53950.95200 43000.0   0.0000    5.8870    1.2510
       2223-052 225931 53951.95800 43000.0   0.0000    5.8320    1.2240
       2223-052 225052 53952.95200 43000.0   0.0000    5.7110    1.2180
       2223-052 220614 53972.92100 43000.0   0.0000    5.2220    1.2210
       2223-052 195052 53998.82700 43000.0   0.0000    5.4990    1.0440
       2223-052 195052 53999.82700 43000.0   0.0000    5.5540    1.0470
       2223-052 195052 54000.82700 43000.0   0.0000    5.8690    1.0930
       2223-052 175121 54025.74400 43000.0   0.0000    4.4360    1.2050
       2223-052 015052 54277.07700 43000.0   0.0000    7.9050    0.8930
       2223-052 183559 54365.77500 43000.0   0.0000    8.5460    0.8980
       2223-052 195052 54365.82700 43000.0   0.0000    7.9700    0.9140
       2223-052 183559 54366.77500 43000.0   0.0000    7.9130    0.8660
       2223-052 195052 54366.82700 43000.0   0.0000    8.5190    0.9250
       2223-052 185316 54389.78700 43000.0   0.0000    9.3650    0.9350
       2223-052 173657 54390.73400 43000.0   0.0000    8.6200    0.8710
       2223-052 185150 54390.78600 43000.0   0.0000    8.8640    0.9230
       2223-052 174702 54421.74100 43000.0   0.0000    8.4560    1.0340
       2223-052 160614 54422.67100 43000.0   0.0000    8.0320    1.0100
       2223-052 145121 54424.61900 43000.0   0.0000    9.4240    1.1730
       2223-052 160614 54424.67100 43000.0   0.0000    8.2220    1.0240
       2223-052 150252 54434.62700 43000.0   0.0000    7.1140    1.4530
       2223-052 150545 54435.62900 43000.0   0.0000    7.5930    1.5250
       2223-052 145121 54437.61900 43000.0   0.0000    7.7480    1.6040
       2223-052 160614 54437.67100 43000.0   0.0000    7.3530    1.2610
       2223-052 124857 54479.53400 43000.0   0.0000    7.3970    1.0150
       2223-052 115414 54480.49600 43000.0   0.0000    7.3180    1.0300
       2223-052 130614 54480.54600 43000.0   0.0000    7.4220    1.0140
       2223-052 095024 54505.41000 43000.0   0.0000    6.5850    0.9810
       2223-052 095150 54506.41100 43000.0   0.0000    7.7940    0.9850
       2223-052 110643 54506.46300 43000.0   0.0000    7.9370    0.9490
       2223-052 095150 54507.41100 43000.0   0.0000    8.4720    1.0750
       2223-052 110516 54507.46200 43000.0   0.0000    7.2840    0.8640
       2223-052 085121 54523.36900 43000.0   0.0000    6.6250    0.7100
       2223-052 062721 54556.26900 43000.0   0.0000    6.9260    0.7420
       2223-052 070614 54556.29600 43000.0   0.0000    8.8090    0.9210
       2223-052 055121 54557.24400 43000.0   0.0000    5.9000    0.6390
       2223-052 070740 54557.29700 43000.0   0.0000    7.8190    0.8240
       2223-052 035150 54580.16100 43000.0   0.0000    7.8910    0.7600
       2223-052 050643 54580.21300 43000.0   0.0000    6.7300    0.6680
       2223-052 035150 54581.16100 43000.0   0.0000    7.5030    0.7150
       2223-052 050643 54581.21300 43000.0   0.0000    7.6900    0.7650
       2223-052 025248 54597.12000 43000.0   0.0000    9.2960    1.0500
       2223-052 040321 54597.16900 43000.0   0.0000    9.9850    1.2890
       2223-052 040614 54599.17100 43000.0   0.0000    7.0560    0.7890
       2223-052 015052 54611.07700 43000.0   0.0000    8.1960    0.7660
       2223-052 030711 54611.13000 43000.0   0.0000    8.3350    0.8180
       2223-052 015052 54612.07700 43000.0   0.0000    7.9100    0.7540
       2223-052 030711 54612.13000 43000.0   0.0000    8.0500    0.7730
       2223-052 015052 54613.07700 43000.0   0.0000    8.3750    0.7880
       2223-052 030711 54613.13000 43000.0   0.0000    7.8060    0.7660
       2223-052 235121 54641.99400 43000.0   0.0000    7.4070    0.8240
       2223-052 010614 54642.04600 43000.0   0.0000    7.6320    0.9290
       2223-052 010614 54643.04600 43000.0   0.0000    7.4830    0.8940
       2223-052 010614 54644.04600 43000.0   0.0000    7.6660    0.9040
       2223-052 225052 54658.95200 43000.0   0.0000    7.6360    1.0780
       2223-052 000711 54659.00500 43000.0   0.0000    6.5250    1.0290
       2223-052 225219 54659.95300 43000.0   0.0000    6.9490    0.9650
       2223-052 000711 54660.00500 43000.0   0.0000    7.7370    1.1810
       2223-052 230935 54679.96500 43000.0   0.0000    9.1300    0.9120
       2223-052 230935 54680.96500 43000.0   0.0000    8.8250    0.8870
       2223-052 230935 54681.96500 43000.0   0.0000    8.9400    0.8910
       2223-052 210711 54708.88000 43000.0   0.0000    8.9320    0.9620
       2223-052 210711 54709.88000 43000.0   0.0000    9.0350    0.9360
       2223-052 210711 54710.88000 43000.0   0.0000    8.6270    0.9410
       2223-052 173657 54743.73400 43000.0   0.0000    6.0480    0.8480
       2223-052 185024 54743.78500 43000.0   0.0000    7.8620    1.1330
       2223-052 173657 54744.73400 43000.0   0.0000    5.1860    0.7690
       2223-052 185150 54744.78600 43000.0   0.0000    6.9980    1.0340
       2223-052 173657 54745.73400 43000.0   0.0000    6.9580    0.9850
       2223-052 185150 54745.78600 43000.0   0.0000    8.1030    1.1580
       2223-052 145121 54779.61900 43000.0   0.0000    6.8760    0.9370
       2223-052 160614 54779.67100 43000.0   0.0000    7.7000    1.0820
       2223-052 144955 54780.61800 43000.0   0.0000    7.2990    0.9960
       2223-052 160614 54780.67100 43000.0   0.0000    7.5000    1.0530
       2223-052 145121 54781.61900 43000.0   0.0000    7.7780    1.0590
       2223-052 160614 54781.67100 43000.0   0.0000    8.1010    1.1380
       2223-052 145121 54807.61900 43000.0   0.0000    8.0950    1.0190
       2223-052 160614 54807.67100 43000.0   0.0000    7.6900    0.9710
       2223-052 160614 54808.67100 43000.0   0.0000    8.0890    1.0190
       2223-052 145248 54809.62000 43000.0   0.0000    8.3380    1.0500
       2223-052 115414 54841.49600 43000.0   0.0000    6.8860    1.4560
       2223-052 130614 54841.54600 43000.0   0.0000    6.5780    1.0760
       2223-052 115248 54842.49500 43000.0   0.0000    6.6550    1.1170
       2223-052 130740 54842.54700 43000.0   0.0000    6.2990    1.0200
       2223-052 095150 54877.41100 43000.0   0.0000    5.8220    0.7920
       2223-052 095150 54879.41100 43000.0   0.0000    5.0210    0.6830
       2223-052 110643 54879.46300 43000.0   0.0000    6.0950    0.7940
       2223-052 055248 54930.24500 43000.0   0.0000    5.9200    0.6050
       2223-052 070614 54930.29600 43000.0   0.0000    5.5600    0.6010
       2223-052 025121 54959.11900 43000.0   0.0000    6.2200    0.6660
       2223-052 040614 54959.17100 43000.0   0.0000    5.8940    0.6830
       2223-052 025121 54961.11900 43000.0   0.0000    6.1160    0.6410
       2223-052 040614 54961.17100 43000.0   0.0000    6.2950    0.6920
       2223-052 235121 55008.99400 43000.0   0.0000    7.3830    0.7880
       2223-052 010614 55009.04600 43000.0   0.0000    7.2940    0.7930
       2223-052 235121 55009.99400 43000.0   0.0000    6.3700    0.7270
       2223-052 010614 55010.04600 43000.0   0.0000    6.8830    0.7860
       2223-052 010614 55011.04600 43000.0   0.0000    6.3670    0.7120
       2223-052 145121 55167.61900 43000.0   0.0000    6.8110    1.0010
       2223-052 145248 55168.62000 43000.0   0.0000    6.2690    0.9230
       2223-052 160614 55168.67100 43000.0   0.0000    5.9620    0.8930
       2223-052 115121 55209.49400 43000.0   0.0000    5.6800    0.6770
       2223-052 130614 55209.54600 43000.0   0.0000    5.8060    0.9490
       2223-052 111814 53770.47100  5000.0   0.0000    5.0120    0.1320
       2223-052 113111 53770.48000  5000.0   0.0000    4.7100    0.1320
       2223-052 114409 53770.48900  5000.0   0.0000    4.8210    0.1580
       2223-052 081648 53826.34500  5000.0   0.0000    5.3690    0.1700
       2223-052 070155 53852.29300  5000.0   0.0000    5.4710    0.2260
       2223-052 071452 53852.30200  5000.0   0.0000    5.4200    0.2250
       2223-052 233404 53974.98200  5000.0   0.0000    5.8550    0.1460
       2223-052 234702 53974.99100  5000.0   0.0000    5.7580    0.1350
       2223-052 205121 54011.86900  5000.0   0.0000    5.7740    0.1020
       2223-052 210419 54011.87800  5000.0   0.0000    5.7820    0.0960
       2223-052 185316 54023.78700  5000.0   0.0000    5.8190    0.1490
       2223-052 190740 54023.79700  5000.0   0.0000    5.7610    0.1480
       2223-052 022233 54290.09900  5000.0   0.0000    5.6730    0.0810
       2223-052 023531 54290.10800  5000.0   0.0000    5.5730    0.0790
       2223-052 024702 54297.11600  5000.0   0.0000    5.5510    0.1540
       2223-052 030126 54297.12600  5000.0   0.0000    5.6370    0.1580
       2223-052 221326 54348.92600  5000.0   0.0000    5.6070    0.1630
       2223-052 222624 54348.93500  5000.0   0.0000    5.5050    0.1660
       2223-052 223921 54348.94400  5000.0   0.0000    5.5490    0.1660
       2223-052 225345 54348.95400  5000.0   0.0000    5.5780    0.1660
       2223-052 200057 54396.83400  5000.0   0.0000    5.4590    0.1300
       2223-052 201355 54396.84300  5000.0   0.0000    5.6570    0.1360
       2223-052 221159 54723.92500  5000.0   0.0000    6.3230    0.1600
       2223-052 222457 54723.93400  5000.0   0.0000    6.3750    0.1630
       2223-052 185609 54779.78900  5000.0   0.0000    6.5250    0.1500
       2223-052 190907 54779.79800  5000.0   0.0000    6.6800    0.1570
       2223-052 100155 54912.41800  5000.0   0.0000    7.1760    0.3810
       2223-052 101452 54912.42700  5000.0   0.0000    7.0780    0.4070
       2223-052 092302 54953.39100  5000.0   0.0000    7.5340    0.4630
       2223-052 031131 55003.13300  5000.0   0.0000    6.9870    0.2470
       2223-052 032428 55003.14200  5000.0   0.0000    7.1960    0.2790
       2223-052 011619 55034.05300  5000.0   0.0000    7.8330    0.3520
       2223-052 012916 55034.06200  5000.0   0.0000    7.6460    0.3390
       2223-052 002136 55063.01500  5000.0   0.0000    7.1770    0.2860
       2223-052 003559 55063.02500  5000.0   0.0000    7.1580    0.4430
       2223-052 195512 55099.83000  5000.0   0.0000    7.4260    0.1640
       2223-052 200935 55099.84000  5000.0   0.0000    7.4350    0.1650
       2223-052 193755 55121.81800  5000.0   0.0000    7.6110    0.1880
       2223-052 195219 55121.82800  5000.0   0.0000    7.6970    0.1820
       2223-052 135345 55209.57900  5000.0   0.0000    6.9620    0.2110
       2223-052 140809 55209.58900  5000.0   0.0000    7.7390    0.2570
       2223-052 125024 53740.53500  8000.0   0.0000    6.1850    0.1380
       2223-052 125150 53741.53600  8000.0   0.0000    6.2080    0.1440
       2223-052 125024 53744.53500  8000.0   0.0000    6.2770    0.1520
       2223-052 101326 53805.42600  8000.0   0.0000    7.0450    0.2680
       2223-052 102624 53805.43500  8000.0   0.0000    6.5920    0.2260
       2223-052 081648 53831.34500  8000.0   0.0000    6.5310    0.3990
       2223-052 071159 53851.30000  8000.0   0.0000    5.6100    0.2720
       2223-052 072457 53851.30900  8000.0   0.0000    5.2220    0.2310
       2223-052 062009 53860.26400  8000.0   0.0000    5.9940    0.1360
       2223-052 061423 53861.26000  8000.0   0.0000    6.0450    0.1420
       2223-052 030711 53908.13000  8000.0   0.0000    6.1300    0.3340
       2223-052 005150 53956.03600  8000.0   0.0000    6.2130    0.3050
       2223-052 231102 53973.96600  8000.0   0.0000    6.2040    0.1420
       2223-052 204243 54010.86300  8000.0   0.0000    6.2080    0.2370
       2223-052 184731 54022.78300  8000.0   0.0000    6.0110    0.2020
       2223-052 182428 54037.76700  8000.0   0.0000    5.7730    0.3180
       2223-052 160447 54058.67000  8000.0   0.0000    6.0340    0.2090
       2223-052 155150 54080.66100  8000.0   0.0000    6.0910    0.1280
       2223-052 143531 54098.60800  8000.0   0.0000    6.0120    0.1490
       2223-052 131159 54121.55000  8000.0   0.0000    6.2030    0.1550
       2223-052 105512 54149.45500  8000.0   0.0000    6.0070    0.2330
       2223-052 083111 54199.35500  8000.0   0.0000    5.9680    0.1350
       2223-052 085121 54220.36900  8000.0   0.0000    5.9470    0.2450
       2223-052 085121 54220.36900  8000.0   0.0000    5.9470    0.2450
       2223-052 015345 54276.07900  8000.0   0.0000    5.7860    0.1840
       2223-052 002848 54289.02000  8000.0   0.0000    5.6630    0.1010
       2223-052 020935 54296.09000  8000.0   0.0000    5.5590    0.1790
       2223-052 011033 54325.04900  8000.0   0.0000    5.6510    0.3630
       2223-052 225638 54343.95600  8000.0   0.0000    5.8520    0.1520
       2223-052 203531 54373.85800  8000.0   0.0000    5.8320    0.1320
       2223-052 173950 54421.73600  8000.0   0.0000    5.8710    0.1720
       2223-052 163628 54435.69200  8000.0   0.0000    6.0540    0.1220
       2223-052 103628 54513.44200  8000.0   0.0000    6.5620    0.1950
       2223-052 105052 54576.45200  8000.0   0.0000    6.6650    0.2060
       2223-052 085707 54605.37300  8000.0   0.0000    7.1570    0.4110
       2223-052 015804 54641.08200  8000.0   0.0000    7.3250    0.1750
       2223-052 011159 54653.05000  8000.0   0.0000    7.2080    0.2330
       2223-052 003726 54667.02600  8000.0   0.0000    7.3690    0.2480
       2223-052 232819 54687.97800  8000.0   0.0000    7.3560    0.1870
       2223-052 214857 54722.90900  8000.0   0.0000    6.9810    0.5230
       2223-052 171814 54777.72100  8000.0   0.0000    7.7950    0.2370
       2223-052 072916 54952.31200  8000.0   0.0000    8.0440    0.2850
       2223-052 025833 55004.12400  8000.0   0.0000    7.3250    0.4190
       2223-052 020516 55035.08700  8000.0   0.0000    8.1170    0.2130
       2223-052 221619 55063.92800  8000.0   0.0000    8.1820    0.1330
       2223-052 231228 55076.96700  8000.0   0.0000    8.4810    0.2690
       2223-052 204828 55100.86700  8000.0   0.0000    8.3320    0.1010
       2223-052 202400 55122.85000  8000.0   0.0000    8.4510    0.5010
       2223-052 134340 55208.57200  8000.0   0.0000    8.7530    0.3050
       2230+114 013502 53511.06600 22000.0   0.0000    3.3980    0.7240
       2230+114 112107 53751.47300 22000.0   0.0000    6.9300    0.3990
       2230+114 131159 53772.55000 22000.0   0.0000    6.9160    0.4700
       2230+114 132331 53772.55800 22000.0   0.0000    7.1460    0.4440
       2230+114 103502 53806.44100 22000.0   0.0000    6.7580    1.7820
       2230+114 055707 53862.24800 22000.0   0.0000    7.6510    0.5370
       2230+114 061004 53862.25700 22000.0   0.0000    7.6760    0.5160
       2230+114 012750 53927.06100 22000.0   0.0000    5.7050    0.7960
       2230+114 233657 53954.98400 22000.0   0.0000    4.2680    0.4350
       2230+114 234955 53954.99300 22000.0   0.0000    4.5170    0.4350
       2230+114 223209 53972.93900 22000.0   0.0000    4.0050    0.3620
       2230+114 224507 53972.94800 22000.0   0.0000    4.0770    0.3690
       2230+114 191326 54009.80100 22000.0   0.0000    3.6940    0.4280
       2230+114 192750 54009.81100 22000.0   0.0000    3.6100    0.4390
       2230+114 180419 54021.75300 22000.0   0.0000    3.2190    0.3180
       2230+114 181716 54021.76200 22000.0   0.0000    3.1500    0.3430
       2230+114 170643 54056.71300 22000.0   0.0000    2.5350    0.6110
       2230+114 171940 54056.72200 22000.0   0.0000    2.7380    0.5800
       2230+114 173238 54056.73100 22000.0   0.0000    3.1790    0.4760
       2230+114 142819 54119.60300 22000.0   0.0000    2.5660    0.2560
       2230+114 144116 54119.61200 22000.0   0.0000    2.6100    0.2550
       2230+114 145540 54119.62200 22000.0   0.0000    2.6620    0.2610
       2230+114 150838 54119.63100 22000.0   0.0000    3.0610    0.3060
       2230+114 123307 54147.52300 22000.0   0.0000    3.4380    0.3320
       2230+114 124731 54147.53300 22000.0   0.0000    3.1310    0.2730
       2230+114 130028 54147.54200 22000.0   0.0000    2.4460    0.3100
       2230+114 131326 54147.55100 22000.0   0.0000    2.9890    0.3030
       2230+114 091550 54183.38600 22000.0   0.0000    2.9440    0.4240
       2230+114 092848 54183.39500 22000.0   0.0000    3.0260    0.4140
       2230+114 094311 54183.40500 22000.0   0.0000    3.1640    0.3900
       2230+114 095609 54183.41400 22000.0   0.0000    2.8860    0.3720
       2230+114 050643 54197.21300 22000.0   0.0000    4.1610    0.9070
       2230+114 052107 54197.22300 22000.0   0.0000    3.9400    1.0220
       2230+114 055707 54218.24800 22000.0   0.0000    3.0750    0.6850
       2230+114 055707 54218.24800 22000.0   0.0000    3.0750    0.6850
       2230+114 061004 54218.25700 22000.0   0.0000    3.0110    0.4400
       2230+114 061004 54218.25700 22000.0   0.0000    3.0110    0.4400
       2230+114 062428 54218.26700 22000.0   0.0000    2.9210    0.3630
       2230+114 062428 54218.26700 22000.0   0.0000    2.9210    0.3630
       2230+114 003433 54274.02400 22000.0   0.0000    3.6960    0.4700
       2230+114 005902 54274.04100 22000.0   0.0000    4.3530    0.4600
       2230+114 011326 54274.05100 22000.0   0.0000    3.2480    0.5100
       2230+114 020516 54288.08700 22000.0   0.0000    2.6470    0.4020
       2230+114 021814 54288.09600 22000.0   0.0000    3.0520    0.4020
       2230+114 034857 54295.15900 22000.0   0.0000    3.4330    0.4830
       2230+114 040155 54295.16800 22000.0   0.0000    3.8800    0.6130
       2230+114 233657 54322.98400 22000.0   0.0000    3.8850    0.3890
       2230+114 235121 54322.99400 22000.0   0.0000    3.9750    1.0070
       2230+114 000419 54323.00300 22000.0   0.0000    3.9180    0.5500
       2230+114 221745 54344.92900 22000.0   0.0000    4.3400    0.5210
       2230+114 223043 54344.93800 22000.0   0.0000    3.8200    0.4620
       2230+114 224340 54344.94700 22000.0   0.0000    4.5580    0.4590
       2230+114 225638 54344.95600 22000.0   0.0000    5.0930    0.6850
       2230+114 212302 54371.89100 22000.0   0.0000    4.7980    0.4960
       2230+114 213559 54371.90000 22000.0   0.0000    4.5980    0.5030
       2230+114 214857 54371.90900 22000.0   0.0000    5.2900    0.6320
       2230+114 204536 54385.86500 22000.0   0.0000    5.7270    1.0430
       2230+114 160321 54455.66900 22000.0   0.0000    3.8480    0.3540
       2230+114 161745 54455.67900 22000.0   0.0000    3.5900    0.3370
       2230+114 163043 54455.68800 22000.0   0.0000    4.1790    0.3110
       2230+114 164340 54455.69700 22000.0   0.0000    3.9530    0.3140
       2230+114 165512 54460.70500 22000.0   0.0000    4.0400    0.2470
       2230+114 170935 54460.71500 22000.0   0.0000    3.9320    0.2250
       2230+114 095150 54512.41100 22000.0   0.0000    3.9010    0.2830
       2230+114 100447 54512.42000 22000.0   0.0000    3.9020    0.2720
       2230+114 101745 54512.42900 22000.0   0.0000    4.1100    0.3220
       2230+114 103209 54512.43900 22000.0   0.0000    4.0470    0.3550
       2230+114 092721 54561.39400 22000.0   0.0000    4.9320    0.2360
       2230+114 094019 54561.40300 22000.0   0.0000    4.6610    0.2330
       2230+114 091423 54575.38500 22000.0   0.0000    3.2690    0.4230
       2230+114 072916 54604.31200 22000.0   0.0000    4.3560    0.6820
       2230+114 040614 54640.17100 22000.0   0.0000    5.3850    0.5940
       2230+114 042038 54640.18100 22000.0   0.0000    6.0020    0.6310
       2230+114 022107 54652.09800 22000.0   0.0000    6.4170    0.9860
       2230+114 023404 54652.10700 22000.0   0.0000    6.8050    1.0400
       2230+114 011159 54666.05000 22000.0   0.0000    5.6530    0.5460
       2230+114 012457 54666.05900 22000.0   0.0000    5.1350    0.4890
       2230+114 204409 54721.86400 22000.0   0.0000    5.3210    1.0760
       2230+114 205707 54721.87300 22000.0   0.0000    4.9260    0.9990
       2230+114 182302 54778.76600 22000.0   0.0000    5.4070    0.6420
       2230+114 183726 54778.77600 22000.0   0.0000    4.5910    0.5540
       2230+114 115833 54911.49900 22000.0   0.0000    4.0370    0.6860
       2230+114 121131 54911.50800 22000.0   0.0000    3.2840    0.5660
       2230+114 110935 54952.46500 22000.0   0.0000    4.0140    1.1350
       2230+114 015345 55032.07900 22000.0   0.0000    5.4840    0.5430
       2230+114 020643 55032.08800 22000.0   0.0000    5.4740    0.5310
       2230+114 215024 55098.91000 22000.0   0.0000    5.5200    0.4030
       2230+114 220447 55098.92000 22000.0   0.0000    5.9590    0.4030
       2230+114 194633 55120.82400 22000.0   0.0000    5.8670    2.8210
       2230+114 200057 55120.83400 22000.0   0.0000    4.6680    0.9580
       2230+114 155609 55208.66400 22000.0   0.0000    4.7080    0.2930
       2230+114 160907 55208.67300 22000.0   0.0000    5.4080    0.3190
       2230+114 032136 53826.14000 43000.0   0.0000    9.0160    3.6290
       2230+114 062136 53826.26500 43000.0   0.0000   10.4700    3.2930
       2230+114 062136 53827.26500 43000.0   0.0000    9.6850    3.0420
       2230+114 042204 53855.18200 43000.0   0.0000   10.9240    1.9990
       2230+114 032136 53879.14000 43000.0   0.0000    9.8100    1.5830
       2230+114 222204 53912.93200 43000.0   0.0000    4.0770    1.0490
       2230+114 012204 53913.05700 43000.0   0.0000    5.1600    1.0670
       2230+114 002136 53928.01500 43000.0   0.0000    4.3930    0.7520
       2230+114 222204 53950.93200 43000.0   0.0000    4.6510    1.0060
       2230+114 223209 53951.93900 43000.0   0.0000    5.0770    1.0860
       2230+114 222204 53952.93200 43000.0   0.0000    4.8360    1.0300
       2230+114 212136 53970.89000 43000.0   0.0000    4.6200    1.0860
       2230+114 212136 53971.89000 43000.0   0.0000    4.3570    1.0080
       2230+114 212136 53972.89000 43000.0   0.0000    4.1020    0.9620
       2230+114 192204 53998.80700 43000.0   0.0000    3.4550    0.6950
       2230+114 192204 53999.80700 43000.0   0.0000    3.9560    0.7790
       2230+114 192038 54000.80600 43000.0   0.0000    3.7510    0.7950
       2230+114 172107 54025.72300 43000.0   0.0000    2.8940    0.8410
       2230+114 011912 54277.05500 43000.0   0.0000    3.9780    0.4860
       2230+114 222204 54277.93200 43000.0   0.0000    6.0350    0.9130
       2230+114 192204 54320.80700 43000.0   0.0000    3.2140    0.5260
       2230+114 222204 54320.93200 43000.0   0.0000    2.8370    0.3370
       2230+114 192204 54321.80700 43000.0   0.0000    3.7360    0.5580
       2230+114 222204 54321.93200 43000.0   0.0000    2.9020    0.3640
       2230+114 192204 54322.80700 43000.0   0.0000    3.7630    0.5480
       2230+114 184857 54365.78400 43000.0   0.0000    4.0680    0.4760
       2230+114 192204 54365.80700 43000.0   0.0000    3.9580    0.4750
       2230+114 184857 54366.78400 43000.0   0.0000    3.7990    0.4610
       2230+114 192204 54366.80700 43000.0   0.0000    4.3920    0.4910
       2230+114 174828 54390.74200 43000.0   0.0000    4.2540    0.4440
       2230+114 182136 54390.76500 43000.0   0.0000    4.5000    0.4560
       2230+114 153140 54422.64700 43000.0   0.0000    3.5310    0.4680
       2230+114 152555 54424.64300 43000.0   0.0000    4.0320    0.5010
       2230+114 150252 54437.62700 43000.0   0.0000    3.8160    0.6380
       2230+114 153726 54437.65100 43000.0   0.0000    3.8610    0.6100
       2230+114 120252 54478.50200 43000.0   0.0000    4.7150    0.7430
       2230+114 123852 54478.52700 43000.0   0.0000    3.8650    0.5780
       2230+114 115414 54479.49600 43000.0   0.0000    4.8630    0.7770
       2230+114 122136 54479.51500 43000.0   0.0000    4.5310    0.6480
       2230+114 120252 54480.50200 43000.0   0.0000    3.5040    0.5430
       2230+114 123726 54480.52600 43000.0   0.0000    4.3130    0.6280
       2230+114 102916 54506.43700 43000.0   0.0000    5.1750    0.6600
       2230+114 103628 54507.44200 43000.0   0.0000    4.6530    0.6360
       2230+114 090419 54523.37800 43000.0   0.0000    3.4450    0.4470
       2230+114 093726 54523.40100 43000.0   0.0000    3.7460    0.4490
       2230+114 063726 54556.27600 43000.0   0.0000    4.3270    0.6040
       2230+114 060252 54557.25200 43000.0   0.0000    3.9330    0.4730
       2230+114 063559 54557.27500 43000.0   0.0000    4.4340    0.4930
       2230+114 040321 54580.16900 43000.0   0.0000    4.5940    0.4830
       2230+114 043628 54580.19200 43000.0   0.0000    4.9030    0.5110
       2230+114 040321 54581.16900 43000.0   0.0000    4.6750    0.4800
       2230+114 043628 54581.19200 43000.0   0.0000    4.8040    0.4890
       2230+114 030252 54597.12700 43000.0   0.0000    5.1290    0.5770
       2230+114 033559 54597.15000 43000.0   0.0000    5.5320    0.6200
       2230+114 030419 54599.12800 43000.0   0.0000    4.2470    0.8020
       2230+114 033726 54599.15100 43000.0   0.0000    4.5810    0.5610
       2230+114 022652 54611.10200 43000.0   0.0000    5.0400    0.5050
       2230+114 022652 54612.10200 43000.0   0.0000    5.2950    0.5350
       2230+114 022652 54613.10200 43000.0   0.0000    5.2540    0.5320
       2230+114 000252 54642.00200 43000.0   0.0000    3.6290    0.5450
       2230+114 003307 54642.02300 43000.0   0.0000    5.0730    0.7110
       2230+114 000252 54643.00200 43000.0   0.0000    3.9720    0.5380
       2230+114 003726 54643.02600 43000.0   0.0000    5.3820    0.6790
       2230+114 000252 54644.00200 43000.0   0.0000    4.4430    0.5560
       2230+114 003559 54644.02500 43000.0   0.0000    4.9070    0.6380
       2230+114 233657 54658.98400 43000.0   0.0000    5.1040    0.8360
       2230+114 233657 54659.98400 43000.0   0.0000    4.9700    0.7950
       2230+114 223628 54679.94200 43000.0   0.0000    5.5880    0.5920
       2230+114 223628 54680.94200 43000.0   0.0000    5.5330    0.5740
       2230+114 223628 54681.94200 43000.0   0.0000    5.4500    0.5630
       2230+114 203657 54708.85900 43000.0   0.0000    4.1680    0.4330
       2230+114 203657 54709.85900 43000.0   0.0000    4.7900    0.5800
       2230+114 173111 54710.73000 43000.0   0.0000    5.2870    0.6290
       2230+114 203657 54710.85900 43000.0   0.0000    4.5350    0.5120
       2230+114 174828 54743.74200 43000.0   0.0000    4.2480    0.7080
       2230+114 182136 54743.76500 43000.0   0.0000    4.8500    0.7420
       2230+114 174828 54744.74200 43000.0   0.0000    3.2840    0.6570
       2230+114 182136 54744.76500 43000.0   0.0000    3.6200    0.6650
       2230+114 174955 54745.74300 43000.0   0.0000    4.2510    1.2070
       2230+114 182136 54745.76500 43000.0   0.0000    4.4520    0.7370
       2230+114 150252 54779.62700 43000.0   0.0000    4.4020    0.6390
       2230+114 153559 54779.65000 43000.0   0.0000    3.8650    0.5620
       2230+114 150419 54780.62800 43000.0   0.0000    3.0870    0.5630
       2230+114 153559 54780.65000 43000.0   0.0000    3.8290    0.5690
       2230+114 153726 54781.65100 43000.0   0.0000    4.1930    0.6060
       2230+114 150252 54807.62700 43000.0   0.0000    4.4570    0.6220
       2230+114 153726 54807.65100 43000.0   0.0000    4.1180    0.5640
       2230+114 153726 54808.65100 43000.0   0.0000    3.9710    0.5520
       2230+114 123726 54841.52600 43000.0   0.0000    3.4050    0.6170
       2230+114 120252 54842.50200 43000.0   0.0000    3.1710    0.6610
       2230+114 123726 54842.52600 43000.0   0.0000    3.0430    0.5710
       2230+114 100321 54879.41900 43000.0   0.0000    2.5710    0.4550
       2230+114 103755 54879.44300 43000.0   0.0000    2.1870    0.6620
       2230+114 060252 54930.25200 43000.0   0.0000    5.6470    0.5980
       2230+114 063559 54930.27500 43000.0   0.0000    5.5380    0.5790
       2230+114 030252 54959.12700 43000.0   0.0000    5.2890    0.6200
       2230+114 033559 54959.15000 43000.0   0.0000    5.3090    0.5970
       2230+114 030252 54961.12700 43000.0   0.0000    4.9980    0.5810
       2230+114 033559 54961.15000 43000.0   0.0000    5.7270    0.6540
       2230+114 000252 55009.00200 43000.0   0.0000    5.8820    0.7230
       2230+114 003559 55009.02500 43000.0   0.0000    6.1930    0.7180
       2230+114 000252 55010.00200 43000.0   0.0000    5.1620    0.6560
       2230+114 003559 55010.02500 43000.0   0.0000    5.7070    0.6590
       2230+114 000252 55011.00200 43000.0   0.0000    5.2690    0.6530
       2230+114 003559 55011.02500 43000.0   0.0000    5.3110    0.6240
       2230+114 150419 55168.62800 43000.0   0.0000    4.0460    0.6450
       2230+114 153726 55168.65100 43000.0   0.0000    4.0990    0.6680
       2230+114 120252 55209.50200 43000.0   0.0000    3.7990    0.4780
       2230+114 123852 55209.52700 43000.0   0.0000    4.2770    0.6450
       2230+114 041452 53478.17700  5000.0   0.0000    4.3110    0.1110
       2230+114 042624 53478.18500  5000.0   0.0000    4.2390    0.1060
       2230+114 113823 53478.48500  5000.0   0.0000    4.2270    0.1100
       2230+114 015219 53511.07800  5000.0   0.0000    4.4960    0.1310
       2230+114 075804 53511.33200  5000.0   0.0000    4.3760    0.1260
       2230+114 000711 53544.00500  5000.0   0.0000    4.3270    0.1210
       2230+114 073755 53544.31800  5000.0   0.0000    4.4050    0.1230
       2230+114 031004 53545.13200  5000.0   0.0000    4.5190    0.1180
       2230+114 002302 53577.01600  5000.0   0.0000    4.5620    0.1350
       2230+114 015931 53578.08300  5000.0   0.0000    4.4890    0.1380
       2230+114 224214 53587.94600  5000.0   0.0000    4.5740    0.1360
       2230+114 004604 53606.03200  5000.0   0.0000    4.6340    0.1220
       2230+114 222916 53638.93700  5000.0   0.0000    4.5500    0.1050
       2230+114 182009 53639.76400  5000.0   0.0000    4.5980    0.1070
       2230+114 212302 53639.89100  5000.0   0.0000    4.5900    0.1060
       2230+114 010740 53640.04700  5000.0   0.0000    4.4980    0.1110
       2230+114 121257 53770.50900  5000.0   0.0000    4.7620    0.1140
       2230+114 122428 53770.51700  5000.0   0.0000    4.8090    0.1070
       2230+114 084243 53826.36300  5000.0   0.0000    4.9890    0.1530
       2230+114 072916 53852.31200  5000.0   0.0000    4.9680    0.2090
       2230+114 074214 53852.32100  5000.0   0.0000    5.1400    0.2160
       2230+114 000126 53975.00100  5000.0   0.0000    5.1800    0.1310
       2230+114 001423 53975.01000  5000.0   0.0000    5.0500    0.1240
       2230+114 211843 54011.88800  5000.0   0.0000    4.6680    0.1030
       2230+114 213307 54011.89800  5000.0   0.0000    4.7400    0.0920
       2230+114 192204 54023.80700  5000.0   0.0000    4.6860    0.1180
       2230+114 193502 54023.81600  5000.0   0.0000    4.7120    0.1130
       2230+114 045804 54200.20700  5000.0   0.0000    4.1630    0.1030
       2230+114 051102 54200.21600  5000.0   0.0000    4.1850    0.1000
       2230+114 015345 54290.07900  5000.0   0.0000    4.1460    0.0710
       2230+114 020643 54290.08800  5000.0   0.0000    4.1160    0.0710
       2230+114 031550 54297.13600  5000.0   0.0000    4.2660    0.1210
       2230+114 032848 54297.14500  5000.0   0.0000    4.3420    0.1230
       2230+114 213140 54347.89700  5000.0   0.0000    4.7000    0.1590
       2230+114 214604 54347.90700  5000.0   0.0000    3.9390    0.2180
       2230+114 215902 54347.91600  5000.0   0.0000    4.3720    0.1370
       2230+114 221159 54347.92500  5000.0   0.0000    4.4090    0.1340
       2230+114 202945 54396.85400  5000.0   0.0000    4.3220    0.1070
       2230+114 204243 54396.86300  5000.0   0.0000    4.4250    0.1050
       2230+114 231102 54723.96600  5000.0   0.0000    4.5480    0.1570
       2230+114 232400 54723.97500  5000.0   0.0000    4.5150    0.1660
       2230+114 192457 54779.80900  5000.0   0.0000    4.6910    0.1150
       2230+114 193755 54779.81800  5000.0   0.0000    4.6200    0.1250
       2230+114 103043 54912.43800  5000.0   0.0000    4.3100    0.3650
       2230+114 104340 54912.44700  5000.0   0.0000    4.1410    0.2970
       2230+114 094857 54953.40900  5000.0   0.0000    4.8490    0.3960
       2230+114 100321 54953.41900  5000.0   0.0000    4.8820    0.3980
       2230+114 034019 55003.15300  5000.0   0.0000    4.7500    0.1830
       2230+114 035316 55003.16200  5000.0   0.0000    4.6800    0.1740
       2230+114 021814 55034.09600  5000.0   0.0000    5.0430    0.2720
       2230+114 012331 55063.05800  5000.0   0.0000    5.3280    0.2900
       2230+114 204243 55099.86300  5000.0   0.0000    5.3200    0.1260
       2230+114 205707 55099.87300  5000.0   0.0000    5.3440    0.1220
       2230+114 202652 55121.85200  5000.0   0.0000    5.6180    0.1410
       2230+114 204116 55121.86200  5000.0   0.0000    5.4660    0.1360
       2230+114 142233 55209.59900  5000.0   0.0000    5.6090    0.1950
       2230+114 143657 55209.60900  5000.0   0.0000    5.4980    0.2300
       2230+114 074800 53478.32500  8000.0   0.0000    3.4230    0.1290
       2230+114 075931 53478.33300  8000.0   0.0000    3.8260    0.1270
       2230+114 050223 53511.21000  8000.0   0.0000    3.9850    0.1170
       2230+114 035736 53544.16500  8000.0   0.0000    4.0360    0.1600
       2230+114 232819 53544.97800  8000.0   0.0000    4.2320    0.3150
       2230+114 063559 53545.27500  8000.0   0.0000    4.0370    0.1790
       2230+114 203657 53576.85900  8000.0   0.0000    4.3070    0.1530
       2230+114 031843 53577.13800  8000.0   0.0000    4.2120    0.1340
       2230+114 231648 53577.97000  8000.0   0.0000    4.1810    0.1260
       2230+114 042204 53578.18200  8000.0   0.0000    4.1630    0.1270
       2230+114 210838 53587.88100  8000.0   0.0000    4.2250    0.1520
       2230+114 235833 53587.99900  8000.0   0.0000    4.1060    0.1330
       2230+114 213140 53605.89700  8000.0   0.0000    4.1670    0.1550
       2230+114 165931 53637.70800  8000.0   0.0000    4.1100    0.1220
       2230+114 004019 53638.02800  8000.0   0.0000    4.0330    0.1580
       2230+114 140057 53698.58400  8000.0   0.0000    4.3140    0.1870
       2230+114 210838 53698.88100  8000.0   0.0000    4.8370    0.1720
       2230+114 192331 53720.80800  8000.0   0.0000    4.4200    0.1300
       2230+114 150000 53721.62500  8000.0   0.0000    4.3400    0.2100
       2230+114 164926 53722.70100  8000.0   0.0000    4.4890    0.1230
       2230+114 122136 53740.51500  8000.0   0.0000    4.8840    0.1100
       2230+114 092136 53741.39000  8000.0   0.0000    4.8080    0.1080
       2230+114 122136 53741.51500  8000.0   0.0000    4.9130    0.1120
       2230+114 084955 53742.36800  8000.0   0.0000    4.8450    0.1120
       2230+114 122009 53744.51400  8000.0   0.0000    4.9860    0.1150
       2230+114 094731 53805.40800  8000.0   0.0000    5.5850    0.3360
       2230+114 100028 53805.41700  8000.0   0.0000    6.3280    0.2260
       2230+114 064438 53851.28100  8000.0   0.0000    5.0370    0.2010
       2230+114 065736 53851.29000  8000.0   0.0000    4.8460    0.2100
       2230+114 054536 53860.24000  8000.0   0.0000    5.3090    0.1360
       2230+114 054116 53861.23700  8000.0   0.0000    5.3110    0.1330
       2230+114 040907 53908.17300  8000.0   0.0000    5.4290    0.1590
       2230+114 015638 53956.08100  8000.0   0.0000    4.9110    0.2060
       2230+114 001257 53974.00900  8000.0   0.0000    4.6310    0.1050
       2230+114 214604 54010.90700  8000.0   0.0000    4.2850    0.1710
       2230+114 194926 54022.82600  8000.0   0.0000    4.2810    0.1450
       2230+114 191033 54037.79900  8000.0   0.0000    4.1820    0.1300
       2230+114 171102 54058.71600  8000.0   0.0000    4.0700    0.2740
       2230+114 165638 54080.70600  8000.0   0.0000    3.7620    0.0730
       2230+114 151004 54098.63200  8000.0   0.0000    3.7340    0.1380
       2230+114 134633 54121.57400  8000.0   0.0000    3.5060    0.1070
       2230+114 112945 54149.47900  8000.0   0.0000    3.4510    0.1830
       2230+114 090545 54199.37900  8000.0   0.0000    3.5330    0.0920
       2230+114 091843 54220.38800  8000.0   0.0000    3.4440    0.1100
       2230+114 091843 54220.38800  8000.0   0.0000    3.4440    0.1100
       2230+114 022819 54276.10300  8000.0   0.0000    3.6570    0.1190
       2230+114 010155 54289.04300  8000.0   0.0000    3.6340    0.0760
       2230+114 024409 54296.11400  8000.0   0.0000    3.6780    0.1210
       2230+114 013628 54325.06700  8000.0   0.0000    3.7230    0.1170
       2230+114 233111 54343.98000  8000.0   0.0000    3.8830    0.1060
       2230+114 211004 54373.88200  8000.0   0.0000    3.9620    0.1020
       2230+114 185609 54420.78900  8000.0   0.0000    3.8320    0.1170
       2230+114 173823 54435.73500  8000.0   0.0000    3.8870    0.1190
       2230+114 111102 54513.46600  8000.0   0.0000    3.8550    0.1320
       2230+114 112526 54576.47600  8000.0   0.0000    3.9690    0.1400
       2230+114 093140 54605.39700  8000.0   0.0000    4.0070    0.4780
       2230+114 023238 54641.10600  8000.0   0.0000    4.2900    0.1570
       2230+114 014633 54653.07400  8000.0   0.0000    4.3430    0.1540
       2230+114 011159 54667.05000  8000.0   0.0000    4.4730    0.1920
       2230+114 000252 54688.00200  8000.0   0.0000    4.6610    0.1180
       2230+114 222331 54722.93300  8000.0   0.0000    4.3810    0.2400
       2230+114 174409 54777.73900  8000.0   0.0000    4.6100    0.1280
       2230+114 085540 54951.37200  8000.0   0.0000    4.6670    0.3990
       2230+114 034145 55004.15400  8000.0   0.0000    5.9360    0.8910
       2230+114 023950 55035.11100  8000.0   0.0000    5.6200    0.1320
       2230+114 225052 55063.95200  8000.0   0.0000    5.6710    0.1930
       2230+114 234702 55076.99100  8000.0   0.0000    5.9090    0.1950
       2230+114 212302 55100.89100  8000.0   0.0000    6.0280    0.0930
       2230+114 204955 55122.86800  8000.0   0.0000    5.5360    0.2480
       2230+114 141814 55208.59600  8000.0   0.0000    5.9290    0.2350
       2251+158 132038 53373.55600 22000.0   0.0000    7.5530    0.4570
       2251+158 132331 53377.55800 22000.0   0.0000    7.7700    0.4680
       2251+158 132331 53379.55800 22000.0   0.0000    7.7660    0.4700
       2251+158 132331 53380.55800 22000.0   0.0000    7.4830    0.4530
       2251+158 110935 53413.46500 22000.0   0.0000    7.2140    0.2220
       2251+158 101159 53414.42500 22000.0   0.0000    6.8880    0.2260
       2251+158 110935 53414.46500 22000.0   0.0000    7.1390    0.2310
       2251+158 101452 53415.42700 22000.0   0.0000    7.2650    0.3760
       2251+158 074047 53442.32000 22000.0   0.0000    7.2740    0.2110
       2251+158 074047 53443.32000 22000.0   0.0000    6.8210    0.1970
       2251+158 083950 53443.36100 22000.0   0.0000    7.0950    0.2040
       2251+158 074047 53444.32000 22000.0   0.0000    7.0400    0.2060
       2251+158 084409 53444.36400 22000.0   0.0000    7.2050    0.2130
       2251+158 064311 53466.28000 22000.0   0.0000    6.8360    0.5120
       2251+158 074047 53466.32000 22000.0   0.0000    5.4550    0.5220
       2251+158 101033 53506.42400 22000.0   0.0000    4.7980    0.3620
       2251+158 102038 53506.43100 22000.0   0.0000    4.1740    0.3230
       2251+158 104507 53506.44800 22000.0   0.0000    4.2300    0.3550
       2251+158 111940 53506.47200 22000.0   0.0000    5.0010    0.4310
       2251+158 021102 53511.09100 22000.0   0.0000    5.2090    0.6640
       2251+158 021102 53512.09100 22000.0   0.0000    5.7840    0.6570
       2251+158 032555 53512.14300 22000.0   0.0000    5.1380    0.6250
       2251+158 212302 53606.89100 22000.0   0.0000    7.1090    0.4610
       2251+158 213433 53606.89900 22000.0   0.0000    6.9160    0.4320
       2251+158 181257 53629.75900 22000.0   0.0000   10.1900    0.6910
       2251+158 231355 53629.96800 22000.0   0.0000    9.8610    0.5750
       2251+158 232400 53629.97500 22000.0   0.0000   10.2990    0.5410
       2251+158 014214 53637.07100 22000.0   0.0000   11.4070    0.5900
       2251+158 210126 53637.87600 22000.0   0.0000   10.6020    0.4720
       2251+158 173238 53698.73100 22000.0   0.0000   12.1590    0.3940
       2251+158 154438 53720.65600 22000.0   0.0000   12.2300    0.7120
       2251+158 201355 53721.84300 22000.0   0.0000   12.3850    0.8070
       2251+158 124604 53743.53200 22000.0   0.0000   12.1160    0.6600
       2251+158 163043 53743.68800 22000.0   0.0000   11.4880    0.5970
       2251+158 090545 53751.37900 22000.0   0.0000   10.5440    0.5290
       2251+158 113531 53751.48300 22000.0   0.0000   11.2260    0.5690
       2251+158 133628 53772.56700 22000.0   0.0000   14.6640    0.7470
       2251+158 134926 53772.57600 22000.0   0.0000   14.9260    0.7570
       2251+158 105931 53806.45800 22000.0   0.0000   14.9350    1.7920
       2251+158 080350 53862.33600 22000.0   0.0000   10.7800    0.6580
       2251+158 081648 53862.34500 22000.0   0.0000   10.8820    0.6500
       2251+158 032009 53927.13900 22000.0   0.0000    9.5020    1.1950
       2251+158 014214 53955.07100 22000.0   0.0000    6.0280    0.6840
       2251+158 015512 53955.08000 22000.0   0.0000    6.1780    0.7150
       2251+158 003852 53973.02700 22000.0   0.0000    5.2650    0.6220
       2251+158 212009 54009.88900 22000.0   0.0000    7.2660    0.6000
       2251+158 213307 54009.89800 22000.0   0.0000    6.5100    0.5410
       2251+158 201102 54021.84100 22000.0   0.0000    6.1650    0.3870
       2251+158 202400 54021.85000 22000.0   0.0000    6.1310    0.3710
       2251+158 181843 54056.76300 22000.0   0.0000    5.9610    0.4890
       2251+158 183307 54056.77300 22000.0   0.0000    5.7250    0.4950
       2251+158 184604 54056.78200 22000.0   0.0000    6.1870    0.5010
       2251+158 185902 54056.79100 22000.0   0.0000    6.2920    0.5730
       2251+158 200643 54080.83800 22000.0   0.0000    5.6430    0.4530
       2251+158 201940 54080.84700 22000.0   0.0000    5.8230    0.4460
       2251+158 203238 54080.85600 22000.0   0.0000    5.7310    0.5410
       2251+158 155902 54119.66600 22000.0   0.0000    5.3040    0.3540
       2251+158 161326 54119.67600 22000.0   0.0000    6.1070    0.3590
       2251+158 162624 54119.68500 22000.0   0.0000    5.4100    0.3980
       2251+158 163921 54119.69400 22000.0   0.0000    5.3940    0.4980
       2251+158 103335 54120.44000 22000.0   0.0000    5.8640    0.5010
       2251+158 104633 54120.44900 22000.0   0.0000    5.3680    0.5690
       2251+158 105931 54120.45800 22000.0   0.0000    6.0840    0.4610
       2251+158 111228 54120.46700 22000.0   0.0000    6.0280    0.5880
       2251+158 140516 54147.58700 22000.0   0.0000    5.8540    0.3410
       2251+158 141814 54147.59600 22000.0   0.0000    5.5920    0.2730
       2251+158 143111 54147.60500 22000.0   0.0000    6.0770    0.2900
       2251+158 144409 54147.61400 22000.0   0.0000    5.6430    0.2710
       2251+158 093140 54148.39700 22000.0   0.0000    5.3790    0.4930
       2251+158 094438 54148.40600 22000.0   0.0000    5.9310    0.4480
       2251+158 095736 54148.41500 22000.0   0.0000    5.9490    0.4430
       2251+158 101033 54148.42400 22000.0   0.0000    5.6160    0.4750
       2251+158 121423 54183.51000 22000.0   0.0000    5.3490    0.6030
       2251+158 122721 54183.51900 22000.0   0.0000    4.9180    0.6540
       2251+158 124019 54183.52800 22000.0   0.0000    3.9490    0.5740
       2251+158 060126 54197.25100 22000.0   0.0000    6.3480    1.0000
       2251+158 061423 54197.26000 22000.0   0.0000    4.7840    1.3290
       2251+158 063852 54218.27700 22000.0   0.0000    5.1190    0.4020
       2251+158 063852 54218.27700 22000.0   0.0000    5.1190    0.4020
       2251+158 065150 54218.28600 22000.0   0.0000    5.1080    0.4490
       2251+158 065150 54218.28600 22000.0   0.0000    5.1080    0.4490
       2251+158 070447 54218.29500 22000.0   0.0000    4.9600    0.4300
       2251+158 070447 54218.29500 22000.0   0.0000    4.9600    0.4300
       2251+158 071745 54218.30400 22000.0   0.0000    5.1400    0.4100
       2251+158 071745 54218.30400 22000.0   0.0000    5.1400    0.4100
       2251+158 012750 54274.06100 22000.0   0.0000    5.3520    0.4930
       2251+158 014047 54274.07000 22000.0   0.0000    5.7610    0.4620
       2251+158 015345 54274.07900 22000.0   0.0000    5.7890    0.5380
       2251+158 020643 54274.08800 22000.0   0.0000    6.0430    0.6150
       2251+158 031423 54288.13500 22000.0   0.0000    6.1380    0.4700
       2251+158 032721 54288.14400 22000.0   0.0000    5.7450    0.4610
       2251+158 051521 54295.21900 22000.0   0.0000    7.4090    1.2430
       2251+158 052945 54295.22900 22000.0   0.0000    6.4920    1.1680
       2251+158 001843 54323.01300 22000.0   0.0000    8.5020    0.5350
       2251+158 003140 54323.02200 22000.0   0.0000    7.4830    0.6320
       2251+158 004604 54323.03200 22000.0   0.0000    7.8800    0.6960
       2251+158 005902 54323.04100 22000.0   0.0000    7.7470    0.6860
       2251+158 231102 54344.96600 22000.0   0.0000    9.8360    0.8090
       2251+158 232526 54344.97600 22000.0   0.0000    8.9930    0.6700
       2251+158 233823 54344.98500 22000.0   0.0000    9.5940    0.7180
       2251+158 235121 54344.99400 22000.0   0.0000    7.5660    0.4550
       2251+158 224633 54371.94900 22000.0   0.0000    9.7000    0.3530
       2251+158 225931 54371.95800 22000.0   0.0000   10.5240    0.3640
       2251+158 231228 54371.96700 22000.0   0.0000    9.7390    0.4660
       2251+158 212848 54385.89500 22000.0   0.0000   10.1260    0.8190
       2251+158 215609 54385.91400 22000.0   0.0000    9.4290    1.1740
       2251+158 121423 54456.51000 22000.0   0.0000    9.1100    0.5110
       2251+158 122721 54456.51900 22000.0   0.0000    9.4050    0.5680
       2251+158 124145 54456.52900 22000.0   0.0000    9.4880    0.5570
       2251+158 125443 54456.53800 22000.0   0.0000    9.8770    0.6490
       2251+158 131619 54460.55300 22000.0   0.0000    9.6770    0.3480
       2251+158 133043 54460.56300 22000.0   0.0000   10.4920    0.3510
       2251+158 085707 54512.37300 22000.0   0.0000    9.0670    0.5030
       2251+158 091004 54512.38200 22000.0   0.0000    9.5380    0.5760
       2251+158 092428 54512.39200 22000.0   0.0000    9.3980    0.5410
       2251+158 093726 54512.40100 22000.0   0.0000    9.1610    0.5150
       2251+158 095443 54561.41300 22000.0   0.0000   10.4950    0.4730
       2251+158 100740 54561.42200 22000.0   0.0000   11.7330    0.4970
       2251+158 102204 54561.43200 22000.0   0.0000   11.9350    0.4980
       2251+158 101745 54575.42900 22000.0   0.0000   11.6950    1.1830
       2251+158 103209 54575.43900 22000.0   0.0000   11.0740    1.1320
       2251+158 034731 54652.15800 22000.0   0.0000   15.4060    2.3180
       2251+158 040155 54652.16800 22000.0   0.0000   15.9630    2.4020
       2251+158 041452 54652.17700 22000.0   0.0000   16.1280    2.4250
       2251+158 021814 54666.09600 22000.0   0.0000   15.9020    1.4420
       2251+158 024409 54666.11400 22000.0   0.0000   14.2770    1.2970
       2251+158 011033 54687.04900 22000.0   0.0000   20.4480    2.6070
       2251+158 013628 54687.06700 22000.0   0.0000   15.8880    1.9310
       2251+158 215150 54721.91100 22000.0   0.0000   20.7700    4.1570
       2251+158 220447 54721.92000 22000.0   0.0000   17.7860    3.6130
       2251+158 193628 54778.81700 22000.0   0.0000   16.2070    1.6390
       2251+158 194926 54778.82600 22000.0   0.0000   16.6700    1.6890
       2251+158 200223 54778.83500 22000.0   0.0000   16.7190    1.6860
       2251+158 173404 54815.73200 22000.0   0.0000   13.6180    1.3820
       2251+158 174702 54815.74100 22000.0   0.0000   13.7100    1.3900
       2251+158 094857 54911.40900 22000.0   0.0000    7.4800    0.8430
       2251+158 100155 54911.41800 22000.0   0.0000    8.2770    0.8980
       2251+158 101452 54911.42700 22000.0   0.0000    8.2870    0.9240
       2251+158 085540 54952.37200 22000.0   0.0000    6.5900    0.8340
       2251+158 091004 54952.38200 22000.0   0.0000    6.4030    0.8200
       2251+158 092302 54952.39100 22000.0   0.0000    6.5120    0.8710
       2251+158 032009 55002.13900 22000.0   0.0000    9.6800    2.4660
       2251+158 225512 55033.95500 22000.0   0.0000    6.4720    0.5710
       2251+158 230809 55033.96400 22000.0   0.0000    6.2200    0.6080
       2251+158 213433 55061.89900 22000.0   0.0000    6.0250    0.6880
       2251+158 214857 55061.90900 22000.0   0.0000    5.9070    0.7900
       2251+158 201940 55098.84700 22000.0   0.0000    6.9520    0.4340
       2251+158 203404 55098.85700 22000.0   0.0000    7.1670    0.4510
       2251+158 190155 55120.79300 22000.0   0.0000    8.5000    0.7630
       2251+158 123433 55209.52400 22000.0   0.0000   17.4320    1.4120
       2251+158 124731 55209.53300 22000.0   0.0000   18.7600    1.1200
       2251+158 040614 53826.17100 43000.0   0.0000   15.2450    5.6320
       2251+158 045052 53826.20200 43000.0   0.0000   15.1980    5.0860
       2251+158 063559 53826.27500 43000.0   0.0000   13.2730    4.1260
       2251+158 040614 53827.17100 43000.0   0.0000   14.4470    5.2590
       2251+158 043628 53855.19200 43000.0   0.0000   11.2840    1.9740
       2251+158 015052 53879.07700 43000.0   0.0000    8.1340    1.4940
       2251+158 033559 53879.15000 43000.0   0.0000    7.9520    1.3510
       2251+158 013628 53913.06700 43000.0   0.0000    7.2860    1.4150
       2251+158 003559 53928.02500 43000.0   0.0000    5.8080    0.9100
       2251+158 225052 53930.95200 43000.0   0.0000    5.2480    0.9570
       2251+158 205121 53950.86900 43000.0   0.0000    5.8290    1.3260
       2251+158 223628 53950.94200 43000.0   0.0000    5.5500    1.1990
       2251+158 212848 53951.89500 43000.0   0.0000    5.8950    1.2550
       2251+158 223628 53952.94200 43000.0   0.0000    6.0540    1.2630
       2251+158 195052 53971.82700 43000.0   0.0000    5.3890    1.4190
       2251+158 195052 53972.82700 43000.0   0.0000    5.4390    1.3890
       2251+158 213140 53972.89700 43000.0   0.0000    5.5790    1.2080
       2251+158 175121 53998.74400 43000.0   0.0000    5.6280    1.1310
       2251+158 193628 53998.81700 43000.0   0.0000    5.3080    0.9760
       2251+158 170643 53999.71300 43000.0   0.0000    4.9980    1.1870
       2251+158 175121 53999.74400 43000.0   0.0000    5.0080    1.0330
       2251+158 193628 53999.81700 43000.0   0.0000    5.5700    1.0170
       2251+158 170643 54000.71300 43000.0   0.0000    5.3220    1.1650
       2251+158 175121 54000.74400 43000.0   0.0000    5.6630    1.1400
       2251+158 193628 54000.81700 43000.0   0.0000    5.5770    1.0420
       2251+158 155150 54025.66100 43000.0   0.0000    6.2070    1.8520
       2251+158 155150 54026.66100 43000.0   0.0000    5.2670    1.5990
       2251+158 230643 54276.96300 43000.0   0.0000    8.3400    1.0640
       2251+158 234243 54276.98800 43000.0   0.0000   10.2530    1.2500
       2251+158 013628 54277.06700 43000.0   0.0000    8.0970    0.9830
       2251+158 234243 54277.98800 43000.0   0.0000    9.1480    1.3570
       2251+158 195052 54320.82700 43000.0   0.0000    7.7900    0.9990
       2251+158 203657 54320.85900 43000.0   0.0000    8.4830    0.9960
       2251+158 223628 54320.94200 43000.0   0.0000    7.2670    0.8500
       2251+158 195052 54321.82700 43000.0   0.0000   10.0790    1.2580
       2251+158 203657 54321.85900 43000.0   0.0000   10.2770    1.1610
       2251+158 223628 54321.94200 43000.0   0.0000    6.7420    0.8000
       2251+158 195052 54322.82700 43000.0   0.0000    7.2620    0.9500
       2251+158 203657 54322.85900 43000.0   0.0000    8.6210    1.0140
       2251+158 193628 54365.81700 43000.0   0.0000   12.2550    1.3730
       2251+158 165638 54366.70600 43000.0   0.0000   13.2780    1.7260
       2251+158 173657 54366.73400 43000.0   0.0000   11.1480    1.1850
       2251+158 193628 54366.81700 43000.0   0.0000   11.2450    1.2550
       2251+158 155024 54389.66000 43000.0   0.0000   13.5260    1.4590
       2251+158 155316 54390.66200 43000.0   0.0000   12.1420    1.4080
       2251+158 183559 54390.77500 43000.0   0.0000   12.6430    1.2670
       2251+158 165638 54421.70600 43000.0   0.0000   15.4760    1.9710
       2251+158 135052 54422.57700 43000.0   0.0000   11.1070    1.4370
       2251+158 155150 54422.66100 43000.0   0.0000   14.4010    1.7620
       2251+158 135219 54424.57800 43000.0   0.0000   14.0040    1.7640
       2251+158 155150 54424.66100 43000.0   0.0000   15.6970    1.9280
       2251+158 151423 54434.63500 43000.0   0.0000   14.5460    2.3040
       2251+158 145121 54435.61900 43000.0   0.0000   14.4230    2.3290
       2251+158 135345 54437.57900 43000.0   0.0000   14.4330    2.7900
       2251+158 155150 54437.66100 43000.0   0.0000   15.7940    2.4020
       2251+158 145121 54451.61900 43000.0   0.0000   18.7450    3.0170
       2251+158 105219 54478.45300 43000.0   0.0000   13.5580    1.9220
       2251+158 124857 54478.53400 43000.0   0.0000   12.3240    2.0400
       2251+158 100740 54479.42200 43000.0   0.0000   10.6040    1.4210
       2251+158 123307 54479.52300 43000.0   0.0000   11.7250    1.6920
       2251+158 100614 54480.42100 43000.0   0.0000   11.9220    1.6390
       2251+158 105219 54480.45300 43000.0   0.0000   11.0850    1.5280
       2251+158 125150 54480.53600 43000.0   0.0000   12.9310    1.8520
       2251+158 080643 54505.33800 43000.0   0.0000    8.0740    1.0130
       2251+158 105052 54505.45200 43000.0   0.0000   10.1740    1.8880
       2251+158 071912 54506.30500 43000.0   0.0000   14.4380    1.6370
       2251+158 080643 54506.33800 43000.0   0.0000   12.0950    1.4320
       2251+158 085540 54506.37200 43000.0   0.0000   10.4080    1.5520
       2251+158 105219 54506.45300 43000.0   0.0000   14.1610    1.7990
       2251+158 080643 54507.33800 43000.0   0.0000   11.0160    1.2790
       2251+158 105219 54507.45300 43000.0   0.0000   12.8830    1.6610
       2251+158 070740 54523.29700 43000.0   0.0000   12.6200    1.2900
       2251+158 075638 54523.33100 43000.0   0.0000   13.1450    1.4210
       2251+158 095024 54523.41000 43000.0   0.0000    8.3770    0.9840
       2251+158 045219 54556.20300 43000.0   0.0000   10.0660    1.0070
       2251+158 040740 54557.17200 43000.0   0.0000    9.5320    0.9130
       2251+158 045219 54557.20300 43000.0   0.0000    9.4460    0.9870
       2251+158 063726 54572.27600 43000.0   0.0000   10.6400    1.1910
       2251+158 020643 54580.08800 43000.0   0.0000   13.0950    1.2230
       2251+158 045219 54580.20300 43000.0   0.0000   13.5760    1.3760
       2251+158 020643 54581.08800 43000.0   0.0000   15.3390    1.3780
       2251+158 045052 54581.20200 43000.0   0.0000   13.6300    1.3850
       2251+158 015052 54597.07700 43000.0   0.0000   13.2890    1.5830
       2251+158 035150 54599.16100 43000.0   0.0000   11.9380    1.3560
       2251+158 025121 54611.11900 43000.0   0.0000   13.7950    1.3880
       2251+158 025121 54612.11900 43000.0   0.0000   13.7700    1.3880
       2251+158 005024 54613.03500 43000.0   0.0000   14.0990    1.2900
       2251+158 025121 54613.11900 43000.0   0.0000   14.1280    1.4170
       2251+158 225219 54641.95300 43000.0   0.0000   21.3460    2.2310
       2251+158 005316 54642.03700 43000.0   0.0000   18.2740    2.3390
       2251+158 225052 54642.95200 43000.0   0.0000   19.5570    1.9900
       2251+158 005150 54643.03600 43000.0   0.0000   18.2300    2.2890
       2251+158 225219 54643.95300 43000.0   0.0000   17.6870    1.9090
       2251+158 005150 54644.03600 43000.0   0.0000   18.6830    2.3340
       2251+158 230350 54658.96100 43000.0   0.0000   21.0310    3.2460
       2251+158 235121 54658.99400 43000.0   0.0000   18.5070    2.9770
       2251+158 230350 54659.96100 43000.0   0.0000   20.7960    3.1910
       2251+158 235121 54659.99400 43000.0   0.0000   19.3460    3.0980
       2251+158 220321 54679.91900 43000.0   0.0000   24.3000    2.4630
       2251+158 225219 54679.95300 43000.0   0.0000   27.1750    2.8250
       2251+158 220321 54680.91900 43000.0   0.0000   24.0970    2.4500
       2251+158 225052 54680.95200 43000.0   0.0000   27.0660    2.8250
       2251+158 220321 54681.91900 43000.0   0.0000   25.3450    2.5860
       2251+158 225219 54681.95300 43000.0   0.0000   27.0200    2.7790
       2251+158 200643 54709.83800 43000.0   0.0000   29.3270    3.3110
       2251+158 205121 54709.86900 43000.0   0.0000   30.1330    3.1830
       2251+158 200223 54710.83500 43000.0   0.0000   27.2460    2.8970
       2251+158 205121 54710.86900 43000.0   0.0000   28.4560    3.0430
       2251+158 163628 54743.69200 43000.0   0.0000   26.5000    3.4320
       2251+158 183559 54743.77500 43000.0   0.0000   26.8950    3.9670
       2251+158 163628 54744.69200 43000.0   0.0000   24.8040    3.2690
       2251+158 183559 54744.77500 43000.0   0.0000   25.4290    3.8240
       2251+158 163628 54745.69200 43000.0   0.0000   26.8460    3.5180
       2251+158 183559 54745.77500 43000.0   0.0000   27.6480    4.0540
       2251+158 155150 54779.66100 43000.0   0.0000   19.5450    2.8200
       2251+158 155150 54780.66100 43000.0   0.0000   17.6260    2.5130
       2251+158 155150 54781.66100 43000.0   0.0000   19.5690    2.8080
       2251+158 131159 54808.55000 43000.0   0.0000   21.7490    2.8150
       2251+158 135052 54808.57700 43000.0   0.0000   21.3680    2.6570
       2251+158 123559 54809.52500 43000.0   0.0000   22.3830    2.8080
       2251+158 130614 54809.54600 43000.0   0.0000   21.1520    2.6880
       2251+158 135052 54809.57700 43000.0   0.0000   21.4510    2.7220
       2251+158 100614 54841.42100 43000.0   0.0000   16.2260    2.8420
       2251+158 125150 54841.53600 43000.0   0.0000   12.3380    1.9150
       2251+158 100740 54842.42200 43000.0   0.0000   12.9180    2.1510
       2251+158 125024 54842.53500 43000.0   0.0000   12.5570    1.9860
       2251+158 080643 54877.33800 43000.0   0.0000   10.0860    1.2910
       2251+158 105219 54877.45300 43000.0   0.0000   10.2110    1.5800
       2251+158 080516 54879.33700 43000.0   0.0000    8.2300    1.0690
       2251+158 105219 54879.45300 43000.0   0.0000    8.6670    1.1270
       2251+158 045052 54930.20200 43000.0   0.0000    6.2710    0.6250
       2251+158 065150 54930.28600 43000.0   0.0000    6.2880    0.6750
       2251+158 035150 54959.16100 43000.0   0.0000    4.9930    0.5690
       2251+158 035150 54961.16100 43000.0   0.0000    5.4140    0.6080
       2251+158 005150 55009.03600 43000.0   0.0000    6.3200    0.7160
       2251+158 005150 55010.03600 43000.0   0.0000    5.6600    0.6520
       2251+158 005150 55011.03600 43000.0   0.0000    5.5990    0.6620
       2251+158 140643 55151.58800 43000.0   0.0000   21.6220    2.5380
       2251+158 133628 55157.56700 43000.0   0.0000   24.6300    2.8250
       2251+158 132624 55161.56000 43000.0   0.0000   22.5780    3.2530
       2251+158 132750 55165.56100 43000.0   0.0000   26.7840    3.4060
       2251+158 130740 55167.54700 43000.0   0.0000   24.6760    3.5730
       2251+158 135512 55167.58000 43000.0   0.0000   23.3500    3.4410
       2251+158 155150 55167.66100 43000.0   0.0000   25.2340    3.9300
       2251+158 130614 55168.54600 43000.0   0.0000   23.0430    3.2760
       2251+158 135219 55168.57800 43000.0   0.0000   26.0220    3.9280
       2251+158 155150 55168.66100 43000.0   0.0000   23.5180    3.6050
       2251+158 121550 55174.51100 43000.0   0.0000   21.8000    2.5440
       2251+158 122302 55175.51600 43000.0   0.0000   21.7120    2.5760
       2251+158 123014 55176.52100 43000.0   0.0000   27.0610    3.2330
       2251+158 111521 55184.46900 43000.0   0.0000   21.2230    2.4900
       2251+158 112945 55185.47900 43000.0   0.0000   21.5010    2.4670
       2251+158 114116 55187.48700 43000.0   0.0000   26.4180    3.0600
       2251+158 112652 55189.47700 43000.0   0.0000   23.6710    2.6810
       2251+158 105052 55209.45200 43000.0   0.0000   26.3370    2.8630
       2251+158 125150 55209.53600 43000.0   0.0000   28.1800    3.4010
       2251+158 100614 55211.42100 43000.0   0.0000   25.7380    2.6510
       2251+158 125902 53354.54100  5000.0   0.0000   11.1470    0.1200
       2251+158 130028 53356.54200  5000.0   0.0000   11.1160    0.1400
       2251+158 131159 53356.55000  5000.0   0.0000   11.1790    0.1230
       2251+158 141355 53356.59300  5000.0   0.0000   11.0840    0.1210
       2251+158 142400 53356.60000  5000.0   0.0000   11.0410    0.1180
       2251+158 130028 53357.54200  5000.0   0.0000   11.1010    0.1190
       2251+158 131159 53357.55000  5000.0   0.0000   11.0920    0.1190
       2251+158 141355 53357.59300  5000.0   0.0000   11.0870    0.1200
       2251+158 142400 53357.60000  5000.0   0.0000   11.0750    0.1190
       2251+158 130028 53358.54200  5000.0   0.0000   11.0190    0.1320
       2251+158 131159 53358.55000  5000.0   0.0000   10.9050    0.1820
       2251+158 141355 53358.59300  5000.0   0.0000   11.1270    0.1200
       2251+158 142400 53358.60000  5000.0   0.0000   11.1080    0.1190
       2251+158 130028 53359.54200  5000.0   0.0000   11.2220    0.1200
       2251+158 131159 53359.55000  5000.0   0.0000   11.1890    0.1200
       2251+158 141355 53359.59300  5000.0   0.0000   11.1560    0.1190
       2251+158 142400 53359.60000  5000.0   0.0000   11.1530    0.1180
       2251+158 123433 53384.52400  5000.0   0.0000   11.3040    0.1640
       2251+158 123433 53385.52400  5000.0   0.0000   11.3670    0.1640
       2251+158 123433 53386.52400  5000.0   0.0000   11.3460    0.1630
       2251+158 123433 53387.52400  5000.0   0.0000   11.3990    0.1650
       2251+158 132916 53388.56200  5000.0   0.0000   11.6320    0.5920
       2251+158 074340 53445.32200  5000.0   0.0000   11.4580    0.1920
       2251+158 084243 53448.36300  5000.0   0.0000   11.6950    0.1970
       2251+158 075219 53449.32800  5000.0   0.0000   11.6370    0.1960
       2251+158 073921 53450.31900  5000.0   0.0000   11.7130    0.1970
       2251+158 074800 53451.32500  5000.0   0.0000   11.7810    0.1980
       2251+158 114409 53457.48900  5000.0   0.0000   11.0840    0.2410
       2251+158 115540 53457.49700  5000.0   0.0000   11.1520    0.2360
       2251+158 043755 53478.19300  5000.0   0.0000   11.3290    0.2110
       2251+158 044926 53478.20100  5000.0   0.0000   11.3400    0.2090
       2251+158 114955 53478.49300  5000.0   0.0000   11.4240    0.2150
       2251+158 101326 53503.42600  5000.0   0.0000   11.6080    0.2560
       2251+158 102204 53503.43200  5000.0   0.0000   11.3710    0.2580
       2251+158 102916 53503.43700  5000.0   0.0000   11.6820    0.2620
       2251+158 020935 53504.09000  5000.0   0.0000   11.3770    0.2590
       2251+158 021814 53504.09600  5000.0   0.0000   11.4260    0.2580
       2251+158 022526 53504.10100  5000.0   0.0000   11.6910    0.2740
       2251+158 043043 53504.18800  5000.0   0.0000   11.6910    0.2600
       2251+158 043921 53504.19400  5000.0   0.0000   11.4360    0.2550
       2251+158 044800 53504.20000  5000.0   0.0000   11.3890    0.2570
       2251+158 064145 53504.27900  5000.0   0.0000   11.2430    0.2490
       2251+158 065024 53504.28500  5000.0   0.0000   11.4620    0.2540
       2251+158 065736 53504.29000  5000.0   0.0000   11.1590    0.2510
       2251+158 091843 53504.38800  5000.0   0.0000   11.2420    0.2570
       2251+158 092555 53504.39300  5000.0   0.0000   11.3520    0.2610
       2251+158 093433 53504.39900  5000.0   0.0000   11.4630    0.2540
       2251+158 020350 53505.08600  5000.0   0.0000   11.3020    0.2550
       2251+158 042457 53505.18400  5000.0   0.0000   11.6950    0.2570
       2251+158 043209 53505.18900  5000.0   0.0000   11.2320    0.2470
       2251+158 044047 53505.19500  5000.0   0.0000   11.1890    0.2470
       2251+158 063559 53505.27500  5000.0   0.0000   11.4040    0.2530
       2251+158 064438 53505.28100  5000.0   0.0000   11.2320    0.2500
       2251+158 065316 53505.28700  5000.0   0.0000   11.1580    0.2490
       2251+158 091257 53505.38400  5000.0   0.0000   11.3840    0.2510
       2251+158 092136 53505.39000  5000.0   0.0000   11.3830    0.2510
       2251+158 092848 53505.39500  5000.0   0.0000   11.4000    0.2530
       2251+158 023404 53506.10700  5000.0   0.0000   11.7280    0.2670
       2251+158 024243 53506.11300  5000.0   0.0000   11.2290    0.2570
       2251+158 024955 53506.11800  5000.0   0.0000   11.1700    0.2580
       2251+158 043043 53506.18800  5000.0   0.0000   11.3490    0.2510
       2251+158 043921 53506.19400  5000.0   0.0000   11.1030    0.2420
       2251+158 044633 53506.19900  5000.0   0.0000   11.3900    0.2510
       2251+158 065443 53506.28800  5000.0   0.0000   11.3990    0.2470
       2251+158 070321 53506.29400  5000.0   0.0000   11.4120    0.2490
       2251+158 071033 53506.29900  5000.0   0.0000   11.0980    0.2430
       2251+158 080809 53511.33900  5000.0   0.0000   11.5100    0.2800
       2251+158 081648 53511.34500  5000.0   0.0000   11.5310    0.2790
       2251+158 002009 53544.01400  5000.0   0.0000   11.5150    0.2380
       2251+158 075052 53544.32700  5000.0   0.0000   11.3360    0.2360
       2251+158 032136 53545.14000  5000.0   0.0000   11.4920    0.2360
       2251+158 003433 53577.02400  5000.0   0.0000   11.0440    0.2690
       2251+158 021102 53578.09100  5000.0   0.0000   11.4030    0.2810
       2251+158 225345 53587.95400  5000.0   0.0000   11.2860    0.2940
       2251+158 005902 53606.04100  5000.0   0.0000   11.1860    0.2540
       2251+158 200643 53629.83800  5000.0   0.0000   11.4890    0.2490
       2251+158 004604 53630.03200  5000.0   0.0000   11.6060    0.2560
       2251+158 224047 53638.94500  5000.0   0.0000   11.2920    0.2060
       2251+158 183307 53639.77300  5000.0   0.0000   11.2740    0.2070
       2251+158 213433 53639.89900  5000.0   0.0000   11.0850    0.2050
       2251+158 011912 53640.05500  5000.0   0.0000   11.2650    0.2090
       2251+158 123726 53770.52600  5000.0   0.0000   10.8780    0.1790
       2251+158 125024 53770.53500  5000.0   0.0000   10.9980    0.1830
       2251+158 095024 53826.41000  5000.0   0.0000   10.5310    0.2900
       2251+158 004731 53975.03300  5000.0   0.0000   10.6210    0.2410
       2251+158 010028 53975.04200  5000.0   0.0000   10.6300    0.2360
       2251+158 221912 54011.93000  5000.0   0.0000    9.9280    0.1200
       2251+158 200809 54023.83900  5000.0   0.0000   10.1780    0.2230
       2251+158 202233 54023.84900  5000.0   0.0000   10.1730    0.2290
       2251+158 055248 54200.24500  5000.0   0.0000    9.4960    0.1860
       2251+158 060545 54200.25400  5000.0   0.0000    9.6010    0.1880
       2251+158 051521 54276.21900  5000.0   0.0000    9.0490    0.2800
       2251+158 024955 54290.11800  5000.0   0.0000    9.2200    0.1160
       2251+158 030419 54290.12800  5000.0   0.0000    9.2910    0.1290
       2251+158 042916 54297.18700  5000.0   0.0000    9.2920    0.2450
       2251+158 044214 54297.19600  5000.0   0.0000    9.3410    0.2450
       2251+158 222624 54347.93500  5000.0   0.0000    9.5320    0.2720
       2251+158 224047 54347.94500  5000.0   0.0000    9.4540    0.2680
       2251+158 225345 54347.95400  5000.0   0.0000    9.4280    0.2680
       2251+158 230643 54347.96300  5000.0   0.0000    9.4290    0.2690
       2251+158 232652 54373.97700  5000.0   0.0000    9.1060    0.1950
       2251+158 233950 54373.98600  5000.0   0.0000    9.1250    0.1970
       2251+158 220155 54396.91800  5000.0   0.0000    8.8860    0.1920
       2251+158 221452 54396.92700  5000.0   0.0000    8.8640    0.1950
       2251+158 100447 54563.42000  5000.0   0.0000    9.0970    0.2060
       2251+158 214311 54723.90500  5000.0   0.0000    9.4370    0.2210
       2251+158 215609 54723.91400  5000.0   0.0000    9.5210    0.2240
       2251+158 105804 54912.45700  5000.0   0.0000   10.1010    0.3990
       2251+158 111102 54912.46600  5000.0   0.0000   10.2630    0.4620
       2251+158 101745 54953.42900  5000.0   0.0000   10.6780    0.6630
       2251+158 103043 54953.43800  5000.0   0.0000   10.5530    0.6200
       2251+158 040907 55003.17300  5000.0   0.0000    9.8020    0.3050
       2251+158 042331 55003.18300  5000.0   0.0000    9.8320    0.3070
       2251+158 024702 55034.11600  5000.0   0.0000   10.3030    0.4240
       2251+158 030000 55034.12500  5000.0   0.0000   10.2670    0.4350
       2251+158 013921 55063.06900  5000.0   0.0000   10.0730    0.3820
       2251+158 015345 55063.07900  5000.0   0.0000   10.2580    0.3470
       2251+158 211257 55099.88400  5000.0   0.0000    9.6520    0.2060
       2251+158 212721 55099.89400  5000.0   0.0000    9.7040    0.2040
       2251+158 205707 55121.87300  5000.0   0.0000    9.5460    0.2220
       2251+158 211004 55121.88200  5000.0   0.0000    9.5710    0.2220
       2251+158 151004 55209.63200  5000.0   0.0000    9.4830    0.2570
       2251+158 152428 55209.64200  5000.0   0.0000    9.4620    0.2390
       2251+158 181843 53349.76300  8000.0   0.0000    9.7990    0.2350
       2251+158 205248 53349.87000  8000.0   0.0000    9.8700    0.2430
       2251+158 125443 53350.53800  8000.0   0.0000    9.5630    0.2390
       2251+158 145833 53350.62400  8000.0   0.0000    9.6650    0.2370
       2251+158 174116 53350.73700  8000.0   0.0000    9.6640    0.2330
       2251+158 201355 53350.84300  8000.0   0.0000    9.6000    0.2370
       2251+158 120545 53351.50400  8000.0   0.0000    9.9690    0.2480
       2251+158 172400 53351.72500  8000.0   0.0000    9.8490    0.2370
       2251+158 195512 53351.83000  8000.0   0.0000    9.5130    0.2340
       2251+158 120126 53352.50100  8000.0   0.0000    9.7160    0.2470
       2251+158 122136 53382.51500  8000.0   0.0000   10.0910    0.3210
       2251+158 113111 53383.48000  8000.0   0.0000    9.8340    0.3120
       2251+158 142400 53383.60000  8000.0   0.0000   10.1740    0.3230
       2251+158 183433 53387.77400  8000.0   0.0000   10.3060    0.3270
       2251+158 072750 53413.31100  8000.0   0.0000   10.1310    0.2470
       2251+158 081228 53413.34200  8000.0   0.0000   10.3000    0.2520
       2251+158 150419 53417.62800  8000.0   0.0000   10.1830    0.2160
       2251+158 075804 53457.33200  8000.0   0.0000   10.1980    0.3160
       2251+158 080935 53457.34000  8000.0   0.0000   10.0170    0.3110
       2251+158 064438 53464.28100  8000.0   0.0000    9.8640    0.1490
       2251+158 074340 53464.32200  8000.0   0.0000   10.0130    0.1500
       2251+158 081102 53478.34100  8000.0   0.0000    9.9930    0.2920
       2251+158 082233 53478.34900  8000.0   0.0000    9.9340    0.2840
       2251+158 032848 53504.14500  8000.0   0.0000   10.1270    0.2740
       2251+158 033726 53504.15100  8000.0   0.0000   10.2260    0.2950
       2251+158 034438 53504.15600  8000.0   0.0000    9.7170    0.2980
       2251+158 053238 53504.23100  8000.0   0.0000   10.0180    0.2480
       2251+158 053950 53504.23600  8000.0   0.0000    9.9700    0.2320
       2251+158 054702 53504.24100  8000.0   0.0000   10.1040    0.2290
       2251+158 075512 53504.33000  8000.0   0.0000    9.9850    0.2290
       2251+158 080223 53504.33500  8000.0   0.0000    9.7610    0.2320
       2251+158 081102 53504.34100  8000.0   0.0000    9.9700    0.2300
       2251+158 110643 53504.46300  8000.0   0.0000    9.8150    0.2380
       2251+158 111355 53504.46800  8000.0   0.0000    9.6500    0.2300
       2251+158 112233 53504.47400  8000.0   0.0000    9.9800    0.2450
       2251+158 032302 53505.14100  8000.0   0.0000   10.1980    0.2440
       2251+158 033014 53505.14600  8000.0   0.0000   10.0250    0.2490
       2251+158 033852 53505.15200  8000.0   0.0000   10.1350    0.2390
       2251+158 052526 53505.22600  8000.0   0.0000    9.9570    0.2750
       2251+158 053238 53505.23100  8000.0   0.0000   10.0810    0.2270
       2251+158 054116 53505.23700  8000.0   0.0000   10.0980    0.2330
       2251+158 074926 53505.32600  8000.0   0.0000    9.8760    0.2280
       2251+158 075804 53505.33200  8000.0   0.0000    9.9630    0.2320
       2251+158 080516 53505.33700  8000.0   0.0000   10.0120    0.2300
       2251+158 110350 53505.46100  8000.0   0.0000    9.8520    0.2370
       2251+158 111102 53505.46600  8000.0   0.0000    9.9580    0.2350
       2251+158 010740 53506.04700  8000.0   0.0000   10.2340    0.2520
       2251+158 011452 53506.05200  8000.0   0.0000   10.0130    0.2510
       2251+158 012331 53506.05800  8000.0   0.0000   10.1570    0.2400
       2251+158 040907 53506.17300  8000.0   0.0000   10.2430    0.2340
       2251+158 054116 53506.23700  8000.0   0.0000   10.1230    0.2310
       2251+158 054955 53506.24300  8000.0   0.0000    9.7880    0.2280
       2251+158 055707 53506.24800  8000.0   0.0000   10.1750    0.2320
       2251+158 081814 53506.34600  8000.0   0.0000   10.0610    0.2330
       2251+158 051228 53511.21700  8000.0   0.0000    9.8620    0.2430
       2251+158 052107 53511.22300  8000.0   0.0000    9.7920    0.2380
       2251+158 040907 53544.17300  8000.0   0.0000    9.6600    0.2910
       2251+158 233950 53544.98600  8000.0   0.0000    9.7240    0.4580
       2251+158 064731 53545.28300  8000.0   0.0000    9.8750    0.3160
       2251+158 204828 53576.86700  8000.0   0.0000    9.9680    0.2490
       2251+158 033014 53577.14600  8000.0   0.0000    9.4830    0.2270
       2251+158 232819 53577.97800  8000.0   0.0000    9.5930    0.2250
       2251+158 043335 53578.19000  8000.0   0.0000    9.5760    0.2300
       2251+158 212136 53587.89000  8000.0   0.0000    9.8310    0.2840
       2251+158 001004 53588.00700  8000.0   0.0000    9.5430    0.2260
       2251+158 214311 53605.90500  8000.0   0.0000    9.5180    0.3200
       2251+158 045638 53606.20600  8000.0   0.0000    9.5940    0.3300
       2251+158 205707 53629.87300  8000.0   0.0000    9.1050    0.2870
       2251+158 014633 53630.07400  8000.0   0.0000    9.3330    0.3030
       2251+158 213140 53636.89700  8000.0   0.0000    9.4020    0.1980
       2251+158 171102 53637.71600  8000.0   0.0000    9.5020    0.2070
       2251+158 005150 53638.03600  8000.0   0.0000    9.4910    0.2300
       2251+158 141228 53698.59200  8000.0   0.0000   10.0220    0.3500
       2251+158 212009 53698.88900  8000.0   0.0000   10.0450    0.3280
       2251+158 193502 53720.81600  8000.0   0.0000    9.9900    0.2440
       2251+158 170057 53722.70900  8000.0   0.0000    9.6850    0.2360
       2251+158 123307 53740.52300  8000.0   0.0000   10.3210    0.2380
       2251+158 100321 53741.41900  8000.0   0.0000    9.9070    0.2560
       2251+158 105052 53741.45200  8000.0   0.0000   10.1740    0.2260
       2251+158 123559 53741.52500  8000.0   0.0000   10.3070    0.2290
       2251+158 092721 53742.39400  8000.0   0.0000   10.6190    0.2400
       2251+158 095902 53742.41600  8000.0   0.0000    9.8430    0.2280
       2251+158 194047 53742.82000  8000.0   0.0000   10.0960    0.2480
       2251+158 100321 53744.41900  8000.0   0.0000    9.7580    0.3240
       2251+158 123559 53744.52500  8000.0   0.0000   10.2050    0.2310
       2251+158 142526 53765.60100  8000.0   0.0000    9.4710    0.3940
       2251+158 182009 53765.76400  8000.0   0.0000   10.6880    0.3970
       2251+158 114116 53804.48700  8000.0   0.0000   10.2510    0.2830
       2251+158 115414 53804.49600  8000.0   0.0000   10.1860    0.3070
       2251+158 083404 53851.35700  8000.0   0.0000    9.9910    0.3380
       2251+158 084702 53851.36600  8000.0   0.0000    9.7910    0.3300
       2251+158 071619 53860.30300  8000.0   0.0000   10.4690    0.2470
       2251+158 071033 53861.29900  8000.0   0.0000   10.6900    0.2320
       2251+158 060545 53908.25400  8000.0   0.0000   10.0940    0.2950
       2251+158 035316 53956.16200  8000.0   0.0000    9.2820    0.3840
       2251+158 020223 53974.08500  8000.0   0.0000    9.1250    0.2070
       2251+158 233404 54010.98200  8000.0   0.0000    8.8320    0.3410
       2251+158 211423 54022.88500  8000.0   0.0000    8.6970    0.3420
       2251+158 204409 54037.86400  8000.0   0.0000    8.3390    0.2410
       2251+158 182009 54058.76400  8000.0   0.0000    8.4140    0.2650
       2251+158 172945 54079.72900  8000.0   0.0000    8.0850    0.1380
       2251+158 181843 54080.76300  8000.0   0.0000    8.1820    0.1410
       2251+158 163921 54098.69400  8000.0   0.0000    8.1150    0.1850
       2251+158 151550 54121.63600  8000.0   0.0000    8.1660    0.1830
       2251+158 130614 54149.54600  8000.0   0.0000    7.9450    0.2170
       2251+158 095902 54199.41600  8000.0   0.0000    7.5790    0.1700
       2251+158 102038 54220.43100  8000.0   0.0000    7.5170    0.2970
       2251+158 102038 54220.43100  8000.0   0.0000    7.5170    0.2970
       2251+158 035024 54276.16000  8000.0   0.0000    7.4730    0.2370
       2251+158 023111 54289.10500  8000.0   0.0000    7.3870    0.1090
       2251+158 041452 54296.17700  8000.0   0.0000    7.3190    0.2320
       2251+158 023823 54325.11000  8000.0   0.0000    7.3770    0.2210
       2251+158 002555 54344.01800  8000.0   0.0000    7.4250    0.1880
       2251+158 221452 54372.92700  8000.0   0.0000    7.4310    0.2070
       2251+158 195052 54420.82700  8000.0   0.0000    7.5090    0.2050
       2251+158 183307 54435.77300  8000.0   0.0000    7.6560    0.2420
       2251+158 155902 54476.66600  8000.0   0.0000    7.5950    0.4650
       2251+158 121257 54512.50900  8000.0   0.0000    8.2780    0.2240
       2251+158 122302 54576.51600  8000.0   0.0000    8.9140    0.2880
       2251+158 102916 54605.43700  8000.0   0.0000    9.3200    0.3100
       2251+158 082652 54640.35200  8000.0   0.0000    9.3830    0.2900
       2251+158 024243 54653.11300  8000.0   0.0000    9.5530    0.2960
       2251+158 020809 54667.08900  8000.0   0.0000    9.6790    0.3210
       2251+158 005902 54688.04100  8000.0   0.0000    9.7520    0.2320
       2251+158 231814 54722.97100  8000.0   0.0000   10.5070    0.7640
       2251+158 184731 54777.78300  8000.0   0.0000   10.7280    0.2770
       2251+158 093014 54951.39600  8000.0   0.0000    9.2900    0.3710
       2251+158 042038 55004.18100  8000.0   0.0000   10.0370    0.9010
       2251+158 063140 55004.27200  8000.0   0.0000    9.0240    0.3560
       2251+158 031131 55035.13300  8000.0   0.0000    8.5620    0.2010
       2251+158 052233 55035.22400  8000.0   0.0000    8.5620    0.2080
       2251+158 233111 55063.98000  8000.0   0.0000    8.3050    0.1060
       2251+158 013502 55064.06600  8000.0   0.0000    8.3520    0.0860
       2251+158 021102 55077.09100  8000.0   0.0000    8.3620    0.2680
       2251+158 234828 55100.99200  8000.0   0.0000    8.0710    0.1090
       2251+158 230516 55122.96200  8000.0   0.0000    7.9920    0.2010
       2251+158 160614 55207.67100  8000.0   0.0000    9.2660    0.2900
       2344+092 141814 53772.59600 22000.0   0.0000    1.1880    0.2950
       2344+092 144243 53772.61300 22000.0   0.0000    1.3270    0.2960
       2344+092 072624 53862.31000 22000.0   0.0000    1.1120    0.2790
       2344+092 074507 53862.32300 22000.0   0.0000    1.2280    0.2560
       2344+092 010614 53955.04600 22000.0   0.0000    1.4280    0.3120
       2344+092 012457 53955.05900 22000.0   0.0000    0.7660    0.4390
       2344+092 000126 53973.00100 22000.0   0.0000    1.3180    0.3200
       2344+092 002136 53973.01500 22000.0   0.0000    1.6390    0.3930
       2344+092 204243 54009.86300 22000.0   0.0000    1.5950    0.3270
       2344+092 210252 54009.87700 22000.0   0.0000    1.0750    0.3720
       2344+092 193335 54021.81500 22000.0   0.0000    1.0950    0.2860
       2344+092 195219 54021.82800 22000.0   0.0000    1.2690    0.2820
       2344+092 162457 54097.68400 22000.0   0.0000    0.7640    0.4250
       2344+092 164340 54097.69700 22000.0   0.0000    0.9840    0.3380
       2344+092 170223 54097.71000 22000.0   0.0000    1.1740    0.3140
       2344+092 172233 54097.72400 22000.0   0.0000    1.1430    0.3040
       2344+092 140935 54120.59000 22000.0   0.0000    1.0390    0.4690
       2344+092 142819 54120.60300 22000.0   0.0000    1.0440    0.4140
       2344+092 144702 54120.61600 22000.0   0.0000    0.9780    0.3660
       2344+092 124857 54148.53400 22000.0   0.0000    0.8240    0.2390
       2344+092 132624 54148.56000 22000.0   0.0000    1.0720    0.2210
       2344+092 062721 54219.26900 22000.0   0.0000    1.2340    0.3720
       2344+092 062721 54219.26900 22000.0   0.0000    1.2340    0.3720
       2344+092 070614 54219.29600 22000.0   0.0000    1.3250    0.2890
       2344+092 070614 54219.29600 22000.0   0.0000    1.3250    0.2890
       2344+092 072457 54219.30900 22000.0   0.0000    0.9380    0.2420
       2344+092 072457 54219.30900 22000.0   0.0000    0.9380    0.2420
       2344+092 005316 54275.03700 22000.0   0.0000    0.9000    0.5000
       2344+092 013209 54275.06400 22000.0   0.0000    0.5700    0.4920
       2344+092 065902 54294.29100 22000.0   0.0000    0.6260    0.4230
       2344+092 071745 54294.30400 22000.0   0.0000    1.0080    0.4760
       2344+092 002848 54324.02000 22000.0   0.0000    0.7960    0.3690
       2344+092 004857 54324.03400 22000.0   0.0000    1.1160    0.4600
       2344+092 010740 54324.04700 22000.0   0.0000    0.9260    0.3740
       2344+092 012624 54324.06000 22000.0   0.0000    1.2870    0.6600
       2344+092 003559 54346.02500 22000.0   0.0000    1.0490    0.6410
       2344+092 005443 54346.03800 22000.0   0.0000    0.9730    0.3670
       2344+092 011452 54346.05200 22000.0   0.0000    0.9540    0.4640
       2344+092 013335 54346.06500 22000.0   0.0000    0.8890    0.3710
       2344+092 005316 54372.03700 22000.0   0.0000    1.7040    0.4740
       2344+092 011326 54372.05100 22000.0   0.0000    1.4350    0.5610
       2344+092 233657 54385.98400 22000.0   0.0000    1.1970    0.2240
       2344+092 151004 54456.63200 22000.0   0.0000    1.0740    0.2850
       2344+092 152848 54456.64500 22000.0   0.0000    0.8960    0.2150
       2344+092 154731 54456.65800 22000.0   0.0000    1.2180    0.2570
       2344+092 160614 54456.67100 22000.0   0.0000    0.8110    0.2590
       2344+092 145833 54460.62400 22000.0   0.0000    0.6520    0.1540
       2344+092 151716 54460.63700 22000.0   0.0000    0.7710    0.1330
       2344+092 122136 54511.51500 22000.0   0.0000    0.4690    0.1060
       2344+092 124019 54511.52800 22000.0   0.0000    1.0630    0.1200
       2344+092 125902 54511.54100 22000.0   0.0000    0.8210    0.1150
       2344+092 131912 54511.55500 22000.0   0.0000    0.9330    0.1130
       2344+092 115707 54561.49800 22000.0   0.0000    1.3800    0.1670
       2344+092 121550 54561.51100 22000.0   0.0000    0.9830    0.1420
       2344+092 112945 54575.47900 22000.0   0.0000    1.7180    0.2710
       2344+092 063140 54666.27200 22000.0   0.0000    0.8460    0.3100
       2344+092 021940 54722.09700 22000.0   0.0000    0.5060    0.2340
       2344+092 023238 54722.10600 22000.0   0.0000    0.4200    0.2120
       2344+092 081648 54912.34500 22000.0   0.0000    0.6530    0.3570
       2344+092 082945 54912.35400 22000.0   0.0000    1.2000    0.4320
       2344+092 073755 54953.31800 22000.0   0.0000    0.8440    0.6410
       2344+092 021940 55002.09700 22000.0   0.0000    0.9240    0.6010
       2344+092 025414 55032.12100 22000.0   0.0000    0.4580    0.3260
       2344+092 030711 55032.13000 22000.0   0.0000    0.9220    0.4060
       2344+092 003559 55062.02500 22000.0   0.0000    0.8250    0.2120
       2344+092 233531 55098.98300 22000.0   0.0000    0.8600    0.2880
       2344+092 173950 55208.73600 22000.0   0.0000    1.3720    0.2200
       2344+092 053657 53826.23400 43000.0   0.0000    1.0700    0.6150
       2344+092 072204 53826.30700 43000.0   0.0000    0.7620    0.4340
       2344+092 072204 53827.30700 43000.0   0.0000    0.7600    0.4090
       2344+092 052107 53855.22300 43000.0   0.0000    0.9490    0.5800
       2344+092 023657 53879.10900 43000.0   0.0000    1.1540    0.5390
       2344+092 042204 53879.18200 43000.0   0.0000    1.0060    0.4210
       2344+092 012204 53931.05700 43000.0   0.0000    0.5470    0.3730
       2344+092 213140 53950.89700 43000.0   0.0000    0.8820    0.4530
       2344+092 232107 53950.97300 43000.0   0.0000    0.9000    0.3650
       2344+092 220447 53951.92000 43000.0   0.0000    1.0170    0.4690
       2344+092 232652 53951.97700 43000.0   0.0000    1.0280    0.4050
       2344+092 232107 53952.97300 43000.0   0.0000    0.9530    0.4300
       2344+092 223628 53970.94200 43000.0   0.0000    0.6250    0.3950
       2344+092 223628 53971.94200 43000.0   0.0000    0.6360    0.3700
       2344+092 203657 53972.85900 43000.0   0.0000    0.8100    0.4730
       2344+092 223628 53972.94200 43000.0   0.0000    0.6030    0.3830
       2344+092 202107 53998.84800 43000.0   0.0000    0.6400    0.3290
       2344+092 202107 53999.84800 43000.0   0.0000    0.7250    0.3440
       2344+092 163628 54025.69200 43000.0   0.0000    0.6650    0.5660
       2344+092 182136 54025.76500 43000.0   0.0000    0.6520    0.4580
       2344+092 182136 54026.76500 43000.0   0.0000    0.6550    0.5820
       2344+092 003559 54277.02500 43000.0   0.0000    0.7540    0.1130
       2344+092 022107 54277.09800 43000.0   0.0000    0.5960    0.1070
       2344+092 212136 54320.89000 43000.0   0.0000    0.6430    0.1490
       2344+092 232233 54320.97400 43000.0   0.0000    0.5170    0.1440
       2344+092 212136 54321.89000 43000.0   0.0000    0.5710    0.1610
       2344+092 232233 54321.97400 43000.0   0.0000    0.5990    0.1330
       2344+092 182428 54366.76700 43000.0   0.0000    0.9790    0.1640
       2344+092 202107 54366.84800 43000.0   0.0000    0.8480    0.1690
       2344+092 143531 54422.60800 43000.0   0.0000    0.6200    0.1280
       2344+092 163628 54422.69200 43000.0   0.0000    0.5850    0.1190
       2344+092 144116 54424.61200 43000.0   0.0000    0.5860    0.1250
       2344+092 163502 54424.69100 43000.0   0.0000    0.7070    0.1340
       2344+092 153559 54435.65000 43000.0   0.0000    0.7080    0.1660
       2344+092 143657 54437.60900 43000.0   0.0000    0.7860    0.2720
       2344+092 163628 54437.69200 43000.0   0.0000    0.6150    0.1340
       2344+092 113657 54480.48400 43000.0   0.0000    0.7640    0.1530
       2344+092 133628 54480.56700 43000.0   0.0000    0.6000    0.1150
       2344+092 113657 54506.48400 43000.0   0.0000    0.8450    0.1310
       2344+092 093559 54507.40000 43000.0   0.0000    0.7350    0.1120
       2344+092 103755 54521.44300 43000.0   0.0000    0.6610    0.0970
       2344+092 103628 54522.44200 43000.0   0.0000    0.6280    0.1050
       2344+092 083657 54523.35900 43000.0   0.0000    0.6040    0.0950
       2344+092 061550 54556.26100 43000.0   0.0000    0.5790    0.1540
       2344+092 073628 54556.31700 43000.0   0.0000    0.8200    0.1090
       2344+092 053950 54557.23600 43000.0   0.0000    0.7390    0.1640
       2344+092 073628 54557.31700 43000.0   0.0000    0.6280    0.1170
       2344+092 053657 54580.23400 43000.0   0.0000    0.7860    0.1080
       2344+092 053657 54581.23400 43000.0   0.0000    0.7220    0.1040
       2344+092 043502 54597.19100 43000.0   0.0000    0.7800    0.1500
       2344+092 033559 54611.15000 43000.0   0.0000    0.8190    0.1170
       2344+092 033559 54612.15000 43000.0   0.0000    0.8100    0.1240
       2344+092 033559 54613.15000 43000.0   0.0000    0.6970    0.1090
       2344+092 013502 54642.06600 43000.0   0.0000    0.6930    0.1320
       2344+092 013628 54643.06700 43000.0   0.0000    0.7650    0.1210
       2344+092 233657 54643.98400 43000.0   0.0000    0.6480    0.1020
       2344+092 013628 54644.06700 43000.0   0.0000    0.6280    0.1180
       2344+092 223628 54658.94200 43000.0   0.0000    0.9170    0.1660
       2344+092 003726 54659.02600 43000.0   0.0000    0.7620    0.1520
       2344+092 003559 54660.02500 43000.0   0.0000    0.7880    0.1520
       2344+092 213559 54679.90000 43000.0   0.0000    0.8570    0.1400
       2344+092 233657 54679.98400 43000.0   0.0000    0.6470    0.1040
       2344+092 213726 54680.90100 43000.0   0.0000    1.0240    0.1450
       2344+092 233657 54680.98400 43000.0   0.0000    0.8300    0.1320
       2344+092 213726 54681.90100 43000.0   0.0000    0.8870    0.1310
       2344+092 233657 54681.98400 43000.0   0.0000    0.7550    0.1010
       2344+092 213726 54709.90100 43000.0   0.0000    0.9950    0.1380
       2344+092 193628 54710.81700 43000.0   0.0000    1.0770    0.1550
       2344+092 172233 54743.72400 43000.0   0.0000    1.3640    0.3260
       2344+092 192204 54743.80700 43000.0   0.0000    1.2580    0.2250
       2344+092 191912 54744.80500 43000.0   0.0000    1.3200    0.2870
       2344+092 192038 54745.80600 43000.0   0.0000    1.2290    0.2590
       2344+092 143657 54779.60900 43000.0   0.0000    0.4880    0.1080
       2344+092 163628 54779.69200 43000.0   0.0000    0.5120    0.1410
       2344+092 143657 54780.60900 43000.0   0.0000    0.6540    0.1250
       2344+092 163628 54780.69200 43000.0   0.0000    0.6030    0.1070
       2344+092 163628 54781.69200 43000.0   0.0000    0.6570    0.1330
       2344+092 143657 54807.60900 43000.0   0.0000    0.6880    0.1470
       2344+092 163628 54807.69200 43000.0   0.0000    0.7140    0.1500
       2344+092 163628 54808.69200 43000.0   0.0000    0.6630    0.1620
       2344+092 133628 54841.56700 43000.0   0.0000    1.1130    0.2850
       2344+092 133628 54842.56700 43000.0   0.0000    0.7960    0.3210
       2344+092 073628 54930.31700 43000.0   0.0000    0.4880    0.0890
       2344+092 043502 54959.19100 43000.0   0.0000    0.7600    0.1280
       2344+092 043755 54961.19300 43000.0   0.0000    0.6320    0.1160
       2344+092 233657 55008.98400 43000.0   0.0000    0.8520    0.1670
       2344+092 013628 55009.06700 43000.0   0.0000    0.9600    0.1640
       2344+092 233823 55009.98500 43000.0   0.0000    0.7190    0.1370
       2344+092 013755 55010.06800 43000.0   0.0000    0.8910    0.1490
       2344+092 233950 55010.98600 43000.0   0.0000    1.1030    0.2210
       2344+092 013628 55011.06700 43000.0   0.0000    0.8560    0.1570
       2344+092 143657 55167.60900 43000.0   0.0000    0.6030    0.1230
       2344+092 163628 55168.69200 43000.0   0.0000    0.8110    0.1360
       2344+092 113531 55209.48300 43000.0   0.0000    0.4170    0.1190
       2344+092 133628 55209.56700 43000.0   0.0000    0.5120    0.1120
       2344+092 131912 53770.55500  5000.0   0.0000    1.2280    0.0760
       2344+092 133209 53770.56400  5000.0   0.0000    1.2780    0.0760
       2344+092 134507 53770.57300  5000.0   0.0000    1.1850    0.0750
       2344+092 011745 53975.05400  5000.0   0.0000    1.3550    0.0760
       2344+092 013755 53975.06800  5000.0   0.0000    1.3390    0.0700
       2344+092 223628 54011.94200  5000.0   0.0000    1.3510    0.0800
       2344+092 225512 54011.95500  5000.0   0.0000    1.3590    0.0710
       2344+092 203950 54023.86100  5000.0   0.0000    1.3420    0.0860
       2344+092 205833 54023.87400  5000.0   0.0000    1.3910    0.0830
       2344+092 211716 54023.88700  5000.0   0.0000    1.3780    0.0640
       2344+092 050057 54297.20900  5000.0   0.0000    1.4200    0.0650
       2344+092 051940 54297.22200  5000.0   0.0000    1.4930    0.0690
       2344+092 235540 54373.99700  5000.0   0.0000    1.5130    0.0700
       2344+092 000838 54374.00600  5000.0   0.0000    1.4100    0.0700
       2344+092 223043 54396.93800  5000.0   0.0000    1.4280    0.0610
       2344+092 224340 54396.94700  5000.0   0.0000    1.4320    0.0540
       2344+092 051102 55003.21600  5000.0   0.0000    1.3730    0.0810
       2344+092 034857 55034.15900  5000.0   0.0000    1.4410    0.1570
       2344+092 024243 55063.11300  5000.0   0.0000    1.4460    0.2050
       2344+092 221619 55099.92800  5000.0   0.0000    1.3840    0.0590
       2344+092 223043 55099.93800  5000.0   0.0000    1.3760    0.0640
       2344+092 215902 55121.91600  5000.0   0.0000    1.4000    0.0640
       2344+092 221326 55121.92600  5000.0   0.0000    1.3670    0.0570
       2344+092 170057 55209.70900  5000.0   0.0000    1.3500    0.0900
       2344+092 171355 55209.71800  5000.0   0.0000    1.3760    0.0740
       2344+092 113531 53741.48300  8000.0   0.0000    1.1960    0.0290
       2344+092 103921 53742.44400  8000.0   0.0000    1.1390    0.0330
       2344+092 132331 53742.55800  8000.0   0.0000    1.2540    0.0280
       2344+092 132038 53744.55600  8000.0   0.0000    1.2190    0.0360
       2344+092 183307 53765.77300  8000.0   0.0000    1.3730    0.1600
       2344+092 130447 53804.54500  8000.0   0.0000    1.2420    0.0860
       2344+092 132331 53804.55800  8000.0   0.0000    1.2630    0.0890
       2344+092 083404 53831.35700  8000.0   0.0000    1.3050    0.1470
       2344+092 073335 53860.31500  8000.0   0.0000    1.3580    0.2090
       2344+092 044633 53956.19900  8000.0   0.0000    1.3310    0.2600
       2344+092 025707 53974.12300  8000.0   0.0000    1.3800    0.0620
       2344+092 002721 54011.01900  8000.0   0.0000    1.4520    0.1020
       2344+092 223628 54022.94200  8000.0   0.0000    1.3300    0.0770
       2344+092 215609 54037.91400  8000.0   0.0000    1.2880    0.1590
       2344+092 185443 54058.78800  8000.0   0.0000    1.3370    0.0650
       2344+092 180419 54079.75300  8000.0   0.0000    1.3270    0.0470
       2344+092 171355 54098.71800  8000.0   0.0000    1.3670    0.0600
       2344+092 155024 54121.66000  8000.0   0.0000    1.2490    0.0930
       2344+092 134047 54149.57000  8000.0   0.0000    1.3640    0.0820
       2344+092 103335 54199.44000  8000.0   0.0000    1.3790    0.0680
       2344+092 105512 54220.45500  8000.0   0.0000    1.4960    0.1440
       2344+092 105512 54220.45500  8000.0   0.0000    1.4960    0.1440
       2344+092 032555 54275.14300  8000.0   0.0000    1.4190    0.0660
       2344+092 030545 54289.12900  8000.0   0.0000    1.4370    0.0480
       2344+092 044926 54296.20100  8000.0   0.0000    1.4480    0.0610
       2344+092 034857 54325.15900  8000.0   0.0000    1.3840    0.0840
       2344+092 013628 54344.06700  8000.0   0.0000    1.3300    0.0620
       2344+092 224926 54372.95100  8000.0   0.0000    1.3210    0.0720
       2344+092 204536 54420.86500  8000.0   0.0000    1.3750    0.0860
       2344+092 195345 54434.82900  8000.0   0.0000    1.4300    0.0660
       2344+092 165345 54476.70400  8000.0   0.0000    1.3150    0.1140
       2344+092 132457 54512.55900  8000.0   0.0000    1.3230    0.1000
       2344+092 125736 54576.54000  8000.0   0.0000    1.2740    0.0660
       2344+092 090126 54640.37600  8000.0   0.0000    1.3790    0.0870
       2344+092 031550 54653.13600  8000.0   0.0000    1.3090    0.0590
       2344+092 024243 54667.11300  8000.0   0.0000    1.2640    0.0610
       2344+092 013335 54688.06500  8000.0   0.0000    1.2090    0.0680
       2344+092 233531 54722.98300  8000.0   0.0000    1.1480    0.2950
       2344+092 192204 54777.80700  8000.0   0.0000    1.1620    0.2460
       2344+092 035316 55035.16200  8000.0   0.0000    1.2320    0.0820
       2344+092 000419 55064.00300  8000.0   0.0000    1.3060    0.0900
       2344+092 004145 55077.02900  8000.0   0.0000    1.1720    0.1020
       2344+092 221912 55100.93000  8000.0   0.0000    1.1100    0.0990
       2344+092 212848 55122.89500  8000.0   0.0000    1.2210    0.1030
       2344+092 143657 55207.60900  8000.0   0.0000    1.0150    0.1230
